sweep,set,T,N,trial,seed,error
time,disk,0.01,1000,0,7,0.03933063962074464
time,disk,0.01,1000,1,8,0.044974683433763846
time,disk,0.01,1000,2,9,0.060499479772324644
time,disk,0.01,1000,3,10,0.03425659090013746
time,disk,0.01,1000,4,11,0.058550673687234225
time,disk,0.01,1000,5,12,0.04802771719068014
time,disk,0.01,1000,6,13,0.04700200766935113
time,disk,0.01,1000,7,14,0.044646743751226216
time,disk,0.01,1000,8,15,0.04855138926610301
time,disk,0.01,1000,9,16,0.03507523971364915
time,disk,0.01,1000,10,17,0.046903194825153455
time,disk,0.01,1000,11,18,0.04611041158383421
time,disk,0.01,1000,12,19,0.04268241735924631
time,disk,0.01,1000,13,20,0.04180540127554129
time,disk,0.01,1000,14,21,0.04802771719068014
time,disk,0.01,1000,15,22,0.053714891610717096
time,disk,0.01,1000,16,23,0.051399184205732446
time,disk,0.01,1000,17,24,0.0488531520186818
time,disk,0.01,1000,18,25,0.03612854769596808
time,disk,0.01,1000,19,26,0.04401511919318351
time,disk,0.01,1000,20,27,0.05261659993509166
time,disk,0.01,1000,21,28,0.04345182645126431
time,disk,0.01,1000,22,29,0.04364620496083354
time,disk,0.01,1000,23,30,0.039733127739225056
time,disk,0.01,1000,24,31,0.04091844673785363
time,disk,0.01,1000,25,32,0.04781210786088359
time,disk,0.01,1000,26,33,0.04110416006590004
time,disk,0.01,1000,27,34,0.05623291398749742
time,disk,0.01,1000,28,35,0.048324527375934255
time,disk,0.01,1000,29,36,0.044047232142113694
time,disk,0.01,1000,30,37,0.04812306625990531
time,disk,0.01,1000,31,38,0.05042017163861268
time,disk,0.01,1000,32,39,0.03562365933360468
time,disk,0.01,1000,33,40,0.04141315461070406
time,disk,0.01,1000,34,41,0.044974683433763846
time,disk,0.01,1000,35,42,0.04202077365770633
time,disk,0.01,1000,36,43,0.05853073377903441
time,disk,0.01,1000,37,44,0.0656681609406994
time,disk,0.01,1000,38,45,0.040307269757128825
time,disk,0.01,1000,39,46,0.044974683433763846
time,disk,0.01,1000,40,47,0.04898822797836762
time,disk,0.01,1000,41,48,0.04147107834910285
time,disk,0.01,1000,42,49,0.05366372768404512
time,disk,0.01,1000,43,50,0.05434904775656174
time,disk,0.01,1000,44,51,0.04408697711936619
time,disk,0.01,1000,45,52,0.05125508262101889
time,disk,0.01,1000,46,53,0.04231255129174106
time,disk,0.01,1000,47,54,0.04134891088088376
time,disk,0.01,1000,48,55,0.058550673687234225
time,disk,0.01,1000,49,56,0.04173100876807067
time,disk,0.03,1000,0,7,0.039393514162895805
time,disk,0.03,1000,1,8,0.05106476471271237
time,disk,0.03,1000,2,9,0.06050980643574351
time,disk,0.03,1000,3,10,0.0349171447325091
time,disk,0.03,1000,4,11,0.06070503232225014
time,disk,0.03,1000,5,12,0.05220890640892252
time,disk,0.03,1000,6,13,0.04712689719895355
time,disk,0.03,1000,7,14,0.045477805579896745
time,disk,0.03,1000,8,15,0.05276547187258113
time,disk,0.03,1000,9,16,0.039971673380594
time,disk,0.03,1000,10,17,0.047249592366094224
time,disk,0.03,1000,11,18,0.04712689719895355
time,disk,0.03,1000,12,19,0.04597315380546029
time,disk,0.03,1000,13,20,0.046706519856966416
time,disk,0.03,1000,14,21,0.05220890640892252
time,disk,0.03,1000,15,22,0.056864397728056834
time,disk,0.03,1000,16,23,0.05348136993370018
time,disk,0.03,1000,17,24,0.04874399810554165
time,disk,0.03,1000,18,25,0.04028143011126056
time,disk,0.03,1000,19,26,0.048193201252185444
time,disk,0.03,1000,20,27,0.05544015257932966
time,disk,0.03,1000,21,28,0.04693064500644842
time,disk,0.03,1000,22,29,0.04329944734120998
time,disk,0.03,1000,23,30,0.040991204957512024
time,disk,0.03,1000,24,31,0.040893323364353175
time,disk,0.03,1000,25,32,0.05201063302795349
time,disk,0.03,1000,26,33,0.04371559341047416
time,disk,0.03,1000,27,34,0.06136732424696101
time,disk,0.03,1000,28,35,0.04738900423271501
time,disk,0.03,1000,29,36,0.044604968681727405
time,disk,0.03,1000,30,37,0.048939190217726865
time,disk,0.03,1000,31,38,0.05362517159832941
time,disk,0.03,1000,32,39,0.03574143538187475
time,disk,0.03,1000,33,40,0.04279474022405623
time,disk,0.03,1000,34,41,0.050635648116268715
time,disk,0.03,1000,35,42,0.04585589596084526
time,disk,0.03,1000,36,43,0.05979069822425334
time,disk,0.03,1000,37,44,0.06900322476792338
time,disk,0.03,1000,38,45,0.04182347842665963
time,disk,0.03,1000,39,46,0.047608798393514916
time,disk,0.03,1000,40,47,0.050679592901077895
time,disk,0.03,1000,41,48,0.04769642654306796
time,disk,0.03,1000,42,49,0.05709538518730601
time,disk,0.03,1000,43,50,0.055681559734166886
time,disk,0.03,1000,44,51,0.045346993629516996
time,disk,0.03,1000,45,52,0.04993783789458911
time,disk,0.03,1000,46,53,0.04157015534251775
time,disk,0.03,1000,47,54,0.045255631798041346
time,disk,0.03,1000,48,55,0.0562530597496149
time,disk,0.03,1000,49,56,0.03929100971286034
time,disk,0.05,1000,0,7,0.04175394157366117
time,disk,0.05,1000,1,8,0.053765956344943744
time,disk,0.05,1000,2,9,0.06065415384316196
time,disk,0.05,1000,3,10,0.03794863237758708
time,disk,0.05,1000,4,11,0.06203110227715661
time,disk,0.05,1000,5,12,0.05965789614010545
time,disk,0.05,1000,6,13,0.050492088077096084
time,disk,0.05,1000,7,14,0.04759049957832674
time,disk,0.05,1000,8,15,0.05684940020172952
time,disk,0.05,1000,9,16,0.043207708506260004
time,disk,0.05,1000,10,17,0.0502847692646779
time,disk,0.05,1000,11,18,0.04640462024165533
time,disk,0.05,1000,12,19,0.050492088077096084
time,disk,0.05,1000,13,20,0.04529642160425827
time,disk,0.05,1000,14,21,0.06195327990572284
time,disk,0.05,1000,15,22,0.056496973337976444
time,disk,0.05,1000,16,23,0.05545482165870358
time,disk,0.05,1000,17,24,0.058359196464264365
time,disk,0.05,1000,18,25,0.039339633622826366
time,disk,0.05,1000,19,26,0.053853882837730974
time,disk,0.05,1000,20,27,0.06022598015760323
time,disk,0.05,1000,21,28,0.05099846208453661
time,disk,0.05,1000,22,29,0.045234639575986536
time,disk,0.05,1000,23,30,0.0435534749989443
time,disk,0.05,1000,24,31,0.040733538963664724
time,disk,0.05,1000,25,32,0.05684940020172952
time,disk,0.05,1000,26,33,0.0473139706077292
time,disk,0.05,1000,27,34,0.06795160077493488
time,disk,0.05,1000,28,35,0.05053047048734561
time,disk,0.05,1000,29,36,0.04850454526126321
time,disk,0.05,1000,30,37,0.04837720356598648
time,disk,0.05,1000,31,38,0.058359196464264365
time,disk,0.05,1000,32,39,0.036397014232419186
time,disk,0.05,1000,33,40,0.04768655909537561
time,disk,0.05,1000,34,41,0.05166029232403332
time,disk,0.05,1000,35,42,0.0498643383395001
time,disk,0.05,1000,36,43,0.060413178593659016
time,disk,0.05,1000,37,44,0.07427975340903031
time,disk,0.05,1000,38,45,0.04230361347655404
time,disk,0.05,1000,39,46,0.051319636423391254
time,disk,0.05,1000,40,47,0.05614893837738748
time,disk,0.05,1000,41,48,0.053853882837730974
time,disk,0.05,1000,42,49,0.05510570270882686
time,disk,0.05,1000,43,50,0.06250845704793344
time,disk,0.05,1000,44,51,0.045299844839302765
time,disk,0.05,1000,45,52,0.0509493422477665
time,disk,0.05,1000,46,53,0.0453201778426942
time,disk,0.05,1000,47,54,0.04851551456472224
time,disk,0.05,1000,48,55,0.06201738839920156
time,disk,0.05,1000,49,56,0.04521326873946674
time,disk,0.06999999999999999,1000,0,7,0.04737181503125491
time,disk,0.06999999999999999,1000,1,8,0.057410684099377336
time,disk,0.06999999999999999,1000,2,9,0.061456115889926936
time,disk,0.06999999999999999,1000,3,10,0.04090440462075162
time,disk,0.06999999999999999,1000,4,11,0.06879676029998393
time,disk,0.06999999999999999,1000,5,12,0.07141725425829437
time,disk,0.06999999999999999,1000,6,13,0.05420006339317346
time,disk,0.06999999999999999,1000,7,14,0.049226170045820576
time,disk,0.06999999999999999,1000,8,15,0.05588219524709921
time,disk,0.06999999999999999,1000,9,16,0.04960550094903604
time,disk,0.06999999999999999,1000,10,17,0.05304360911868324
time,disk,0.06999999999999999,1000,11,18,0.04781239529119103
time,disk,0.06999999999999999,1000,12,19,0.05304360911868324
time,disk,0.06999999999999999,1000,13,20,0.05016466967548165
time,disk,0.06999999999999999,1000,14,21,0.07542181823925205
time,disk,0.06999999999999999,1000,15,22,0.06016898482017489
time,disk,0.06999999999999999,1000,16,23,0.05514128636336751
time,disk,0.06999999999999999,1000,17,24,0.061306893050198305
time,disk,0.06999999999999999,1000,18,25,0.038532844151463255
time,disk,0.06999999999999999,1000,19,26,0.06100623349771485
time,disk,0.06999999999999999,1000,20,27,0.07141865338883535
time,disk,0.06999999999999999,1000,21,28,0.0556763670067432
time,disk,0.06999999999999999,1000,22,29,0.047170112965988026
time,disk,0.06999999999999999,1000,23,30,0.04534560832801096
time,disk,0.06999999999999999,1000,24,31,0.042395200340936016
time,disk,0.06999999999999999,1000,25,32,0.062477511045921766
time,disk,0.06999999999999999,1000,26,33,0.05141175825990254
time,disk,0.06999999999999999,1000,27,34,0.07127867874567229
time,disk,0.06999999999999999,1000,28,35,0.05188403372889169
time,disk,0.06999999999999999,1000,29,36,0.047455392757828445
time,disk,0.06999999999999999,1000,30,37,0.049548301953501184
time,disk,0.06999999999999999,1000,31,38,0.06733561320607842
time,disk,0.06999999999999999,1000,32,39,0.039115913391404605
time,disk,0.06999999999999999,1000,33,40,0.055661137263693435
time,disk,0.06999999999999999,1000,34,41,0.057410684099377336
time,disk,0.06999999999999999,1000,35,42,0.05952656307677302
time,disk,0.06999999999999999,1000,36,43,0.0673315270009799
time,disk,0.06999999999999999,1000,37,44,0.07373896175373655
time,disk,0.06999999999999999,1000,38,45,0.0556763670067432
time,disk,0.06999999999999999,1000,39,46,0.057410684099377336
time,disk,0.06999999999999999,1000,40,47,0.0637030554992871
time,disk,0.06999999999999999,1000,41,48,0.06100623349771485
time,disk,0.06999999999999999,1000,42,49,0.06088619614097407
time,disk,0.06999999999999999,1000,43,50,0.062038987363177346
time,disk,0.06999999999999999,1000,44,51,0.04582928509203148
time,disk,0.06999999999999999,1000,45,52,0.0529631046714805
time,disk,0.06999999999999999,1000,46,53,0.0432036211243521
time,disk,0.06999999999999999,1000,47,54,0.05016466967548165
time,disk,0.06999999999999999,1000,48,55,0.062477511045921766
time,disk,0.06999999999999999,1000,49,56,0.04964140135071988
time,disk,0.09,1000,0,7,0.05654149451818872
time,disk,0.09,1000,1,8,0.06136637661274732
time,disk,0.09,1000,2,9,0.06416185639100382
time,disk,0.09,1000,3,10,0.044664658399177166
time,disk,0.09,1000,4,11,0.0719027886670527
time,disk,0.09,1000,5,12,0.08172367473576057
time,disk,0.09,1000,6,13,0.05749873440163782
time,disk,0.09,1000,7,14,0.05314606330154535
time,disk,0.09,1000,8,15,0.061572472021442975
time,disk,0.09,1000,9,16,0.05965853056624175
time,disk,0.09,1000,10,17,0.05769521912766062
time,disk,0.09,1000,11,18,0.052191961021372336
time,disk,0.09,1000,12,19,0.05697884876284078
time,disk,0.09,1000,13,20,0.049542033929008564
time,disk,0.09,1000,14,21,0.08985641398498738
time,disk,0.09,1000,15,22,0.06421387761849458
time,disk,0.09,1000,16,23,0.06251850483440574
time,disk,0.09,1000,17,24,0.06570006678949288
time,disk,0.09,1000,18,25,0.04269423455960111
time,disk,0.09,1000,19,26,0.06924275608115742
time,disk,0.09,1000,20,27,0.07721444900574127
time,disk,0.09,1000,21,28,0.0652848016718417
time,disk,0.09,1000,22,29,0.04874484020851509
time,disk,0.09,1000,23,30,0.045902444237387444
time,disk,0.09,1000,24,31,0.046742685173720926
time,disk,0.09,1000,25,32,0.0690933810814571
time,disk,0.09,1000,26,33,0.05965853056624175
time,disk,0.09,1000,27,34,0.07987737004878387
time,disk,0.09,1000,28,35,0.056225006297642245
time,disk,0.09,1000,29,36,0.048718620094980465
time,disk,0.09,1000,30,37,0.05348760225402963
time,disk,0.09,1000,31,38,0.07579103590051255
time,disk,0.09,1000,32,39,0.041748203930526084
time,disk,0.09,1000,33,40,0.06018013228975331
time,disk,0.09,1000,34,41,0.06136637661274732
time,disk,0.09,1000,35,42,0.06125191528282011
time,disk,0.09,1000,36,43,0.07643609822703806
time,disk,0.09,1000,37,44,0.07703716620195693
time,disk,0.09,1000,38,45,0.061101457191378813
time,disk,0.09,1000,39,46,0.061101457191378813
time,disk,0.09,1000,40,47,0.07572287919535417
time,disk,0.09,1000,41,48,0.06924275608115742
time,disk,0.09,1000,42,49,0.06813789286416394
time,disk,0.09,1000,43,50,0.06373381116037173
time,disk,0.09,1000,44,51,0.04866145975941037
time,disk,0.09,1000,45,52,0.05654149451818872
time,disk,0.09,1000,46,53,0.04398031332610715
time,disk,0.09,1000,47,54,0.05620931862194934
time,disk,0.09,1000,48,55,0.0690933810814571
time,disk,0.09,1000,49,56,0.059693591950566
time,disk,0.11,1000,0,7,0.06051895857489279
time,disk,0.11,1000,1,8,0.06609261097528453
time,disk,0.11,1000,2,9,0.07433933008789495
time,disk,0.11,1000,3,10,0.05080867983322764
time,disk,0.11,1000,4,11,0.07588842564481377
time,disk,0.11,1000,5,12,0.09043291771927685
time,disk,0.11,1000,6,13,0.06368921192310578
time,disk,0.11,1000,7,14,0.05495330685082497
time,disk,0.11,1000,8,15,0.06141527065946502
time,disk,0.11,1000,9,16,0.06901099482462103
time,disk,0.11,1000,10,17,0.06355326025525157
time,disk,0.11,1000,11,18,0.052333192104763636
time,disk,0.11,1000,12,19,0.06368921192310578
time,disk,0.11,1000,13,20,0.05070641049980266
time,disk,0.11,1000,14,21,0.10007294808845524
time,disk,0.11,1000,15,22,0.07050869742386795
time,disk,0.11,1000,16,23,0.06368921192310578
time,disk,0.11,1000,17,24,0.07858549494483937
time,disk,0.11,1000,18,25,0.04921558084980722
time,disk,0.11,1000,19,26,0.07710097208253666
time,disk,0.11,1000,20,27,0.09082025849132759
time,disk,0.11,1000,21,28,0.07631202817952336
time,disk,0.11,1000,22,29,0.052733602332554544
time,disk,0.11,1000,23,30,0.04946938830490609
time,disk,0.11,1000,24,31,0.054158092560439255
time,disk,0.11,1000,25,32,0.05396698091738876
time,disk,0.11,1000,26,33,0.06901099482462103
time,disk,0.11,1000,27,34,0.08312443894263975
time,disk,0.11,1000,28,35,0.06745365722369913
time,disk,0.11,1000,29,36,0.051895932317918385
time,disk,0.11,1000,30,37,0.055655568873400264
time,disk,0.11,1000,31,38,0.08450389985339538
time,disk,0.11,1000,32,39,0.04601333711029551
time,disk,0.11,1000,33,40,0.06744108711512929
time,disk,0.11,1000,34,41,0.06532462650682998
time,disk,0.11,1000,35,42,0.07044047029350879
time,disk,0.11,1000,36,43,0.08661352891523888
time,disk,0.11,1000,37,44,0.08667756540114009
time,disk,0.11,1000,38,45,0.07397748066800446
time,disk,0.11,1000,39,46,0.07397748066800446
time,disk,0.11,1000,40,47,0.09043291771927685
time,disk,0.11,1000,41,48,0.07710097208253666
time,disk,0.11,1000,42,49,0.07551972102275978
time,disk,0.11,1000,43,50,0.06297426295149851
time,disk,0.11,1000,44,51,0.054158092560439255
time,disk,0.11,1000,45,52,0.06875833821414629
time,disk,0.11,1000,46,53,0.04986970199954067
time,disk,0.11,1000,47,54,0.06051895857489279
time,disk,0.11,1000,48,55,0.07588842564481377
time,disk,0.11,1000,49,56,0.06901205699419764
time,disk,0.13,1000,0,7,0.06731486213597952
time,disk,0.13,1000,1,8,0.07896106186283953
time,disk,0.13,1000,2,9,0.08068103521655529
time,disk,0.13,1000,3,10,0.05010379642671402
time,disk,0.13,1000,4,11,0.08297809682712622
time,disk,0.13,1000,5,12,0.11241240177977622
time,disk,0.13,1000,6,13,0.06605801583076949
time,disk,0.13,1000,7,14,0.06147477747074957
time,disk,0.13,1000,8,15,0.07134187759510399
time,disk,0.13,1000,9,16,0.07687832413151185
time,disk,0.13,1000,10,17,0.07019064489738025
time,disk,0.13,1000,11,18,0.05359101622205361
time,disk,0.13,1000,12,19,0.06605801583076949
time,disk,0.13,1000,13,20,0.05594614805915907
time,disk,0.13,1000,14,21,0.11241240177977622
time,disk,0.13,1000,15,22,0.08020802122309185
time,disk,0.13,1000,16,23,0.06977366617201672
time,disk,0.13,1000,17,24,0.08804795821614626
time,disk,0.13,1000,18,25,0.06004559431406071
time,disk,0.13,1000,19,26,0.09530421107353389
time,disk,0.13,1000,20,27,0.10314441740235769
time,disk,0.13,1000,21,28,0.08842364150548339
time,disk,0.13,1000,22,29,0.056563618376886865
time,disk,0.13,1000,23,30,0.05381553770032213
time,disk,0.13,1000,24,31,0.06080100190597563
time,disk,0.13,1000,25,32,0.060630832687035764
time,disk,0.13,1000,26,33,0.07687832413151185
time,disk,0.13,1000,27,34,0.08552069753228012
time,disk,0.13,1000,28,35,0.08285695835401179
time,disk,0.13,1000,29,36,0.05808734219965144
time,disk,0.13,1000,30,37,0.05665853540763984
time,disk,0.13,1000,31,38,0.10272362343409416
time,disk,0.13,1000,32,39,0.05103695161391709
time,disk,0.13,1000,33,40,0.07496193375173343
time,disk,0.13,1000,34,41,0.07078268221968737
time,disk,0.13,1000,35,42,0.08016370482086446
time,disk,0.13,1000,36,43,0.10314441740235769
time,disk,0.13,1000,37,44,0.08681154158511134
time,disk,0.13,1000,38,45,0.08285695835401179
time,disk,0.13,1000,39,46,0.08285695835401179
time,disk,0.13,1000,40,47,0.10079795350949912
time,disk,0.13,1000,41,48,0.08659373565026807
time,disk,0.13,1000,42,49,0.08885890911211278
time,disk,0.13,1000,43,50,0.06511619426331779
time,disk,0.13,1000,44,51,0.06080100190597563
time,disk,0.13,1000,45,52,0.07967078720950126
time,disk,0.13,1000,46,53,0.05352829286308024
time,disk,0.13,1000,47,54,0.0664731000985713
time,disk,0.13,1000,48,55,0.08166351468669243
time,disk,0.13,1000,49,56,0.07687927760558311
time,disk,0.15000000000000002,1000,0,7,0.08005908485286568
time,disk,0.15000000000000002,1000,1,8,0.07910973852595414
time,disk,0.15000000000000002,1000,2,9,0.09268571773512987
time,disk,0.15000000000000002,1000,3,10,0.05378895595760587
time,disk,0.15000000000000002,1000,4,11,0.09494858136954952
time,disk,0.15000000000000002,1000,5,12,0.1275777386973398
time,disk,0.15000000000000002,1000,6,13,0.0752038586742708
time,disk,0.15000000000000002,1000,7,14,0.06946439265859987
time,disk,0.15000000000000002,1000,8,15,0.07947274826081631
time,disk,0.15000000000000002,1000,9,16,0.09826221864070901
time,disk,0.15000000000000002,1000,10,17,0.07350620182400916
time,disk,0.15000000000000002,1000,11,18,0.05744845944826111
time,disk,0.15000000000000002,1000,12,19,0.0752038586742708
time,disk,0.15000000000000002,1000,13,20,0.058217205751577
time,disk,0.15000000000000002,1000,14,21,0.1450355006194767
time,disk,0.15000000000000002,1000,15,22,0.08846287514871351
time,disk,0.15000000000000002,1000,16,23,0.07145027711101751
time,disk,0.15000000000000002,1000,17,24,0.09826221864070901
time,disk,0.15000000000000002,1000,18,25,0.06767031541387834
time,disk,0.15000000000000002,1000,19,26,0.11569516299768257
time,disk,0.15000000000000002,1000,20,27,0.12012179364389694
time,disk,0.15000000000000002,1000,21,28,0.10347374286239032
time,disk,0.15000000000000002,1000,22,29,0.05794095772507026
time,disk,0.15000000000000002,1000,23,30,0.05006974501350932
time,disk,0.15000000000000002,1000,24,31,0.06946439265859987
time,disk,0.15000000000000002,1000,25,32,0.06881960285950026
time,disk,0.15000000000000002,1000,26,33,0.08952047219795739
time,disk,0.15000000000000002,1000,27,34,0.08912187395768059
time,disk,0.15000000000000002,1000,28,35,0.09369676364636803
time,disk,0.15000000000000002,1000,29,36,0.068969570813415
time,disk,0.15000000000000002,1000,30,37,0.06475456381345934
time,disk,0.15000000000000002,1000,31,38,0.11668457702464066
time,disk,0.15000000000000002,1000,32,39,0.06437304585597066
time,disk,0.15000000000000002,1000,33,40,0.08565798631910419
time,disk,0.15000000000000002,1000,34,41,0.07527877084387903
time,disk,0.15000000000000002,1000,35,42,0.08840850480772201
time,disk,0.15000000000000002,1000,36,43,0.11281636610525186
time,disk,0.15000000000000002,1000,37,44,0.0940953192253635
time,disk,0.15000000000000002,1000,38,45,0.09377530470419267
time,disk,0.15000000000000002,1000,39,46,0.09826221864070901
time,disk,0.15000000000000002,1000,40,47,0.1228095733974978
time,disk,0.15000000000000002,1000,41,48,0.11118404793390382
time,disk,0.15000000000000002,1000,42,49,0.10091031540436399
time,disk,0.15000000000000002,1000,43,50,0.07026110470560733
time,disk,0.15000000000000002,1000,44,51,0.068969570813415
time,disk,0.15000000000000002,1000,45,52,0.09155527897348019
time,disk,0.15000000000000002,1000,46,53,0.05290048629793102
time,disk,0.15000000000000002,1000,47,54,0.08005908485286568
time,disk,0.15000000000000002,1000,48,55,0.08332004763329459
time,disk,0.15000000000000002,1000,49,56,0.09495080008247478
time,disk,0.17,1000,0,7,0.09468384064556547
time,disk,0.17,1000,1,8,0.08888284135404914
time,disk,0.17,1000,2,9,0.1062702103823729
time,disk,0.17,1000,3,10,0.05780130368623286
time,disk,0.17,1000,4,11,0.11291322754544136
time,disk,0.17,1000,5,12,0.15470370802723984
time,disk,0.17,1000,6,13,0.0950318904079736
time,disk,0.17,1000,7,14,0.08543525345971317
time,disk,0.17,1000,8,15,0.0950318904079736
time,disk,0.17,1000,9,16,0.11291322754544136
time,disk,0.17,1000,10,17,0.0950318904079736
time,disk,0.17,1000,11,18,0.06438935415249211
time,disk,0.17,1000,12,19,0.08543525345971317
time,disk,0.17,1000,13,20,0.06355500141137697
time,disk,0.17,1000,14,21,0.1803294707587571
time,disk,0.17,1000,15,22,0.0893084263451247
time,disk,0.17,1000,16,23,0.07776648125626957
time,disk,0.17,1000,17,24,0.11470805066177595
time,disk,0.17,1000,18,25,0.07358849872890384
time,disk,0.17,1000,19,26,0.13168320752917193
time,disk,0.17,1000,20,27,0.13924634229502864
time,disk,0.17,1000,21,28,0.12231688933359132
time,disk,0.17,1000,22,29,0.06617368289101486
time,disk,0.17,1000,23,30,0.054835255236010794
time,disk,0.17,1000,24,31,0.08543525345971317
time,disk,0.17,1000,25,32,0.07909888643119341
time,disk,0.17,1000,26,33,0.1021338603885859
time,disk,0.17,1000,27,34,0.09350213412317311
time,disk,0.17,1000,28,35,0.11291322754544136
time,disk,0.17,1000,29,36,0.07922939981535965
time,disk,0.17,1000,30,37,0.06942905261342232
time,disk,0.17,1000,31,38,0.13833567050286033
time,disk,0.17,1000,32,39,0.07922939981535965
time,disk,0.17,1000,33,40,0.1048623795869106
time,disk,0.17,1000,34,41,0.09494989057628955
time,disk,0.17,1000,35,42,0.09855662903116755
time,disk,0.17,1000,36,43,0.1287409440186577
time,disk,0.17,1000,37,44,0.10828344250769396
time,disk,0.17,1000,38,45,0.11291322754544136
time,disk,0.17,1000,39,46,0.11291322754544136
time,disk,0.17,1000,40,47,0.14302078775117053
time,disk,0.17,1000,41,48,0.13168320752917193
time,disk,0.17,1000,42,49,0.11565596148756989
time,disk,0.17,1000,43,50,0.0732611787030008
time,disk,0.17,1000,44,51,0.07922939981535965
time,disk,0.17,1000,45,52,0.10380958633617605
time,disk,0.17,1000,46,53,0.05630354120460468
time,disk,0.17,1000,47,54,0.09468384064556547
time,disk,0.17,1000,48,55,0.08189057228727571
time,disk,0.17,1000,49,56,0.10875162194544413
time,disk,0.19,1000,0,7,0.11634104689349166
time,disk,0.19,1000,1,8,0.09252013705278965
time,disk,0.19,1000,2,9,0.13180451099937573
time,disk,0.19,1000,3,10,0.05851689392103474
time,disk,0.19,1000,4,11,0.14019128850127063
time,disk,0.19,1000,5,12,0.20342888967402065
time,disk,0.19,1000,6,13,0.13180451099937573
time,disk,0.19,1000,7,14,0.10120529073041606
time,disk,0.19,1000,8,15,0.11243547772560525
time,disk,0.19,1000,9,16,0.13246218418572014
time,disk,0.19,1000,10,17,0.12687003649789041
time,disk,0.19,1000,11,18,0.07461861066999594
time,disk,0.19,1000,12,19,0.11113000496815831
time,disk,0.19,1000,13,20,0.07600103870263566
time,disk,0.19,1000,14,21,0.21053075200566781
time,disk,0.19,1000,15,22,0.10012662049251235
time,disk,0.19,1000,16,23,0.08569670751957538
time,disk,0.19,1000,17,24,0.14730279227889215
time,disk,0.19,1000,18,25,0.08686293905828939
time,disk,0.19,1000,19,26,0.1711638824951815
time,disk,0.19,1000,20,27,0.15833810783613078
time,disk,0.19,1000,21,28,0.14444348267136112
time,disk,0.19,1000,22,29,0.0775557541864212
time,disk,0.19,1000,23,30,0.05844598006445729
time,disk,0.19,1000,24,31,0.11113000496815831
time,disk,0.19,1000,25,32,0.09246221329252424
time,disk,0.19,1000,26,33,0.1257551294320195
time,disk,0.19,1000,27,34,0.09858605853219493
time,disk,0.19,1000,28,35,0.13180451099937573
time,disk,0.19,1000,29,36,0.09246221329252424
time,disk,0.19,1000,30,37,0.07206657710810509
time,disk,0.19,1000,31,38,0.16718680248417547
time,disk,0.19,1000,32,39,0.09246221329252424
time,disk,0.19,1000,33,40,0.12369653692180704
time,disk,0.19,1000,34,41,0.1297285461725792
time,disk,0.19,1000,35,42,0.12440705994930665
time,disk,0.19,1000,36,43,0.1478759130476114
time,disk,0.19,1000,37,44,0.13180451099937573
time,disk,0.19,1000,38,45,0.13839728971652993
time,disk,0.19,1000,39,46,0.13839728971652993
time,disk,0.19,1000,40,47,0.17829572469923047
time,disk,0.19,1000,41,48,0.1657728163634171
time,disk,0.19,1000,42,49,0.13720189767147953
time,disk,0.19,1000,43,50,0.07769184681927487
time,disk,0.19,1000,44,51,0.13180451099937573
time,disk,0.19,1000,45,52,0.11571554667244593
time,disk,0.19,1000,46,53,0.061934725006935344
time,disk,0.19,1000,47,54,0.11029068086752958
time,disk,0.19,1000,48,55,0.0923504029579999
time,disk,0.19,1000,49,56,0.13248887012531527
time,disk,0.21000000000000002,1000,0,7,0.15701024754396675
time,disk,0.21000000000000002,1000,1,8,0.10014475655485855
time,disk,0.21000000000000002,1000,2,9,0.15701024754396675
time,disk,0.21000000000000002,1000,3,10,0.06608102559723358
time,disk,0.21000000000000002,1000,4,11,0.18015699555732764
time,disk,0.21000000000000002,1000,5,12,0.2508215620726239
time,disk,0.21000000000000002,1000,6,13,0.15701024754396675
time,disk,0.21000000000000002,1000,7,14,0.12864456996234
time,disk,0.21000000000000002,1000,8,15,0.13178185155119018
time,disk,0.21000000000000002,1000,9,16,0.17782354745060583
time,disk,0.21000000000000002,1000,10,17,0.15701024754396675
time,disk,0.21000000000000002,1000,11,18,0.08456627294456477
time,disk,0.21000000000000002,1000,12,19,0.13405918709370895
time,disk,0.21000000000000002,1000,13,20,0.07592418369639539
time,disk,0.21000000000000002,1000,14,21,0.2904663661072538
time,disk,0.21000000000000002,1000,15,22,0.11526826630269249
time,disk,0.21000000000000002,1000,16,23,0.1071952589592264
time,disk,0.21000000000000002,1000,17,24,0.18174792535927822
time,disk,0.21000000000000002,1000,18,25,0.09398347436192123
time,disk,0.21000000000000002,1000,19,26,0.20970044689458944
time,disk,0.21000000000000002,1000,20,27,0.17454311973939363
time,disk,0.21000000000000002,1000,21,28,0.16759042534771812
time,disk,0.21000000000000002,1000,22,29,0.08799314126345728
time,disk,0.21000000000000002,1000,23,30,0.06611360187584393
time,disk,0.21000000000000002,1000,24,31,0.13178185155119018
time,disk,0.21000000000000002,1000,25,32,0.1101220777384028
time,disk,0.21000000000000002,1000,26,33,0.15539754613301454
time,disk,0.21000000000000002,1000,27,34,0.09840435743257032
time,disk,0.21000000000000002,1000,28,35,0.17404622312321938
time,disk,0.21000000000000002,1000,29,36,0.12864456996234
time,disk,0.21000000000000002,1000,30,37,0.08022074177115296
time,disk,0.21000000000000002,1000,31,38,0.1932368495327414
time,disk,0.21000000000000002,1000,32,39,0.1101220777384028
time,disk,0.21000000000000002,1000,33,40,0.1492656426870101
time,disk,0.21000000000000002,1000,34,41,0.15701024754396675
time,disk,0.21000000000000002,1000,35,42,0.14907490369892445
time,disk,0.21000000000000002,1000,36,43,0.15217634354410595
time,disk,0.21000000000000002,1000,37,44,0.15701024754396675
time,disk,0.21000000000000002,1000,38,45,0.18174792535927822
time,disk,0.21000000000000002,1000,39,46,0.20391275707728657
time,disk,0.21000000000000002,1000,40,47,0.2151516052008949
time,disk,0.21000000000000002,1000,41,48,0.20391275707728657
time,disk,0.21000000000000002,1000,42,49,0.15701024754396675
time,disk,0.21000000000000002,1000,43,50,0.0799273064957048
time,disk,0.21000000000000002,1000,44,51,0.15701024754396675
time,disk,0.21000000000000002,1000,45,52,0.13740170302940377
time,disk,0.21000000000000002,1000,46,53,0.06666463339949814
time,disk,0.21000000000000002,1000,47,54,0.12695369595525624
time,disk,0.21000000000000002,1000,48,55,0.1101220777384028
time,disk,0.21000000000000002,1000,49,56,0.17782395966743172
time,disk,0.23,1000,0,7,0.19221061150934815
time,disk,0.23,1000,1,8,0.13478891190113318
time,disk,0.23,1000,2,9,0.19495817556805478
time,disk,0.23,1000,3,10,0.08074026449209858
time,disk,0.23,1000,4,11,0.2284431140159775
time,disk,0.23,1000,5,12,0.36452386320725866
time,disk,0.23,1000,6,13,0.19221061150934815
time,disk,0.23,1000,7,14,0.14795116050211748
time,disk,0.23,1000,8,15,0.19221061150934815
time,disk,0.23,1000,9,16,0.24964402921875725
time,disk,0.23,1000,10,17,0.19221061150934815
time,disk,0.23,1000,11,18,0.09289734799506837
time,disk,0.23,1000,12,19,0.15850356917476544
time,disk,0.23,1000,13,20,0.07727141870193144
time,disk,0.23,1000,14,21,0.3848816940049206
time,disk,0.23,1000,15,22,0.12118507953001241
time,disk,0.23,1000,16,23,0.137346090076226
time,disk,0.23,1000,17,24,0.24975700910324194
time,disk,0.23,1000,18,25,0.10772943417095074
time,disk,0.23,1000,19,26,0.3070825902177204
time,disk,0.23,1000,20,27,0.19013349916753855
time,disk,0.23,1000,21,28,0.18256912490768765
time,disk,0.23,1000,22,29,0.09929081342747953
time,disk,0.23,1000,23,30,0.07457670773536254
time,disk,0.23,1000,24,31,0.16500872132525604
time,disk,0.23,1000,25,32,0.13478891190113318
time,disk,0.23,1000,26,33,0.1808798522511392
time,disk,0.23,1000,27,34,0.09567951069359705
time,disk,0.23,1000,28,35,0.2357397517742526
time,disk,0.23,1000,29,36,0.155837036549968
time,disk,0.23,1000,30,37,0.13478891190113318
time,disk,0.23,1000,31,38,0.21914186155968485
time,disk,0.23,1000,32,39,0.13478891190113318
time,disk,0.23,1000,33,40,0.16891850482304066
time,disk,0.23,1000,34,41,0.19495817556805478
time,disk,0.23,1000,35,42,0.1923573275142351
time,disk,0.23,1000,36,43,0.16244556235783608
time,disk,0.23,1000,37,44,0.21449877538433773
time,disk,0.23,1000,38,45,0.24964402921875725
time,disk,0.23,1000,39,46,0.24964402921875725
time,disk,0.23,1000,40,47,0.3078766818543975
time,disk,0.23,1000,41,48,0.27580155678556884
time,disk,0.23,1000,42,49,0.19303882090601254
time,disk,0.23,1000,43,50,0.08402952798268472
time,disk,0.23,1000,44,51,0.19221061150934815
time,disk,0.23,1000,45,52,0.14502513002332512
time,disk,0.23,1000,46,53,0.08076230638188822
time,disk,0.23,1000,47,54,0.19221061150934815
time,disk,0.23,1000,48,55,0.13478891190113318
time,disk,0.23,1000,49,56,0.2237989268891901
time,disk,0.25,1000,0,7,0.24963200648158188
time,disk,0.25,1000,1,8,0.17151818214577305
time,disk,0.25,1000,2,9,0.31772517557236357
time,disk,0.25,1000,3,10,0.09847473491793897
time,disk,0.25,1000,4,11,0.3232313301987857
time,disk,0.25,1000,5,12,0.5370671295155209
time,disk,0.25,1000,6,13,0.31772517557236357
time,disk,0.25,1000,7,14,0.2446170736966103
time,disk,0.25,1000,8,15,0.24883967279891778
time,disk,0.25,1000,9,16,0.3908373192933088
time,disk,0.25,1000,10,17,0.31772517557236357
time,disk,0.25,1000,11,18,0.11862303357226815
time,disk,0.25,1000,12,19,0.2446170736966103
time,disk,0.25,1000,13,20,0.09358315420544737
time,disk,0.25,1000,14,21,0.5591088997183664
time,disk,0.25,1000,15,22,0.13415000706707952
time,disk,0.25,1000,16,23,0.16662747684916085
time,disk,0.25,1000,17,24,0.3908373192933088
time,disk,0.25,1000,18,25,0.10626228511051153
time,disk,0.25,1000,19,26,0.46395159405218606
time,disk,0.25,1000,20,27,0.24883967279891778
time,disk,0.25,1000,21,28,0.24963200648158188
time,disk,0.25,1000,22,29,0.09528710823068194
time,disk,0.25,1000,23,30,0.0818670170067123
time,disk,0.25,1000,24,31,0.2130720632662427
time,disk,0.25,1000,25,32,0.17977428141539042
time,disk,0.25,1000,26,33,0.2130720632662427
time,disk,0.25,1000,27,34,0.09844901919563456
time,disk,0.25,1000,28,35,0.3240158842814142
time,disk,0.25,1000,29,36,0.2446170736966103
time,disk,0.25,1000,30,37,0.17151818214577305
time,disk,0.25,1000,31,38,0.2598011937122701
time,disk,0.25,1000,32,39,0.2446170736966103
time,disk,0.25,1000,33,40,0.1969710815742467
time,disk,0.25,1000,34,41,0.31772517557236357
time,disk,0.25,1000,35,42,0.24963200648158188
time,disk,0.25,1000,36,43,0.17478948080454318
time,disk,0.25,1000,37,44,0.31822689137229637
time,disk,0.25,1000,38,45,0.3269864873298648
time,disk,0.25,1000,39,46,0.3908373192933088
time,disk,0.25,1000,40,47,0.46447757280455854
time,disk,0.25,1000,41,48,0.3976229883550267
time,disk,0.25,1000,42,49,0.31772517557236357
time,disk,0.25,1000,43,50,0.09844901919563456
time,disk,0.25,1000,44,51,0.31772517557236357
time,disk,0.25,1000,45,52,0.14748127894620147
time,disk,0.25,1000,46,53,0.09844901919563456
time,disk,0.25,1000,47,54,0.2446170736966103
time,disk,0.25,1000,48,55,0.1716825823379056
time,disk,0.25,1000,49,56,0.3232414193469095
time,disk,0.27,1000,0,7,0.43222014946262655
time,disk,0.27,1000,1,8,0.3305403079293178
time,disk,0.27,1000,2,9,0.5282026083714028
time,disk,0.27,1000,3,10,0.13298910183122192
time,disk,0.27,1000,4,11,0.5331902136524396
time,disk,0.27,1000,5,12,0.839870228242659
time,disk,0.27,1000,6,13,0.5281491959841766
time,disk,0.27,1000,7,14,0.3320700514011877
time,disk,0.27,1000,8,15,0.4305220732517054
time,disk,0.27,1000,9,16,0.626956712832793
time,disk,0.27,1000,10,17,0.5281491959841766
time,disk,0.27,1000,11,18,0.23174417718823406
time,disk,0.27,1000,12,19,0.42934325624768765
time,disk,0.27,1000,13,20,0.12077285061661197
time,disk,0.27,1000,14,21,0.9341975635348302
time,disk,0.27,1000,15,22,0.23174650391648513
time,disk,0.27,1000,16,23,0.24029642056183262
time,disk,0.27,1000,17,24,0.6273460399021824
time,disk,0.27,1000,18,25,0.12075491045301276
time,disk,0.27,1000,19,26,0.7264631409776073
time,disk,0.27,1000,20,27,0.4317630156696462
time,disk,0.27,1000,21,28,0.43084958734464696
time,disk,0.27,1000,22,29,0.1130593930655564
time,disk,0.27,1000,23,30,0.09282824407633991
time,disk,0.27,1000,24,31,0.3385367422924876
time,disk,0.27,1000,25,32,0.3305403079293178
time,disk,0.27,1000,26,33,0.2526343463670458
time,disk,0.27,1000,27,34,0.13297006117656407
time,disk,0.27,1000,28,35,0.5359307865982612
time,disk,0.27,1000,29,36,0.3385367422924876
time,disk,0.27,1000,30,37,0.23186587918939858
time,disk,0.27,1000,31,38,0.34974724869668006
time,disk,0.27,1000,32,39,0.3306256454627037
time,disk,0.27,1000,33,40,0.2488983540678414
time,disk,0.27,1000,34,41,0.5281491959841766
time,disk,0.27,1000,35,42,0.43222014946262655
time,disk,0.27,1000,36,43,0.3310226009897123
time,disk,0.27,1000,37,44,0.5291079257489075
time,disk,0.27,1000,38,45,0.6273460399021824
time,disk,0.27,1000,39,46,0.6273460399021824
time,disk,0.27,1000,40,47,0.7274707535314388
time,disk,0.27,1000,41,48,0.6372918974622149
time,disk,0.27,1000,42,49,0.5281491959841766
time,disk,0.27,1000,43,50,0.13775620639007224
time,disk,0.27,1000,44,51,0.5281491959841766
time,disk,0.27,1000,45,52,0.16312011402315157
time,disk,0.27,1000,46,53,0.1341644676107844
time,disk,0.27,1000,47,54,0.42934325624768765
time,disk,0.27,1000,48,55,0.3305403079293178
time,disk,0.27,1000,49,56,0.533197832737215
time,disk,0.29000000000000004,1000,0,7,0.942174215212909
time,disk,0.29000000000000004,1000,1,8,0.6447229257673532
time,disk,0.29000000000000004,1000,2,9,1.0898950687297668
time,disk,0.29000000000000004,1000,3,10,0.19962179914643832
time,disk,0.29000000000000004,1000,4,11,1.0933259275457916
time,disk,0.29000000000000004,1000,5,12,1.695323012424083
time,disk,0.29000000000000004,1000,6,13,1.089869184154613
time,disk,0.29000000000000004,1000,7,14,0.7933052299897468
time,disk,0.29000000000000004,1000,8,15,0.7964699312874912
time,disk,0.29000000000000004,1000,9,16,1.2383812635418394
time,disk,0.29000000000000004,1000,10,17,0.9484001051177003
time,disk,0.29000000000000004,1000,11,18,0.34942254341410983
time,disk,0.29000000000000004,1000,12,19,0.7937428705825826
time,disk,0.29000000000000004,1000,13,20,0.1570442610828199
time,disk,0.29000000000000004,1000,14,21,1.8423034015156312
time,disk,0.29000000000000004,1000,15,22,0.3486630789699862
time,disk,0.29000000000000004,1000,16,23,0.3596703001076194
time,disk,0.29000000000000004,1000,17,24,1.239252884849426
time,disk,0.29000000000000004,1000,18,25,0.12543461277345563
time,disk,0.29000000000000004,1000,19,26,1.5351235873822537
time,disk,0.29000000000000004,1000,20,27,0.7953259246112164
time,disk,0.29000000000000004,1000,21,28,0.7946651789560348
time,disk,0.29000000000000004,1000,22,29,0.15421120752375225
time,disk,0.29000000000000004,1000,23,30,0.19001231829317497
time,disk,0.29000000000000004,1000,24,31,0.6505493034997731
time,disk,0.29000000000000004,1000,25,32,0.6455085397433525
time,disk,0.29000000000000004,1000,26,33,0.5064344545237512
time,disk,0.29000000000000004,1000,27,34,0.19975039656908367
time,disk,0.29000000000000004,1000,28,35,1.0936613156617274
time,disk,0.29000000000000004,1000,29,36,0.7937428705825826
time,disk,0.29000000000000004,1000,30,37,0.496343739181947
time,disk,0.29000000000000004,1000,31,38,0.7994578600731573
time,disk,0.29000000000000004,1000,32,39,0.6451015307878797
time,disk,0.29000000000000004,1000,33,40,0.36332860571287284
time,disk,0.29000000000000004,1000,34,41,0.9489056528469122
time,disk,0.29000000000000004,1000,35,42,0.7983071811866645
time,disk,0.29000000000000004,1000,36,43,0.6449703235110916
time,disk,0.29000000000000004,1000,37,44,1.0908246919577047
time,disk,0.29000000000000004,1000,38,45,1.239252884849426
time,disk,0.29000000000000004,1000,39,46,1.3866359511231998
time,disk,0.29000000000000004,1000,40,47,1.535826809003379
time,disk,0.29000000000000004,1000,41,48,1.246337347957478
time,disk,0.29000000000000004,1000,42,49,1.089869184154613
time,disk,0.29000000000000004,1000,43,50,0.3480501576583861
time,disk,0.29000000000000004,1000,44,51,1.089869184154613
time,disk,0.29000000000000004,1000,45,52,0.3498259927508121
time,disk,0.29000000000000004,1000,46,53,0.20476198053511943
time,disk,0.29000000000000004,1000,47,54,0.9414863337204508
time,disk,0.29000000000000004,1000,48,55,0.644766681274426
time,disk,0.29000000000000004,1000,49,56,1.0923246743467678
time,disk,0.31,1000,0,7,3.211103172917018
time,disk,0.31,1000,1,8,1.795973155735566
time,disk,0.31,1000,2,9,3.4941352744818555
time,disk,0.31,1000,3,10,0.6636977171260935
time,disk,0.31,1000,4,11,3.4955130856094927
time,disk,0.31,1000,5,12,5.478525579644191
time,disk,0.31,1000,6,13,3.4940653946890494
time,disk,0.31,1000,7,14,2.362127334272185
time,disk,0.31,1000,8,15,2.6459620088654416
time,disk,0.31,1000,9,16,4.0601813303283
time,disk,0.31,1000,10,17,3.212202048187024
time,disk,0.31,1000,11,18,1.229892760116541
time,disk,0.31,1000,12,19,2.6451424055265567
time,disk,0.31,1000,13,20,0.3810870729373813
time,disk,0.31,1000,14,21,5.763275514126218
time,disk,0.31,1000,15,22,1.2297851899537873
time,disk,0.31,1000,16,23,1.2331250419126993
time,disk,0.31,1000,17,24,4.060447265248327
time,disk,0.31,1000,18,25,0.19128374516875388
time,disk,0.31,1000,19,26,4.909360435723432
time,disk,0.31,1000,20,27,2.645617872496485
time,disk,0.31,1000,21,28,2.645419314127605
time,disk,0.31,1000,22,29,0.37656379100579473
time,disk,0.31,1000,23,30,0.34767220934569126
time,disk,0.31,1000,24,31,2.080689189877522
time,disk,0.31,1000,25,32,2.0797235309600026
time,disk,0.31,1000,26,33,1.7986522708438035
time,disk,0.31,1000,27,34,0.6637364069820437
time,disk,0.31,1000,28,35,3.4956341435770293
time,disk,0.31,1000,29,36,2.3626597565188745
time,disk,0.31,1000,30,37,1.514133538709431
time,disk,0.31,1000,31,38,2.3646771792887775
time,disk,0.31,1000,32,39,2.361912767111487
time,disk,0.31,1000,33,40,1.2341970344892066
time,disk,0.31,1000,34,41,3.212316218542002
time,disk,0.31,1000,35,42,2.6465156255817455
time,disk,0.31,1000,36,43,1.7961193907921316
time,disk,0.31,1000,37,44,3.4945703867561644
time,disk,0.31,1000,38,45,3.777894020440742
time,disk,0.31,1000,39,46,4.34323662241463
time,disk,0.31,1000,40,47,4.626655090777695
time,disk,0.31,1000,41,48,4.0626150526685
time,disk,0.31,1000,42,49,3.2110768163192356
time,disk,0.31,1000,43,50,0.9480354263811245
time,disk,0.31,1000,44,51,3.4940734686945496
time,disk,0.31,1000,45,52,0.9474113567966124
time,disk,0.31,1000,46,53,0.6652618023730144
time,disk,0.31,1000,47,54,2.9279889286327783
time,disk,0.31,1000,48,55,2.078888448635659
time,disk,0.31,1000,49,56,3.4951465625689146
time,disk,0.33,1000,0,7,98.32473040261617
time,disk,0.33,1000,1,8,64.45047537194903
time,disk,0.33,1000,2,9,110.28034604905673
time,disk,0.33,1000,3,10,24.598357613738887
time,disk,0.33,1000,4,11,106.29519661786766
time,disk,0.33,1000,5,12,146.1473415609383
time,disk,0.33,1000,6,13,108.28773949536037
time,disk,0.33,1000,7,14,80.39128505470102
time,disk,0.33,1000,8,15,90.35433004935804
time,disk,0.33,1000,9,16,120.24336974903169
time,disk,0.33,1000,10,17,102.30999033305427
time,disk,0.33,1000,11,18,46.51701594315783
time,disk,0.33,1000,12,19,86.36909763314345
time,disk,0.33,1000,13,20,7.220278087568063
time,disk,0.33,1000,14,21,150.13261877461008
time,disk,0.33,1000,15,22,44.52440132924468
time,disk,0.33,1000,16,23,44.52449370271613
time,disk,0.33,1000,17,24,122.23598001283767
time,disk,0.33,1000,18,25,7.182770933071115
time,disk,0.33,1000,19,26,136.18420397692634
time,disk,0.33,1000,20,27,84.37650834019009
time,disk,0.33,1000,21,28,84.37651134932406
time,disk,0.33,1000,22,29,7.012546386688968
time,disk,0.33,1000,23,30,7.1831807021428915
time,disk,0.33,1000,24,31,68.43574818965365
time,disk,0.33,1000,25,32,74.41348945067942
time,disk,0.33,1000,26,33,58.47274277627627
time,disk,0.33,1000,27,34,24.598367436953293
time,disk,0.33,1000,28,35,106.29521729145333
time,disk,0.33,1000,29,36,82.3839155598237
time,disk,0.33,1000,30,37,58.47266556728741
time,disk,0.33,1000,31,38,78.39875774445646
time,disk,0.33,1000,32,39,78.39867752688933
time,disk,0.33,1000,33,40,44.52452340490752
time,disk,0.33,1000,34,41,102.30999502066392
time,disk,0.33,1000,35,42,90.35434626332268
time,disk,0.33,1000,36,43,62.45784783186643
time,disk,0.33,1000,37,44,104.30257932302017
time,disk,0.33,1000,38,45,116.25818253369165
time,disk,0.33,1000,39,46,124.22857942931888
time,disk,0.33,1000,40,47,132.19900684351148
time,disk,0.33,1000,41,48,118.25088217057628
time,disk,0.33,1000,42,49,104.3025323458295
time,disk,0.33,1000,43,50,36.55401731108493
time,disk,0.33,1000,44,51,108.28780425531055
time,disk,0.33,1000,45,52,34.561397829435734
time,disk,0.33,1000,46,53,24.598429247311277
time,disk,0.33,1000,47,54,94.33950912015331
time,disk,0.33,1000,48,55,70.42825746338237
time,disk,0.33,1000,49,56,106.29518280704869
sample,disk,0.22,10,0,7,2.2936459808047034
sample,disk,0.22,10,1,8,3.97467566745658
sample,disk,0.22,10,2,9,1.2621807820066768
sample,disk,0.22,10,3,10,1.5677958356448043
sample,disk,0.22,10,4,11,3.8807115882692833
sample,disk,0.22,10,5,12,3.275606752261461
sample,disk,0.22,10,6,13,1.7268513880592844
sample,disk,0.22,10,7,14,2.3478049732768724
sample,disk,0.22,10,8,15,0.6972979032022002
sample,disk,0.22,10,9,16,1.8359054151449103
sample,disk,0.22,10,10,17,1.1559143963051495
sample,disk,0.22,10,11,18,1.1801793538737853
sample,disk,0.22,10,12,19,1.4514320673562935
sample,disk,0.22,10,13,20,1.284982717660671
sample,disk,0.22,10,14,21,1.18539166840563
sample,disk,0.22,10,15,22,2.088277608316796
sample,disk,0.22,10,16,23,4.053288301171991
sample,disk,0.22,10,17,24,0.8311533691015663
sample,disk,0.22,10,18,25,4.590014744901892
sample,disk,0.22,10,19,26,4.002213930009228
sample,disk,0.22,10,20,27,3.4423836145564923
sample,disk,0.22,10,21,28,1.0041103885259168
sample,disk,0.22,10,22,29,2.1393698875944387
sample,disk,0.22,10,23,30,2.9589470464975824
sample,disk,0.22,10,24,31,0.5113314997999815
sample,disk,0.22,10,25,32,1.0251120616129152
sample,disk,0.22,10,26,33,1.777506006840807
sample,disk,0.22,10,27,34,0.9541561825486946
sample,disk,0.22,10,28,35,0.4940282092421354
sample,disk,0.22,10,29,36,2.873304342344372
sample,disk,0.22,10,30,37,2.953614407251071
sample,disk,0.22,10,31,38,3.502551086930115
sample,disk,0.22,10,32,39,2.810695231064691
sample,disk,0.22,10,33,40,1.6382023825500809
sample,disk,0.22,10,34,41,2.0517496113002505
sample,disk,0.22,10,35,42,1.500241498533354
sample,disk,0.22,10,36,43,1.7393106263775178
sample,disk,0.22,10,37,44,0.6926389206675588
sample,disk,0.22,10,38,45,1.6857444739532492
sample,disk,0.22,10,39,46,1.9411096745613177
sample,disk,0.22,10,40,47,2.8906102658828203
sample,disk,0.22,10,41,48,2.4767473370770445
sample,disk,0.22,10,42,49,1.0053903104641984
sample,disk,0.22,10,43,50,0.9507607787133652
sample,disk,0.22,10,44,51,1.5577530508865665
sample,disk,0.22,10,45,52,0.9017350952078568
sample,disk,0.22,10,46,53,1.1469954774996516
sample,disk,0.22,10,47,54,3.937705906006035
sample,disk,0.22,10,48,55,1.2159649882276573
sample,disk,0.22,10,49,56,1.35258111437625
sample,disk,0.22,30,0,7,0.7935057303326017
sample,disk,0.22,30,1,8,1.8486021081945903
sample,disk,0.22,30,2,9,0.4338588204294705
sample,disk,0.22,30,3,10,2.169353090600516
sample,disk,0.22,30,4,11,1.6208690063217395
sample,disk,0.22,30,5,12,0.9965989425941354
sample,disk,0.22,30,6,13,0.4415271881617982
sample,disk,0.22,30,7,14,1.3653526630743125
sample,disk,0.22,30,8,15,0.46489160700336446
sample,disk,0.22,30,9,16,0.8781162416238336
sample,disk,0.22,30,10,17,0.7948175979968329
sample,disk,0.22,30,11,18,1.209400065067495
sample,disk,0.22,30,12,19,1.784037131106036
sample,disk,0.22,30,13,20,2.0942614748403834
sample,disk,0.22,30,14,21,1.1160435861302365
sample,disk,0.22,30,15,22,0.8991730476225118
sample,disk,0.22,30,16,23,1.933968812917483
sample,disk,0.22,30,17,24,2.5853182811301356
sample,disk,0.22,30,18,25,1.1641358021880874
sample,disk,0.22,30,19,26,0.836694442470975
sample,disk,0.22,30,20,27,0.9813776801115426
sample,disk,0.22,30,21,28,0.7788154438488559
sample,disk,0.22,30,22,29,0.616241522083233
sample,disk,0.22,30,23,30,1.887391409008349
sample,disk,0.22,30,24,31,1.6785737181212974
sample,disk,0.22,30,25,32,0.3286308927261417
sample,disk,0.22,30,26,33,2.6759559517155487
sample,disk,0.22,30,27,34,0.4402002743396243
sample,disk,0.22,30,28,35,0.5732634854643774
sample,disk,0.22,30,29,36,1.3166112855624112
sample,disk,0.22,30,30,37,1.3623170188172127
sample,disk,0.22,30,31,38,1.6208690063217395
sample,disk,0.22,30,32,39,0.9577944984201995
sample,disk,0.22,30,33,40,2.4494563944859937
sample,disk,0.22,30,34,41,0.7426689360969291
sample,disk,0.22,30,35,42,2.499959128654648
sample,disk,0.22,30,36,43,0.4145313609220815
sample,disk,0.22,30,37,44,1.4514320673562935
sample,disk,0.22,30,38,45,0.7426689360969291
sample,disk,0.22,30,39,46,1.2747912849776464
sample,disk,0.22,30,40,47,0.3299575464066484
sample,disk,0.22,30,41,48,0.5866505550205365
sample,disk,0.22,30,42,49,1.2071861027485609
sample,disk,0.22,30,43,50,1.6725794537017886
sample,disk,0.22,30,44,51,0.8289697614456928
sample,disk,0.22,30,45,52,1.6725794537017886
sample,disk,0.22,30,46,53,0.4100645707186645
sample,disk,0.22,30,47,54,0.6110115375620949
sample,disk,0.22,30,48,55,0.29738072616169564
sample,disk,0.22,30,49,56,1.3172513547650428
sample,disk,0.22,100,0,7,0.9481504033918156
sample,disk,0.22,100,1,8,0.5912104264831199
sample,disk,0.22,100,2,9,0.25682918986323916
sample,disk,0.22,100,3,10,0.6462540208889603
sample,disk,0.22,100,4,11,0.2338442522328887
sample,disk,0.22,100,5,12,0.32967118371425275
sample,disk,0.22,100,6,13,0.1846878851976136
sample,disk,0.22,100,7,14,0.2514913762639984
sample,disk,0.22,100,8,15,1.268967873528489
sample,disk,0.22,100,9,16,0.14599318768100708
sample,disk,0.22,100,10,17,0.58316552919296
sample,disk,0.22,100,11,18,0.30113572541871736
sample,disk,0.22,100,12,19,0.31844685054039085
sample,disk,0.22,100,13,20,0.6774944618293944
sample,disk,0.22,100,14,21,0.5079837877752579
sample,disk,0.22,100,15,22,0.275769549051687
sample,disk,0.22,100,16,23,0.34046077423852156
sample,disk,0.22,100,17,24,0.9041799634483545
sample,disk,0.22,100,18,25,0.4077077091214433
sample,disk,0.22,100,19,26,0.6162339034834119
sample,disk,0.22,100,20,27,0.3691117170627923
sample,disk,0.22,100,21,28,0.2036197014303157
sample,disk,0.22,100,22,29,0.8298586446099644
sample,disk,0.22,100,23,30,0.23820378253230695
sample,disk,0.22,100,24,31,0.8002827759965626
sample,disk,0.22,100,25,32,0.7950660161186638
sample,disk,0.22,100,26,33,1.1226399551451647
sample,disk,0.22,100,27,34,0.3116589037722385
sample,disk,0.22,100,28,35,0.3281302569102358
sample,disk,0.22,100,29,36,0.5349593920649452
sample,disk,0.22,100,30,37,1.1172825529436614
sample,disk,0.22,100,31,38,0.586668166569783
sample,disk,0.22,100,32,39,0.6762510035975494
sample,disk,0.22,100,33,40,0.3629623060805688
sample,disk,0.22,100,34,41,0.3411792425752072
sample,disk,0.22,100,35,42,1.0572539294290098
sample,disk,0.22,100,36,43,0.26878025450061377
sample,disk,0.22,100,37,44,0.43160857096016736
sample,disk,0.22,100,38,45,1.0129907696801443
sample,disk,0.22,100,39,46,0.2608829905898342
sample,disk,0.22,100,40,47,0.5248241668448751
sample,disk,0.22,100,41,48,1.2546529915582125
sample,disk,0.22,100,42,49,0.35987415423779884
sample,disk,0.22,100,43,50,0.8548558279281452
sample,disk,0.22,100,44,51,0.21405518831896136
sample,disk,0.22,100,45,52,0.6510873489703424
sample,disk,0.22,100,46,53,0.43191272666436065
sample,disk,0.22,100,47,54,0.43154320323075035
sample,disk,0.22,100,48,55,0.3807510376434425
sample,disk,0.22,100,49,56,0.20291910321129553
sample,disk,0.22,300,0,7,0.33399586050287455
sample,disk,0.22,300,1,8,0.5815559284493894
sample,disk,0.22,300,2,9,0.560199675773994
sample,disk,0.22,300,3,10,0.2592921753815533
sample,disk,0.22,300,4,11,0.38730845732926833
sample,disk,0.22,300,5,12,0.18192879492349096
sample,disk,0.22,300,6,13,0.12450911852534789
sample,disk,0.22,300,7,14,0.2890621312139759
sample,disk,0.22,300,8,15,0.2247250295237728
sample,disk,0.22,300,9,16,0.21121422731571884
sample,disk,0.22,300,10,17,0.3281302569102358
sample,disk,0.22,300,11,18,0.22345689119257606
sample,disk,0.22,300,12,19,0.12450911852534789
sample,disk,0.22,300,13,20,0.27700266493042963
sample,disk,0.22,300,14,21,0.14574834123363
sample,disk,0.22,300,15,22,0.7417960726599054
sample,disk,0.22,300,16,23,0.4244626006538942
sample,disk,0.22,300,17,24,0.27652817478549085
sample,disk,0.22,300,18,25,0.20727929609750365
sample,disk,0.22,300,19,26,0.3798361592300964
sample,disk,0.22,300,20,27,0.28893442688063914
sample,disk,0.22,300,21,28,0.27642613693095996
sample,disk,0.22,300,22,29,0.14252417876417023
sample,disk,0.22,300,23,30,0.31784625194914273
sample,disk,0.22,300,24,31,0.2200484359266866
sample,disk,0.22,300,25,32,0.1567847979490422
sample,disk,0.22,300,26,33,0.8458149233943328
sample,disk,0.22,300,27,34,0.17302963517165929
sample,disk,0.22,300,28,35,0.2910095325443854
sample,disk,0.22,300,29,36,0.5884413375019896
sample,disk,0.22,300,30,37,0.3757591806840462
sample,disk,0.22,300,31,38,0.3798361592300964
sample,disk,0.22,300,32,39,0.20829497727091173
sample,disk,0.22,300,33,40,0.2592921753815533
sample,disk,0.22,300,34,41,0.30586560702253435
sample,disk,0.22,300,35,42,0.33129010778282675
sample,disk,0.22,300,36,43,0.3281302569102358
sample,disk,0.22,300,37,44,0.38730845732926833
sample,disk,0.22,300,38,45,0.28540371416737614
sample,disk,0.22,300,39,46,0.4321086324866771
sample,disk,0.22,300,40,47,0.1478771346155692
sample,disk,0.22,300,41,48,0.26878025450061377
sample,disk,0.22,300,42,49,0.3872475196448283
sample,disk,0.22,300,43,50,0.1847261079455675
sample,disk,0.22,300,44,51,0.3151424646112028
sample,disk,0.22,300,45,52,0.18619922830951022
sample,disk,0.22,300,46,53,0.17584167770665515
sample,disk,0.22,300,47,54,0.21920512788593266
sample,disk,0.22,300,48,55,0.5281583606477662
sample,disk,0.22,300,49,56,0.22155154105862154
sample,disk,0.22,1000,0,7,0.17302963517165929
sample,disk,0.22,1000,1,8,0.12134725558538483
sample,disk,0.22,1000,2,9,0.17302963517165929
sample,disk,0.22,1000,3,10,0.07640311776459345
sample,disk,0.22,1000,4,11,0.20187257057029076
sample,disk,0.22,1000,5,12,0.29675274161032356
sample,disk,0.22,1000,6,13,0.17302963517165929
sample,disk,0.22,1000,7,14,0.14329217988249565
sample,disk,0.22,1000,8,15,0.15427178945939174
sample,disk,0.22,1000,9,16,0.2247250295237728
sample,disk,0.22,1000,10,17,0.17302963517165929
sample,disk,0.22,1000,11,18,0.09226732080652922
sample,disk,0.22,1000,12,19,0.1528998856344414
sample,disk,0.22,1000,13,20,0.0742494236504407
sample,disk,0.22,1000,14,21,0.3281302569102358
sample,disk,0.22,1000,15,22,0.11350475649039746
sample,disk,0.22,1000,16,23,0.12125161160799743
sample,disk,0.22,1000,17,24,0.2247250295237728
sample,disk,0.22,1000,18,25,0.10109991560908871
sample,disk,0.22,1000,19,26,0.27642613693095996
sample,disk,0.22,1000,20,27,0.1821481811034332
sample,disk,0.22,1000,21,28,0.17870416063203554
sample,disk,0.22,1000,22,29,0.09018900392850045
sample,disk,0.22,1000,23,30,0.07658784202677447
sample,disk,0.22,1000,24,31,0.1450554656683831
sample,disk,0.22,1000,25,32,0.12134725558538483
sample,disk,0.22,1000,26,33,0.17233826163742574
sample,disk,0.22,1000,27,34,0.09259431566138572
sample,disk,0.22,1000,28,35,0.20131091195599124
sample,disk,0.22,1000,29,36,0.14214696303455224
sample,disk,0.22,1000,30,37,0.10955290656626751
sample,disk,0.22,1000,31,38,0.20829497727091173
sample,disk,0.22,1000,32,39,0.12134725558538483
sample,disk,0.22,1000,33,40,0.16060217613321437
sample,disk,0.22,1000,34,41,0.17302963517165929
sample,disk,0.22,1000,35,42,0.1694179083977466
sample,disk,0.22,1000,36,43,0.16134076775325237
sample,disk,0.22,1000,37,44,0.1804406342812478
sample,disk,0.22,1000,38,45,0.20980296185876768
sample,disk,0.22,1000,39,46,0.2247250295237728
sample,disk,0.22,1000,40,47,0.2446927536282464
sample,disk,0.22,1000,41,48,0.23827744917950305
sample,disk,0.22,1000,42,49,0.17302963517165929
sample,disk,0.22,1000,43,50,0.08300086131071807
sample,disk,0.22,1000,44,51,0.17302963517165929
sample,disk,0.22,1000,45,52,0.13592565808152798
sample,disk,0.22,1000,46,53,0.06970684518655361
sample,disk,0.22,1000,47,54,0.17302963517165929
sample,disk,0.22,1000,48,55,0.12134725558538483
sample,disk,0.22,1000,49,56,0.19600522370526707
sample,disk,0.22,3000,0,7,0.1393106873818616
sample,disk,0.22,3000,1,8,0.17870416063203554
sample,disk,0.22,3000,2,9,0.0669289298685753
sample,disk,0.22,3000,3,10,0.06658670403587766
sample,disk,0.22,3000,4,11,0.09043537610072898
sample,disk,0.22,3000,5,12,0.08966265641716398
sample,disk,0.22,3000,6,13,0.06970684518655361
sample,disk,0.22,3000,7,14,0.06970684518655361
sample,disk,0.22,3000,8,15,0.07679971970307377
sample,disk,0.22,3000,9,16,0.06196911583681573
sample,disk,0.22,3000,10,17,0.1024674156943894
sample,disk,0.22,3000,11,18,0.08414969113969882
sample,disk,0.22,3000,12,19,0.06970684518655361
sample,disk,0.22,3000,13,20,0.05226863395651795
sample,disk,0.22,3000,14,21,0.1232535846775511
sample,disk,0.22,3000,15,22,0.06970684518655361
sample,disk,0.22,3000,16,23,0.07920104495785145
sample,disk,0.22,3000,17,24,0.07972975652648966
sample,disk,0.22,3000,18,25,0.1232535846775511
sample,disk,0.22,3000,19,26,0.09779919484395463
sample,disk,0.22,3000,20,27,0.08753980329323957
sample,disk,0.22,3000,21,28,0.06970684518655361
sample,disk,0.22,3000,22,29,0.08414969113969882
sample,disk,0.22,3000,23,30,0.1024674156943894
sample,disk,0.22,3000,24,31,0.06970684518655361
sample,disk,0.22,3000,25,32,0.08597378175277012
sample,disk,0.22,3000,26,33,0.12134725558538483
sample,disk,0.22,3000,27,34,0.06970684518655361
sample,disk,0.22,3000,28,35,0.06198265879514832
sample,disk,0.22,3000,29,36,0.07359580064731185
sample,disk,0.22,3000,30,37,0.07861848624107327
sample,disk,0.22,3000,31,38,0.06108910780781331
sample,disk,0.22,3000,32,39,0.17302963517165929
sample,disk,0.22,3000,33,40,0.08057040215558693
sample,disk,0.22,3000,34,41,0.10962294433049206
sample,disk,0.22,3000,35,42,0.07920104495785145
sample,disk,0.22,3000,36,43,0.0669289298685753
sample,disk,0.22,3000,37,44,0.06970684518655361
sample,disk,0.22,3000,38,45,0.06970684518655361
sample,disk,0.22,3000,39,46,0.08003681250787123
sample,disk,0.22,3000,40,47,0.06244516134566176
sample,disk,0.22,3000,41,48,0.08966265641716398
sample,disk,0.22,3000,42,49,0.12134725558538483
sample,disk,0.22,3000,43,50,0.12133279515086429
sample,disk,0.22,3000,44,51,0.0558051811015793
sample,disk,0.22,3000,45,52,0.06970684518655361
sample,disk,0.22,3000,46,53,0.08753980329323957
sample,disk,0.22,3000,47,54,0.0579044021372332
sample,disk,0.22,3000,48,55,0.06970684518655361
sample,disk,0.22,3000,49,56,0.13343800117259316
sample,disk,0.22,10000,0,7,0.05079302187752623
sample,disk,0.22,10000,1,8,0.06970684518655361
sample,disk,0.22,10000,2,9,0.05091514363771597
sample,disk,0.22,10000,3,10,0.08414969113969882
sample,disk,0.22,10000,4,11,0.05224626103635951
sample,disk,0.22,10000,5,12,0.06976571501160476
sample,disk,0.22,10000,6,13,0.06970684518655361
sample,disk,0.22,10000,7,14,0.05091514363771597
sample,disk,0.22,10000,8,15,0.05091514363771597
sample,disk,0.22,10000,9,16,0.05787357778880603
sample,disk,0.22,10000,10,17,0.061895500352606624
sample,disk,0.22,10000,11,18,0.049711165364083404
sample,disk,0.22,10000,12,19,0.05091514363771597
sample,disk,0.22,10000,13,20,0.050606377766452174
sample,disk,0.22,10000,14,21,0.05892262034626956
sample,disk,0.22,10000,15,22,0.05091514363771597
sample,disk,0.22,10000,16,23,0.05124181675317663
sample,disk,0.22,10000,17,24,0.06974067417888508
sample,disk,0.22,10000,18,25,0.052334230209216084
sample,disk,0.22,10000,19,26,0.06970684518655361
sample,disk,0.22,10000,20,27,0.06970684518655361
sample,disk,0.22,10000,21,28,0.05131530841009111
sample,disk,0.22,10000,22,29,0.06972559898924652
sample,disk,0.22,10000,23,30,0.05791006049311215
sample,disk,0.22,10000,24,31,0.052532278245092406
sample,disk,0.22,10000,25,32,0.05884703089779004
sample,disk,0.22,10000,26,33,0.06970684518655361
sample,disk,0.22,10000,27,34,0.069727610772355
sample,disk,0.22,10000,28,35,0.06974738376918502
sample,disk,0.22,10000,29,36,0.06973849878347071
sample,disk,0.22,10000,30,37,0.05088223514734976
sample,disk,0.22,10000,31,38,0.06968272608546246
sample,disk,0.22,10000,32,39,0.05091514363771597
sample,disk,0.22,10000,33,40,0.05784318907310242
sample,disk,0.22,10000,34,41,0.05091955540022206
sample,disk,0.22,10000,35,42,0.05787357778880603
sample,disk,0.22,10000,36,43,0.06971178216339018
sample,disk,0.22,10000,37,44,0.06966748962166465
sample,disk,0.22,10000,38,45,0.04965013278936719
sample,disk,0.22,10000,39,46,0.052976229647173856
sample,disk,0.22,10000,40,47,0.05075899771254939
sample,disk,0.22,10000,41,48,0.06970684518655361
sample,disk,0.22,10000,42,49,0.06973784743886834
sample,disk,0.22,10000,43,50,0.06970400710147413
sample,disk,0.22,10000,44,51,0.05239239155398584
sample,disk,0.22,10000,45,52,0.05195325157366767
sample,disk,0.22,10000,46,53,0.06977356184240975
sample,disk,0.22,10000,47,54,0.06970684518655361
sample,disk,0.22,10000,48,55,0.04951395380218427
sample,disk,0.22,10000,49,56,0.05234171297203109
time,star,0.01,1000,0,7,0.332977486161692
time,star,0.01,1000,1,8,0.29421859339582457
time,star,0.01,1000,2,9,0.3198757550111112
time,star,0.01,1000,3,10,0.3452946909111019
time,star,0.01,1000,4,11,0.324769981926228
time,star,0.01,1000,5,12,0.3200180002801513
time,star,0.01,1000,6,13,0.332977486161692
time,star,0.01,1000,7,14,0.332977486161692
time,star,0.01,1000,8,15,0.31525199622667416
time,star,0.01,1000,9,16,0.32781524183334176
time,star,0.01,1000,10,17,0.324769981926228
time,star,0.01,1000,11,18,0.324769981926228
time,star,0.01,1000,12,19,0.3354982163511523
time,star,0.01,1000,13,20,0.3293678833900008
time,star,0.01,1000,14,21,0.3293678833900008
time,star,0.01,1000,15,22,0.3293678833900008
time,star,0.01,1000,16,23,0.31431310744803254
time,star,0.01,1000,17,24,0.32018250264856085
time,star,0.01,1000,18,25,0.33879893674848527
time,star,0.01,1000,19,26,0.3198757550111112
time,star,0.01,1000,20,27,0.3320415477441458
time,star,0.01,1000,21,28,0.3330862300453375
time,star,0.01,1000,22,29,0.3198757550111112
time,star,0.01,1000,23,30,0.3248218697397551
time,star,0.01,1000,24,31,0.3379198369858639
time,star,0.01,1000,25,32,0.31525199622667416
time,star,0.01,1000,26,33,0.3253177646284137
time,star,0.01,1000,27,34,0.3397730792365358
time,star,0.01,1000,28,35,0.31525199622667416
time,star,0.01,1000,29,36,0.3456123201427393
time,star,0.01,1000,30,37,0.31525199622667416
time,star,0.01,1000,31,38,0.3200180002801513
time,star,0.01,1000,32,39,0.3330862300453375
time,star,0.01,1000,33,40,0.3200180002801513
time,star,0.01,1000,34,41,0.3248218697397551
time,star,0.01,1000,35,42,0.32748879949182425
time,star,0.01,1000,36,43,0.32748879949182425
time,star,0.01,1000,37,44,0.3456194299742503
time,star,0.01,1000,38,45,0.3216282065834029
time,star,0.01,1000,39,46,0.3248218697397551
time,star,0.01,1000,40,47,0.3293678833900008
time,star,0.01,1000,41,48,0.3198757550111112
time,star,0.01,1000,42,49,0.3293678833900008
time,star,0.01,1000,43,50,0.32748879949182425
time,star,0.01,1000,44,51,0.31346797431617984
time,star,0.01,1000,45,52,0.3354982163511523
time,star,0.01,1000,46,53,0.3069671880621526
time,star,0.01,1000,47,54,0.3330862300453375
time,star,0.01,1000,48,55,0.3229136967406023
time,star,0.01,1000,49,56,0.3248218697397551
time,star,0.03,1000,0,7,0.35666665711682916
time,star,0.03,1000,1,8,0.3124994894486008
time,star,0.03,1000,2,9,0.34096105837352464
time,star,0.03,1000,3,10,0.35666665711682916
time,star,0.03,1000,4,11,0.3484486283227993
time,star,0.03,1000,5,12,0.3267738138075047
time,star,0.03,1000,6,13,0.35590238674943003
time,star,0.03,1000,7,14,0.35590238674943003
time,star,0.03,1000,8,15,0.33712713061116245
time,star,0.03,1000,9,16,0.35158052374101556
time,star,0.03,1000,10,17,0.3408256391900596
time,star,0.03,1000,11,18,0.3484486283227993
time,star,0.03,1000,12,19,0.34754873905576644
time,star,0.03,1000,13,20,0.3531553185704058
time,star,0.03,1000,14,21,0.34096105837352464
time,star,0.03,1000,15,22,0.3531553185704058
time,star,0.03,1000,16,23,0.3265924497120235
time,star,0.03,1000,17,24,0.34096105837352464
time,star,0.03,1000,18,25,0.35565930697418546
time,star,0.03,1000,19,26,0.34096105837352464
time,star,0.03,1000,20,27,0.3531553185704058
time,star,0.03,1000,21,28,0.35489767455967114
time,star,0.03,1000,22,29,0.34096105837352464
time,star,0.03,1000,23,30,0.33639645978010857
time,star,0.03,1000,24,31,0.34215150349142476
time,star,0.03,1000,25,32,0.32472957644512307
time,star,0.03,1000,26,33,0.34059000092903846
time,star,0.03,1000,27,34,0.3484486283227993
time,star,0.03,1000,28,35,0.3322332560604015
time,star,0.03,1000,29,36,0.3576868091530994
time,star,0.03,1000,30,37,0.3211848106756161
time,star,0.03,1000,31,38,0.33712713061116245
time,star,0.03,1000,32,39,0.35489767455967114
time,star,0.03,1000,33,40,0.33712713061116245
time,star,0.03,1000,34,41,0.33639645978010857
time,star,0.03,1000,35,42,0.3405739364492432
time,star,0.03,1000,36,43,0.34096105837352464
time,star,0.03,1000,37,44,0.3578514855941686
time,star,0.03,1000,38,45,0.3337097359698231
time,star,0.03,1000,39,46,0.33712713061116245
time,star,0.03,1000,40,47,0.3531553185704058
time,star,0.03,1000,41,48,0.3405739364492432
time,star,0.03,1000,42,49,0.34096105837352464
time,star,0.03,1000,43,50,0.3405739364492432
time,star,0.03,1000,44,51,0.33712713061116245
time,star,0.03,1000,45,52,0.34754873905576644
time,star,0.03,1000,46,53,0.3265924497120235
time,star,0.03,1000,47,54,0.35489767455967114
time,star,0.03,1000,48,55,0.33712713061116245
time,star,0.03,1000,49,56,0.33639645978010857
time,star,0.05,1000,0,7,0.38190036108952924
time,star,0.05,1000,1,8,0.3351964938008842
time,star,0.05,1000,2,9,0.3613473433108631
time,star,0.05,1000,3,10,0.38190036108952924
time,star,0.05,1000,4,11,0.3657760983525085
time,star,0.05,1000,5,12,0.3355346654608144
time,star,0.05,1000,6,13,0.37741178115535
time,star,0.05,1000,7,14,0.37741178115535
time,star,0.05,1000,8,15,0.3519956254609672
time,star,0.05,1000,9,16,0.3657525790290576
time,star,0.05,1000,10,17,0.3657760983525085
time,star,0.05,1000,11,18,0.3657760983525085
time,star,0.05,1000,12,19,0.35776128989330674
time,star,0.05,1000,13,20,0.366985466259672
time,star,0.05,1000,14,21,0.366985466259672
time,star,0.05,1000,15,22,0.366985466259672
time,star,0.05,1000,16,23,0.3508596083492952
time,star,0.05,1000,17,24,0.3657760983525085
time,star,0.05,1000,18,25,0.38211785475882337
time,star,0.05,1000,19,26,0.3613473433108631
time,star,0.05,1000,20,27,0.366985466259672
time,star,0.05,1000,21,28,0.38117259493760003
time,star,0.05,1000,22,29,0.3613473433108631
time,star,0.05,1000,23,30,0.35641694784060884
time,star,0.05,1000,24,31,0.3552467342975518
time,star,0.05,1000,25,32,0.33520891111847656
time,star,0.05,1000,26,33,0.3657467568346688
time,star,0.05,1000,27,34,0.3657760983525085
time,star,0.05,1000,28,35,0.3508596083492952
time,star,0.05,1000,29,36,0.38192650473840334
time,star,0.05,1000,30,37,0.3266626681472972
time,star,0.05,1000,31,38,0.3613473433108631
time,star,0.05,1000,32,39,0.3727017041045527
time,star,0.05,1000,33,40,0.3613473433108631
time,star,0.05,1000,34,41,0.34632296336110036
time,star,0.05,1000,35,42,0.3657760983525085
time,star,0.05,1000,36,43,0.3657760983525085
time,star,0.05,1000,37,44,0.38209523889292607
time,star,0.05,1000,38,45,0.35641694784060884
time,star,0.05,1000,39,46,0.3613473433108631
time,star,0.05,1000,40,47,0.366985466259672
time,star,0.05,1000,41,48,0.35641694784060884
time,star,0.05,1000,42,49,0.366985466259672
time,star,0.05,1000,43,50,0.3657760983525085
time,star,0.05,1000,44,51,0.3519956254609672
time,star,0.05,1000,45,52,0.35776128989330674
time,star,0.05,1000,46,53,0.3508596083492952
time,star,0.05,1000,47,54,0.38117259493760003
time,star,0.05,1000,48,55,0.3519956254609672
time,star,0.05,1000,49,56,0.34632296336110036
time,star,0.06999999999999999,1000,0,7,0.4021574919989889
time,star,0.06999999999999999,1000,1,8,0.34892165872918013
time,star,0.06999999999999999,1000,2,9,0.3817323726521549
time,star,0.06999999999999999,1000,3,10,0.4021574919989889
time,star,0.06999999999999999,1000,4,11,0.3817323726521549
time,star,0.06999999999999999,1000,5,12,0.3535807399235957
time,star,0.06999999999999999,1000,6,13,0.3986954490889258
time,star,0.06999999999999999,1000,7,14,0.3986954490889258
time,star,0.06999999999999999,1000,8,15,0.3700076273798747
time,star,0.06999999999999999,1000,9,16,0.3970833531638064
time,star,0.06999999999999999,1000,10,17,0.38208786092572244
time,star,0.06999999999999999,1000,11,18,0.38129320864172533
time,star,0.06999999999999999,1000,12,19,0.3700076273798747
time,star,0.06999999999999999,1000,13,20,0.3986954490889258
time,star,0.06999999999999999,1000,14,21,0.3861740704404359
time,star,0.06999999999999999,1000,15,22,0.3986954490889258
time,star,0.06999999999999999,1000,16,23,0.36521451126521265
time,star,0.06999999999999999,1000,17,24,0.3861740704404359
time,star,0.06999999999999999,1000,18,25,0.3985375303929883
time,star,0.06999999999999999,1000,19,26,0.3861740704404359
time,star,0.06999999999999999,1000,20,27,0.3986954490889258
time,star,0.06999999999999999,1000,21,28,0.3991188293240477
time,star,0.06999999999999999,1000,22,29,0.3817323726521549
time,star,0.06999999999999999,1000,23,30,0.3776802650266131
time,star,0.06999999999999999,1000,24,31,0.38162616786018716
time,star,0.06999999999999999,1000,25,32,0.36156619381763927
time,star,0.06999999999999999,1000,26,33,0.3824962625498434
time,star,0.06999999999999999,1000,27,34,0.39376922207840254
time,star,0.06999999999999999,1000,28,35,0.3776802650266131
time,star,0.06999999999999999,1000,29,36,0.4032351821281262
time,star,0.06999999999999999,1000,30,37,0.3487042072082855
time,star,0.06999999999999999,1000,31,38,0.3817323726521549
time,star,0.06999999999999999,1000,32,39,0.3991188293240477
time,star,0.06999999999999999,1000,33,40,0.3817323726521549
time,star,0.06999999999999999,1000,34,41,0.356112914699156
time,star,0.06999999999999999,1000,35,42,0.3817323726521549
time,star,0.06999999999999999,1000,36,43,0.3817323726521549
time,star,0.06999999999999999,1000,37,44,0.4034091340167269
time,star,0.06999999999999999,1000,38,45,0.3776802650266131
time,star,0.06999999999999999,1000,39,46,0.3817323726521549
time,star,0.06999999999999999,1000,40,47,0.3986954490889258
time,star,0.06999999999999999,1000,41,48,0.3817323726521549
time,star,0.06999999999999999,1000,42,49,0.3861740704404359
time,star,0.06999999999999999,1000,43,50,0.3817323726521549
time,star,0.06999999999999999,1000,44,51,0.3817323726521549
time,star,0.06999999999999999,1000,45,52,0.3817323726521549
time,star,0.06999999999999999,1000,46,53,0.3651395008699181
time,star,0.06999999999999999,1000,47,54,0.3991188293240477
time,star,0.06999999999999999,1000,48,55,0.3817323726521549
time,star,0.06999999999999999,1000,49,56,0.36156619381763927
time,star,0.09,1000,0,7,0.4243217031908092
time,star,0.09,1000,1,8,0.37129300700039714
time,star,0.09,1000,2,9,0.40216757573309675
time,star,0.09,1000,3,10,0.4243217031908092
time,star,0.09,1000,4,11,0.4035459356292912
time,star,0.09,1000,5,12,0.3752787375801857
time,star,0.09,1000,6,13,0.4243217031908092
time,star,0.09,1000,7,14,0.4243217031908092
time,star,0.09,1000,8,15,0.3917409665030334
time,star,0.09,1000,9,16,0.4192139113656979
time,star,0.09,1000,10,17,0.4035459356292912
time,star,0.09,1000,11,18,0.4035459356292912
time,star,0.09,1000,12,19,0.40216757573309675
time,star,0.09,1000,13,20,0.4207183999149546
time,star,0.09,1000,14,21,0.40802848838115024
time,star,0.09,1000,15,22,0.4207183999149546
time,star,0.09,1000,16,23,0.38692576387150573
time,star,0.09,1000,17,24,0.40802848838115024
time,star,0.09,1000,18,25,0.4307142707512168
time,star,0.09,1000,19,26,0.40802848838115024
time,star,0.09,1000,20,27,0.4207183999149546
time,star,0.09,1000,21,28,0.4221562980382125
time,star,0.09,1000,22,29,0.4023696068520365
time,star,0.09,1000,23,30,0.39961300287873924
time,star,0.09,1000,24,31,0.40222419026182327
time,star,0.09,1000,25,32,0.38302203851975186
time,star,0.09,1000,26,33,0.4172086151609059
time,star,0.09,1000,27,34,0.41584524233284165
time,star,0.09,1000,28,35,0.39961300287873924
time,star,0.09,1000,29,36,0.438019319271471
time,star,0.09,1000,30,37,0.3645771888207432
time,star,0.09,1000,31,38,0.4023696068520365
time,star,0.09,1000,32,39,0.4221562980382125
time,star,0.09,1000,33,40,0.4023696068520365
time,star,0.09,1000,34,41,0.37987735409391166
time,star,0.09,1000,35,42,0.4035459356292912
time,star,0.09,1000,36,43,0.40802848838115024
time,star,0.09,1000,37,44,0.4381970807335565
time,star,0.09,1000,38,45,0.39961300287873924
time,star,0.09,1000,39,46,0.4023696068520365
time,star,0.09,1000,40,47,0.4207183999149546
time,star,0.09,1000,41,48,0.4035459356292912
time,star,0.09,1000,42,49,0.40802848838115024
time,star,0.09,1000,43,50,0.4035459356292912
time,star,0.09,1000,44,51,0.40216757573309675
time,star,0.09,1000,45,52,0.40216757573309675
time,star,0.09,1000,46,53,0.38692576387150573
time,star,0.09,1000,47,54,0.4221562980382125
time,star,0.09,1000,48,55,0.40216757573309675
time,star,0.09,1000,49,56,0.38302203851975186
time,star,0.11,1000,0,7,0.4523069879910585
time,star,0.11,1000,1,8,0.39410143735488595
time,star,0.11,1000,2,9,0.4268962360667827
time,star,0.11,1000,3,10,0.4523069879910585
time,star,0.11,1000,4,11,0.4314193941246241
time,star,0.11,1000,5,12,0.3982039351274865
time,star,0.11,1000,6,13,0.4523069879910585
time,star,0.11,1000,7,14,0.4523069879910585
time,star,0.11,1000,8,15,0.4142159281849872
time,star,0.11,1000,9,16,0.4419312721407171
time,star,0.11,1000,10,17,0.4314193941246241
time,star,0.11,1000,11,18,0.4314193941246241
time,star,0.11,1000,12,19,0.4268962360667827
time,star,0.11,1000,13,20,0.4436378212756503
time,star,0.11,1000,14,21,0.4322108590233778
time,star,0.11,1000,15,22,0.4436378212756503
time,star,0.11,1000,16,23,0.4107935372469084
time,star,0.11,1000,17,24,0.4322108590233778
time,star,0.11,1000,18,25,0.45343556787429673
time,star,0.11,1000,19,26,0.4268962360667827
time,star,0.11,1000,20,27,0.4436378212756503
time,star,0.11,1000,21,28,0.45118417692710017
time,star,0.11,1000,22,29,0.4268962360667827
time,star,0.11,1000,23,30,0.42269471015767124
time,star,0.11,1000,24,31,0.4321503826804509
time,star,0.11,1000,25,32,0.40680821618699303
time,star,0.11,1000,26,33,0.43987448219660263
time,star,0.11,1000,27,34,0.43847599767013407
time,star,0.11,1000,28,35,0.42269471015767124
time,star,0.11,1000,29,36,0.4522320412849644
time,star,0.11,1000,30,37,0.39410143735488595
time,star,0.11,1000,31,38,0.4268962360667827
time,star,0.11,1000,32,39,0.45118417692710017
time,star,0.11,1000,33,40,0.4322108590233778
time,star,0.11,1000,34,41,0.39410143735488595
time,star,0.11,1000,35,42,0.4314193941246241
time,star,0.11,1000,36,43,0.4322108590233778
time,star,0.11,1000,37,44,0.45222021485591857
time,star,0.11,1000,38,45,0.42269471015767124
time,star,0.11,1000,39,46,0.4322108590233778
time,star,0.11,1000,40,47,0.4436378212756503
time,star,0.11,1000,41,48,0.42269471015767124
time,star,0.11,1000,42,49,0.4322108590233778
time,star,0.11,1000,43,50,0.4314193941246241
time,star,0.11,1000,44,51,0.4268962360667827
time,star,0.11,1000,45,52,0.4268962360667827
time,star,0.11,1000,46,53,0.4107935372469084
time,star,0.11,1000,47,54,0.45118417692710017
time,star,0.11,1000,48,55,0.4268962360667827
time,star,0.11,1000,49,56,0.3982039351274865
time,star,0.13,1000,0,7,0.4705933961250406
time,star,0.13,1000,1,8,0.41365502463802695
time,star,0.13,1000,2,9,0.44755667254917686
time,star,0.13,1000,3,10,0.4798515907352676
time,star,0.13,1000,4,11,0.45959328590125476
time,star,0.13,1000,5,12,0.42474589805818724
time,star,0.13,1000,6,13,0.47053861473497816
time,star,0.13,1000,7,14,0.47053861473497816
time,star,0.13,1000,8,15,0.44755667254917686
time,star,0.13,1000,9,16,0.47250778151932654
time,star,0.13,1000,10,17,0.45959328590125476
time,star,0.13,1000,11,18,0.45959328590125476
time,star,0.13,1000,12,19,0.44755667254917686
time,star,0.13,1000,13,20,0.47053861473497816
time,star,0.13,1000,14,21,0.45059845827049266
time,star,0.13,1000,15,22,0.4633570421849048
time,star,0.13,1000,16,23,0.443387059914929
time,star,0.13,1000,17,24,0.45059845827049266
time,star,0.13,1000,18,25,0.47383469768942704
time,star,0.13,1000,19,26,0.45059845827049266
time,star,0.13,1000,20,27,0.47053861473497816
time,star,0.13,1000,21,28,0.4749597045686985
time,star,0.13,1000,22,29,0.45059845827049266
time,star,0.13,1000,23,30,0.443387059914929
time,star,0.13,1000,24,31,0.45764636470073294
time,star,0.13,1000,25,32,0.43060409464749155
time,star,0.13,1000,26,33,0.4610145771903517
time,star,0.13,1000,27,34,0.472294044897357
time,star,0.13,1000,28,35,0.44788640105867994
time,star,0.13,1000,29,36,0.4809958879334961
time,star,0.13,1000,30,37,0.440034349795759
time,star,0.13,1000,31,38,0.45059845827049266
time,star,0.13,1000,32,39,0.472294044897357
time,star,0.13,1000,33,40,0.45059845827049266
time,star,0.13,1000,34,41,0.4240688873803309
time,star,0.13,1000,35,42,0.45959328590125476
time,star,0.13,1000,36,43,0.45959328590125476
time,star,0.13,1000,37,44,0.48118058931395674
time,star,0.13,1000,38,45,0.44788640105867994
time,star,0.13,1000,39,46,0.45059845827049266
time,star,0.13,1000,40,47,0.47053861473497816
time,star,0.13,1000,41,48,0.44788640105867994
time,star,0.13,1000,42,49,0.45059845827049266
time,star,0.13,1000,43,50,0.45959328590125476
time,star,0.13,1000,44,51,0.44755667254917686
time,star,0.13,1000,45,52,0.44755667254917686
time,star,0.13,1000,46,53,0.443387059914929
time,star,0.13,1000,47,54,0.4749597045686985
time,star,0.13,1000,48,55,0.45059845827049266
time,star,0.13,1000,49,56,0.4240688873803309
time,star,0.15000000000000002,1000,0,7,0.5020739058452285
time,star,0.15000000000000002,1000,1,8,0.43448934093438824
time,star,0.15000000000000002,1000,2,9,0.47418824010523875
time,star,0.15000000000000002,1000,3,10,0.5020739058452285
time,star,0.15000000000000002,1000,4,11,0.4810991850498497
time,star,0.15000000000000002,1000,5,12,0.4470869547051274
time,star,0.15000000000000002,1000,6,13,0.49865209476241795
time,star,0.15000000000000002,1000,7,14,0.5020739058452285
time,star,0.15000000000000002,1000,8,15,0.4700485639849419
time,star,0.15000000000000002,1000,9,16,0.5030723224527778
time,star,0.15000000000000002,1000,10,17,0.4810991850498497
time,star,0.15000000000000002,1000,11,18,0.4810991850498497
time,star,0.15000000000000002,1000,12,19,0.47418824010523875
time,star,0.15000000000000002,1000,13,20,0.49865209476241795
time,star,0.15000000000000002,1000,14,21,0.47418824010523875
time,star,0.15000000000000002,1000,15,22,0.49865209476241795
time,star,0.15000000000000002,1000,16,23,0.4640645721206682
time,star,0.15000000000000002,1000,17,24,0.4810991850498497
time,star,0.15000000000000002,1000,18,25,0.5078982404051665
time,star,0.15000000000000002,1000,19,26,0.47674965633438937
time,star,0.15000000000000002,1000,20,27,0.49865209476241795
time,star,0.15000000000000002,1000,21,28,0.503333561771965
time,star,0.15000000000000002,1000,22,29,0.47674965633438937
time,star,0.15000000000000002,1000,23,30,0.4640645721206682
time,star,0.15000000000000002,1000,24,31,0.48016118751832276
time,star,0.15000000000000002,1000,25,32,0.4513904720900819
time,star,0.15000000000000002,1000,26,33,0.49538963373493844
time,star,0.15000000000000002,1000,27,34,0.49391859661567616
time,star,0.15000000000000002,1000,28,35,0.47674965633438937
time,star,0.15000000000000002,1000,29,36,0.5033487461297891
time,star,0.15000000000000002,1000,30,37,0.5293980486013197
time,star,0.15000000000000002,1000,31,38,0.47418824010523875
time,star,0.15000000000000002,1000,32,39,0.503333561771965
time,star,0.15000000000000002,1000,33,40,0.4745922275885671
time,star,0.15000000000000002,1000,34,41,0.4472715252235977
time,star,0.15000000000000002,1000,35,42,0.49391859661567616
time,star,0.15000000000000002,1000,36,43,0.48579616808244397
time,star,0.15000000000000002,1000,37,44,0.5023783789417496
time,star,0.15000000000000002,1000,38,45,0.47674965633438937
time,star,0.15000000000000002,1000,39,46,0.4745922275885671
time,star,0.15000000000000002,1000,40,47,0.49865209476241795
time,star,0.15000000000000002,1000,41,48,0.47674965633438937
time,star,0.15000000000000002,1000,42,49,0.47418824010523875
time,star,0.15000000000000002,1000,43,50,0.4810991850498497
time,star,0.15000000000000002,1000,44,51,0.47418824010523875
time,star,0.15000000000000002,1000,45,52,0.4700485639849419
time,star,0.15000000000000002,1000,46,53,0.4640645721206682
time,star,0.15000000000000002,1000,47,54,0.503333561771965
time,star,0.15000000000000002,1000,48,55,0.4772414243966454
time,star,0.15000000000000002,1000,49,56,0.4472715252235977
time,star,0.17,1000,0,7,0.5219708913553215
time,star,0.17,1000,1,8,0.45983527003280633
time,star,0.17,1000,2,9,0.49362876821644763
time,star,0.17,1000,3,10,0.5347694215015457
time,star,0.17,1000,4,11,0.49930651662063974
time,star,0.17,1000,5,12,0.4760032055989961
time,star,0.17,1000,6,13,0.5219708913553215
time,star,0.17,1000,7,14,0.5219708913553215
time,star,0.17,1000,8,15,0.49362876821644763
time,star,0.17,1000,9,16,0.5206144766341764
time,star,0.17,1000,10,17,0.5120903455426782
time,star,0.17,1000,11,18,0.49930651662063974
time,star,0.17,1000,12,19,0.5064885050369269
time,star,0.17,1000,13,20,0.5219708913553215
time,star,0.17,1000,14,21,0.5064885050369269
time,star,0.17,1000,15,22,0.5193491981044954
time,star,0.17,1000,16,23,0.4903729719412506
time,star,0.17,1000,17,24,0.5064885050369269
time,star,0.17,1000,18,25,0.5289660350229543
time,star,0.17,1000,19,26,0.5064885050369269
time,star,0.17,1000,20,27,0.5219708913553215
time,star,0.17,1000,21,28,0.5295078086754664
time,star,0.17,1000,22,29,0.5064885050369269
time,star,0.17,1000,23,30,0.4903729719412506
time,star,0.17,1000,24,31,0.5138887454674884
time,star,0.17,1000,25,32,0.516825384130191
time,star,0.17,1000,26,33,0.5206537002141649
time,star,0.17,1000,27,34,0.5206858062728165
time,star,0.17,1000,28,35,0.49930651662063974
time,star,0.17,1000,29,36,0.5359728212757665
time,star,0.17,1000,30,37,0.6749212039623775
time,star,0.17,1000,31,38,0.5064885050369269
time,star,0.17,1000,32,39,0.5206858062728165
time,star,0.17,1000,33,40,0.5064885050369269
time,star,0.17,1000,34,41,0.45983527003280633
time,star,0.17,1000,35,42,0.5206858062728165
time,star,0.17,1000,36,43,0.5064885050369269
time,star,0.17,1000,37,44,0.5361670565827479
time,star,0.17,1000,38,45,0.49930651662063974
time,star,0.17,1000,39,46,0.5064885050369269
time,star,0.17,1000,40,47,0.5219708913553215
time,star,0.17,1000,41,48,0.49930651662063974
time,star,0.17,1000,42,49,0.5064885050369269
time,star,0.17,1000,43,50,0.5120903455426782
time,star,0.17,1000,44,51,0.49362876821644763
time,star,0.17,1000,45,52,0.49362876821644763
time,star,0.17,1000,46,53,0.4903729719412506
time,star,0.17,1000,47,54,0.5295078086754664
time,star,0.17,1000,48,55,0.5064885050369269
time,star,0.17,1000,49,56,0.4707037568337578
time,star,0.19,1000,0,7,0.5598033275111834
time,star,0.19,1000,1,8,0.48760108227118937
time,star,0.19,1000,2,9,0.5221635957738759
time,star,0.19,1000,3,10,0.5598033275111834
time,star,0.19,1000,4,11,0.5232793680552107
time,star,0.19,1000,5,12,0.6068236206611345
time,star,0.19,1000,6,13,0.5519716314283206
time,star,0.19,1000,7,14,0.5519716314283206
time,star,0.19,1000,8,15,0.5221635957738759
time,star,0.19,1000,9,16,0.5599123328158364
time,star,0.19,1000,10,17,0.5344209336933086
time,star,0.19,1000,11,18,0.5240990708584411
time,star,0.19,1000,12,19,0.5264007254662789
time,star,0.19,1000,13,20,0.5519716314283206
time,star,0.19,1000,14,21,0.5264007254662789
time,star,0.19,1000,15,22,0.5391839513373331
time,star,0.19,1000,16,23,0.5191304653469628
time,star,0.19,1000,17,24,0.5264007254662789
time,star,0.19,1000,18,25,0.5646364080009466
time,star,0.19,1000,19,26,0.5264007254662789
time,star,0.19,1000,20,27,0.5519716314283206
time,star,0.19,1000,21,28,0.5600339027600234
time,star,0.19,1000,22,29,0.5264007254662789
time,star,0.19,1000,23,30,0.5191304653469628
time,star,0.19,1000,24,31,0.546717885832464
time,star,0.19,1000,25,32,0.6810745588558997
time,star,0.19,1000,26,33,0.5487962137259338
time,star,0.19,1000,27,34,0.5472629380918662
time,star,0.19,1000,28,35,0.5697754856883308
time,star,0.19,1000,29,36,0.5599516560508087
time,star,0.19,1000,30,37,0.8667025193084025
time,star,0.19,1000,31,38,0.5264007254662789
time,star,0.19,1000,32,39,0.5472629380918662
time,star,0.19,1000,33,40,0.5391839513373331
time,star,0.19,1000,34,41,0.48760108227118937
time,star,0.19,1000,35,42,0.5472629380918662
time,star,0.19,1000,36,43,0.5391839513373331
time,star,0.19,1000,37,44,0.5597657999824684
time,star,0.19,1000,38,45,0.5232793680552107
time,star,0.19,1000,39,46,0.5391839513373331
time,star,0.19,1000,40,47,0.5519716314283206
time,star,0.19,1000,41,48,0.5232793680552107
time,star,0.19,1000,42,49,0.5264007254662789
time,star,0.19,1000,43,50,0.5344209336933086
time,star,0.19,1000,44,51,0.5221635957738759
time,star,0.19,1000,45,52,0.5221635957738759
time,star,0.19,1000,46,53,0.5191304653469628
time,star,0.19,1000,47,54,0.5600339027600234
time,star,0.19,1000,48,55,0.5344209336933086
time,star,0.19,1000,49,56,0.4934853866399966
time,star,0.21000000000000002,1000,0,7,0.5843282903639319
time,star,0.21000000000000002,1000,1,8,0.5063486121006181
time,star,0.21000000000000002,1000,2,9,0.5437765179099083
time,star,0.21000000000000002,1000,3,10,0.5843282903639319
time,star,0.21000000000000002,1000,4,11,0.5561304893327749
time,star,0.21000000000000002,1000,5,12,0.8162108678364774
time,star,0.21000000000000002,1000,6,13,0.5714860867513866
time,star,0.21000000000000002,1000,7,14,0.5843282903639319
time,star,0.21000000000000002,1000,8,15,0.5437765179099083
time,star,0.21000000000000002,1000,9,16,0.5857493554011007
time,star,0.21000000000000002,1000,10,17,0.5689975860130863
time,star,0.21000000000000002,1000,11,18,0.5561304893327749
time,star,0.21000000000000002,1000,12,19,0.6383118150426402
time,star,0.21000000000000002,1000,13,20,0.5714860867513866
time,star,0.21000000000000002,1000,14,21,0.5499546230244439
time,star,0.21000000000000002,1000,15,22,0.5714860867513866
time,star,0.21000000000000002,1000,16,23,0.5431029537356621
time,star,0.21000000000000002,1000,17,24,0.5586455787838823
time,star,0.21000000000000002,1000,18,25,0.5916818603460042
time,star,0.21000000000000002,1000,19,26,0.5499546230244439
time,star,0.21000000000000002,1000,20,27,0.5714860867513866
time,star,0.21000000000000002,1000,21,28,0.58186521078813
time,star,0.21000000000000002,1000,22,29,0.5586455787838823
time,star,0.21000000000000002,1000,23,30,0.5431029537356621
time,star,0.21000000000000002,1000,24,31,0.5937695269603507
time,star,0.21000000000000002,1000,25,32,0.9051951033265576
time,star,0.21000000000000002,1000,26,33,0.5834373720762667
time,star,0.21000000000000002,1000,27,34,0.58186521078813
time,star,0.21000000000000002,1000,28,35,0.7280920778059391
time,star,0.21000000000000002,1000,29,36,0.5947422891140025
time,star,0.21000000000000002,1000,30,37,1.1276951028766693
time,star,0.21000000000000002,1000,31,38,0.5586455787838823
time,star,0.21000000000000002,1000,32,39,0.58186521078813
time,star,0.21000000000000002,1000,33,40,0.5586455787838823
time,star,0.21000000000000002,1000,34,41,0.5493393588279756
time,star,0.21000000000000002,1000,35,42,0.58186521078813
time,star,0.21000000000000002,1000,36,43,0.5586455787838823
time,star,0.21000000000000002,1000,37,44,0.5899577718593002
time,star,0.21000000000000002,1000,38,45,0.5502051791469308
time,star,0.21000000000000002,1000,39,46,0.5586455787838823
time,star,0.21000000000000002,1000,40,47,0.5714860867513866
time,star,0.21000000000000002,1000,41,48,0.5502051791469308
time,star,0.21000000000000002,1000,42,49,0.5499546230244439
time,star,0.21000000000000002,1000,43,50,0.5689975860130863
time,star,0.21000000000000002,1000,44,51,0.5499546230244439
time,star,0.21000000000000002,1000,45,52,0.5499546230244439
time,star,0.21000000000000002,1000,46,53,0.5937510002971402
time,star,0.21000000000000002,1000,47,54,0.58186521078813
time,star,0.21000000000000002,1000,48,55,0.5561304893327749
time,star,0.21000000000000002,1000,49,56,0.6382428569101845
time,star,0.23,1000,0,7,0.6061509673923994
time,star,0.23,1000,1,8,0.6765444343338268
time,star,0.23,1000,2,9,0.5675371078667598
time,star,0.23,1000,3,10,0.6061509673923994
time,star,0.23,1000,4,11,0.5791352346000399
time,star,0.23,1000,5,12,1.1149684365528767
time,star,0.23,1000,6,13,0.6061509673923994
time,star,0.23,1000,7,14,0.6061509673923994
time,star,0.23,1000,8,15,0.5669390751444202
time,star,0.23,1000,9,16,0.6213784953896244
time,star,0.23,1000,10,17,0.5918968111912585
time,star,0.23,1000,11,18,0.5791352346000399
time,star,0.23,1000,12,19,0.8958052459550199
time,star,0.23,1000,13,20,0.6061509673923994
time,star,0.23,1000,14,21,0.5745649270286711
time,star,0.23,1000,15,22,0.5932793447178393
time,star,0.23,1000,16,23,0.6217416972312166
time,star,0.23,1000,17,24,0.5804080507543841
time,star,0.23,1000,18,25,0.6136321745766123
time,star,0.23,1000,19,26,0.5745649270286711
time,star,0.23,1000,20,27,0.6061509673923994
time,star,0.23,1000,21,28,0.6072473107424766
time,star,0.23,1000,22,29,0.5804080507543841
time,star,0.23,1000,23,30,0.5742421160102571
time,star,0.23,1000,24,31,0.8409661916438712
time,star,0.23,1000,25,32,1.2245747340392268
time,star,0.23,1000,26,33,0.7313441928724955
time,star,0.23,1000,27,34,0.6217416972312166
time,star,0.23,1000,28,35,1.0602068319761733
time,star,0.23,1000,29,36,0.6203090368695391
time,star,0.23,1000,30,37,1.5534222709650976
time,star,0.23,1000,31,38,0.6765444343338268
time,star,0.23,1000,32,39,0.6046633684581073
time,star,0.23,1000,33,40,0.6765444343338268
time,star,0.23,1000,34,41,0.7862061426647736
time,star,0.23,1000,35,42,0.7315138588361907
time,star,0.23,1000,36,43,0.5932793447178393
time,star,0.23,1000,37,44,0.6205166236205434
time,star,0.23,1000,38,45,0.5791352346000399
time,star,0.23,1000,39,46,0.7861501573730472
time,star,0.23,1000,40,47,0.6061509673923994
time,star,0.23,1000,41,48,0.5742421160102571
time,star,0.23,1000,42,49,0.5745649270286711
time,star,0.23,1000,43,50,0.5918968111912585
time,star,0.23,1000,44,51,0.5745649270286711
time,star,0.23,1000,45,52,0.5745649270286711
time,star,0.23,1000,46,53,0.7862061426647736
time,star,0.23,1000,47,54,0.6046633684581073
time,star,0.23,1000,48,55,0.7861501573730472
time,star,0.23,1000,49,56,0.8957561106988766
time,star,0.25,1000,0,7,0.6314269017270211
time,star,0.25,1000,1,8,1.0067065023437936
time,star,0.25,1000,2,9,0.5876600042694229
time,star,0.25,1000,3,10,0.6314269017270211
time,star,0.25,1000,4,11,0.6043806416773913
time,star,0.25,1000,5,12,1.6383403048861866
time,star,0.25,1000,6,13,0.6262563752742663
time,star,0.25,1000,7,14,0.6262563752742663
time,star,0.25,1000,8,15,0.8663497514714084
time,star,0.25,1000,9,16,0.7961662251295765
time,star,0.25,1000,10,17,0.6141681928816879
time,star,0.25,1000,11,18,0.6043806416773913
time,star,0.25,1000,12,19,1.357631464677327
time,star,0.25,1000,13,20,0.6262563752742663
time,star,0.25,1000,14,21,0.5995226756529781
time,star,0.25,1000,15,22,0.6157120563329709
time,star,0.25,1000,16,23,0.9365280993747915
time,star,0.25,1000,17,24,0.6558152149309807
time,star,0.25,1000,18,25,0.639012041627174
time,star,0.25,1000,19,26,0.5995226756529781
time,star,0.25,1000,20,27,0.6262563752742663
time,star,0.25,1000,21,28,0.6288728862349678
time,star,0.25,1000,22,29,0.7259932847366958
time,star,0.25,1000,23,30,0.5915129891839572
time,star,0.25,1000,24,31,1.2172509835176324
time,star,0.25,1000,25,32,1.8488493506163572
time,star,0.25,1000,26,33,1.1470614771271956
time,star,0.25,1000,27,34,0.9365280993747915
time,star,0.25,1000,28,35,1.5682967239406744
time,star,0.25,1000,29,36,0.6404077171443934
time,star,0.25,1000,30,37,2.269940739829687
time,star,0.25,1000,31,38,1.0067065023437936
time,star,0.25,1000,32,39,0.6240577710693037
time,star,0.25,1000,33,40,1.0067065023437936
time,star,0.25,1000,34,41,1.1471018037946936
time,star,0.25,1000,35,42,1.0769980987866916
time,star,0.25,1000,36,43,0.7260539086796053
time,star,0.25,1000,37,44,0.640617986682658
time,star,0.25,1000,38,45,0.8663497514714084
time,star,0.25,1000,39,46,1.1470634330510603
time,star,0.25,1000,40,47,0.6262563752742663
time,star,0.25,1000,41,48,0.5915129891839572
time,star,0.25,1000,42,49,0.5995226756529781
time,star,0.25,1000,43,50,0.7261611113039649
time,star,0.25,1000,44,51,0.8663497514714084
time,star,0.25,1000,45,52,0.7962267538556261
time,star,0.25,1000,46,53,1.2172419464025133
time,star,0.25,1000,47,54,0.6288728862349678
time,star,0.25,1000,48,55,1.1471696603076271
time,star,0.25,1000,49,56,1.2875151318360623
time,star,0.27,1000,0,7,0.6643359718572913
time,star,0.27,1000,1,8,1.6546421483404845
time,star,0.27,1000,2,9,0.8914708762776408
time,star,0.27,1000,3,10,0.6643359718572913
time,star,0.27,1000,4,11,0.623212077919644
time,star,0.27,1000,5,12,2.704021102332799
time,star,0.27,1000,6,13,0.6516389638815756
time,star,0.27,1000,7,14,0.6643359718572913
time,star,0.27,1000,8,15,1.4638490993859494
time,star,0.27,1000,9,16,1.2730528761005844
time,star,0.27,1000,10,17,0.9868670854597796
time,star,0.27,1000,11,18,0.7006788623863981
time,star,0.27,1000,12,19,2.227041428694059
time,star,0.27,1000,13,20,0.9868670854597796
time,star,0.27,1000,14,21,0.6166687211374979
time,star,0.27,1000,15,22,0.6389492420429986
time,star,0.27,1000,16,23,1.4638490993859494
time,star,0.27,1000,17,24,1.0822633819298622
time,star,0.27,1000,18,25,0.6719935466611017
time,star,0.27,1000,19,26,0.6166687211374979
time,star,0.27,1000,20,27,0.700741676383853
time,star,0.27,1000,21,28,0.6562593519767187
time,star,0.27,1000,22,29,1.1776971183562126
time,star,0.27,1000,23,30,0.6123679963022807
time,star,0.27,1000,24,31,2.036233850793644
time,star,0.27,1000,25,32,2.9901947762238676
time,star,0.27,1000,26,33,1.845434055928798
time,star,0.27,1000,27,34,1.5592456128602932
time,star,0.27,1000,28,35,2.513462068619382
time,star,0.27,1000,29,36,0.6656425069542133
time,star,0.27,1000,30,37,3.753379826901102
time,star,0.27,1000,31,38,1.6546421483404845
time,star,0.27,1000,32,39,0.7960747857634333
time,star,0.27,1000,33,40,1.6546421483404845
time,star,0.27,1000,34,41,1.940854532352065
time,star,0.27,1000,35,42,1.7501083307563305
time,star,0.27,1000,36,43,1.1776971183562126
time,star,0.27,1000,37,44,0.6658533922785104
time,star,0.27,1000,38,45,1.3684526125196173
time,star,0.27,1000,39,46,1.9408318543669356
time,star,0.27,1000,40,47,0.8915202477102695
time,star,0.27,1000,41,48,0.9869116845949467
time,star,0.27,1000,42,49,0.6262672492471396
time,star,0.27,1000,43,50,1.1777632121295876
time,star,0.27,1000,44,51,1.4638490993859494
time,star,0.27,1000,45,52,1.2730907315923552
time,star,0.27,1000,46,53,2.036228448461775
time,star,0.27,1000,47,54,0.6562593519767187
time,star,0.27,1000,48,55,1.9408946383080226
time,star,0.27,1000,49,56,2.2270216649807253
time,star,0.29000000000000004,1000,0,7,0.7694105631497132
time,star,0.29000000000000004,1000,1,8,3.3605622197382146
time,star,0.29000000000000004,1000,2,9,1.7770790661517342
time,star,0.29000000000000004,1000,3,10,0.6791283308647955
time,star,0.29000000000000004,1000,4,11,0.9133627518226005
time,star,0.29000000000000004,1000,5,12,5.375905446776238
time,star,0.29000000000000004,1000,6,13,1.057315195191797
time,star,0.29000000000000004,1000,7,14,1.057315195191797
time,star,0.29000000000000004,1000,8,15,2.7847500045754225
time,star,0.29000000000000004,1000,9,16,2.640795387699153
time,star,0.29000000000000004,1000,10,17,1.9210954286615063
time,star,0.29000000000000004,1000,11,18,1.345220518957476
time,star,0.29000000000000004,1000,12,19,4.368243850513773
time,star,0.29000000000000004,1000,13,20,2.0649849559632636
time,star,0.29000000000000004,1000,14,21,0.7694105631497132
time,star,0.29000000000000004,1000,15,22,0.9134109399624623
time,star,0.29000000000000004,1000,16,23,3.0726560989940768
time,star,0.29000000000000004,1000,17,24,2.2089379358887444
time,star,0.29000000000000004,1000,18,25,1.2012781289574619
time,star,0.29000000000000004,1000,19,26,1.057315195191797
time,star,0.29000000000000004,1000,20,27,1.489202870842194
time,star,0.29000000000000004,1000,21,28,0.7694105631497132
time,star,0.29000000000000004,1000,22,29,2.352909639897866
time,star,0.29000000000000004,1000,23,30,1.2012678016936473
time,star,0.29000000000000004,1000,24,31,4.080330296160962
time,star,0.29000000000000004,1000,25,32,5.951717860719976
time,star,0.29000000000000004,1000,26,33,3.7924208455071304
time,star,0.29000000000000004,1000,27,34,3.2166091565172628
time,star,0.29000000000000004,1000,28,35,5.088049147934051
time,star,0.29000000000000004,1000,29,36,0.68233750957988
time,star,0.29000000000000004,1000,30,37,7.1033489248686585
time,star,0.29000000000000004,1000,31,38,3.3605622197382146
time,star,0.29000000000000004,1000,32,39,1.633126168613018
time,star,0.29000000000000004,1000,33,40,3.2166091565172628
time,star,0.29000000000000004,1000,34,41,3.7924330429681725
time,star,0.29000000000000004,1000,35,42,3.5045500586517937
time,star,0.29000000000000004,1000,36,43,2.352909639897866
time,star,0.29000000000000004,1000,37,44,0.6825543811149777
time,star,0.29000000000000004,1000,38,45,2.7847500045754225
time,star,0.29000000000000004,1000,39,46,3.792421437099347
time,star,0.29000000000000004,1000,40,47,1.7771038338208816
time,star,0.29000000000000004,1000,41,48,2.0649849559632636
time,star,0.29000000000000004,1000,42,49,0.7694105631497132
time,star,0.29000000000000004,1000,43,50,2.3529427223767225
time,star,0.29000000000000004,1000,44,51,2.92870304800883
time,star,0.29000000000000004,1000,45,52,2.6408136369709068
time,star,0.29000000000000004,1000,46,53,3.936385698541442
time,star,0.29000000000000004,1000,47,54,1.057315195191797
time,star,0.29000000000000004,1000,48,55,3.792453568161133
time,star,0.29000000000000004,1000,49,56,4.3682337745048905
time,star,0.31,1000,0,7,2.5659797100999397
time,star,0.31,1000,1,8,9.97985558237627
time,star,0.31,1000,2,9,5.311859232521489
time,star,0.31,1000,3,10,0.7001561108869039
time,star,0.31,1000,4,11,2.5659797100999397
time,star,0.31,1000,5,12,14.922457241518059
time,star,0.31,1000,6,13,3.389743410341569
time,star,0.31,1000,7,14,3.389743410341569
time,star,0.31,1000,8,15,8.606915434203435
time,star,0.31,1000,9,16,8.057738863347677
time,star,0.31,1000,10,17,6.135623249803651
time,star,0.31,1000,11,18,4.213507279677223
time,star,0.31,1000,12,19,12.725739384659445
time,star,0.31,1000,13,20,6.135623249803651
time,star,0.31,1000,14,21,2.5659797100999397
time,star,0.31,1000,15,22,2.8405830772050935
time,star,0.31,1000,16,23,9.156091490846
time,star,0.31,1000,17,24,6.684799277127599
time,star,0.31,1000,18,25,3.6643347392020225
time,star,0.31,1000,19,26,3.389743410341569
time,star,0.31,1000,20,27,4.762692484687068
time,star,0.31,1000,21,28,2.29139187911654
time,star,0.31,1000,22,29,7.233981398133817
time,star,0.31,1000,23,30,3.938919310992558
time,star,0.31,1000,24,31,11.901972742356502
time,star,0.31,1000,25,32,16.2953804223764
time,star,0.31,1000,26,33,11.07820751141889
time,star,0.31,1000,27,34,9.43067952055704
time,star,0.31,1000,28,35,14.373281814839107
time,star,0.31,1000,29,36,1.7422177679664737
time,star,0.31,1000,30,37,19.041263135812105
time,star,0.31,1000,31,38,9.97985558237627
time,star,0.31,1000,32,39,4.762692484687068
time,star,0.31,1000,33,40,9.705267551089737
time,star,0.31,1000,34,41,11.07821168700155
time,star,0.31,1000,35,42,10.529043220211738
time,star,0.31,1000,36,43,7.233981398133817
time,star,0.31,1000,37,44,1.4676307560779438
time,star,0.31,1000,38,45,8.606915434203435
time,star,0.31,1000,39,46,11.078207713939632
time,star,0.31,1000,40,47,5.586455113279121
time,star,0.31,1000,41,48,6.410211262156145
time,star,0.31,1000,42,49,2.5659797100999397
time,star,0.31,1000,43,50,7.5085795636744335
time,star,0.31,1000,44,51,8.881503462032814
time,star,0.31,1000,45,52,8.057744844273856
time,star,0.31,1000,46,53,11.627383782935155
time,star,0.31,1000,47,54,3.1151554848483896
time,star,0.31,1000,48,55,11.352806481680199
time,star,0.31,1000,49,56,12.451180784527393
time,star,0.33,1000,0,7,72.80524656328411
time,star,0.33,1000,1,8,169.6562625144717
time,star,0.33,1000,2,9,120.35029075030268
time,star,0.33,1000,3,10,21.738359051762508
time,star,0.33,1000,4,11,71.04431900143884
time,star,0.33,1000,5,12,199.5920323603185
time,star,0.33,1000,6,13,88.65359462267074
time,star,0.33,1000,7,14,83.3708119357349
time,star,0.33,1000,8,15,157.3297695727815
time,star,0.33,1000,9,16,152.04698685610975
time,star,0.33,1000,10,17,129.1549285647154
time,star,0.33,1000,11,18,99.21916044119304
time,star,0.33,1000,12,19,189.0264657091119
time,star,0.33,1000,13,20,132.6767836905766
time,star,0.33,1000,14,21,69.28339143967254
time,star,0.33,1000,15,22,78.08802981289188
time,star,0.33,1000,16,23,160.85162469894573
time,star,0.33,1000,17,24,137.95956637945827
time,star,0.33,1000,18,25,97.4582325623109
time,star,0.33,1000,19,26,88.65359462267074
time,star,0.33,1000,20,27,111.54565293629825
time,star,0.33,1000,21,28,62.239681193531865
time,star,0.33,1000,22,29,145.00327663144984
time,star,0.33,1000,23,30,97.45823243501675
time,star,0.33,1000,24,31,181.98275551689503
time,star,0.33,1000,25,32,206.63574134105176
time,star,0.33,1000,26,33,176.69997275430114
time,star,0.33,1000,27,34,166.13440738824258
time,star,0.33,1000,28,35,196.0701791732019
time,star,0.33,1000,29,36,48.15226075661124
time,star,0.33,1000,30,37,217.20130672037587
time,star,0.33,1000,31,38,169.6562625144717
time,star,0.33,1000,32,39,113.3065804990619
time,star,0.33,1000,33,40,167.89533495135413
time,star,0.33,1000,34,41,178.4609005767764
time,star,0.33,1000,35,42,174.93904520385848
time,star,0.33,1000,36,43,145.00327693499065
time,star,0.33,1000,37,44,48.152260765436594
time,star,0.33,1000,38,45,159.0906971358601
time,star,0.33,1000,39,46,178.46090033014303
time,star,0.33,1000,40,47,125.6330734389068
time,star,0.33,1000,41,48,134.43771125352563
time,star,0.33,1000,42,49,72.80524656328411
time,star,0.33,1000,43,50,146.76420502474954
time,star,0.33,1000,44,51,160.85162545650752
time,star,0.33,1000,45,52,152.04698717306937
time,star,0.33,1000,46,53,181.98275545644756
time,star,0.33,1000,47,54,81.60988437351686
time,star,0.33,1000,48,55,180.2218278932929
time,star,0.33,1000,49,56,187.2655387966465
sample,star,0.22,10,0,7,2.5748928904628414
sample,star,0.22,10,1,8,4.148269170664198
sample,star,0.22,10,2,9,2.723167009192086
sample,star,0.22,10,3,10,4.443362574324855
sample,star,0.22,10,4,11,2.3303884063554987
sample,star,0.22,10,5,12,1.443247696759009
sample,star,0.22,10,6,13,2.377727640951889
sample,star,0.22,10,7,14,3.9523548196138436
sample,star,0.22,10,8,15,4.469902517791277
sample,star,0.22,10,9,16,3.1646630953955692
sample,star,0.22,10,10,17,3.8535605420888173
sample,star,0.22,10,11,18,3.855890303019742
sample,star,0.22,10,12,19,2.7225292449402665
sample,star,0.22,10,13,20,3.5103238218587833
sample,star,0.22,10,14,21,3.019419676320344
sample,star,0.22,10,15,22,1.0462335346006923
sample,star,0.22,10,16,23,3.067496371870744
sample,star,0.22,10,17,24,3.2148083277081643
sample,star,0.22,10,18,25,3.6573271614107172
sample,star,0.22,10,19,26,2.3795321375257457
sample,star,0.22,10,20,27,2.6250648696596794
sample,star,0.22,10,21,28,3.608822033465715
sample,star,0.22,10,22,29,4.201451947887881
sample,star,0.22,10,23,30,4.217930714460306
sample,star,0.22,10,24,31,1.4435314590574868
sample,star,0.22,10,25,32,2.182241830371673
sample,star,0.22,10,26,33,2.8696739922821153
sample,star,0.22,10,27,34,2.525842811159562
sample,star,0.22,10,28,35,2.1815172927000397
sample,star,0.22,10,29,36,3.6072984086481035
sample,star,0.22,10,30,37,4.000722472877948
sample,star,0.22,10,31,38,2.181000499401437
sample,star,0.22,10,32,39,2.8203490434993332
sample,star,0.22,10,33,40,4.099086937744061
sample,star,0.22,10,34,41,3.8554285014377285
sample,star,0.22,10,35,42,2.7734636176514207
sample,star,0.22,10,36,43,2.132493493782745
sample,star,0.22,10,37,44,2.8216930106118974
sample,star,0.22,10,38,45,3.263026383410219
sample,star,0.22,10,39,46,1.6399763017379068
sample,star,0.22,10,40,47,2.5562985697697282
sample,star,0.22,10,41,48,3.902839423642358
sample,star,0.22,10,42,49,2.8698320525589964
sample,star,0.22,10,43,50,2.8205722877435413
sample,star,0.22,10,44,51,2.525273185554652
sample,star,0.22,10,45,52,1.4440590233734671
sample,star,0.22,10,46,53,4.148367904534443
sample,star,0.22,10,47,54,4.789644424664252
sample,star,0.22,10,48,55,4.296698350892017
sample,star,0.22,10,49,56,3.710159984799767
sample,star,0.22,30,0,7,1.6894009248951178
sample,star,0.22,30,1,8,2.1815172927000397
sample,star,0.22,30,2,9,2.7228176867533382
sample,star,0.22,30,3,10,2.62418523065431
sample,star,0.22,30,4,11,2.3303884063554987
sample,star,0.22,30,5,12,1.443247696759009
sample,star,0.22,30,6,13,2.377709129755042
sample,star,0.22,30,7,14,3.166399716957912
sample,star,0.22,30,8,15,1.8367049880195354
sample,star,0.22,30,9,16,2.5748928904628414
sample,star,0.22,30,10,17,2.7224148773671346
sample,star,0.22,30,11,18,2.5252557559295226
sample,star,0.22,30,12,19,1.246616963994157
sample,star,0.22,30,13,20,2.4764221269427695
sample,star,0.22,30,14,21,1.1978628771182676
sample,star,0.22,30,15,22,0.9516936941000746
sample,star,0.22,30,16,23,0.7058770967820481
sample,star,0.22,30,17,24,3.214512432585445
sample,star,0.22,30,18,25,1.2957013186574244
sample,star,0.22,30,19,26,2.083178254562054
sample,star,0.22,30,20,27,1.0006088812090386
sample,star,0.22,30,21,28,3.4603734178959527
sample,star,0.22,30,22,29,3.0676739983689787
sample,star,0.22,30,23,30,4.000722472877948
sample,star,0.22,30,24,31,1.4435314590574868
sample,star,0.22,30,25,32,2.182241830371673
sample,star,0.22,30,26,33,0.9514731313337773
sample,star,0.22,30,27,34,2.0827378346925847
sample,star,0.22,30,28,35,2.1815172927000397
sample,star,0.22,30,29,36,2.279364030410995
sample,star,0.22,30,30,37,4.000722472877948
sample,star,0.22,30,31,38,1.7877519280966891
sample,star,0.22,30,32,39,2.8203490434993332
sample,star,0.22,30,33,40,1.2961871818490638
sample,star,0.22,30,34,41,1.8371748855291106
sample,star,0.22,30,35,42,2.7734636176514207
sample,star,0.22,30,36,43,0.8039357640186735
sample,star,0.22,30,37,44,2.821015111699024
sample,star,0.22,30,38,45,2.4760735457188443
sample,star,0.22,30,39,46,1.6399763017379068
sample,star,0.22,30,40,47,0.9057920206409417
sample,star,0.22,30,41,48,0.9520884381417396
sample,star,0.22,30,42,49,2.8696739922821153
sample,star,0.22,30,43,50,2.0335585900159834
sample,star,0.22,30,44,51,1.689669397530501
sample,star,0.22,30,45,52,1.4440590233734671
sample,star,0.22,30,46,53,4.050975266346432
sample,star,0.22,30,47,54,4.417214575745403
sample,star,0.22,30,48,55,3.0663429470686494
sample,star,0.22,30,49,56,1.2968450875111657
sample,star,0.22,100,0,7,1.5907941416927927
sample,star,0.22,100,1,8,0.7055173131791695
sample,star,0.22,100,2,9,1.8367289516534542
sample,star,0.22,100,3,10,1.2957013186574244
sample,star,0.22,100,4,11,2.3303884063554987
sample,star,0.22,100,5,12,1.0010181278292896
sample,star,0.22,100,6,13,1.9358353954387775
sample,star,0.22,100,7,14,2.8203490434993332
sample,star,0.22,100,8,15,0.9518572634131652
sample,star,0.22,100,9,16,1.4433321254263056
sample,star,0.22,100,10,17,1.050180994515503
sample,star,0.22,100,11,18,1.8367049880195354
sample,star,0.22,100,12,19,1.246616963994157
sample,star,0.22,100,13,20,1.443247696759009
sample,star,0.22,100,14,21,0.5322303937899384
sample,star,0.22,100,15,22,0.9514731313337773
sample,star,0.22,100,16,23,0.7058770967820481
sample,star,0.22,100,17,24,2.526345362280449
sample,star,0.22,100,18,25,1.2957013186574244
sample,star,0.22,100,19,26,0.60587959365574
sample,star,0.22,100,20,27,1.0006088812090386
sample,star,0.22,100,21,28,0.49761058032946404
sample,star,0.22,100,22,29,1.689669397530501
sample,star,0.22,100,23,30,2.230182254307091
sample,star,0.22,100,24,31,1.443247696759009
sample,star,0.22,100,25,32,2.182241830371673
sample,star,0.22,100,26,33,0.9514731313337773
sample,star,0.22,100,27,34,1.6900359758831411
sample,star,0.22,100,28,35,1.3451879479341582
sample,star,0.22,100,29,36,1.5907941416927927
sample,star,0.22,100,30,37,1.6895311862073623
sample,star,0.22,100,31,38,1.738576235714392
sample,star,0.22,100,32,39,2.0826744348508934
sample,star,0.22,100,33,40,1.0500327417366648
sample,star,0.22,100,34,41,1.2960173865573874
sample,star,0.22,100,35,42,1.0989729650087365
sample,star,0.22,100,36,43,0.8039357640186735
sample,star,0.22,100,37,44,1.050180994515503
sample,star,0.22,100,38,45,1.6400031399628772
sample,star,0.22,100,39,46,1.6399763017379068
sample,star,0.22,100,40,47,0.8041967920901149
sample,star,0.22,100,41,48,0.9520884381417396
sample,star,0.22,100,42,49,2.8696739922821153
sample,star,0.22,100,43,50,1.0993455948465638
sample,star,0.22,100,44,51,1.6891584667958266
sample,star,0.22,100,45,52,1.4440590233734671
sample,star,0.22,100,46,53,1.93520055833194
sample,star,0.22,100,47,54,2.0334337320065035
sample,star,0.22,100,48,55,1.5416119871402603
sample,star,0.22,100,49,56,0.8530629321262357
sample,star,0.22,300,0,7,0.6072263581632195
sample,star,0.22,300,1,8,0.7055173131791695
sample,star,0.22,300,2,9,0.8531145263057981
sample,star,0.22,300,3,10,0.5803869060484923
sample,star,0.22,300,4,11,1.4440590233734671
sample,star,0.22,300,5,12,1.0006088812090386
sample,star,0.22,300,6,13,0.9023799339796865
sample,star,0.22,300,7,14,0.9514268709806066
sample,star,0.22,300,8,15,0.9515549384619787
sample,star,0.22,300,9,16,1.4433321254263056
sample,star,0.22,300,10,17,1.050180994515503
sample,star,0.22,300,11,18,0.9022448864702705
sample,star,0.22,300,12,19,1.0010181278292896
sample,star,0.22,300,13,20,0.9515549384619787
sample,star,0.22,300,14,21,0.5679846402062212
sample,star,0.22,300,15,22,0.6075719033891459
sample,star,0.22,300,16,23,0.7058770967820481
sample,star,0.22,300,17,24,1.7877519280966891
sample,star,0.22,300,18,25,1.2957013186574244
sample,star,0.22,300,19,26,0.5542235886791738
sample,star,0.22,300,20,27,0.9514268709806066
sample,star,0.22,300,21,28,0.5551244489743183
sample,star,0.22,300,22,29,0.9515549384619787
sample,star,0.22,300,23,30,0.9514731313337773
sample,star,0.22,300,24,31,1.4432553187128911
sample,star,0.22,300,25,32,1.5416119871402603
sample,star,0.22,300,26,33,0.9514731313337773
sample,star,0.22,300,27,34,1.344916162816484
sample,star,0.22,300,28,35,1.2963673299546112
sample,star,0.22,300,29,36,0.7055173131791695
sample,star,0.22,300,30,37,1.6893087706259995
sample,star,0.22,300,31,38,1.5907941416927927
sample,star,0.22,300,32,39,1.049790913540939
sample,star,0.22,300,33,40,1.0006088812090386
sample,star,0.22,300,34,41,1.0006088812090386
sample,star,0.22,300,35,42,1.0006088812090386
sample,star,0.22,300,36,43,0.6563355520422874
sample,star,0.22,300,37,44,0.5803869060484923
sample,star,0.22,300,38,45,1.0989729650087365
sample,star,0.22,300,39,46,0.6563355520422874
sample,star,0.22,300,40,47,0.8041967920901149
sample,star,0.22,300,41,48,0.5542235886791738
sample,star,0.22,300,42,49,1.394097134593408
sample,star,0.22,300,43,50,0.6563355520422874
sample,star,0.22,300,44,51,0.523312136198499
sample,star,0.22,300,45,52,0.5322303937899384
sample,star,0.22,300,46,53,1.9350920994176244
sample,star,0.22,300,47,54,0.5322303937899384
sample,star,0.22,300,48,55,0.7055173131791695
sample,star,0.22,300,49,56,0.8530629321262357
sample,star,0.22,1000,0,7,0.5959990235174418
sample,star,0.22,1000,1,8,0.5579722862630629
sample,star,0.22,1000,2,9,0.5551244489743183
sample,star,0.22,1000,3,10,0.5959990235174418
sample,star,0.22,1000,4,11,0.566960777800708
sample,star,0.22,1000,5,12,0.9514268709806066
sample,star,0.22,1000,6,13,0.5831293969188438
sample,star,0.22,1000,7,14,0.5959990235174418
sample,star,0.22,1000,8,15,0.5551244489743183
sample,star,0.22,1000,9,16,0.5981581240129814
sample,star,0.22,1000,10,17,0.5797042347559084
sample,star,0.22,1000,11,18,0.5684830129099167
sample,star,0.22,1000,12,19,0.7547574557504347
sample,star,0.22,1000,13,20,0.5831293969188438
sample,star,0.22,1000,14,21,0.5679846402062212
sample,star,0.22,1000,15,22,0.5803869060484923
sample,star,0.22,1000,16,23,0.5542235886791738
sample,star,0.22,1000,17,24,0.5803869060484923
sample,star,0.22,1000,18,25,0.6034234333357001
sample,star,0.22,1000,19,26,0.5679846402062212
sample,star,0.22,1000,20,27,0.5831293969188438
sample,star,0.22,1000,21,28,0.5942410421321597
sample,star,0.22,1000,22,29,0.5702601949827046
sample,star,0.22,1000,23,30,0.5542235886791738
sample,star,0.22,1000,24,31,0.7055329049650473
sample,star,0.22,1000,25,32,1.049790913540939
sample,star,0.22,1000,26,33,0.6563321337105125
sample,star,0.22,1000,27,34,0.5942410421321597
sample,star,0.22,1000,28,35,0.9022936683740537
sample,star,0.22,1000,29,36,0.6011332890109281
sample,star,0.22,1000,30,37,1.3448834359076849
sample,star,0.22,1000,31,38,0.5803869060484923
sample,star,0.22,1000,32,39,0.5835184282484984
sample,star,0.22,1000,33,40,0.5803869060484923
sample,star,0.22,1000,34,41,0.6564026094561246
sample,star,0.22,1000,35,42,0.6073545351023923
sample,star,0.22,1000,36,43,0.5803869060484923
sample,star,0.22,1000,37,44,0.5974704195540926
sample,star,0.22,1000,38,45,0.566960777800708
sample,star,0.22,1000,39,46,0.6563355520422874
sample,star,0.22,1000,40,47,0.5831293969188438
sample,star,0.22,1000,41,48,0.566960777800708
sample,star,0.22,1000,42,49,0.5679846402062212
sample,star,0.22,1000,43,50,0.5813620271430978
sample,star,0.22,1000,44,51,0.5679846402062212
sample,star,0.22,1000,45,52,0.5679846402062212
sample,star,0.22,1000,46,53,0.6564026094561246
sample,star,0.22,1000,47,54,0.5942410421321597
sample,star,0.22,1000,48,55,0.6565211854632615
sample,star,0.22,1000,49,56,0.7546991375274745
sample,star,0.22,3000,0,7,0.6034412814985042
sample,star,0.22,3000,1,8,0.608674388229191
sample,star,0.22,3000,2,9,0.6048761460096564
sample,star,0.22,3000,3,10,0.6216664239890609
sample,star,0.22,3000,4,11,0.607694788011118
sample,star,0.22,3000,5,12,0.6064015468121519
sample,star,0.22,3000,6,13,0.5831293969188438
sample,star,0.22,3000,7,14,0.6071200578289979
sample,star,0.22,3000,8,15,0.5968534017862306
sample,star,0.22,3000,9,16,0.6110667374621308
sample,star,0.22,3000,10,17,0.6067748174016272
sample,star,0.22,3000,11,18,0.5988840457989105
sample,star,0.22,3000,12,19,0.6071200578289979
sample,star,0.22,3000,13,20,0.5831293969188438
sample,star,0.22,3000,14,21,0.5813620271430978
sample,star,0.22,3000,15,22,0.5803869060484923
sample,star,0.22,3000,16,23,0.5957469824192845
sample,star,0.22,3000,17,24,0.5803869060484923
sample,star,0.22,3000,18,25,0.6093228022890801
sample,star,0.22,3000,19,26,0.5942410421321597
sample,star,0.22,3000,20,27,0.5831293969188438
sample,star,0.22,3000,21,28,0.5959990235174418
sample,star,0.22,3000,22,29,0.5942410421321597
sample,star,0.22,3000,23,30,0.5831293969188438
sample,star,0.22,3000,24,31,0.6063901814040362
sample,star,0.22,3000,25,32,0.5831293969188438
sample,star,0.22,3000,26,33,0.5979307786296185
sample,star,0.22,3000,27,34,0.5942410421321597
sample,star,0.22,3000,28,35,0.5942410421321597
sample,star,0.22,3000,29,36,0.6011332890109281
sample,star,0.22,3000,30,37,0.6044130835797248
sample,star,0.22,3000,31,38,0.6070769424039482
sample,star,0.22,3000,32,39,0.5942410421321597
sample,star,0.22,3000,33,40,0.596324154540046
sample,star,0.22,3000,34,41,0.5831293969188438
sample,star,0.22,3000,35,42,0.6071200578289979
sample,star,0.22,3000,36,43,0.5803869060484923
sample,star,0.22,3000,37,44,0.6013364575957304
sample,star,0.22,3000,38,45,0.5797042347559084
sample,star,0.22,3000,39,46,0.6563355520422874
sample,star,0.22,3000,40,47,0.5831293969188438
sample,star,0.22,3000,41,48,0.5942410421321597
sample,star,0.22,3000,42,49,0.6066774228497332
sample,star,0.22,3000,43,50,0.5942410421321597
sample,star,0.22,3000,44,51,0.5679846402062212
sample,star,0.22,3000,45,52,0.5679846402062212
sample,star,0.22,3000,46,53,0.5959990235174418
sample,star,0.22,3000,47,54,0.6071200578289979
sample,star,0.22,3000,48,55,0.5942410421321597
sample,star,0.22,3000,49,56,0.5813620271430978
sample,star,0.22,10000,0,7,0.6064305810798827
sample,star,0.22,10000,1,8,0.608674388229191
sample,star,0.22,10000,2,9,0.6062976516029595
sample,star,0.22,10000,3,10,0.6216243118294036
sample,star,0.22,10000,4,11,0.607532021334705
sample,star,0.22,10000,5,12,0.6064015468121519
sample,star,0.22,10000,6,13,0.6042359105155294
sample,star,0.22,10000,7,14,0.6132697526759487
sample,star,0.22,10000,8,15,0.6061281597421947
sample,star,0.22,10000,9,16,0.6107824617439394
sample,star,0.22,10000,10,17,0.619725970461024
sample,star,0.22,10000,11,18,0.6081763698346685
sample,star,0.22,10000,12,19,0.6072235855434989
sample,star,0.22,10000,13,20,0.597682368886247
sample,star,0.22,10000,14,21,0.6014539541380439
sample,star,0.22,10000,15,22,0.6086809037852601
sample,star,0.22,10000,16,23,0.6085679891246503
sample,star,0.22,10000,17,24,0.5982833529934295
sample,star,0.22,10000,18,25,0.6093228022890801
sample,star,0.22,10000,19,26,0.6089478092185139
sample,star,0.22,10000,20,27,0.5942410421321597
sample,star,0.22,10000,21,28,0.6062584186233877
sample,star,0.22,10000,22,29,0.5985796905178316
sample,star,0.22,10000,23,30,0.5959990235174418
sample,star,0.22,10000,24,31,0.6077026425021811
sample,star,0.22,10000,25,32,0.6074170879246111
sample,star,0.22,10000,26,33,0.6078067028884874
sample,star,0.22,10000,27,34,0.6096997620686129
sample,star,0.22,10000,28,35,0.6083301042068721
sample,star,0.22,10000,29,36,0.6011332890109281
sample,star,0.22,10000,30,37,0.6146734451260589
sample,star,0.22,10000,31,38,0.6070769424039482
sample,star,0.22,10000,32,39,0.5963508746165977
sample,star,0.22,10000,33,40,0.596324154540046
sample,star,0.22,10000,34,41,0.6126684804807194
sample,star,0.22,10000,35,42,0.6071200578289979
sample,star,0.22,10000,36,43,0.6005397390969022
sample,star,0.22,10000,37,44,0.6069837416032321
sample,star,0.22,10000,38,45,0.6012672745064639
sample,star,0.22,10000,39,46,0.5959990235174418
sample,star,0.22,10000,40,47,0.6119737011306957
sample,star,0.22,10000,41,48,0.6071200578289979
sample,star,0.22,10000,42,49,0.6104851582038929
sample,star,0.22,10000,43,50,0.5942410421321597
sample,star,0.22,10000,44,51,0.6091713207286222
sample,star,0.22,10000,45,52,0.5939615612723088
sample,star,0.22,10000,46,53,0.6090686506264867
sample,star,0.22,10000,47,54,0.6071200578289979
sample,star,0.22,10000,48,55,0.6071200578289979
sample,star,0.22,10000,49,56,0.6071197683299119
