sweep,system,T,N,trial,seed,error
sample,expanding,1.0,30000,0,45467,0.040859153366418884
sample,expanding,1.0,30000,1,45468,0.03714141867017981
sample,expanding,1.0,30000,2,45469,0.042563601107704484
sample,expanding,1.0,30000,3,45470,0.03709695533112067
sample,expanding,1.0,30000,4,45471,0.0402756220069324
sample,expanding,1.0,30000,5,45472,0.04411561341346535
sample,expanding,1.0,30000,6,45473,0.035134006125010955
sample,expanding,1.0,30000,7,45474,0.041741021721193074
sample,expanding,1.0,30000,8,45475,0.034624755457319384
sample,expanding,1.0,30000,9,45476,0.03863488536558289
sample,expanding,1.0,30000,10,45477,0.037409113789624214
sample,expanding,1.0,30000,11,45478,0.036900088900088855
sample,expanding,1.0,30000,12,45479,0.03716895845042475
sample,expanding,1.0,30000,13,45480,0.03798351017603165
sample,expanding,1.0,30000,14,45481,0.03763693836162999
sample,expanding,1.0,30000,15,45482,0.04672114908192471
sample,expanding,1.0,30000,16,45483,0.0364566829539085
sample,expanding,1.0,30000,17,45484,0.03522019022768073
sample,expanding,1.0,30000,18,45485,0.0410997488535861
sample,expanding,1.0,30000,19,45486,0.037499108711649375
sample,expanding,1.0,30000,20,45487,0.035248143808270155
sample,expanding,1.0,30000,21,45488,0.038435933882756415
sample,expanding,1.0,30000,22,45489,0.03209166579628858
sample,expanding,1.0,30000,23,45490,0.040186305840931816
sample,expanding,1.0,30000,24,45491,0.039629547610627695
sample,expanding,1.0,30000,25,45492,0.03945815535937323
sample,expanding,1.0,30000,26,45493,0.04224721226006925
sample,expanding,1.0,30000,27,45494,0.03662099608842856
sample,expanding,1.0,30000,28,45495,0.03732102170772997
sample,expanding,1.0,30000,29,45496,0.036600926824745056
sample,expanding,1.0,30000,30,45497,0.04075453571048157
sample,expanding,1.0,30000,31,45498,0.037982541693781145
sample,expanding,1.0,30000,32,45499,0.04033618943035493
sample,expanding,1.0,30000,33,45500,0.03529511983617323
sample,expanding,1.0,30000,34,45501,0.04057616697024425
sample,expanding,1.0,30000,35,45502,0.039716994306198496
sample,expanding,1.0,30000,36,45503,0.04033560035282878
sample,expanding,1.0,30000,37,45504,0.04045619312496196
sample,expanding,1.0,30000,38,45505,0.03517937707459448
sample,expanding,1.0,30000,39,45506,0.03454263679888944
sample,expanding,1.0,30000,40,45507,0.05567179942426582
sample,expanding,1.0,30000,41,45508,0.038402317916700984
sample,expanding,1.0,30000,42,45509,0.03937582729758572
sample,expanding,1.0,30000,43,45510,0.03651572471550906
sample,expanding,1.0,30000,44,45511,0.03356812051233282
sample,expanding,1.0,30000,45,45512,0.03661041934470484
sample,expanding,1.0,30000,46,45513,0.04151243729356103
sample,expanding,1.0,30000,47,45514,0.03886686191182799
sample,expanding,1.0,30000,48,45515,0.03460877734077597
sample,expanding,1.0,30000,49,45516,0.05490441372011221
sample,expanding,1.0,30000,50,45517,0.03437743573130786
sample,expanding,1.0,30000,51,45518,0.03852442973563433
sample,expanding,1.0,30000,52,45519,0.038437574039726294
sample,expanding,1.0,30000,53,45520,0.04624432925815591
sample,expanding,1.0,30000,54,45521,0.03792398376486135
sample,expanding,1.0,30000,55,45522,0.0416470689991602
sample,expanding,1.0,30000,56,45523,0.037945684322543485
sample,expanding,1.0,30000,57,45524,0.03357856053376129
sample,expanding,1.0,30000,58,45525,0.03408138797226777
sample,expanding,1.0,30000,59,45526,0.037021552130749154
sample,expanding,1.0,30000,60,45527,0.0385403049915199
sample,expanding,1.0,30000,61,45528,0.03977901999640951
sample,expanding,1.0,30000,62,45529,0.041488894024653694
sample,expanding,1.0,30000,63,45530,0.03472096278428514
sample,expanding,1.0,30000,64,45531,0.037375692888830706
sample,expanding,1.0,30000,65,45532,0.048270921000670874
sample,expanding,1.0,30000,66,45533,0.03918222868656357
sample,expanding,1.0,30000,67,45534,0.03466108210503758
sample,expanding,1.0,30000,68,45535,0.036957367056906464
sample,expanding,1.0,30000,69,45536,0.03709694445093431
sample,expanding,1.0,30000,70,45537,0.04348782370100577
sample,expanding,1.0,30000,71,45538,0.03549675809753491
sample,expanding,1.0,30000,72,45539,0.04229634942475176
sample,expanding,1.0,30000,73,45540,0.03506369148043581
sample,expanding,1.0,30000,74,45541,0.03748347021948933
sample,expanding,1.0,30000,75,45542,0.044009526586165776
sample,expanding,1.0,30000,76,45543,0.037118947248166535
sample,expanding,1.0,30000,77,45544,0.03718461416128879
sample,expanding,1.0,30000,78,45545,0.03775711982675201
sample,expanding,1.0,30000,79,45546,0.03423540775800111
sample,expanding,1.0,30000,80,45547,0.03852556611549844
sample,expanding,1.0,30000,81,45548,0.03900478907262799
sample,expanding,1.0,30000,82,45549,0.036063635776854855
sample,expanding,1.0,30000,83,45550,0.04226331438542465
sample,expanding,1.0,30000,84,45551,0.03857177063542381
sample,expanding,1.0,30000,85,45552,0.036043632860380974
sample,expanding,1.0,30000,86,45553,0.03816067555060897
sample,expanding,1.0,30000,87,45554,0.04313341716491765
sample,expanding,1.0,30000,88,45555,0.04464800857555664
sample,expanding,1.0,30000,89,45556,0.04199664501400366
sample,expanding,1.0,30000,90,45557,0.040877702691625856
sample,expanding,1.0,30000,91,45558,0.036142502153020145
sample,expanding,1.0,30000,92,45559,0.0382330212633421
sample,expanding,1.0,30000,93,45560,0.03944636079476639
sample,expanding,1.0,30000,94,45561,0.0391056309848771
sample,expanding,1.0,30000,95,45562,0.04470685472320698
sample,expanding,1.0,30000,96,45563,0.045793372775216085
sample,expanding,1.0,30000,97,45564,0.04155388123981331
sample,expanding,1.0,30000,98,45565,0.037849210452985775
sample,expanding,1.0,30000,99,45566,0.040139992068420706
sample,expanding,1.0,30000,100,45567,0.03747263848690973
sample,expanding,1.0,30000,101,45568,0.04256905534027837
sample,expanding,1.0,30000,102,45569,0.03763335146311609
sample,expanding,1.0,30000,103,45570,0.0371307439053479
sample,expanding,1.0,30000,104,45571,0.045654663854675336
sample,expanding,1.0,30000,105,45572,0.03647575684492977
sample,expanding,1.0,30000,106,45573,0.040004274050244204
sample,expanding,1.0,30000,107,45574,0.038252015926093653
sample,expanding,1.0,30000,108,45575,0.04309072330440721
sample,expanding,1.0,30000,109,45576,0.036444362218730035
sample,expanding,1.0,30000,110,45577,0.037024754341208985
sample,expanding,1.0,30000,111,45578,0.037365021690032404
sample,expanding,1.0,30000,112,45579,0.03395457888814988
sample,expanding,1.0,30000,113,45580,0.03379084793669246
sample,expanding,1.0,30000,114,45581,0.04245698964804027
sample,expanding,1.0,30000,115,45582,0.04552500975543578
sample,expanding,1.0,30000,116,45583,0.03879397893197295
sample,expanding,1.0,30000,117,45584,0.03798935955081605
sample,expanding,1.0,30000,118,45585,0.03853821177950598
sample,expanding,1.0,30000,119,45586,0.04180477916660674
sample,expanding,1.0,30000,120,45587,0.04947042539689832
sample,expanding,1.0,30000,121,45588,0.038910964845954195
sample,expanding,1.0,30000,122,45589,0.03649256440489624
sample,expanding,1.0,30000,123,45590,0.05093001398316643
sample,expanding,1.0,30000,124,45591,0.03725277356921518
sample,expanding,1.0,30000,125,45592,0.03634573934733518
sample,expanding,1.0,30000,126,45593,0.03557266512407308
sample,expanding,1.0,30000,127,45594,0.036220305911595044
sample,expanding,1.0,30000,128,45595,0.03459141761428556
sample,expanding,1.0,30000,129,45596,0.036160940951455105
sample,expanding,1.0,30000,130,45597,0.038729422376132465
sample,expanding,1.0,30000,131,45598,0.03652579566111843
sample,expanding,1.0,30000,132,45599,0.03812541542701606
sample,expanding,1.0,30000,133,45600,0.03691759982123757
sample,expanding,1.0,30000,134,45601,0.05083069025853941
sample,expanding,1.0,30000,135,45602,0.037585683526151215
sample,expanding,1.0,30000,136,45603,0.03806244210385347
sample,expanding,1.0,30000,137,45604,0.035479835969973145
sample,expanding,1.0,30000,138,45605,0.04138059618332352
sample,expanding,1.0,30000,139,45606,0.05592414446252246
sample,expanding,1.0,30000,140,45607,0.03737842754610314
sample,expanding,1.0,30000,141,45608,0.0476677675553322
sample,expanding,1.0,30000,142,45609,0.03597674871394904
sample,expanding,1.0,30000,143,45610,0.038644702565425716
sample,expanding,1.0,30000,144,45611,0.04088910358658751
sample,expanding,1.0,30000,145,45612,0.036612412703766015
sample,expanding,1.0,30000,146,45613,0.04740161481191722
sample,expanding,1.0,30000,147,45614,0.03821061798956817
sample,expanding,1.0,30000,148,45615,0.03862922011074305
sample,expanding,1.0,30000,149,45616,0.041233896987008224
sample,expanding,1.0,30000,150,45617,0.04112427448224048
sample,expanding,1.0,30000,151,45618,0.0406687202563749
sample,expanding,1.0,30000,152,45619,0.04334392967152214
sample,expanding,1.0,30000,153,45620,0.04014787840807022
sample,expanding,1.0,30000,154,45621,0.03591310720978609
sample,expanding,1.0,30000,155,45622,0.047829072579756465
sample,expanding,1.0,30000,156,45623,0.03560767883624104
sample,expanding,1.0,30000,157,45624,0.036477777552126965
sample,expanding,1.0,30000,158,45625,0.035609365575968055
sample,expanding,1.0,30000,159,45626,0.03292089886735123
sample,expanding,1.0,30000,160,45627,0.03974968899514631
sample,expanding,1.0,30000,161,45628,0.04416947405364008
sample,expanding,1.0,30000,162,45629,0.0403831680614985
sample,expanding,1.0,30000,163,45630,0.04386801705832817
sample,expanding,1.0,30000,164,45631,0.03746816606795957
sample,expanding,1.0,30000,165,45632,0.038991934313847475
sample,expanding,1.0,30000,166,45633,0.038741648615379085
sample,expanding,1.0,30000,167,45634,0.04273780774350862
sample,expanding,1.0,30000,168,45635,0.042884367697229975
sample,expanding,1.0,30000,169,45636,0.03873965016008797
sample,expanding,1.0,30000,170,45637,0.054560100728650925
sample,expanding,1.0,30000,171,45638,0.03528003550140305
sample,expanding,1.0,30000,172,45639,0.04389022179277158
sample,expanding,1.0,30000,173,45640,0.041111975156867875
sample,expanding,1.0,30000,174,45641,0.03799415947587273
sample,expanding,1.0,30000,175,45642,0.03983563045930112
sample,expanding,1.0,30000,176,45643,0.041661590631721444
sample,expanding,1.0,30000,177,45644,0.035140292891124345
sample,expanding,1.0,30000,178,45645,0.042312807446603776
sample,expanding,1.0,30000,179,45646,0.03719595961851935
sample,expanding,1.0,30000,180,45647,0.04391516863404509
sample,expanding,1.0,30000,181,45648,0.0412470240706311
sample,expanding,1.0,30000,182,45649,0.03938846670958327
sample,expanding,1.0,30000,183,45650,0.03470090371089639
sample,expanding,1.0,30000,184,45651,0.035604205738499234
sample,expanding,1.0,30000,185,45652,0.039243461997620056
sample,expanding,1.0,30000,186,45653,0.03932620425858049
sample,expanding,1.0,30000,187,45654,0.05929631113027831
sample,expanding,1.0,30000,188,45655,0.03518317395924507
sample,expanding,1.0,30000,189,45656,0.03765098525064087
sample,expanding,1.0,30000,190,45657,0.03596897697678857
sample,expanding,1.0,30000,191,45658,0.037446727616605495
sample,expanding,1.0,30000,192,45659,0.034828326023903886
sample,expanding,1.0,30000,193,45660,0.03579728472451403
sample,expanding,1.0,30000,194,45661,0.0356608535849727
sample,expanding,1.0,30000,195,45662,0.04104879146468955
sample,expanding,1.0,30000,196,45663,0.0374995460905468
sample,expanding,1.0,30000,197,45664,0.035027123954046044
sample,expanding,1.0,30000,198,45665,0.03629459653010542
sample,expanding,1.0,30000,199,45666,0.03754740683833314
sample,rotation,1.0,30000,0,42733,0.024100278914560253
sample,rotation,1.0,30000,1,42734,0.02173193545839242
sample,rotation,1.0,30000,2,42735,0.02547145753353066
sample,rotation,1.0,30000,3,42736,0.024142011025068483
sample,rotation,1.0,30000,4,42737,0.022701275710285972
sample,rotation,1.0,30000,5,42738,0.022525678719568225
sample,rotation,1.0,30000,6,42739,0.02322285582919688
sample,rotation,1.0,30000,7,42740,0.024847973987147203
sample,rotation,1.0,30000,8,42741,0.021817629615012605
sample,rotation,1.0,30000,9,42742,0.026490992688037465
sample,rotation,1.0,30000,10,42743,0.024191056276035114
sample,rotation,1.0,30000,11,42744,0.020966304059790948
sample,rotation,1.0,30000,12,42745,0.021193560441263283
sample,rotation,1.0,30000,13,42746,0.022675637308149737
sample,rotation,1.0,30000,14,42747,0.021648571279338245
sample,rotation,1.0,30000,15,42748,0.02248727034559398
sample,rotation,1.0,30000,16,42749,0.02630902724160401
sample,rotation,1.0,30000,17,42750,0.022847031666733006
sample,rotation,1.0,30000,18,42751,0.02683768870224635
sample,rotation,1.0,30000,19,42752,0.02521294481366936
sample,rotation,1.0,30000,20,42753,0.024290790014615628
sample,rotation,1.0,30000,21,42754,0.02209139276685445
sample,rotation,1.0,30000,22,42755,0.022058913775325453
sample,rotation,1.0,30000,23,42756,0.024486753088028956
sample,rotation,1.0,30000,24,42757,0.03087786823523392
sample,rotation,1.0,30000,25,42758,0.02487948354623508
sample,rotation,1.0,30000,26,42759,0.021816107833254654
sample,rotation,1.0,30000,27,42760,0.02249158177407898
sample,rotation,1.0,30000,28,42761,0.025387905781091187
sample,rotation,1.0,30000,29,42762,0.022212989266950707
sample,rotation,1.0,30000,30,42763,0.0228737613093465
sample,rotation,1.0,30000,31,42764,0.026122130600923596
sample,rotation,1.0,30000,32,42765,0.022297369082762756
sample,rotation,1.0,30000,33,42766,0.0208179773770332
sample,rotation,1.0,30000,34,42767,0.021781705158296895
sample,rotation,1.0,30000,35,42768,0.023285609905817156
sample,rotation,1.0,30000,36,42769,0.025844639182531364
sample,rotation,1.0,30000,37,42770,0.025801935406440938
sample,rotation,1.0,30000,38,42771,0.023069672297623914
sample,rotation,1.0,30000,39,42772,0.02730383179908835
sample,rotation,1.0,30000,40,42773,0.023257785733221452
sample,rotation,1.0,30000,41,42774,0.022595817123176612
sample,rotation,1.0,30000,42,42775,0.024560313308074865
sample,rotation,1.0,30000,43,42776,0.021951755724665765
sample,rotation,1.0,30000,44,42777,0.025728433156112604
sample,rotation,1.0,30000,45,42778,0.022688358671528543
sample,rotation,1.0,30000,46,42779,0.029930852855936656
sample,rotation,1.0,30000,47,42780,0.029246582292345783
sample,rotation,1.0,30000,48,42781,0.022328463779099153
sample,rotation,1.0,30000,49,42782,0.02741017404212414
sample,rotation,1.0,30000,50,42783,0.02148848733384217
sample,rotation,1.0,30000,51,42784,0.02397723741232188
sample,rotation,1.0,30000,52,42785,0.01983300075504235
sample,rotation,1.0,30000,53,42786,0.020471112864615105
sample,rotation,1.0,30000,54,42787,0.021638586947393856
sample,rotation,1.0,30000,55,42788,0.02346173997793037
sample,rotation,1.0,30000,56,42789,0.026707245194472845
sample,rotation,1.0,30000,57,42790,0.022065197469969315
sample,rotation,1.0,30000,58,42791,0.02563681147266671
sample,rotation,1.0,30000,59,42792,0.02362609339158638
sample,rotation,1.0,30000,60,42793,0.022150009350797445
sample,rotation,1.0,30000,61,42794,0.02484246719641268
sample,rotation,1.0,30000,62,42795,0.023924345692719444
sample,rotation,1.0,30000,63,42796,0.02495656555398347
sample,rotation,1.0,30000,64,42797,0.02468552069943188
sample,rotation,1.0,30000,65,42798,0.02432530699219649
sample,rotation,1.0,30000,66,42799,0.025570825634100174
sample,rotation,1.0,30000,67,42800,0.022785318193511418
sample,rotation,1.0,30000,68,42801,0.027769649674818545
sample,rotation,1.0,30000,69,42802,0.021580479322114467
sample,rotation,1.0,30000,70,42803,0.02229344701744979
sample,rotation,1.0,30000,71,42804,0.02185683303353106
sample,rotation,1.0,30000,72,42805,0.023061899269966026
sample,rotation,1.0,30000,73,42806,0.023430587707004846
sample,rotation,1.0,30000,74,42807,0.022524437657085755
sample,rotation,1.0,30000,75,42808,0.02196961051746452
sample,rotation,1.0,30000,76,42809,0.02296335670040056
sample,rotation,1.0,30000,77,42810,0.020335644679182696
sample,rotation,1.0,30000,78,42811,0.024068764489311383
sample,rotation,1.0,30000,79,42812,0.02574289081789009
sample,rotation,1.0,30000,80,42813,0.027111916871246963
sample,rotation,1.0,30000,81,42814,0.02464065678627401
sample,rotation,1.0,30000,82,42815,0.026062982605952936
sample,rotation,1.0,30000,83,42816,0.021782377345748075
sample,rotation,1.0,30000,84,42817,0.02271790194758871
sample,rotation,1.0,30000,85,42818,0.023361534001432416
sample,rotation,1.0,30000,86,42819,0.02724141960012205
sample,rotation,1.0,30000,87,42820,0.026036956288729093
sample,rotation,1.0,30000,88,42821,0.0233228113580982
sample,rotation,1.0,30000,89,42822,0.02246347906960186
sample,rotation,1.0,30000,90,42823,0.022667119210798933
sample,rotation,1.0,30000,91,42824,0.023295062300511645
sample,rotation,1.0,30000,92,42825,0.02546280405002014
sample,rotation,1.0,30000,93,42826,0.02205169109040134
sample,rotation,1.0,30000,94,42827,0.023666729674997136
sample,rotation,1.0,30000,95,42828,0.02279446604284614
sample,rotation,1.0,30000,96,42829,0.024076252400531455
sample,rotation,1.0,30000,97,42830,0.022495193708185614
sample,rotation,1.0,30000,98,42831,0.02349547432487014
sample,rotation,1.0,30000,99,42832,0.02284159045294329
sample,rotation,1.0,30000,100,42833,0.022869541689874297
sample,rotation,1.0,30000,101,42834,0.025596754232116155
sample,rotation,1.0,30000,102,42835,0.02266035412864556
sample,rotation,1.0,30000,103,42836,0.026785280041998896
sample,rotation,1.0,30000,104,42837,0.025765963079136735
sample,rotation,1.0,30000,105,42838,0.02245352313802925
sample,rotation,1.0,30000,106,42839,0.022211935552466516
sample,rotation,1.0,30000,107,42840,0.02209159350024571
sample,rotation,1.0,30000,108,42841,0.02494628607159421
sample,rotation,1.0,30000,109,42842,0.02180912529997734
sample,rotation,1.0,30000,110,42843,0.027008268450081075
sample,rotation,1.0,30000,111,42844,0.02684169576110573
sample,rotation,1.0,30000,112,42845,0.022635322092075704
sample,rotation,1.0,30000,113,42846,0.023073856577761936
sample,rotation,1.0,30000,114,42847,0.026688980079533624
sample,rotation,1.0,30000,115,42848,0.025497156559459062
sample,rotation,1.0,30000,116,42849,0.023450495677486576
sample,rotation,1.0,30000,117,42850,0.02100508570110925
sample,rotation,1.0,30000,118,42851,0.0244933511349233
sample,rotation,1.0,30000,119,42852,0.02333660759332777
sample,rotation,1.0,30000,120,42853,0.022507765668072503
sample,rotation,1.0,30000,121,42854,0.022032524837991847
sample,rotation,1.0,30000,122,42855,0.021897596124857966
sample,rotation,1.0,30000,123,42856,0.024910236013493618
sample,rotation,1.0,30000,124,42857,0.022943152508128818
sample,rotation,1.0,30000,125,42858,0.023346685829438503
sample,rotation,1.0,30000,126,42859,0.025348537818630876
sample,rotation,1.0,30000,127,42860,0.023065367791033395
sample,rotation,1.0,30000,128,42861,0.028879992776336835
sample,rotation,1.0,30000,129,42862,0.04126233383266644
sample,rotation,1.0,30000,130,42863,0.022824593172029783
sample,rotation,1.0,30000,131,42864,0.02336704335119834
sample,rotation,1.0,30000,132,42865,0.02459650682394275
sample,rotation,1.0,30000,133,42866,0.02283276791937785
sample,rotation,1.0,30000,134,42867,0.025164454216055485
sample,rotation,1.0,30000,135,42868,0.020393090893645716
sample,rotation,1.0,30000,136,42869,0.02324733821563038
sample,rotation,1.0,30000,137,42870,0.02184299947965676
sample,rotation,1.0,30000,138,42871,0.02176837452111218
sample,rotation,1.0,30000,139,42872,0.02603492094927228
sample,rotation,1.0,30000,140,42873,0.02500285277228956
sample,rotation,1.0,30000,141,42874,0.024781864134148367
sample,rotation,1.0,30000,142,42875,0.024326666385034928
sample,rotation,1.0,30000,143,42876,0.022355314022512777
sample,rotation,1.0,30000,144,42877,0.025828162248063214
sample,rotation,1.0,30000,145,42878,0.02098633903299647
sample,rotation,1.0,30000,146,42879,0.02212392422829271
sample,rotation,1.0,30000,147,42880,0.021383088110095302
sample,rotation,1.0,30000,148,42881,0.023073177220013237
sample,rotation,1.0,30000,149,42882,0.028767092501234
sample,rotation,1.0,30000,150,42883,0.025627822596000216
sample,rotation,1.0,30000,151,42884,0.022006690435420456
sample,rotation,1.0,30000,152,42885,0.024870793167551877
sample,rotation,1.0,30000,153,42886,0.02502624650033032
sample,rotation,1.0,30000,154,42887,0.022606769849297575
sample,rotation,1.0,30000,155,42888,0.023753052270476513
sample,rotation,1.0,30000,156,42889,0.022865927461833635
sample,rotation,1.0,30000,157,42890,0.02134086171260257
sample,rotation,1.0,30000,158,42891,0.02225334765499931
sample,rotation,1.0,30000,159,42892,0.02540098337604373
sample,rotation,1.0,30000,160,42893,0.0206866794594303
sample,rotation,1.0,30000,161,42894,0.025866670614116627
sample,rotation,1.0,30000,162,42895,0.023136696688968783
sample,rotation,1.0,30000,163,42896,0.022480649314302433
sample,rotation,1.0,30000,164,42897,0.024486165587842907
sample,rotation,1.0,30000,165,42898,0.022538318534449417
sample,rotation,1.0,30000,166,42899,0.023130995816129336
sample,rotation,1.0,30000,167,42900,0.022634357079648677
sample,rotation,1.0,30000,168,42901,0.021553962138141564
sample,rotation,1.0,30000,169,42902,0.02646631377076764
sample,rotation,1.0,30000,170,42903,0.02541027015141778
sample,rotation,1.0,30000,171,42904,0.027538657303815026
sample,rotation,1.0,30000,172,42905,0.028079520765281075
sample,rotation,1.0,30000,173,42906,0.0245014013351285
sample,rotation,1.0,30000,174,42907,0.023280831369190732
sample,rotation,1.0,30000,175,42908,0.023662417725975174
sample,rotation,1.0,30000,176,42909,0.02358763048589092
sample,rotation,1.0,30000,177,42910,0.02493939931454969
sample,rotation,1.0,30000,178,42911,0.02279246702150225
sample,rotation,1.0,30000,179,42912,0.02438144556298879
sample,rotation,1.0,30000,180,42913,0.02458959539712918
sample,rotation,1.0,30000,181,42914,0.021582142140459188
sample,rotation,1.0,30000,182,42915,0.02578201267009363
sample,rotation,1.0,30000,183,42916,0.0223808400500124
sample,rotation,1.0,30000,184,42917,0.020906215646873394
sample,rotation,1.0,30000,185,42918,0.03119973666340086
sample,rotation,1.0,30000,186,42919,0.023833075425842683
sample,rotation,1.0,30000,187,42920,0.023215474568225758
sample,rotation,1.0,30000,188,42921,0.022145921932261788
sample,rotation,1.0,30000,189,42922,0.022617682499552413
sample,rotation,1.0,30000,190,42923,0.029755951011034617
sample,rotation,1.0,30000,191,42924,0.02401574439108875
sample,rotation,1.0,30000,192,42925,0.02404374158943479
sample,rotation,1.0,30000,193,42926,0.02291703617671156
sample,rotation,1.0,30000,194,42927,0.02360452296018078
sample,rotation,1.0,30000,195,42928,0.023067585950829143
sample,rotation,1.0,30000,196,42929,0.0223127164758768
sample,rotation,1.0,30000,197,42930,0.02447286170583925
sample,rotation,1.0,30000,198,42931,0.024064693992571332
sample,rotation,1.0,30000,199,42932,0.022650450458942806
sample,sink,1.0,30000,0,32213,0.007628590882501032
sample,sink,1.0,30000,1,32214,0.008129459810743018
sample,sink,1.0,30000,2,32215,0.008447372310679494
sample,sink,1.0,30000,3,32216,0.008403703167980338
sample,sink,1.0,30000,4,32217,0.008328953346313365
sample,sink,1.0,30000,5,32218,0.009146038101068161
sample,sink,1.0,30000,6,32219,0.007906960402912137
sample,sink,1.0,30000,7,32220,0.008186901426529558
sample,sink,1.0,30000,8,32221,0.007909066557941328
sample,sink,1.0,30000,9,32222,0.0077608101729064035
sample,sink,1.0,30000,10,32223,0.009667741576524672
sample,sink,1.0,30000,11,32224,0.008250405821464201
sample,sink,1.0,30000,12,32225,0.007789701189702657
sample,sink,1.0,30000,13,32226,0.008015351631613382
sample,sink,1.0,30000,14,32227,0.008702844303706422
sample,sink,1.0,30000,15,32228,0.007887627353132948
sample,sink,1.0,30000,16,32229,0.008443095269424118
sample,sink,1.0,30000,17,32230,0.008629730185307818
sample,sink,1.0,30000,18,32231,0.009034792785655494
sample,sink,1.0,30000,19,32232,0.009408721681935494
sample,sink,1.0,30000,20,32233,0.008329311226842157
sample,sink,1.0,30000,21,32234,0.007775328051563191
sample,sink,1.0,30000,22,32235,0.007665451917160139
sample,sink,1.0,30000,23,32236,0.00827481848571934
sample,sink,1.0,30000,24,32237,0.00986597803941359
sample,sink,1.0,30000,25,32238,0.0076994791439021154
sample,sink,1.0,30000,26,32239,0.00832234545798624
sample,sink,1.0,30000,27,32240,0.008942712538701523
sample,sink,1.0,30000,28,32241,0.008570346355105264
sample,sink,1.0,30000,29,32242,0.00860780193666222
sample,sink,1.0,30000,30,32243,0.008413000906556532
sample,sink,1.0,30000,31,32244,0.009039599781336395
sample,sink,1.0,30000,32,32245,0.00844219588503403
sample,sink,1.0,30000,33,32246,0.008660122313478786
sample,sink,1.0,30000,34,32247,0.010999412590581374
sample,sink,1.0,30000,35,32248,0.007911582341781534
sample,sink,1.0,30000,36,32249,0.009232339332759925
sample,sink,1.0,30000,37,32250,0.009268213593665692
sample,sink,1.0,30000,38,32251,0.008787122095973349
sample,sink,1.0,30000,39,32252,0.009282795670021826
sample,sink,1.0,30000,40,32253,0.00863078297909176
sample,sink,1.0,30000,41,32254,0.007727720729286782
sample,sink,1.0,30000,42,32255,0.008066993281891307
sample,sink,1.0,30000,43,32256,0.008202530854544149
sample,sink,1.0,30000,44,32257,0.011088344928050504
sample,sink,1.0,30000,45,32258,0.010092178113038754
sample,sink,1.0,30000,46,32259,0.008899743762928966
sample,sink,1.0,30000,47,32260,0.009433897620892837
sample,sink,1.0,30000,48,32261,0.008243539118215314
sample,sink,1.0,30000,49,32262,0.009884333763343299
sample,sink,1.0,30000,50,32263,0.009720889226486838
sample,sink,1.0,30000,51,32264,0.008606100509409772
sample,sink,1.0,30000,52,32265,0.008957976386805218
sample,sink,1.0,30000,53,32266,0.008054828732302054
sample,sink,1.0,30000,54,32267,0.008777969933244121
sample,sink,1.0,30000,55,32268,0.008761526507465848
sample,sink,1.0,30000,56,32269,0.009514971796462915
sample,sink,1.0,30000,57,32270,0.008124586563622214
sample,sink,1.0,30000,58,32271,0.007802454464991322
sample,sink,1.0,30000,59,32272,0.007852319142277134
sample,sink,1.0,30000,60,32273,0.008968230888598936
sample,sink,1.0,30000,61,32274,0.0085640587194067
sample,sink,1.0,30000,62,32275,0.011408860347588036
sample,sink,1.0,30000,63,32276,0.009417642011641485
sample,sink,1.0,30000,64,32277,0.008276955463658496
sample,sink,1.0,30000,65,32278,0.008006465271767219
sample,sink,1.0,30000,66,32279,0.008548527277929383
sample,sink,1.0,30000,67,32280,0.008053196092854925
sample,sink,1.0,30000,68,32281,0.009779930038572112
sample,sink,1.0,30000,69,32282,0.0075507292638024495
sample,sink,1.0,30000,70,32283,0.009066699262907724
sample,sink,1.0,30000,71,32284,0.008176323582589259
sample,sink,1.0,30000,72,32285,0.008564310555562463
sample,sink,1.0,30000,73,32286,0.009635829629775168
sample,sink,1.0,30000,74,32287,0.009021516488026527
sample,sink,1.0,30000,75,32288,0.008460665102088066
sample,sink,1.0,30000,76,32289,0.008923154507352886
sample,sink,1.0,30000,77,32290,0.010163688703166758
sample,sink,1.0,30000,78,32291,0.008320472531209707
sample,sink,1.0,30000,79,32292,0.008341841494220145
sample,sink,1.0,30000,80,32293,0.008619192359663007
sample,sink,1.0,30000,81,32294,0.008392650243625567
sample,sink,1.0,30000,82,32295,0.008274606019373106
sample,sink,1.0,30000,83,32296,0.007655706609851271
sample,sink,1.0,30000,84,32297,0.008527061024235632
sample,sink,1.0,30000,85,32298,0.009813745925248337
sample,sink,1.0,30000,86,32299,0.00844792655671298
sample,sink,1.0,30000,87,32300,0.008576643225796685
sample,sink,1.0,30000,88,32301,0.008564810392807326
sample,sink,1.0,30000,89,32302,0.008031710641670449
sample,sink,1.0,30000,90,32303,0.008167442931931569
sample,sink,1.0,30000,91,32304,0.009233706995663527
sample,sink,1.0,30000,92,32305,0.007974966962820003
sample,sink,1.0,30000,93,32306,0.008509889083808828
sample,sink,1.0,30000,94,32307,0.008570319459728769
sample,sink,1.0,30000,95,32308,0.008355532925015561
sample,sink,1.0,30000,96,32309,0.007999023422835766
sample,sink,1.0,30000,97,32310,0.008736432791403365
sample,sink,1.0,30000,98,32311,0.008001483888149346
sample,sink,1.0,30000,99,32312,0.009356976222156558
sample,sink,1.0,30000,100,32313,0.008063955232893731
sample,sink,1.0,30000,101,32314,0.009223751445412272
sample,sink,1.0,30000,102,32315,0.009353927547588023
sample,sink,1.0,30000,103,32316,0.008580510615095528
sample,sink,1.0,30000,104,32317,0.012171269482867841
sample,sink,1.0,30000,105,32318,0.008706077749378007
sample,sink,1.0,30000,106,32319,0.007606205995136958
sample,sink,1.0,30000,107,32320,0.0077477391908512576
sample,sink,1.0,30000,108,32321,0.008440475774224264
sample,sink,1.0,30000,109,32322,0.009815526973827584
sample,sink,1.0,30000,110,32323,0.008718768802608256
sample,sink,1.0,30000,111,32324,0.008873334418780174
sample,sink,1.0,30000,112,32325,0.00819639785546856
sample,sink,1.0,30000,113,32326,0.008072139220735857
sample,sink,1.0,30000,114,32327,0.00940604763628032
sample,sink,1.0,30000,115,32328,0.007738726207731424
sample,sink,1.0,30000,116,32329,0.008201277025962675
sample,sink,1.0,30000,117,32330,0.0075971808169359506
sample,sink,1.0,30000,118,32331,0.011086097155682524
sample,sink,1.0,30000,119,32332,0.010926570460012455
sample,sink,1.0,30000,120,32333,0.008557089299140997
sample,sink,1.0,30000,121,32334,0.008826298809714401
sample,sink,1.0,30000,122,32335,0.00880503999240633
sample,sink,1.0,30000,123,32336,0.00890215087935653
sample,sink,1.0,30000,124,32337,0.009962567349539103
sample,sink,1.0,30000,125,32338,0.008810826233787455
sample,sink,1.0,30000,126,32339,0.009300498382078986
sample,sink,1.0,30000,127,32340,0.010055082891878637
sample,sink,1.0,30000,128,32341,0.008294023615089031
sample,sink,1.0,30000,129,32342,0.008122420870383503
sample,sink,1.0,30000,130,32343,0.00810006342027663
sample,sink,1.0,30000,131,32344,0.00860785871102315
sample,sink,1.0,30000,132,32345,0.008432984573761293
sample,sink,1.0,30000,133,32346,0.007936456780634432
sample,sink,1.0,30000,134,32347,0.008936651094005483
sample,sink,1.0,30000,135,32348,0.009480808772621254
sample,sink,1.0,30000,136,32349,0.010881312011101606
sample,sink,1.0,30000,137,32350,0.007765913536497832
sample,sink,1.0,30000,138,32351,0.007868464292196033
sample,sink,1.0,30000,139,32352,0.007705349505976558
sample,sink,1.0,30000,140,32353,0.008584681780133807
sample,sink,1.0,30000,141,32354,0.008136077713176372
sample,sink,1.0,30000,142,32355,0.008481133819028496
sample,sink,1.0,30000,143,32356,0.008876553370646504
sample,sink,1.0,30000,144,32357,0.008795505831168204
sample,sink,1.0,30000,145,32358,0.008211277506633474
sample,sink,1.0,30000,146,32359,0.007553557393881449
sample,sink,1.0,30000,147,32360,0.008821633877375605
sample,sink,1.0,30000,148,32361,0.015085690886742307
sample,sink,1.0,30000,149,32362,0.008665627394628828
sample,sink,1.0,30000,150,32363,0.00887439682643607
sample,sink,1.0,30000,151,32364,0.007922711818648428
sample,sink,1.0,30000,152,32365,0.007932858998252407
sample,sink,1.0,30000,153,32366,0.009255620415027466
sample,sink,1.0,30000,154,32367,0.008279161983572451
sample,sink,1.0,30000,155,32368,0.008146612515834609
sample,sink,1.0,30000,156,32369,0.00795840483688561
sample,sink,1.0,30000,157,32370,0.008470791009090598
sample,sink,1.0,30000,158,32371,0.009203950790087376
sample,sink,1.0,30000,159,32372,0.008667218160187744
sample,sink,1.0,30000,160,32373,0.008223480435046166
sample,sink,1.0,30000,161,32374,0.008531007900209707
sample,sink,1.0,30000,162,32375,0.008177342324851263
sample,sink,1.0,30000,163,32376,0.009241007447880843
sample,sink,1.0,30000,164,32377,0.008065766558236197
sample,sink,1.0,30000,165,32378,0.008640984861075444
sample,sink,1.0,30000,166,32379,0.008408808986081012
sample,sink,1.0,30000,167,32380,0.007701381679697799
sample,sink,1.0,30000,168,32381,0.007769549337511276
sample,sink,1.0,30000,169,32382,0.01099513039250353
sample,sink,1.0,30000,170,32383,0.008475353273013821
sample,sink,1.0,30000,171,32384,0.008347877226085482
sample,sink,1.0,30000,172,32385,0.008251122189096865
sample,sink,1.0,30000,173,32386,0.008711615692432515
sample,sink,1.0,30000,174,32387,0.007633270612769975
sample,sink,1.0,30000,175,32388,0.007922890025933278
sample,sink,1.0,30000,176,32389,0.009475158015899678
sample,sink,1.0,30000,177,32390,0.007844869134185813
sample,sink,1.0,30000,178,32391,0.008436990052248662
sample,sink,1.0,30000,179,32392,0.008743572955151189
sample,sink,1.0,30000,180,32393,0.008768524190061681
sample,sink,1.0,30000,181,32394,0.010170237100940624
sample,sink,1.0,30000,182,32395,0.008161005832198528
sample,sink,1.0,30000,183,32396,0.007863707953446389
sample,sink,1.0,30000,184,32397,0.008294894494579581
sample,sink,1.0,30000,185,32398,0.007286128763205659
sample,sink,1.0,30000,186,32399,0.009515126727981936
sample,sink,1.0,30000,187,32400,0.009090859464361506
sample,sink,1.0,30000,188,32401,0.008574288581792737
sample,sink,1.0,30000,189,32402,0.00851217042674942
sample,sink,1.0,30000,190,32403,0.00795945222861407
sample,sink,1.0,30000,191,32404,0.008800799485494986
sample,sink,1.0,30000,192,32405,0.008777519192490368
sample,sink,1.0,30000,193,32406,0.00987890439310555
sample,sink,1.0,30000,194,32407,0.008181150081818783
sample,sink,1.0,30000,195,32408,0.00865237700881347
sample,sink,1.0,30000,196,32409,0.008828431505469633
sample,sink,1.0,30000,197,32410,0.009174321953405657
sample,sink,1.0,30000,198,32411,0.008935098727634748
sample,sink,1.0,30000,199,32412,0.008049394749944221
sample,cubic,1.0,30000,0,34588,0.00587166369362542
sample,cubic,1.0,30000,1,34589,0.00608936756050529
sample,cubic,1.0,30000,2,34590,0.009305887696601468
sample,cubic,1.0,30000,3,34591,0.008387166826041903
sample,cubic,1.0,30000,4,34592,0.006656773130505029
sample,cubic,1.0,30000,5,34593,0.006886065793125225
sample,cubic,1.0,30000,6,34594,0.009585043723844009
sample,cubic,1.0,30000,7,34595,0.009573609079163133
sample,cubic,1.0,30000,8,34596,0.00717233163106853
sample,cubic,1.0,30000,9,34597,0.008008309025815334
sample,cubic,1.0,30000,10,34598,0.008735207825609102
sample,cubic,1.0,30000,11,34599,0.007861179030496126
sample,cubic,1.0,30000,12,34600,0.014476800072712523
sample,cubic,1.0,30000,13,34601,0.007530618345546812
sample,cubic,1.0,30000,14,34602,0.0062192461020519904
sample,cubic,1.0,30000,15,34603,0.008118723843284369
sample,cubic,1.0,30000,16,34604,0.008621846086200547
sample,cubic,1.0,30000,17,34605,0.008870583553488071
sample,cubic,1.0,30000,18,34606,0.005373032805001144
sample,cubic,1.0,30000,19,34607,0.008904785302783701
sample,cubic,1.0,30000,20,34608,0.009398951472153694
sample,cubic,1.0,30000,21,34609,0.006005720801447129
sample,cubic,1.0,30000,22,34610,0.016695630335250556
sample,cubic,1.0,30000,23,34611,0.007222495854607172
sample,cubic,1.0,30000,24,34612,0.009102279966558121
sample,cubic,1.0,30000,25,34613,0.010885523370729584
sample,cubic,1.0,30000,26,34614,0.006763033398149791
sample,cubic,1.0,30000,27,34615,0.006666174409021304
sample,cubic,1.0,30000,28,34616,0.006635581633975984
sample,cubic,1.0,30000,29,34617,0.010365630018824781
sample,cubic,1.0,30000,30,34618,0.006120702640048029
sample,cubic,1.0,30000,31,34619,0.008280387003635759
sample,cubic,1.0,30000,32,34620,0.00725959113627519
sample,cubic,1.0,30000,33,34621,0.006206477800723598
sample,cubic,1.0,30000,34,34622,0.007896813417244037
sample,cubic,1.0,30000,35,34623,0.00795646144012713
sample,cubic,1.0,30000,36,34624,0.007043915684748638
sample,cubic,1.0,30000,37,34625,0.008218545395428671
sample,cubic,1.0,30000,38,34626,0.012542110290497946
sample,cubic,1.0,30000,39,34627,0.006235142858822921
sample,cubic,1.0,30000,40,34628,0.007343918227254052
sample,cubic,1.0,30000,41,34629,0.006161638413143009
sample,cubic,1.0,30000,42,34630,0.007786498818562984
sample,cubic,1.0,30000,43,34631,0.007190740176422025
sample,cubic,1.0,30000,44,34632,0.010759343241300387
sample,cubic,1.0,30000,45,34633,0.006582339321772416
sample,cubic,1.0,30000,46,34634,0.006624777923024317
sample,cubic,1.0,30000,47,34635,0.007024038015403995
sample,cubic,1.0,30000,48,34636,0.011252229508471542
sample,cubic,1.0,30000,49,34637,0.009585971927239546
sample,cubic,1.0,30000,50,34638,0.006453183305613169
sample,cubic,1.0,30000,51,34639,0.006996001016124288
sample,cubic,1.0,30000,52,34640,0.007358514160768094
sample,cubic,1.0,30000,53,34641,0.006273698556614316
sample,cubic,1.0,30000,54,34642,0.007597008307491537
sample,cubic,1.0,30000,55,34643,0.00842430688373284
sample,cubic,1.0,30000,56,34644,0.00626111739513442
sample,cubic,1.0,30000,57,34645,0.006633898443166703
sample,cubic,1.0,30000,58,34646,0.0069156874246287855
sample,cubic,1.0,30000,59,34647,0.007266686135910369
sample,cubic,1.0,30000,60,34648,0.01000132226682307
sample,cubic,1.0,30000,61,34649,0.007481663413226066
sample,cubic,1.0,30000,62,34650,0.009768016176667515
sample,cubic,1.0,30000,63,34651,0.0068006873448622045
sample,cubic,1.0,30000,64,34652,0.007747883631344081
sample,cubic,1.0,30000,65,34653,0.007367358860290105
sample,cubic,1.0,30000,66,34654,0.006912340137175771
sample,cubic,1.0,30000,67,34655,0.007002500242741913
sample,cubic,1.0,30000,68,34656,0.006248225030525463
sample,cubic,1.0,30000,69,34657,0.006242912979303419
sample,cubic,1.0,30000,70,34658,0.008912289682436436
sample,cubic,1.0,30000,71,34659,0.014412751290949608
sample,cubic,1.0,30000,72,34660,0.006404345421230286
sample,cubic,1.0,30000,73,34661,0.007729743993741865
sample,cubic,1.0,30000,74,34662,0.00916059111339532
sample,cubic,1.0,30000,75,34663,0.0071024162558987755
sample,cubic,1.0,30000,76,34664,0.007247243804264194
sample,cubic,1.0,30000,77,34665,0.0061960205547807005
sample,cubic,1.0,30000,78,34666,0.006754809322350852
sample,cubic,1.0,30000,79,34667,0.0062056889413712795
sample,cubic,1.0,30000,80,34668,0.009856262925000475
sample,cubic,1.0,30000,81,34669,0.007054860504179959
sample,cubic,1.0,30000,82,34670,0.013061203610720638
sample,cubic,1.0,30000,83,34671,0.006973227583661709
sample,cubic,1.0,30000,84,34672,0.007175113012548816
sample,cubic,1.0,30000,85,34673,0.005946266103304854
sample,cubic,1.0,30000,86,34674,0.007780615890817105
sample,cubic,1.0,30000,87,34675,0.006971161027313276
sample,cubic,1.0,30000,88,34676,0.006023766802818698
sample,cubic,1.0,30000,89,34677,0.0066871890119742814
sample,cubic,1.0,30000,90,34678,0.006905265779032923
sample,cubic,1.0,30000,91,34679,0.006071781858869068
sample,cubic,1.0,30000,92,34680,0.009963122746711187
sample,cubic,1.0,30000,93,34681,0.012781635001307424
sample,cubic,1.0,30000,94,34682,0.0068444388508649475
sample,cubic,1.0,30000,95,34683,0.0077063000366794825
sample,cubic,1.0,30000,96,34684,0.006501049832240942
sample,cubic,1.0,30000,97,34685,0.011330720856419963
sample,cubic,1.0,30000,98,34686,0.007730079383956303
sample,cubic,1.0,30000,99,34687,0.005852876141881229
sample,cubic,1.0,30000,100,34688,0.007101919499429104
sample,cubic,1.0,30000,101,34689,0.006170948643118421
sample,cubic,1.0,30000,102,34690,0.0065894497995264605
sample,cubic,1.0,30000,103,34691,0.007268330110060307
sample,cubic,1.0,30000,104,34692,0.007626410343209636
sample,cubic,1.0,30000,105,34693,0.006626440906761673
sample,cubic,1.0,30000,106,34694,0.005900010665012542
sample,cubic,1.0,30000,107,34695,0.009480657959623733
sample,cubic,1.0,30000,108,34696,0.0070030579457947325
sample,cubic,1.0,30000,109,34697,0.006683917158439977
sample,cubic,1.0,30000,110,34698,0.006878375353444298
sample,cubic,1.0,30000,111,34699,0.006416858548710573
sample,cubic,1.0,30000,112,34700,0.006325095890096931
sample,cubic,1.0,30000,113,34701,0.006401039381597663
sample,cubic,1.0,30000,114,34702,0.007777366179388407
sample,cubic,1.0,30000,115,34703,0.007772163905311795
sample,cubic,1.0,30000,116,34704,0.007699238378577415
sample,cubic,1.0,30000,117,34705,0.0157960002885907
sample,cubic,1.0,30000,118,34706,0.006476266670169318
sample,cubic,1.0,30000,119,34707,0.009650605538005817
sample,cubic,1.0,30000,120,34708,0.01136849447276951
sample,cubic,1.0,30000,121,34709,0.009114331114198692
sample,cubic,1.0,30000,122,34710,0.008825167316297742
sample,cubic,1.0,30000,123,34711,0.010433047825934273
sample,cubic,1.0,30000,124,34712,0.006956853236049244
sample,cubic,1.0,30000,125,34713,0.006369559614928521
sample,cubic,1.0,30000,126,34714,0.008362441075593339
sample,cubic,1.0,30000,127,34715,0.006914475164819259
sample,cubic,1.0,30000,128,34716,0.007119982778494025
sample,cubic,1.0,30000,129,34717,0.005900373441739749
sample,cubic,1.0,30000,130,34718,0.009385472574129635
sample,cubic,1.0,30000,131,34719,0.008492958437822232
sample,cubic,1.0,30000,132,34720,0.006518351292252281
sample,cubic,1.0,30000,133,34721,0.01229537934505982
sample,cubic,1.0,30000,134,34722,0.005830662138645737
sample,cubic,1.0,30000,135,34723,0.007916520607736873
sample,cubic,1.0,30000,136,34724,0.009823146125024539
sample,cubic,1.0,30000,137,34725,0.0065940731333002395
sample,cubic,1.0,30000,138,34726,0.00764124057275258
sample,cubic,1.0,30000,139,34727,0.0063757063682433794
sample,cubic,1.0,30000,140,34728,0.011212778072645436
sample,cubic,1.0,30000,141,34729,0.006617193114863575
sample,cubic,1.0,30000,142,34730,0.005743832990031246
sample,cubic,1.0,30000,143,34731,0.006807177761029768
sample,cubic,1.0,30000,144,34732,0.006369321404933544
sample,cubic,1.0,30000,145,34733,0.007328124123337686
sample,cubic,1.0,30000,146,34734,0.00645531191664511
sample,cubic,1.0,30000,147,34735,0.006408287762350934
sample,cubic,1.0,30000,148,34736,0.007737245280371103
sample,cubic,1.0,30000,149,34737,0.006162704527122513
sample,cubic,1.0,30000,150,34738,0.007025255923534262
sample,cubic,1.0,30000,151,34739,0.009523555115089398
sample,cubic,1.0,30000,152,34740,0.013181346317222179
sample,cubic,1.0,30000,153,34741,0.007065672131321707
sample,cubic,1.0,30000,154,34742,0.010159480853208197
sample,cubic,1.0,30000,155,34743,0.0070196985285916795
sample,cubic,1.0,30000,156,34744,0.00588838021124911
sample,cubic,1.0,30000,157,34745,0.007917062553869572
sample,cubic,1.0,30000,158,34746,0.008765139574006483
sample,cubic,1.0,30000,159,34747,0.0073538612171272786
sample,cubic,1.0,30000,160,34748,0.0063859738755464145
sample,cubic,1.0,30000,161,34749,0.012125050620832288
sample,cubic,1.0,30000,162,34750,0.008784152193612827
sample,cubic,1.0,30000,163,34751,0.01716793873404679
sample,cubic,1.0,30000,164,34752,0.006595382962965963
sample,cubic,1.0,30000,165,34753,0.015276877020457736
sample,cubic,1.0,30000,166,34754,0.006541248748644
sample,cubic,1.0,30000,167,34755,0.012361504428980149
sample,cubic,1.0,30000,168,34756,0.007485023271956631
sample,cubic,1.0,30000,169,34757,0.0066499427725837485
sample,cubic,1.0,30000,170,34758,0.006248540836471554
sample,cubic,1.0,30000,171,34759,0.008612074379280875
sample,cubic,1.0,30000,172,34760,0.00825223457950664
sample,cubic,1.0,30000,173,34761,0.007864299679032858
sample,cubic,1.0,30000,174,34762,0.008690852400706323
sample,cubic,1.0,30000,175,34763,0.006069073374238758
sample,cubic,1.0,30000,176,34764,0.00781131463325369
sample,cubic,1.0,30000,177,34765,0.007540223524157293
sample,cubic,1.0,30000,178,34766,0.007986757859141736
sample,cubic,1.0,30000,179,34767,0.008271489698613323
sample,cubic,1.0,30000,180,34768,0.005728191049272656
sample,cubic,1.0,30000,181,34769,0.0065250371735110025
sample,cubic,1.0,30000,182,34770,0.007715871159762244
sample,cubic,1.0,30000,183,34771,0.01024534903858511
sample,cubic,1.0,30000,184,34772,0.007192606070201748
sample,cubic,1.0,30000,185,34773,0.0062764311784651375
sample,cubic,1.0,30000,186,34774,0.007513390100381452
sample,cubic,1.0,30000,187,34775,0.009189255202833929
sample,cubic,1.0,30000,188,34776,0.0058298258474259
sample,cubic,1.0,30000,189,34777,0.006295499329399998
sample,cubic,1.0,30000,190,34778,0.006155464684851325
sample,cubic,1.0,30000,191,34779,0.011167351421766185
sample,cubic,1.0,30000,192,34780,0.006765750773425876
sample,cubic,1.0,30000,193,34781,0.015500708470749318
sample,cubic,1.0,30000,194,34782,0.0061295120515488695
sample,cubic,1.0,30000,195,34783,0.00895239081640746
sample,cubic,1.0,30000,196,34784,0.008743795691960977
sample,cubic,1.0,30000,197,34785,0.007051775062907892
sample,cubic,1.0,30000,198,34786,0.007382479395552465
sample,cubic,1.0,30000,199,34787,0.016064667291149623
sample,expanding,1.0,10000,0,45423,0.08866051803539365
sample,expanding,1.0,10000,1,45424,0.057900739374123274
sample,expanding,1.0,10000,2,45425,0.07703898639853235
sample,expanding,1.0,10000,3,45426,0.0678898876586364
sample,expanding,1.0,10000,4,45427,0.06187011035235407
sample,expanding,1.0,10000,5,45428,0.06480248160560269
sample,expanding,1.0,10000,6,45429,0.06686782321911562
sample,expanding,1.0,10000,7,45430,0.06498956627237057
sample,expanding,1.0,10000,8,45431,0.07500136025427138
sample,expanding,1.0,10000,9,45432,0.061745983399580075
sample,expanding,1.0,10000,10,45433,0.06209584482646416
sample,expanding,1.0,10000,11,45434,0.06016179854177341
sample,expanding,1.0,10000,12,45435,0.062115094254724924
sample,expanding,1.0,10000,13,45436,0.08581278442274276
sample,expanding,1.0,10000,14,45437,0.07294660674891063
sample,expanding,1.0,10000,15,45438,0.061161658383766186
sample,expanding,1.0,10000,16,45439,0.05703162610413011
sample,expanding,1.0,10000,17,45440,0.07001696556020161
sample,expanding,1.0,10000,18,45441,0.06566641992442547
sample,expanding,1.0,10000,19,45442,0.06493166183913444
sample,expanding,1.0,10000,20,45443,0.07827900973485435
sample,expanding,1.0,10000,21,45444,0.05892496544447464
sample,expanding,1.0,10000,22,45445,0.05735425388730541
sample,expanding,1.0,10000,23,45446,0.0759449716727952
sample,expanding,1.0,10000,24,45447,0.060299087518178675
sample,expanding,1.0,10000,25,45448,0.05802274517204337
sample,expanding,1.0,10000,26,45449,0.06981137039660107
sample,expanding,1.0,10000,27,45450,0.06387067156459317
sample,expanding,1.0,10000,28,45451,0.06810545366240367
sample,expanding,1.0,10000,29,45452,0.10609438066751999
sample,expanding,1.0,10000,30,45453,0.06797154829969645
sample,expanding,1.0,10000,31,45454,0.058875633855202565
sample,expanding,1.0,10000,32,45455,0.06231104100549332
sample,expanding,1.0,10000,33,45456,0.069634281047123
sample,expanding,1.0,10000,34,45457,0.06206049593133784
sample,expanding,1.0,10000,35,45458,0.05700661237597137
sample,expanding,1.0,10000,36,45459,0.05775141552062093
sample,expanding,1.0,10000,37,45460,0.06368028721645284
sample,expanding,1.0,10000,38,45461,0.05676232969336344
sample,expanding,1.0,10000,39,45462,0.05980295412693229
sample,expanding,1.0,10000,40,45463,0.056942593823663415
sample,expanding,1.0,10000,41,45464,0.0682456778188857
sample,expanding,1.0,10000,42,45465,0.06392524466784737
sample,expanding,1.0,10000,43,45466,0.07136412275188643
sample,expanding,1.0,10000,44,45467,0.06070034176081939
sample,expanding,1.0,10000,45,45468,0.05768143967579093
sample,expanding,1.0,10000,46,45469,0.07390610022285733
sample,expanding,1.0,10000,47,45470,0.05602763145750283
sample,expanding,1.0,10000,48,45471,0.0726200786481932
sample,expanding,1.0,10000,49,45472,0.09349048831895174
sample,expanding,1.0,10000,50,45473,0.06059271908374591
sample,expanding,1.0,10000,51,45474,0.05678550760225832
sample,expanding,1.0,10000,52,45475,0.06104760112964884
sample,expanding,1.0,10000,53,45476,0.06258522640759938
sample,expanding,1.0,10000,54,45477,0.08205757867448307
sample,expanding,1.0,10000,55,45478,0.07203907025262435
sample,expanding,1.0,10000,56,45479,0.06366554359937383
sample,expanding,1.0,10000,57,45480,0.060742940896393774
sample,expanding,1.0,10000,58,45481,0.06207296356959819
sample,expanding,1.0,10000,59,45482,0.064599816725562
sample,expanding,1.0,10000,60,45483,0.07257633351434582
sample,expanding,1.0,10000,61,45484,0.07047455120492398
sample,expanding,1.0,10000,62,45485,0.06481978238914399
sample,expanding,1.0,10000,63,45486,0.07214835156936346
sample,expanding,1.0,10000,64,45487,0.05592450014203904
sample,expanding,1.0,10000,65,45488,0.07571571394073433
sample,expanding,1.0,10000,66,45489,0.08731853456544945
sample,expanding,1.0,10000,67,45490,0.0689587404136923
sample,expanding,1.0,10000,68,45491,0.06712434934891318
sample,expanding,1.0,10000,69,45492,0.062297646891136996
sample,expanding,1.0,10000,70,45493,0.08203701643935303
sample,expanding,1.0,10000,71,45494,0.07722543690152969
sample,expanding,1.0,10000,72,45495,0.07778967040490835
sample,expanding,1.0,10000,73,45496,0.0669298226246701
sample,expanding,1.0,10000,74,45497,0.06207252569842075
sample,expanding,1.0,10000,75,45498,0.09476939779978671
sample,expanding,1.0,10000,76,45499,0.07030219081185936
sample,expanding,1.0,10000,77,45500,0.06637388559084878
sample,expanding,1.0,10000,78,45501,0.06308203922364249
sample,expanding,1.0,10000,79,45502,0.06401671511897934
sample,expanding,1.0,10000,80,45503,0.08268879586291066
sample,expanding,1.0,10000,81,45504,0.07518566835851377
sample,expanding,1.0,10000,82,45505,0.06835792543979148
sample,expanding,1.0,10000,83,45506,0.06703543423606004
sample,expanding,1.0,10000,84,45507,0.07198477900907438
sample,expanding,1.0,10000,85,45508,0.06227183660561203
sample,expanding,1.0,10000,86,45509,0.05859061997242295
sample,expanding,1.0,10000,87,45510,0.06752588321959847
sample,expanding,1.0,10000,88,45511,0.058087195691646144
sample,expanding,1.0,10000,89,45512,0.05610921128720915
sample,expanding,1.0,10000,90,45513,0.06397384207047013
sample,expanding,1.0,10000,91,45514,0.058684300537493524
sample,expanding,1.0,10000,92,45515,0.07503622940860848
sample,expanding,1.0,10000,93,45516,0.070158240909376
sample,expanding,1.0,10000,94,45517,0.063274964564061
sample,expanding,1.0,10000,95,45518,0.07475978163578749
sample,expanding,1.0,10000,96,45519,0.05941152082086891
sample,expanding,1.0,10000,97,45520,0.06002870715719518
sample,expanding,1.0,10000,98,45521,0.06540601986671132
sample,expanding,1.0,10000,99,45522,0.0606308737585873
sample,expanding,1.0,10000,100,45523,0.06718642666682967
sample,expanding,1.0,10000,101,45524,0.05795608616641547
sample,expanding,1.0,10000,102,45525,0.06484534720833313
sample,expanding,1.0,10000,103,45526,0.0594436276857214
sample,expanding,1.0,10000,104,45527,0.07920760515661132
sample,expanding,1.0,10000,105,45528,0.061071310618213526
sample,expanding,1.0,10000,106,45529,0.07096104387564471
sample,expanding,1.0,10000,107,45530,0.06180316079447974
sample,expanding,1.0,10000,108,45531,0.0670531594717686
sample,expanding,1.0,10000,109,45532,0.06368602037069411
sample,expanding,1.0,10000,110,45533,0.06718331201291497
sample,expanding,1.0,10000,111,45534,0.06586692773132644
sample,expanding,1.0,10000,112,45535,0.06813633430729643
sample,expanding,1.0,10000,113,45536,0.06263530219585718
sample,expanding,1.0,10000,114,45537,0.0559974184909423
sample,expanding,1.0,10000,115,45538,0.06264994861128657
sample,expanding,1.0,10000,116,45539,0.06839030368050243
sample,expanding,1.0,10000,117,45540,0.07980097059916229
sample,expanding,1.0,10000,118,45541,0.07046927851392393
sample,expanding,1.0,10000,119,45542,0.059433448038490634
sample,expanding,1.0,10000,120,45543,0.05663977333029463
sample,expanding,1.0,10000,121,45544,0.08194902927338606
sample,expanding,1.0,10000,122,45545,0.06216609078123594
sample,expanding,1.0,10000,123,45546,0.07385579990380553
sample,expanding,1.0,10000,124,45547,0.05957116316207851
sample,expanding,1.0,10000,125,45548,0.06746619148166773
sample,expanding,1.0,10000,126,45549,0.06312866852962105
sample,expanding,1.0,10000,127,45550,0.06221109740673677
sample,expanding,1.0,10000,128,45551,0.07895544941638534
sample,expanding,1.0,10000,129,45552,0.05988201889980986
sample,expanding,1.0,10000,130,45553,0.0653340166631977
sample,expanding,1.0,10000,131,45554,0.06229138921877319
sample,expanding,1.0,10000,132,45555,0.06769951917836284
sample,expanding,1.0,10000,133,45556,0.09415065768774637
sample,expanding,1.0,10000,134,45557,0.07211881710641047
sample,expanding,1.0,10000,135,45558,0.056632061589151586
sample,expanding,1.0,10000,136,45559,0.08170164842616272
sample,expanding,1.0,10000,137,45560,0.06295891097134652
sample,expanding,1.0,10000,138,45561,0.0611990743906518
sample,expanding,1.0,10000,139,45562,0.06364854090719153
sample,expanding,1.0,10000,140,45563,0.0702686116830271
sample,expanding,1.0,10000,141,45564,0.06558521388021278
sample,expanding,1.0,10000,142,45565,0.06987705716351632
sample,expanding,1.0,10000,143,45566,0.07753808791892108
sample,expanding,1.0,10000,144,45567,0.061821637474527694
sample,expanding,1.0,10000,145,45568,0.06274907965631499
sample,expanding,1.0,10000,146,45569,0.07558534676432871
sample,expanding,1.0,10000,147,45570,0.06380272112357856
sample,expanding,1.0,10000,148,45571,0.05840768410826771
sample,expanding,1.0,10000,149,45572,0.05872469287050116
sample,expanding,1.0,10000,150,45573,0.08227815420343933
sample,expanding,1.0,10000,151,45574,0.06595072558394566
sample,expanding,1.0,10000,152,45575,0.06296463984256524
sample,expanding,1.0,10000,153,45576,0.058017862123076296
sample,expanding,1.0,10000,154,45577,0.05671937486295269
sample,expanding,1.0,10000,155,45578,0.08808997458198312
sample,expanding,1.0,10000,156,45579,0.07016856513312056
sample,expanding,1.0,10000,157,45580,0.06124488738466708
sample,expanding,1.0,10000,158,45581,0.0753587950121987
sample,expanding,1.0,10000,159,45582,0.07057467789373617
sample,expanding,1.0,10000,160,45583,0.07304140835854352
sample,expanding,1.0,10000,161,45584,0.06269191313171676
sample,expanding,1.0,10000,162,45585,0.07072675298724868
sample,expanding,1.0,10000,163,45586,0.061164290533864143
sample,expanding,1.0,10000,164,45587,0.06343803931093629
sample,expanding,1.0,10000,165,45588,0.07334577061033203
sample,expanding,1.0,10000,166,45589,0.06591519657344068
sample,expanding,1.0,10000,167,45590,0.07167830890401247
sample,expanding,1.0,10000,168,45591,0.05599782753352632
sample,expanding,1.0,10000,169,45592,0.061060927887358896
sample,expanding,1.0,10000,170,45593,0.0742714897806869
sample,expanding,1.0,10000,171,45594,0.06255130143485392
sample,expanding,1.0,10000,172,45595,0.07163230085132996
sample,expanding,1.0,10000,173,45596,0.060922893053326654
sample,expanding,1.0,10000,174,45597,0.06561641787780918
sample,expanding,1.0,10000,175,45598,0.066775766797726
sample,expanding,1.0,10000,176,45599,0.07081543561599478
sample,expanding,1.0,10000,177,45600,0.06478101417984727
sample,expanding,1.0,10000,178,45601,0.08212710135314921
sample,expanding,1.0,10000,179,45602,0.06139248111359711
sample,expanding,1.0,10000,180,45603,0.06014915377317801
sample,expanding,1.0,10000,181,45604,0.0550602844417476
sample,expanding,1.0,10000,182,45605,0.0693745734168929
sample,expanding,1.0,10000,183,45606,0.06949102867907236
sample,expanding,1.0,10000,184,45607,0.05649195161130766
sample,expanding,1.0,10000,185,45608,0.07994257799464435
sample,expanding,1.0,10000,186,45609,0.060322706035450334
sample,expanding,1.0,10000,187,45610,0.06133581371445114
sample,expanding,1.0,10000,188,45611,0.06551289619913953
sample,expanding,1.0,10000,189,45612,0.05649071673111741
sample,expanding,1.0,10000,190,45613,0.05558664957304107
sample,expanding,1.0,10000,191,45614,0.07965264225590137
sample,expanding,1.0,10000,192,45615,0.0739634044212642
sample,expanding,1.0,10000,193,45616,0.06478781655954631
sample,expanding,1.0,10000,194,45617,0.08169876487286
sample,expanding,1.0,10000,195,45618,0.07469674734086841
sample,expanding,1.0,10000,196,45619,0.0811028048059125
sample,expanding,1.0,10000,197,45620,0.0622939324719431
sample,expanding,1.0,10000,198,45621,0.08559558192649251
sample,expanding,1.0,10000,199,45622,0.06802297544851006
sample,rotation,1.0,10000,0,42691,0.03722815760259204
sample,rotation,1.0,10000,1,42692,0.03487652396287152
sample,rotation,1.0,10000,2,42693,0.041530091362133294
sample,rotation,1.0,10000,3,42694,0.04292850624536267
sample,rotation,1.0,10000,4,42695,0.04228346093452252
sample,rotation,1.0,10000,5,42696,0.033607909105806334
sample,rotation,1.0,10000,6,42697,0.03858272538218566
sample,rotation,1.0,10000,7,42698,0.038574319041199366
sample,rotation,1.0,10000,8,42699,0.045639173846538754
sample,rotation,1.0,10000,9,42700,0.055674455378125175
sample,rotation,1.0,10000,10,42701,0.039827289610054155
sample,rotation,1.0,10000,11,42702,0.04871217068349977
sample,rotation,1.0,10000,12,42703,0.054060230188385
sample,rotation,1.0,10000,13,42704,0.039433123633933455
sample,rotation,1.0,10000,14,42705,0.03753179355685571
sample,rotation,1.0,10000,15,42706,0.04466145095510179
sample,rotation,1.0,10000,16,42707,0.03802577140001848
sample,rotation,1.0,10000,17,42708,0.03993536065368316
sample,rotation,1.0,10000,18,42709,0.03384558588293255
sample,rotation,1.0,10000,19,42710,0.03658664419831313
sample,rotation,1.0,10000,20,42711,0.038812760984116554
sample,rotation,1.0,10000,21,42712,0.03786665247742664
sample,rotation,1.0,10000,22,42713,0.035663535765226656
sample,rotation,1.0,10000,23,42714,0.041254316240202996
sample,rotation,1.0,10000,24,42715,0.041131410761039336
sample,rotation,1.0,10000,25,42716,0.033725217625743875
sample,rotation,1.0,10000,26,42717,0.03585740593855195
sample,rotation,1.0,10000,27,42718,0.04412180474602954
sample,rotation,1.0,10000,28,42719,0.03645351980769219
sample,rotation,1.0,10000,29,42720,0.03986944935581718
sample,rotation,1.0,10000,30,42721,0.04418166566917173
sample,rotation,1.0,10000,31,42722,0.03888951392341103
sample,rotation,1.0,10000,32,42723,0.03863581896351783
sample,rotation,1.0,10000,33,42724,0.0381897946246967
sample,rotation,1.0,10000,34,42725,0.04761242798932294
sample,rotation,1.0,10000,35,42726,0.03957459516868448
sample,rotation,1.0,10000,36,42727,0.05706617280632318
sample,rotation,1.0,10000,37,42728,0.03578951269996293
sample,rotation,1.0,10000,38,42729,0.044888132898130984
sample,rotation,1.0,10000,39,42730,0.04169674478241857
sample,rotation,1.0,10000,40,42731,0.042809418469017355
sample,rotation,1.0,10000,41,42732,0.042697294247597044
sample,rotation,1.0,10000,42,42733,0.072195598959619
sample,rotation,1.0,10000,43,42734,0.03287619746865821
sample,rotation,1.0,10000,44,42735,0.03788473839284511
sample,rotation,1.0,10000,45,42736,0.039013749085851125
sample,rotation,1.0,10000,46,42737,0.04200226732157386
sample,rotation,1.0,10000,47,42738,0.03616333203268632
sample,rotation,1.0,10000,48,42739,0.038865321938986355
sample,rotation,1.0,10000,49,42740,0.04235144073512544
sample,rotation,1.0,10000,50,42741,0.03845265145322275
sample,rotation,1.0,10000,51,42742,0.03878109464148949
sample,rotation,1.0,10000,52,42743,0.041295010614558314
sample,rotation,1.0,10000,53,42744,0.037274888222124804
sample,rotation,1.0,10000,54,42745,0.040836760523692256
sample,rotation,1.0,10000,55,42746,0.0335312588617873
sample,rotation,1.0,10000,56,42747,0.040693309824156004
sample,rotation,1.0,10000,57,42748,0.03722128488128205
sample,rotation,1.0,10000,58,42749,0.04320711189330357
sample,rotation,1.0,10000,59,42750,0.042887286629453264
sample,rotation,1.0,10000,60,42751,0.03947672648831102
sample,rotation,1.0,10000,61,42752,0.03857248696775072
sample,rotation,1.0,10000,62,42753,0.03864571761472401
sample,rotation,1.0,10000,63,42754,0.04399243672530715
sample,rotation,1.0,10000,64,42755,0.041778723355313394
sample,rotation,1.0,10000,65,42756,0.04137169944337532
sample,rotation,1.0,10000,66,42757,0.04442146150667451
sample,rotation,1.0,10000,67,42758,0.04323748640674087
sample,rotation,1.0,10000,68,42759,0.03916384909524049
sample,rotation,1.0,10000,69,42760,0.035688743586611595
sample,rotation,1.0,10000,70,42761,0.04123508575401706
sample,rotation,1.0,10000,71,42762,0.040241156232279134
sample,rotation,1.0,10000,72,42763,0.04232711167270193
sample,rotation,1.0,10000,73,42764,0.03735545741211268
sample,rotation,1.0,10000,74,42765,0.03873422013687574
sample,rotation,1.0,10000,75,42766,0.04057786731906201
sample,rotation,1.0,10000,76,42767,0.035326630453052926
sample,rotation,1.0,10000,77,42768,0.04569837567138392
sample,rotation,1.0,10000,78,42769,0.0392430860889219
sample,rotation,1.0,10000,79,42770,0.036115810771495255
sample,rotation,1.0,10000,80,42771,0.038530228551944046
sample,rotation,1.0,10000,81,42772,0.04481521695914975
sample,rotation,1.0,10000,82,42773,0.03746701221447372
sample,rotation,1.0,10000,83,42774,0.046019098746271275
sample,rotation,1.0,10000,84,42775,0.03505445214628917
sample,rotation,1.0,10000,85,42776,0.04016919591580325
sample,rotation,1.0,10000,86,42777,0.048171520864220434
sample,rotation,1.0,10000,87,42778,0.03520554603025816
sample,rotation,1.0,10000,88,42779,0.041969165518110925
sample,rotation,1.0,10000,89,42780,0.04667865192524148
sample,rotation,1.0,10000,90,42781,0.03834567573767636
sample,rotation,1.0,10000,91,42782,0.043118747601061144
sample,rotation,1.0,10000,92,42783,0.03564972017220979
sample,rotation,1.0,10000,93,42784,0.04882920462704168
sample,rotation,1.0,10000,94,42785,0.04098547601571964
sample,rotation,1.0,10000,95,42786,0.04113953486923514
sample,rotation,1.0,10000,96,42787,0.03791272726642157
sample,rotation,1.0,10000,97,42788,0.046894201065189677
sample,rotation,1.0,10000,98,42789,0.04579128852484074
sample,rotation,1.0,10000,99,42790,0.03798413119579789
sample,rotation,1.0,10000,100,42791,0.04238360702578036
sample,rotation,1.0,10000,101,42792,0.0436796518308004
sample,rotation,1.0,10000,102,42793,0.040761365169117166
sample,rotation,1.0,10000,103,42794,0.04461239112451616
sample,rotation,1.0,10000,104,42795,0.04416540497804794
sample,rotation,1.0,10000,105,42796,0.03802738769146302
sample,rotation,1.0,10000,106,42797,0.04649526460586078
sample,rotation,1.0,10000,107,42798,0.046091327141590296
sample,rotation,1.0,10000,108,42799,0.043649557777204
sample,rotation,1.0,10000,109,42800,0.05107682619747215
sample,rotation,1.0,10000,110,42801,0.03919075556141946
sample,rotation,1.0,10000,111,42802,0.035657067844055486
sample,rotation,1.0,10000,112,42803,0.036750715090595715
sample,rotation,1.0,10000,113,42804,0.03716692113975437
sample,rotation,1.0,10000,114,42805,0.04093122514786524
sample,rotation,1.0,10000,115,42806,0.03513868245119071
sample,rotation,1.0,10000,116,42807,0.03973302186455416
sample,rotation,1.0,10000,117,42808,0.06082692062922899
sample,rotation,1.0,10000,118,42809,0.03942830978350816
sample,rotation,1.0,10000,119,42810,0.03671006293993366
sample,rotation,1.0,10000,120,42811,0.04893730457969494
sample,rotation,1.0,10000,121,42812,0.04318136676403915
sample,rotation,1.0,10000,122,42813,0.036815287525935304
sample,rotation,1.0,10000,123,42814,0.037213409997475896
sample,rotation,1.0,10000,124,42815,0.042890970111218896
sample,rotation,1.0,10000,125,42816,0.03603230226907151
sample,rotation,1.0,10000,126,42817,0.04515350428877947
sample,rotation,1.0,10000,127,42818,0.04196411259579489
sample,rotation,1.0,10000,128,42819,0.04202821811578169
sample,rotation,1.0,10000,129,42820,0.038300761986239
sample,rotation,1.0,10000,130,42821,0.033443252318768095
sample,rotation,1.0,10000,131,42822,0.04062145784696419
sample,rotation,1.0,10000,132,42823,0.0379083993413886
sample,rotation,1.0,10000,133,42824,0.04323564270005707
sample,rotation,1.0,10000,134,42825,0.036518565796367745
sample,rotation,1.0,10000,135,42826,0.038682817823344665
sample,rotation,1.0,10000,136,42827,0.03622692345478605
sample,rotation,1.0,10000,137,42828,0.03584868208219508
sample,rotation,1.0,10000,138,42829,0.03671096782307056
sample,rotation,1.0,10000,139,42830,0.033418725532133646
sample,rotation,1.0,10000,140,42831,0.034475351075319016
sample,rotation,1.0,10000,141,42832,0.03661613272187856
sample,rotation,1.0,10000,142,42833,0.03741004388540654
sample,rotation,1.0,10000,143,42834,0.036139065242072756
sample,rotation,1.0,10000,144,42835,0.03988150864584049
sample,rotation,1.0,10000,145,42836,0.043577046912770125
sample,rotation,1.0,10000,146,42837,0.039267040386435755
sample,rotation,1.0,10000,147,42838,0.040224592767115
sample,rotation,1.0,10000,148,42839,0.03970051678226496
sample,rotation,1.0,10000,149,42840,0.03700087997370154
sample,rotation,1.0,10000,150,42841,0.037573117966515204
sample,rotation,1.0,10000,151,42842,0.0414075451433809
sample,rotation,1.0,10000,152,42843,0.04284816753263426
sample,rotation,1.0,10000,153,42844,0.037691836671738706
sample,rotation,1.0,10000,154,42845,0.03707502003362498
sample,rotation,1.0,10000,155,42846,0.04217415110932749
sample,rotation,1.0,10000,156,42847,0.03461412432566741
sample,rotation,1.0,10000,157,42848,0.03912693177693824
sample,rotation,1.0,10000,158,42849,0.04420902420595283
sample,rotation,1.0,10000,159,42850,0.04201925362925449
sample,rotation,1.0,10000,160,42851,0.036208297980176184
sample,rotation,1.0,10000,161,42852,0.036071275024195944
sample,rotation,1.0,10000,162,42853,0.03750261321377303
sample,rotation,1.0,10000,163,42854,0.03546230830007558
sample,rotation,1.0,10000,164,42855,0.041727073646926356
sample,rotation,1.0,10000,165,42856,0.037092607549516377
sample,rotation,1.0,10000,166,42857,0.03352010257205119
sample,rotation,1.0,10000,167,42858,0.04731283220160909
sample,rotation,1.0,10000,168,42859,0.04003555590621653
sample,rotation,1.0,10000,169,42860,0.03943237591330681
sample,rotation,1.0,10000,170,42861,0.041145598878671294
sample,rotation,1.0,10000,171,42862,0.043624612809253074
sample,rotation,1.0,10000,172,42863,0.042643213075367566
sample,rotation,1.0,10000,173,42864,0.04299554191268
sample,rotation,1.0,10000,174,42865,0.03771887364564595
sample,rotation,1.0,10000,175,42866,0.037020932120467524
sample,rotation,1.0,10000,176,42867,0.0394108728632373
sample,rotation,1.0,10000,177,42868,0.03469791532826106
sample,rotation,1.0,10000,178,42869,0.03658323073173364
sample,rotation,1.0,10000,179,42870,0.037778278020667286
sample,rotation,1.0,10000,180,42871,0.0399508227032288
sample,rotation,1.0,10000,181,42872,0.04034185663865199
sample,rotation,1.0,10000,182,42873,0.040546656195416524
sample,rotation,1.0,10000,183,42874,0.036402640363920664
sample,rotation,1.0,10000,184,42875,0.04033192281715577
sample,rotation,1.0,10000,185,42876,0.03766529991026256
sample,rotation,1.0,10000,186,42877,0.03582619932648769
sample,rotation,1.0,10000,187,42878,0.05123385206588017
sample,rotation,1.0,10000,188,42879,0.03741640760738019
sample,rotation,1.0,10000,189,42880,0.04597383833918741
sample,rotation,1.0,10000,190,42881,0.03542578008940647
sample,rotation,1.0,10000,191,42882,0.03541353107058332
sample,rotation,1.0,10000,192,42883,0.046488822532907766
sample,rotation,1.0,10000,193,42884,0.0414064210673405
sample,rotation,1.0,10000,194,42885,0.03552879623217594
sample,rotation,1.0,10000,195,42886,0.04347350820891807
sample,rotation,1.0,10000,196,42887,0.041879864003521616
sample,rotation,1.0,10000,197,42888,0.036568023492203026
sample,rotation,1.0,10000,198,42889,0.0457813211050639
sample,rotation,1.0,10000,199,42890,0.05088690994257463
sample,sink,1.0,10000,0,32179,0.017088380364150734
sample,sink,1.0,10000,1,32180,0.016241573064484316
sample,sink,1.0,10000,2,32181,0.013413005986384376
sample,sink,1.0,10000,3,32182,0.013740711947308637
sample,sink,1.0,10000,4,32183,0.013854658985856626
sample,sink,1.0,10000,5,32184,0.014046993903899727
sample,sink,1.0,10000,6,32185,0.013197983999262516
sample,sink,1.0,10000,7,32186,0.016436872026399037
sample,sink,1.0,10000,8,32187,0.014372698385719546
sample,sink,1.0,10000,9,32188,0.013865210557383512
sample,sink,1.0,10000,10,32189,0.016702348360190016
sample,sink,1.0,10000,11,32190,0.01545040639371502
sample,sink,1.0,10000,12,32191,0.016081560456973114
sample,sink,1.0,10000,13,32192,0.01713693937902326
sample,sink,1.0,10000,14,32193,0.013859308471231806
sample,sink,1.0,10000,15,32194,0.012814549042224368
sample,sink,1.0,10000,16,32195,0.013588098350403506
sample,sink,1.0,10000,17,32196,0.01467482938632345
sample,sink,1.0,10000,18,32197,0.014353503328874079
sample,sink,1.0,10000,19,32198,0.014400526116164191
sample,sink,1.0,10000,20,32199,0.01287569456262585
sample,sink,1.0,10000,21,32200,0.0156685247547166
sample,sink,1.0,10000,22,32201,0.017397888669103384
sample,sink,1.0,10000,23,32202,0.01508354439920187
sample,sink,1.0,10000,24,32203,0.021856342365443093
sample,sink,1.0,10000,25,32204,0.01622224326068424
sample,sink,1.0,10000,26,32205,0.013547496801037265
sample,sink,1.0,10000,27,32206,0.015900696743898855
sample,sink,1.0,10000,28,32207,0.014649805711582416
sample,sink,1.0,10000,29,32208,0.014180286423936747
sample,sink,1.0,10000,30,32209,0.014445905317246314
sample,sink,1.0,10000,31,32210,0.01427988718637174
sample,sink,1.0,10000,32,32211,0.015626674752247615
sample,sink,1.0,10000,33,32212,0.015655228614338313
sample,sink,1.0,10000,34,32213,0.013390592422171567
sample,sink,1.0,10000,35,32214,0.012937463323035497
sample,sink,1.0,10000,36,32215,0.019737276009919213
sample,sink,1.0,10000,37,32216,0.024366736449407435
sample,sink,1.0,10000,38,32217,0.013802506756754799
sample,sink,1.0,10000,39,32218,0.015056849558115684
sample,sink,1.0,10000,40,32219,0.01531159765774436
sample,sink,1.0,10000,41,32220,0.014411452616905579
sample,sink,1.0,10000,42,32221,0.013653967705771018
sample,sink,1.0,10000,43,32222,0.013769730100755693
sample,sink,1.0,10000,44,32223,0.013321474111919676
sample,sink,1.0,10000,45,32224,0.01683397485628243
sample,sink,1.0,10000,46,32225,0.012488610522857881
sample,sink,1.0,10000,47,32226,0.014012828613572429
sample,sink,1.0,10000,48,32227,0.013696676316603606
sample,sink,1.0,10000,49,32228,0.013104991151548704
sample,sink,1.0,10000,50,32229,0.01673263996111745
sample,sink,1.0,10000,51,32230,0.014321623420246283
sample,sink,1.0,10000,52,32231,0.014473366956179371
sample,sink,1.0,10000,53,32232,0.013682748773515547
sample,sink,1.0,10000,54,32233,0.013942123139487377
sample,sink,1.0,10000,55,32234,0.015774911913581043
sample,sink,1.0,10000,56,32235,0.014165630189666706
sample,sink,1.0,10000,57,32236,0.019236801992263613
sample,sink,1.0,10000,58,32237,0.013280381950604714
sample,sink,1.0,10000,59,32238,0.013878556974169504
sample,sink,1.0,10000,60,32239,0.012815679037602735
sample,sink,1.0,10000,61,32240,0.012709476413545374
sample,sink,1.0,10000,62,32241,0.018983285944029885
sample,sink,1.0,10000,63,32242,0.014559759400582182
sample,sink,1.0,10000,64,32243,0.01308063731629374
sample,sink,1.0,10000,65,32244,0.01348036032443393
sample,sink,1.0,10000,66,32245,0.015793185070813655
sample,sink,1.0,10000,67,32246,0.015486188064468168
sample,sink,1.0,10000,68,32247,0.015032132236116644
sample,sink,1.0,10000,69,32248,0.013057835021009951
sample,sink,1.0,10000,70,32249,0.01263277866412327
sample,sink,1.0,10000,71,32250,0.013238749569666225
sample,sink,1.0,10000,72,32251,0.014726710323400671
sample,sink,1.0,10000,73,32252,0.016559638774567707
sample,sink,1.0,10000,74,32253,0.013435660957528843
sample,sink,1.0,10000,75,32254,0.016248743405672835
sample,sink,1.0,10000,76,32255,0.01440114706026784
sample,sink,1.0,10000,77,32256,0.0150237563506359
sample,sink,1.0,10000,78,32257,0.015140135523363497
sample,sink,1.0,10000,79,32258,0.019754549701376585
sample,sink,1.0,10000,80,32259,0.01265954311338711
sample,sink,1.0,10000,81,32260,0.01827586471272233
sample,sink,1.0,10000,82,32261,0.012710162456501856
sample,sink,1.0,10000,83,32262,0.015567078122509138
sample,sink,1.0,10000,84,32263,0.014031301983762524
sample,sink,1.0,10000,85,32264,0.01349579195226768
sample,sink,1.0,10000,86,32265,0.013752834898010567
sample,sink,1.0,10000,87,32266,0.013424434715946069
sample,sink,1.0,10000,88,32267,0.013801440769255451
sample,sink,1.0,10000,89,32268,0.013448039670007754
sample,sink,1.0,10000,90,32269,0.014683645424032426
sample,sink,1.0,10000,91,32270,0.014388449014959278
sample,sink,1.0,10000,92,32271,0.013732334143372727
sample,sink,1.0,10000,93,32272,0.01388969850739553
sample,sink,1.0,10000,94,32273,0.012235108470572997
sample,sink,1.0,10000,95,32274,0.013841532326258775
sample,sink,1.0,10000,96,32275,0.014161490273351746
sample,sink,1.0,10000,97,32276,0.016160524481841267
sample,sink,1.0,10000,98,32277,0.013606401343955042
sample,sink,1.0,10000,99,32278,0.01361445256181597
sample,sink,1.0,10000,100,32279,0.014499123954219937
sample,sink,1.0,10000,101,32280,0.012617941722583209
sample,sink,1.0,10000,102,32281,0.013274066554159913
sample,sink,1.0,10000,103,32282,0.015307672498278095
sample,sink,1.0,10000,104,32283,0.020212472145695572
sample,sink,1.0,10000,105,32284,0.013098059686101109
sample,sink,1.0,10000,106,32285,0.014201583251509099
sample,sink,1.0,10000,107,32286,0.01584027385276889
sample,sink,1.0,10000,108,32287,0.014046557860183452
sample,sink,1.0,10000,109,32288,0.013510072491832175
sample,sink,1.0,10000,110,32289,0.01731458797757409
sample,sink,1.0,10000,111,32290,0.014760234626243837
sample,sink,1.0,10000,112,32291,0.014710589382341606
sample,sink,1.0,10000,113,32292,0.013122002743654076
sample,sink,1.0,10000,114,32293,0.018207578721108373
sample,sink,1.0,10000,115,32294,0.014999356893437005
sample,sink,1.0,10000,116,32295,0.01482880229895201
sample,sink,1.0,10000,117,32296,0.016574467919799465
sample,sink,1.0,10000,118,32297,0.013819515058277027
sample,sink,1.0,10000,119,32298,0.013385186566394203
sample,sink,1.0,10000,120,32299,0.013050581835658801
sample,sink,1.0,10000,121,32300,0.014323265546227634
sample,sink,1.0,10000,122,32301,0.014697235879249693
sample,sink,1.0,10000,123,32302,0.014325296387924654
sample,sink,1.0,10000,124,32303,0.014764392472033074
sample,sink,1.0,10000,125,32304,0.012604405812093898
sample,sink,1.0,10000,126,32305,0.01431513343012394
sample,sink,1.0,10000,127,32306,0.0125931692606266
sample,sink,1.0,10000,128,32307,0.01995533295204669
sample,sink,1.0,10000,129,32308,0.01268072617482674
sample,sink,1.0,10000,130,32309,0.012740129258658377
sample,sink,1.0,10000,131,32310,0.014432859629616976
sample,sink,1.0,10000,132,32311,0.013596256058046475
sample,sink,1.0,10000,133,32312,0.014020747288126313
sample,sink,1.0,10000,134,32313,0.013584592691223299
sample,sink,1.0,10000,135,32314,0.015009079456734478
sample,sink,1.0,10000,136,32315,0.012800775903231048
sample,sink,1.0,10000,137,32316,0.015550538893732419
sample,sink,1.0,10000,138,32317,0.01503454830107338
sample,sink,1.0,10000,139,32318,0.01580885713428977
sample,sink,1.0,10000,140,32319,0.013844909250179385
sample,sink,1.0,10000,141,32320,0.014292549952394651
sample,sink,1.0,10000,142,32321,0.014917469512308573
sample,sink,1.0,10000,143,32322,0.015064796670947204
sample,sink,1.0,10000,144,32323,0.014398422674607352
sample,sink,1.0,10000,145,32324,0.013642853253683371
sample,sink,1.0,10000,146,32325,0.01419793371979867
sample,sink,1.0,10000,147,32326,0.015052050845194042
sample,sink,1.0,10000,148,32327,0.017525928841021783
sample,sink,1.0,10000,149,32328,0.016021283537132766
sample,sink,1.0,10000,150,32329,0.01604010951901594
sample,sink,1.0,10000,151,32330,0.0123305096172443
sample,sink,1.0,10000,152,32331,0.014820045374395345
sample,sink,1.0,10000,153,32332,0.014427048987703866
sample,sink,1.0,10000,154,32333,0.016205156950813898
sample,sink,1.0,10000,155,32334,0.01473886615943692
sample,sink,1.0,10000,156,32335,0.013576059153304742
sample,sink,1.0,10000,157,32336,0.014804709641154016
sample,sink,1.0,10000,158,32337,0.014139793432485642
sample,sink,1.0,10000,159,32338,0.01357031368400656
sample,sink,1.0,10000,160,32339,0.014515710283715209
sample,sink,1.0,10000,161,32340,0.014972286362458145
sample,sink,1.0,10000,162,32341,0.013467566337370212
sample,sink,1.0,10000,163,32342,0.014605862555954509
sample,sink,1.0,10000,164,32343,0.015664595757371533
sample,sink,1.0,10000,165,32344,0.013611260108638033
sample,sink,1.0,10000,166,32345,0.015632923966578068
sample,sink,1.0,10000,167,32346,0.01941650321637056
sample,sink,1.0,10000,168,32347,0.014652860960405807
sample,sink,1.0,10000,169,32348,0.01477165807137816
sample,sink,1.0,10000,170,32349,0.01491305484475867
sample,sink,1.0,10000,171,32350,0.015694761324382012
sample,sink,1.0,10000,172,32351,0.014713157965630342
sample,sink,1.0,10000,173,32352,0.014346263537656492
sample,sink,1.0,10000,174,32353,0.014114371747867501
sample,sink,1.0,10000,175,32354,0.017083187941568975
sample,sink,1.0,10000,176,32355,0.013368989158404801
sample,sink,1.0,10000,177,32356,0.014474474034001168
sample,sink,1.0,10000,178,32357,0.014460480374145329
sample,sink,1.0,10000,179,32358,0.022917560954979998
sample,sink,1.0,10000,180,32359,0.013646623665827345
sample,sink,1.0,10000,181,32360,0.014252623525032598
sample,sink,1.0,10000,182,32361,0.017752863473540555
sample,sink,1.0,10000,183,32362,0.015620487213396582
sample,sink,1.0,10000,184,32363,0.014588716878764571
sample,sink,1.0,10000,185,32364,0.01471883504500508
sample,sink,1.0,10000,186,32365,0.014536284859205438
sample,sink,1.0,10000,187,32366,0.01569831081362634
sample,sink,1.0,10000,188,32367,0.01281506791319346
sample,sink,1.0,10000,189,32368,0.015257404566496827
sample,sink,1.0,10000,190,32369,0.01232665791118114
sample,sink,1.0,10000,191,32370,0.014174701668492324
sample,sink,1.0,10000,192,32371,0.013561579441232022
sample,sink,1.0,10000,193,32372,0.01513343837820825
sample,sink,1.0,10000,194,32373,0.01498784364981613
sample,sink,1.0,10000,195,32374,0.016687445122664655
sample,sink,1.0,10000,196,32375,0.01631479236281316
sample,sink,1.0,10000,197,32376,0.014370061323149802
sample,sink,1.0,10000,198,32377,0.013602562129626971
sample,sink,1.0,10000,199,32378,0.01516048620558085
sample,cubic,1.0,10000,0,34552,0.012620014335666408
sample,cubic,1.0,10000,1,34553,0.010778945322234463
sample,cubic,1.0,10000,2,34554,0.011808750923990767
sample,cubic,1.0,10000,3,34555,0.012016790691385747
sample,cubic,1.0,10000,4,34556,0.009164360231631773
sample,cubic,1.0,10000,5,34557,0.02015542799131945
sample,cubic,1.0,10000,6,34558,0.017374750978925966
sample,cubic,1.0,10000,7,34559,0.013142836455592638
sample,cubic,1.0,10000,8,34560,0.011225383425076138
sample,cubic,1.0,10000,9,34561,0.0101075565162689
sample,cubic,1.0,10000,10,34562,0.011329440061623433
sample,cubic,1.0,10000,11,34563,0.011171872648056157
sample,cubic,1.0,10000,12,34564,0.012317378727598357
sample,cubic,1.0,10000,13,34565,0.011974635427016971
sample,cubic,1.0,10000,14,34566,0.022794253863754742
sample,cubic,1.0,10000,15,34567,0.009998100150346911
sample,cubic,1.0,10000,16,34568,0.020023561003997218
sample,cubic,1.0,10000,17,34569,0.011218796078661246
sample,cubic,1.0,10000,18,34570,0.012221515457797084
sample,cubic,1.0,10000,19,34571,0.009757619208390281
sample,cubic,1.0,10000,20,34572,0.011494753346662919
sample,cubic,1.0,10000,21,34573,0.015188916045042604
sample,cubic,1.0,10000,22,34574,0.010056591396051279
sample,cubic,1.0,10000,23,34575,0.02303448621906385
sample,cubic,1.0,10000,24,34576,0.011212525984047001
sample,cubic,1.0,10000,25,34577,0.017107406889907757
sample,cubic,1.0,10000,26,34578,0.012126118682290275
sample,cubic,1.0,10000,27,34579,0.013280771316154676
sample,cubic,1.0,10000,28,34580,0.011786250600821281
sample,cubic,1.0,10000,29,34581,0.008742726499639768
sample,cubic,1.0,10000,30,34582,0.010820131853257515
sample,cubic,1.0,10000,31,34583,0.017795180387444286
sample,cubic,1.0,10000,32,34584,0.010173278861063895
sample,cubic,1.0,10000,33,34585,0.02413319922515716
sample,cubic,1.0,10000,34,34586,0.009927299805751157
sample,cubic,1.0,10000,35,34587,0.013216247781735156
sample,cubic,1.0,10000,36,34588,0.030001802161624777
sample,cubic,1.0,10000,37,34589,0.011842507749818522
sample,cubic,1.0,10000,38,34590,0.024517341991657466
sample,cubic,1.0,10000,39,34591,0.010181716786951761
sample,cubic,1.0,10000,40,34592,0.011036891802729782
sample,cubic,1.0,10000,41,34593,0.01184415643712353
sample,cubic,1.0,10000,42,34594,0.022932404402686155
sample,cubic,1.0,10000,43,34595,0.01311420368394741
sample,cubic,1.0,10000,44,34596,0.012127825120667056
sample,cubic,1.0,10000,45,34597,0.01127251228683848
sample,cubic,1.0,10000,46,34598,0.009435726017120062
sample,cubic,1.0,10000,47,34599,0.010714093389322853
sample,cubic,1.0,10000,48,34600,0.01605097677237607
sample,cubic,1.0,10000,49,34601,0.011816019137298019
sample,cubic,1.0,10000,50,34602,0.011771747794421748
sample,cubic,1.0,10000,51,34603,0.0107591776566345
sample,cubic,1.0,10000,52,34604,0.010164913744012447
sample,cubic,1.0,10000,53,34605,0.010752082505726322
sample,cubic,1.0,10000,54,34606,0.010908333252526438
sample,cubic,1.0,10000,55,34607,0.010265269352356983
sample,cubic,1.0,10000,56,34608,0.017299156951810214
sample,cubic,1.0,10000,57,34609,0.011529145020737921
sample,cubic,1.0,10000,58,34610,0.020398820232292787
sample,cubic,1.0,10000,59,34611,0.013453793416328932
sample,cubic,1.0,10000,60,34612,0.014226439304275253
sample,cubic,1.0,10000,61,34613,0.013486766825705659
sample,cubic,1.0,10000,62,34614,0.014463981086455925
sample,cubic,1.0,10000,63,34615,0.01321671545400964
sample,cubic,1.0,10000,64,34616,0.011206217268142494
sample,cubic,1.0,10000,65,34617,0.013670457405833761
sample,cubic,1.0,10000,66,34618,0.0342563532400457
sample,cubic,1.0,10000,67,34619,0.010312714042564564
sample,cubic,1.0,10000,68,34620,0.014819938526457044
sample,cubic,1.0,10000,69,34621,0.011191409977082635
sample,cubic,1.0,10000,70,34622,0.010840527312569005
sample,cubic,1.0,10000,71,34623,0.01130198878964876
sample,cubic,1.0,10000,72,34624,0.012353492266148397
sample,cubic,1.0,10000,73,34625,0.02002708387307783
sample,cubic,1.0,10000,74,34626,0.01666450118739964
sample,cubic,1.0,10000,75,34627,0.009828027700900022
sample,cubic,1.0,10000,76,34628,0.010040480215177706
sample,cubic,1.0,10000,77,34629,0.011502734837559836
sample,cubic,1.0,10000,78,34630,0.012632928788994593
sample,cubic,1.0,10000,79,34631,0.0189041639690568
sample,cubic,1.0,10000,80,34632,0.012489996269375676
sample,cubic,1.0,10000,81,34633,0.010994769194890211
sample,cubic,1.0,10000,82,34634,0.010026883922053753
sample,cubic,1.0,10000,83,34635,0.012033830077485291
sample,cubic,1.0,10000,84,34636,0.012863921163439138
sample,cubic,1.0,10000,85,34637,0.010701804566627341
sample,cubic,1.0,10000,86,34638,0.010227631472099893
sample,cubic,1.0,10000,87,34639,0.009135115683042665
sample,cubic,1.0,10000,88,34640,0.011853409940859363
sample,cubic,1.0,10000,89,34641,0.011791051283914888
sample,cubic,1.0,10000,90,34642,0.01452956652170953
sample,cubic,1.0,10000,91,34643,0.016736428117370982
sample,cubic,1.0,10000,92,34644,0.011819247098616233
sample,cubic,1.0,10000,93,34645,0.014632101934052434
sample,cubic,1.0,10000,94,34646,0.011992204767102372
sample,cubic,1.0,10000,95,34647,0.011848476140266375
sample,cubic,1.0,10000,96,34648,0.014376376859905726
sample,cubic,1.0,10000,97,34649,0.011199362427233442
sample,cubic,1.0,10000,98,34650,0.013715330103747524
sample,cubic,1.0,10000,99,34651,0.015742400965819102
sample,cubic,1.0,10000,100,34652,0.009756686683231453
sample,cubic,1.0,10000,101,34653,0.017233451966816825
sample,cubic,1.0,10000,102,34654,0.01888714212570907
sample,cubic,1.0,10000,103,34655,0.01264992873029563
sample,cubic,1.0,10000,104,34656,0.01102194995806698
sample,cubic,1.0,10000,105,34657,0.00998374243578849
sample,cubic,1.0,10000,106,34658,0.01007409171574646
sample,cubic,1.0,10000,107,34659,0.017275637562412134
sample,cubic,1.0,10000,108,34660,0.008889244287633265
sample,cubic,1.0,10000,109,34661,0.0177782541852038
sample,cubic,1.0,10000,110,34662,0.012737536366962203
sample,cubic,1.0,10000,111,34663,0.016740662229185806
sample,cubic,1.0,10000,112,34664,0.021922742628199137
sample,cubic,1.0,10000,113,34665,0.0112627041789354
sample,cubic,1.0,10000,114,34666,0.011226213084837063
sample,cubic,1.0,10000,115,34667,0.011070973645106561
sample,cubic,1.0,10000,116,34668,0.03865034907908558
sample,cubic,1.0,10000,117,34669,0.012790657598473271
sample,cubic,1.0,10000,118,34670,0.013061203610720638
sample,cubic,1.0,10000,119,34671,0.010838001065997702
sample,cubic,1.0,10000,120,34672,0.011429574720843981
sample,cubic,1.0,10000,121,34673,0.009622114686111849
sample,cubic,1.0,10000,122,34674,0.01273569411821751
sample,cubic,1.0,10000,123,34675,0.010075790799804387
sample,cubic,1.0,10000,124,34676,0.00996627925851899
sample,cubic,1.0,10000,125,34677,0.011643764821560964
sample,cubic,1.0,10000,126,34678,0.012992104015625706
sample,cubic,1.0,10000,127,34679,0.011971556251266585
sample,cubic,1.0,10000,128,34680,0.012207309653268682
sample,cubic,1.0,10000,129,34681,0.016648475737425887
sample,cubic,1.0,10000,130,34682,0.009639181629028456
sample,cubic,1.0,10000,131,34683,0.012000211837703847
sample,cubic,1.0,10000,132,34684,0.009546860025503364
sample,cubic,1.0,10000,133,34685,0.011330720856419963
sample,cubic,1.0,10000,134,34686,0.010319399249294673
sample,cubic,1.0,10000,135,34687,0.011117770436034001
sample,cubic,1.0,10000,136,34688,0.011317507959070027
sample,cubic,1.0,10000,137,34689,0.011384889699360252
sample,cubic,1.0,10000,138,34690,0.018863276298882646
sample,cubic,1.0,10000,139,34691,0.010252412669712802
sample,cubic,1.0,10000,140,34692,0.01005083822503344
sample,cubic,1.0,10000,141,34693,0.015179149642351975
sample,cubic,1.0,10000,142,34694,0.010185657302731481
sample,cubic,1.0,10000,143,34695,0.014258157742425843
sample,cubic,1.0,10000,144,34696,0.011072473199948038
sample,cubic,1.0,10000,145,34697,0.010903697447972989
sample,cubic,1.0,10000,146,34698,0.009973236180872432
sample,cubic,1.0,10000,147,34699,0.013910672122969078
sample,cubic,1.0,10000,148,34700,0.010690717984699963
sample,cubic,1.0,10000,149,34701,0.014298406898494953
sample,cubic,1.0,10000,150,34702,0.009571929392641189
sample,cubic,1.0,10000,151,34703,0.013684838011230618
sample,cubic,1.0,10000,152,34704,0.009935119200789518
sample,cubic,1.0,10000,153,34705,0.01757691391012782
sample,cubic,1.0,10000,154,34706,0.011062900221886971
sample,cubic,1.0,10000,155,34707,0.019853070074508927
sample,cubic,1.0,10000,156,34708,0.02054322019689916
sample,cubic,1.0,10000,157,34709,0.012192237899526186
sample,cubic,1.0,10000,158,34710,0.024624644623756204
sample,cubic,1.0,10000,159,34711,0.017780104245832856
sample,cubic,1.0,10000,160,34712,0.011336126635451428
sample,cubic,1.0,10000,161,34713,0.01117324364513718
sample,cubic,1.0,10000,162,34714,0.012637878891715183
sample,cubic,1.0,10000,163,34715,0.009270537638964092
sample,cubic,1.0,10000,164,34716,0.019996730473126997
sample,cubic,1.0,10000,165,34717,0.009553499194930794
sample,cubic,1.0,10000,166,34718,0.009966624826660272
sample,cubic,1.0,10000,167,34719,0.010902010965235447
sample,cubic,1.0,10000,168,34720,0.009369952735790816
sample,cubic,1.0,10000,169,34721,0.01229537934505982
sample,cubic,1.0,10000,170,34722,0.00938127656175171
sample,cubic,1.0,10000,171,34723,0.009755883266724594
sample,cubic,1.0,10000,172,34724,0.0123469241221431
sample,cubic,1.0,10000,173,34725,0.009932355480497684
sample,cubic,1.0,10000,174,34726,0.010638628270434596
sample,cubic,1.0,10000,175,34727,0.012559196523769835
sample,cubic,1.0,10000,176,34728,0.011428834455712814
sample,cubic,1.0,10000,177,34729,0.016319632355789274
sample,cubic,1.0,10000,178,34730,0.01214030531792938
sample,cubic,1.0,10000,179,34731,0.010305763025029795
sample,cubic,1.0,10000,180,34732,0.016550059634770135
sample,cubic,1.0,10000,181,34733,0.012524109042150258
sample,cubic,1.0,10000,182,34734,0.011530857817807539
sample,cubic,1.0,10000,183,34735,0.010351974320779568
sample,cubic,1.0,10000,184,34736,0.009888783691394846
sample,cubic,1.0,10000,185,34737,0.013058837734982436
sample,cubic,1.0,10000,186,34738,0.010591988852960615
sample,cubic,1.0,10000,187,34739,0.01403340553340547
sample,cubic,1.0,10000,188,34740,0.013181346317222179
sample,cubic,1.0,10000,189,34741,0.01152591038215697
sample,cubic,1.0,10000,190,34742,0.011898553955158077
sample,cubic,1.0,10000,191,34743,0.017124829409704174
sample,cubic,1.0,10000,192,34744,0.013395101017070013
sample,cubic,1.0,10000,193,34745,0.010376217357766832
sample,cubic,1.0,10000,194,34746,0.01806719519995332
sample,cubic,1.0,10000,195,34747,0.013677604668700188
sample,cubic,1.0,10000,196,34748,0.011044695675868597
sample,cubic,1.0,10000,197,34749,0.012125050620832288
sample,cubic,1.0,10000,198,34750,0.014179607490422607
sample,cubic,1.0,10000,199,34751,0.019971666368156
sample,expanding,1.0,3000,0,43683,0.10275354392101767
sample,expanding,1.0,3000,1,43684,0.15561977102255348
sample,expanding,1.0,3000,2,43685,0.17816160215058074
sample,expanding,1.0,3000,3,43686,0.09860540793155513
sample,expanding,1.0,3000,4,43687,0.12030053991829597
sample,expanding,1.0,3000,5,43688,0.12778382414438016
sample,expanding,1.0,3000,6,43689,0.11155002500300526
sample,expanding,1.0,3000,7,43690,0.1186589294383042
sample,expanding,1.0,3000,8,43691,0.1122574135546381
sample,expanding,1.0,3000,9,43692,0.12580272947784873
sample,expanding,1.0,3000,10,43693,0.1360920394301655
sample,expanding,1.0,3000,11,43694,0.12413370136083285
sample,expanding,1.0,3000,12,43695,0.12105249252305395
sample,expanding,1.0,3000,13,43696,0.1180375279133173
sample,expanding,1.0,3000,14,43697,0.12203554258010782
sample,expanding,1.0,3000,15,43698,0.10981688694896899
sample,expanding,1.0,3000,16,43699,0.10628132307203038
sample,expanding,1.0,3000,17,43700,0.15729559112105235
sample,expanding,1.0,3000,18,43701,0.1309546999857133
sample,expanding,1.0,3000,19,43702,0.10416481660494814
sample,expanding,1.0,3000,20,43703,0.11867062825967817
sample,expanding,1.0,3000,21,43704,0.11208051751849991
sample,expanding,1.0,3000,22,43705,0.12899851922709357
sample,expanding,1.0,3000,23,43706,0.09772690968241826
sample,expanding,1.0,3000,24,43707,0.11394226624917925
sample,expanding,1.0,3000,25,43708,0.11756960460006023
sample,expanding,1.0,3000,26,43709,0.11038531776569092
sample,expanding,1.0,3000,27,43710,0.09927129019233286
sample,expanding,1.0,3000,28,43711,0.11362009220887584
sample,expanding,1.0,3000,29,43712,0.10798544487120962
sample,expanding,1.0,3000,30,43713,0.1076528260019326
sample,expanding,1.0,3000,31,43714,0.09350495330058849
sample,expanding,1.0,3000,32,43715,0.14808522373205824
sample,expanding,1.0,3000,33,43716,0.14913436565993338
sample,expanding,1.0,3000,34,43717,0.1140840673206259
sample,expanding,1.0,3000,35,43718,0.1010871296109318
sample,expanding,1.0,3000,36,43719,0.11586732563408417
sample,expanding,1.0,3000,37,43720,0.10676697869822808
sample,expanding,1.0,3000,38,43721,0.11901918200491174
sample,expanding,1.0,3000,39,43722,0.11881271394872235
sample,expanding,1.0,3000,40,43723,0.12788488717595256
sample,expanding,1.0,3000,41,43724,0.10554535580147673
sample,expanding,1.0,3000,42,43725,0.10530995996753123
sample,expanding,1.0,3000,43,43726,0.10149050502347515
sample,expanding,1.0,3000,44,43727,0.09783123576412828
sample,expanding,1.0,3000,45,43728,0.1181244355178925
sample,expanding,1.0,3000,46,43729,0.11684468573182046
sample,expanding,1.0,3000,47,43730,0.1561067052642533
sample,expanding,1.0,3000,48,43731,0.09979793643800386
sample,expanding,1.0,3000,49,43732,0.15935127861991943
sample,expanding,1.0,3000,50,43733,0.12838433218842027
sample,expanding,1.0,3000,51,43734,0.14595080762423623
sample,expanding,1.0,3000,52,43735,0.11686544624194706
sample,expanding,1.0,3000,53,43736,0.11669183026289366
sample,expanding,1.0,3000,54,43737,0.09380536643987075
sample,expanding,1.0,3000,55,43738,0.10510276698135736
sample,expanding,1.0,3000,56,43739,0.11800510285713017
sample,expanding,1.0,3000,57,43740,0.146207815000889
sample,expanding,1.0,3000,58,43741,0.1204445852518339
sample,expanding,1.0,3000,59,43742,0.11302640257010714
sample,expanding,1.0,3000,60,43743,0.1129160522580034
sample,expanding,1.0,3000,61,43744,0.11061527492358693
sample,expanding,1.0,3000,62,43745,0.1037917815169771
sample,expanding,1.0,3000,63,43746,0.10454401845049037
sample,expanding,1.0,3000,64,43747,0.10967815958679489
sample,expanding,1.0,3000,65,43748,0.11126827063504101
sample,expanding,1.0,3000,66,43749,0.10922405362487675
sample,expanding,1.0,3000,67,43750,0.10496002424869376
sample,expanding,1.0,3000,68,43751,0.11362353562394874
sample,expanding,1.0,3000,69,43752,0.12773875237212587
sample,expanding,1.0,3000,70,43753,0.11820704112261023
sample,expanding,1.0,3000,71,43754,0.10396004853112478
sample,expanding,1.0,3000,72,43755,0.12209823275792846
sample,expanding,1.0,3000,73,43756,0.10832583339167168
sample,expanding,1.0,3000,74,43757,0.1953203574211738
sample,expanding,1.0,3000,75,43758,0.1262739088770405
sample,expanding,1.0,3000,76,43759,0.12735631724909288
sample,expanding,1.0,3000,77,43760,0.10498093722610703
sample,expanding,1.0,3000,78,43761,0.10200510619348967
sample,expanding,1.0,3000,79,43762,0.1549805223737087
sample,expanding,1.0,3000,80,43763,0.1345515918323331
sample,expanding,1.0,3000,81,43764,0.09995934885848203
sample,expanding,1.0,3000,82,43765,0.16686687873979314
sample,expanding,1.0,3000,83,43766,0.11034283024106983
sample,expanding,1.0,3000,84,43767,0.13714305534024582
sample,expanding,1.0,3000,85,43768,0.1032788929020417
sample,expanding,1.0,3000,86,43769,0.103817559168211
sample,expanding,1.0,3000,87,43770,0.09654173337399048
sample,expanding,1.0,3000,88,43771,0.1537498631481495
sample,expanding,1.0,3000,89,43772,0.11636404450403481
sample,expanding,1.0,3000,90,43773,0.11310883275977289
sample,expanding,1.0,3000,91,43774,0.10236712310891892
sample,expanding,1.0,3000,92,43775,0.09985986660359353
sample,expanding,1.0,3000,93,43776,0.14305357821763837
sample,expanding,1.0,3000,94,43777,0.141892732925169
sample,expanding,1.0,3000,95,43778,0.1080263120059096
sample,expanding,1.0,3000,96,43779,0.10330385581274337
sample,expanding,1.0,3000,97,43780,0.11932891109328268
sample,expanding,1.0,3000,98,43781,0.13863302644607953
sample,expanding,1.0,3000,99,43782,0.09944202720360153
sample,expanding,1.0,3000,100,43783,0.10477652441148352
sample,expanding,1.0,3000,101,43784,0.15807141052069185
sample,expanding,1.0,3000,102,43785,0.13002400088940536
sample,expanding,1.0,3000,103,43786,0.1422529585426883
sample,expanding,1.0,3000,104,43787,0.12697199506135445
sample,expanding,1.0,3000,105,43788,0.11439473726854144
sample,expanding,1.0,3000,106,43789,0.10879839629690596
sample,expanding,1.0,3000,107,43790,0.10752322544953788
sample,expanding,1.0,3000,108,43791,0.12022964578975337
sample,expanding,1.0,3000,109,43792,0.17950704527243144
sample,expanding,1.0,3000,110,43793,0.10742452690605722
sample,expanding,1.0,3000,111,43794,0.13891590771677287
sample,expanding,1.0,3000,112,43795,0.11863299225903995
sample,expanding,1.0,3000,113,43796,0.10840827800948022
sample,expanding,1.0,3000,114,43797,0.12002508324547957
sample,expanding,1.0,3000,115,43798,0.1353850132139848
sample,expanding,1.0,3000,116,43799,0.10585336757486061
sample,expanding,1.0,3000,117,43800,0.10517579247928237
sample,expanding,1.0,3000,118,43801,0.12458292511317264
sample,expanding,1.0,3000,119,43802,0.11003281758354569
sample,expanding,1.0,3000,120,43803,0.1071705952026387
sample,expanding,1.0,3000,121,43804,0.1059509527552168
sample,expanding,1.0,3000,122,43805,0.0983278686720192
sample,expanding,1.0,3000,123,43806,0.11532007100721635
sample,expanding,1.0,3000,124,43807,0.1601238707265689
sample,expanding,1.0,3000,125,43808,0.1219116909945928
sample,expanding,1.0,3000,126,43809,0.11848346315985367
sample,expanding,1.0,3000,127,43810,0.10200545018246343
sample,expanding,1.0,3000,128,43811,0.10547770823325316
sample,expanding,1.0,3000,129,43812,0.10611423324586076
sample,expanding,1.0,3000,130,43813,0.13464131446835192
sample,expanding,1.0,3000,131,43814,0.10323314135061701
sample,expanding,1.0,3000,132,43815,0.11548012687129128
sample,expanding,1.0,3000,133,43816,0.1132779481407475
sample,expanding,1.0,3000,134,43817,0.10801300138311826
sample,expanding,1.0,3000,135,43818,0.10045912675414516
sample,expanding,1.0,3000,136,43819,0.11230527616045476
sample,expanding,1.0,3000,137,43820,0.11042785965316608
sample,expanding,1.0,3000,138,43821,0.12000417442296127
sample,expanding,1.0,3000,139,43822,0.0976722695487192
sample,expanding,1.0,3000,140,43823,0.11115900115900235
sample,expanding,1.0,3000,141,43824,0.12432452518295739
sample,expanding,1.0,3000,142,43825,0.1453367085399478
sample,expanding,1.0,3000,143,43826,0.11143552648541702
sample,expanding,1.0,3000,144,43827,0.11175693559464311
sample,expanding,1.0,3000,145,43828,0.15393393605291922
sample,expanding,1.0,3000,146,43829,0.1305022914145488
sample,expanding,1.0,3000,147,43830,0.11593794865277782
sample,expanding,1.0,3000,148,43831,0.11248226860956782
sample,expanding,1.0,3000,149,43832,0.11190047417480933
sample,expanding,1.0,3000,150,43833,0.09738071834560398
sample,expanding,1.0,3000,151,43834,0.1043142262032667
sample,expanding,1.0,3000,152,43835,0.10242657811900832
sample,expanding,1.0,3000,153,43836,0.12333015636438574
sample,expanding,1.0,3000,154,43837,0.10626175887081109
sample,expanding,1.0,3000,155,43838,0.120038068985058
sample,expanding,1.0,3000,156,43839,0.11093419880639277
sample,expanding,1.0,3000,157,43840,0.10210658318590657
sample,expanding,1.0,3000,158,43841,0.12269959661378947
sample,expanding,1.0,3000,159,43842,0.11216086735063731
sample,expanding,1.0,3000,160,43843,0.1081120939929959
sample,expanding,1.0,3000,161,43844,0.11053192161960351
sample,expanding,1.0,3000,162,43845,0.11006071092717282
sample,expanding,1.0,3000,163,43846,0.10508512136191173
sample,expanding,1.0,3000,164,43847,0.11061755844333511
sample,expanding,1.0,3000,165,43848,0.10248990668714285
sample,expanding,1.0,3000,166,43849,0.10707262120728388
sample,expanding,1.0,3000,167,43850,0.10625479597486488
sample,expanding,1.0,3000,168,43851,0.11035781308930012
sample,expanding,1.0,3000,169,43852,0.10590515397083732
sample,expanding,1.0,3000,170,43853,0.11894691086923083
sample,expanding,1.0,3000,171,43854,0.11285979381642565
sample,expanding,1.0,3000,172,43855,0.1006175536986615
sample,expanding,1.0,3000,173,43856,0.10309168032272809
sample,expanding,1.0,3000,174,43857,0.13445557246575912
sample,expanding,1.0,3000,175,43858,0.11650155635907569
sample,expanding,1.0,3000,176,43859,0.10938063761808497
sample,expanding,1.0,3000,177,43860,0.11683645249697905
sample,expanding,1.0,3000,178,43861,0.12116329583204201
sample,expanding,1.0,3000,179,43862,0.14409553833301542
sample,expanding,1.0,3000,180,43863,0.10910053803034322
sample,expanding,1.0,3000,181,43864,0.10356787046467562
sample,expanding,1.0,3000,182,43865,0.11667739424000775
sample,expanding,1.0,3000,183,43866,0.10650164337318428
sample,expanding,1.0,3000,184,43867,0.1499731749643222
sample,expanding,1.0,3000,185,43868,0.10391124096881157
sample,expanding,1.0,3000,186,43869,0.12081363022416636
sample,expanding,1.0,3000,187,43870,0.10661348869445829
sample,expanding,1.0,3000,188,43871,0.09944642697487098
sample,expanding,1.0,3000,189,43872,0.11069739131662126
sample,expanding,1.0,3000,190,43873,0.11403239151073073
sample,expanding,1.0,3000,191,43874,0.11561321524059533
sample,expanding,1.0,3000,192,43875,0.13546551126443854
sample,expanding,1.0,3000,193,43876,0.1443291206907171
sample,expanding,1.0,3000,194,43877,0.10515776615815657
sample,expanding,1.0,3000,195,43878,0.1443352307143784
sample,expanding,1.0,3000,196,43879,0.11806585033771051
sample,expanding,1.0,3000,197,43880,0.12401539563862952
sample,expanding,1.0,3000,198,43881,0.1431258518155813
sample,expanding,1.0,3000,199,43882,0.12289026086030064
sample,rotation,1.0,3000,0,40997,0.06599501697446065
sample,rotation,1.0,3000,1,40998,0.056816577950070446
sample,rotation,1.0,3000,2,40999,0.06696865682619857
sample,rotation,1.0,3000,3,41000,0.06176428954515771
sample,rotation,1.0,3000,4,41001,0.08461350040946022
sample,rotation,1.0,3000,5,41002,0.06531538456970659
sample,rotation,1.0,3000,6,41003,0.06578544616412493
sample,rotation,1.0,3000,7,41004,0.07194983574107246
sample,rotation,1.0,3000,8,41005,0.06885680842304867
sample,rotation,1.0,3000,9,41006,0.0680205917811495
sample,rotation,1.0,3000,10,41007,0.07059617283459803
sample,rotation,1.0,3000,11,41008,0.07802308539299438
sample,rotation,1.0,3000,12,41009,0.06326118410379258
sample,rotation,1.0,3000,13,41010,0.07280162900987344
sample,rotation,1.0,3000,14,41011,0.06288427065318007
sample,rotation,1.0,3000,15,41012,0.0784405351868227
sample,rotation,1.0,3000,16,41013,0.07125534135519923
sample,rotation,1.0,3000,17,41014,0.06447647010184089
sample,rotation,1.0,3000,18,41015,0.06077791745304171
sample,rotation,1.0,3000,19,41016,0.07125973352929986
sample,rotation,1.0,3000,20,41017,0.057971435059325824
sample,rotation,1.0,3000,21,41018,0.06763730924468124
sample,rotation,1.0,3000,22,41019,0.06130812774077636
sample,rotation,1.0,3000,23,41020,0.07714254198825507
sample,rotation,1.0,3000,24,41021,0.06833112817268858
sample,rotation,1.0,3000,25,41022,0.07299327010015388
sample,rotation,1.0,3000,26,41023,0.07839149784190036
sample,rotation,1.0,3000,27,41024,0.06047995715237198
sample,rotation,1.0,3000,28,41025,0.07039606095826949
sample,rotation,1.0,3000,29,41026,0.061412560928326324
sample,rotation,1.0,3000,30,41027,0.06832208800205944
sample,rotation,1.0,3000,31,41028,0.06608881155620944
sample,rotation,1.0,3000,32,41029,0.06633506512851547
sample,rotation,1.0,3000,33,41030,0.06368453577400122
sample,rotation,1.0,3000,34,41031,0.07222622885130155
sample,rotation,1.0,3000,35,41032,0.06758922407120001
sample,rotation,1.0,3000,36,41033,0.06940003611391155
sample,rotation,1.0,3000,37,41034,0.0766526638785953
sample,rotation,1.0,3000,38,41035,0.07148226558724215
sample,rotation,1.0,3000,39,41036,0.06411788865826423
sample,rotation,1.0,3000,40,41037,0.07672750928515042
sample,rotation,1.0,3000,41,41038,0.06892501154833283
sample,rotation,1.0,3000,42,41039,0.08725409599224632
sample,rotation,1.0,3000,43,41040,0.07196086220801251
sample,rotation,1.0,3000,44,41041,0.07341967598557197
sample,rotation,1.0,3000,45,41042,0.09370186765124716
sample,rotation,1.0,3000,46,41043,0.07746987825771372
sample,rotation,1.0,3000,47,41044,0.07665212023982651
sample,rotation,1.0,3000,48,41045,0.06554397324377996
sample,rotation,1.0,3000,49,41046,0.06674229346724887
sample,rotation,1.0,3000,50,41047,0.06590518414043693
sample,rotation,1.0,3000,51,41048,0.0593326335865061
sample,rotation,1.0,3000,52,41049,0.07140480636806842
sample,rotation,1.0,3000,53,41050,0.06755267571529185
sample,rotation,1.0,3000,54,41051,0.06105614601687437
sample,rotation,1.0,3000,55,41052,0.06682842143119061
sample,rotation,1.0,3000,56,41053,0.06515423014534769
sample,rotation,1.0,3000,57,41054,0.07128940061700681
sample,rotation,1.0,3000,58,41055,0.06003635608605833
sample,rotation,1.0,3000,59,41056,0.07259286654793036
sample,rotation,1.0,3000,60,41057,0.06889565880181578
sample,rotation,1.0,3000,61,41058,0.06507005327210957
sample,rotation,1.0,3000,62,41059,0.06772077636028284
sample,rotation,1.0,3000,63,41060,0.069212662061114
sample,rotation,1.0,3000,64,41061,0.07725280361110272
sample,rotation,1.0,3000,65,41062,0.062489462656564035
sample,rotation,1.0,3000,66,41063,0.06268599579087719
sample,rotation,1.0,3000,67,41064,0.09607821110171967
sample,rotation,1.0,3000,68,41065,0.06866123771842196
sample,rotation,1.0,3000,69,41066,0.06156296151206359
sample,rotation,1.0,3000,70,41067,0.07791854939025966
sample,rotation,1.0,3000,71,41068,0.09819193500227713
sample,rotation,1.0,3000,72,41069,0.07702999251322745
sample,rotation,1.0,3000,73,41070,0.07887669987184992
sample,rotation,1.0,3000,74,41071,0.05769922181176484
sample,rotation,1.0,3000,75,41072,0.06024188092993507
sample,rotation,1.0,3000,76,41073,0.06550502885061375
sample,rotation,1.0,3000,77,41074,0.06945840043982954
sample,rotation,1.0,3000,78,41075,0.06927945317069437
sample,rotation,1.0,3000,79,41076,0.07718859602127091
sample,rotation,1.0,3000,80,41077,0.06978494005365464
sample,rotation,1.0,3000,81,41078,0.06380497631185326
sample,rotation,1.0,3000,82,41079,0.08553217133849697
sample,rotation,1.0,3000,83,41080,0.07858363180564223
sample,rotation,1.0,3000,84,41081,0.06925171416750367
sample,rotation,1.0,3000,85,41082,0.060641245914454474
sample,rotation,1.0,3000,86,41083,0.06781125369710593
sample,rotation,1.0,3000,87,41084,0.06595222072800787
sample,rotation,1.0,3000,88,41085,0.06570967131890375
sample,rotation,1.0,3000,89,41086,0.0683922198159955
sample,rotation,1.0,3000,90,41087,0.07258646770294946
sample,rotation,1.0,3000,91,41088,0.07671075947044051
sample,rotation,1.0,3000,92,41089,0.07218432717292292
sample,rotation,1.0,3000,93,41090,0.06514017627338962
sample,rotation,1.0,3000,94,41091,0.0692368292773578
sample,rotation,1.0,3000,95,41092,0.058495740432882505
sample,rotation,1.0,3000,96,41093,0.06662857418475365
sample,rotation,1.0,3000,97,41094,0.07175112513083728
sample,rotation,1.0,3000,98,41095,0.08433008920224253
sample,rotation,1.0,3000,99,41096,0.09665378224372384
sample,rotation,1.0,3000,100,41097,0.07428868725434044
sample,rotation,1.0,3000,101,41098,0.0669879059604686
sample,rotation,1.0,3000,102,41099,0.06314553414281956
sample,rotation,1.0,3000,103,41100,0.07848660662001318
sample,rotation,1.0,3000,104,41101,0.06303092257705613
sample,rotation,1.0,3000,105,41102,0.059869391297257504
sample,rotation,1.0,3000,106,41103,0.06879820788893817
sample,rotation,1.0,3000,107,41104,0.06729193933209296
sample,rotation,1.0,3000,108,41105,0.0701904374553998
sample,rotation,1.0,3000,109,41106,0.08491824873527666
sample,rotation,1.0,3000,110,41107,0.07299259330596128
sample,rotation,1.0,3000,111,41108,0.06680447209588253
sample,rotation,1.0,3000,112,41109,0.0817092564205106
sample,rotation,1.0,3000,113,41110,0.06369527789784502
sample,rotation,1.0,3000,114,41111,0.07080126537203339
sample,rotation,1.0,3000,115,41112,0.05901531342857684
sample,rotation,1.0,3000,116,41113,0.06510069946969803
sample,rotation,1.0,3000,117,41114,0.0628475992415565
sample,rotation,1.0,3000,118,41115,0.06218366906739249
sample,rotation,1.0,3000,119,41116,0.05901828024454278
sample,rotation,1.0,3000,120,41117,0.06072092687454804
sample,rotation,1.0,3000,121,41118,0.07387529153425819
sample,rotation,1.0,3000,122,41119,0.0660619591935631
sample,rotation,1.0,3000,123,41120,0.08113692803514978
sample,rotation,1.0,3000,124,41121,0.07114625631836421
sample,rotation,1.0,3000,125,41122,0.0656180597594338
sample,rotation,1.0,3000,126,41123,0.07867445047984802
sample,rotation,1.0,3000,127,41124,0.06377970959167668
sample,rotation,1.0,3000,128,41125,0.060673801645740495
sample,rotation,1.0,3000,129,41126,0.06781029766251806
sample,rotation,1.0,3000,130,41127,0.10231261917339325
sample,rotation,1.0,3000,131,41128,0.06618166583464759
sample,rotation,1.0,3000,132,41129,0.0593096811200599
sample,rotation,1.0,3000,133,41130,0.06247427465162775
sample,rotation,1.0,3000,134,41131,0.08215759512947178
sample,rotation,1.0,3000,135,41132,0.06367763494220219
sample,rotation,1.0,3000,136,41133,0.06942237533848164
sample,rotation,1.0,3000,137,41134,0.06237787480374398
sample,rotation,1.0,3000,138,41135,0.06921448317566127
sample,rotation,1.0,3000,139,41136,0.06593033252267995
sample,rotation,1.0,3000,140,41137,0.11852656551246665
sample,rotation,1.0,3000,141,41138,0.09439821271251637
sample,rotation,1.0,3000,142,41139,0.06578592356679468
sample,rotation,1.0,3000,143,41140,0.06844809429444716
sample,rotation,1.0,3000,144,41141,0.06872512989504237
sample,rotation,1.0,3000,145,41142,0.11152079497198848
sample,rotation,1.0,3000,146,41143,0.07248322510928477
sample,rotation,1.0,3000,147,41144,0.06908778232869055
sample,rotation,1.0,3000,148,41145,0.07260943313058255
sample,rotation,1.0,3000,149,41146,0.06749766641852858
sample,rotation,1.0,3000,150,41147,0.07010774579783054
sample,rotation,1.0,3000,151,41148,0.06706696902069606
sample,rotation,1.0,3000,152,41149,0.06249839568488204
sample,rotation,1.0,3000,153,41150,0.06663173897257116
sample,rotation,1.0,3000,154,41151,0.09280291167263863
sample,rotation,1.0,3000,155,41152,0.08126768154968535
sample,rotation,1.0,3000,156,41153,0.07268263257344892
sample,rotation,1.0,3000,157,41154,0.07050745670833311
sample,rotation,1.0,3000,158,41155,0.06402978452101249
sample,rotation,1.0,3000,159,41156,0.05991589949498188
sample,rotation,1.0,3000,160,41157,0.06728415030321218
sample,rotation,1.0,3000,161,41158,0.06203871497143793
sample,rotation,1.0,3000,162,41159,0.066506730303779
sample,rotation,1.0,3000,163,41160,0.06432165081010836
sample,rotation,1.0,3000,164,41161,0.06529435643855126
sample,rotation,1.0,3000,165,41162,0.07069335518057046
sample,rotation,1.0,3000,166,41163,0.07124120752067538
sample,rotation,1.0,3000,167,41164,0.07024141767679504
sample,rotation,1.0,3000,168,41165,0.06125180640909617
sample,rotation,1.0,3000,169,41166,0.061189192107124965
sample,rotation,1.0,3000,170,41167,0.06163595008124503
sample,rotation,1.0,3000,171,41168,0.0815785196815683
sample,rotation,1.0,3000,172,41169,0.07309852546594446
sample,rotation,1.0,3000,173,41170,0.08202486268731704
sample,rotation,1.0,3000,174,41171,0.06157169127028248
sample,rotation,1.0,3000,175,41172,0.06599940959957512
sample,rotation,1.0,3000,176,41173,0.06881021496548387
sample,rotation,1.0,3000,177,41174,0.07097526664084663
sample,rotation,1.0,3000,178,41175,0.08085121389145918
sample,rotation,1.0,3000,179,41176,0.08670432388834022
sample,rotation,1.0,3000,180,41177,0.06455623112053348
sample,rotation,1.0,3000,181,41178,0.06293026677708209
sample,rotation,1.0,3000,182,41179,0.07200507154695895
sample,rotation,1.0,3000,183,41180,0.0631664435505512
sample,rotation,1.0,3000,184,41181,0.06685030506025813
sample,rotation,1.0,3000,185,41182,0.06601231093914638
sample,rotation,1.0,3000,186,41183,0.05714045836714494
sample,rotation,1.0,3000,187,41184,0.0606844412885333
sample,rotation,1.0,3000,188,41185,0.06802224651739544
sample,rotation,1.0,3000,189,41186,0.05661790258957915
sample,rotation,1.0,3000,190,41187,0.07003613986216742
sample,rotation,1.0,3000,191,41188,0.0558821251045169
sample,rotation,1.0,3000,192,41189,0.06646990047159433
sample,rotation,1.0,3000,193,41190,0.06500537224031099
sample,rotation,1.0,3000,194,41191,0.06712846249301313
sample,rotation,1.0,3000,195,41192,0.06220076820928823
sample,rotation,1.0,3000,196,41193,0.07375588202315805
sample,rotation,1.0,3000,197,41194,0.06108726256035353
sample,rotation,1.0,3000,198,41195,0.064653123370616
sample,rotation,1.0,3000,199,41196,0.08616527663299889
sample,sink,1.0,3000,0,30669,0.02108584178084425
sample,sink,1.0,3000,1,30670,0.022976743108417057
sample,sink,1.0,3000,2,30671,0.027089608429763677
sample,sink,1.0,3000,3,30672,0.02416930516963325
sample,sink,1.0,3000,4,30673,0.028810494395815976
sample,sink,1.0,3000,5,30674,0.02599140250867188
sample,sink,1.0,3000,6,30675,0.026838527622091147
sample,sink,1.0,3000,7,30676,0.02466735217566495
sample,sink,1.0,3000,8,30677,0.02605777634408486
sample,sink,1.0,3000,9,30678,0.023159064432667197
sample,sink,1.0,3000,10,30679,0.026462220791702986
sample,sink,1.0,3000,11,30680,0.020868592981047814
sample,sink,1.0,3000,12,30681,0.035201127607196535
sample,sink,1.0,3000,13,30682,0.02510644280298306
sample,sink,1.0,3000,14,30683,0.029149926584536977
sample,sink,1.0,3000,15,30684,0.02574684616998716
sample,sink,1.0,3000,16,30685,0.03730836485603852
sample,sink,1.0,3000,17,30686,0.023286510473185015
sample,sink,1.0,3000,18,30687,0.027042710141887548
sample,sink,1.0,3000,19,30688,0.02620599212757576
sample,sink,1.0,3000,20,30689,0.025231524517237525
sample,sink,1.0,3000,21,30690,0.025328346348730057
sample,sink,1.0,3000,22,30691,0.02479556072902614
sample,sink,1.0,3000,23,30692,0.024207463698853817
sample,sink,1.0,3000,24,30693,0.021881510510309555
sample,sink,1.0,3000,25,30694,0.02250678110642171
sample,sink,1.0,3000,26,30695,0.023317122764741904
sample,sink,1.0,3000,27,30696,0.022849778998451586
sample,sink,1.0,3000,28,30697,0.023917404559762392
sample,sink,1.0,3000,29,30698,0.023590259554806297
sample,sink,1.0,3000,30,30699,0.026987037091083705
sample,sink,1.0,3000,31,30700,0.023768317467320745
sample,sink,1.0,3000,32,30701,0.023517741827946213
sample,sink,1.0,3000,33,30702,0.02613519864451064
sample,sink,1.0,3000,34,30703,0.02924752109528907
sample,sink,1.0,3000,35,30704,0.024823662066601693
sample,sink,1.0,3000,36,30705,0.022455086172458626
sample,sink,1.0,3000,37,30706,0.021939520038461797
sample,sink,1.0,3000,38,30707,0.025817941681617107
sample,sink,1.0,3000,39,30708,0.02216186116299647
sample,sink,1.0,3000,40,30709,0.025880066252563273
sample,sink,1.0,3000,41,30710,0.023597426611155
sample,sink,1.0,3000,42,30711,0.0237012267977391
sample,sink,1.0,3000,43,30712,0.023089713417739587
sample,sink,1.0,3000,44,30713,0.03266702459880414
sample,sink,1.0,3000,45,30714,0.02491177015533411
sample,sink,1.0,3000,46,30715,0.025007252621754784
sample,sink,1.0,3000,47,30716,0.029343608379589787
sample,sink,1.0,3000,48,30717,0.030831782353904796
sample,sink,1.0,3000,49,30718,0.025139883728430335
sample,sink,1.0,3000,50,30719,0.02672377983048402
sample,sink,1.0,3000,51,30720,0.02289650174447735
sample,sink,1.0,3000,52,30721,0.0337565255850452
sample,sink,1.0,3000,53,30722,0.02626398876994293
sample,sink,1.0,3000,54,30723,0.025709321161719655
sample,sink,1.0,3000,55,30724,0.0240470720389285
sample,sink,1.0,3000,56,30725,0.02580790935937265
sample,sink,1.0,3000,57,30726,0.02518076035357113
sample,sink,1.0,3000,58,30727,0.024612910544704845
sample,sink,1.0,3000,59,30728,0.023175801797346858
sample,sink,1.0,3000,60,30729,0.026981692196954666
sample,sink,1.0,3000,61,30730,0.02290617770388421
sample,sink,1.0,3000,62,30731,0.02343259247818258
sample,sink,1.0,3000,63,30732,0.03014214518391382
sample,sink,1.0,3000,64,30733,0.023942291931163803
sample,sink,1.0,3000,65,30734,0.0233693353622934
sample,sink,1.0,3000,66,30735,0.023485669254819663
sample,sink,1.0,3000,67,30736,0.03483129375530575
sample,sink,1.0,3000,68,30737,0.02466021068403809
sample,sink,1.0,3000,69,30738,0.029804447734558755
sample,sink,1.0,3000,70,30739,0.028010533545839548
sample,sink,1.0,3000,71,30740,0.026567925715200506
sample,sink,1.0,3000,72,30741,0.024426429291067826
sample,sink,1.0,3000,73,30742,0.02500377589050137
sample,sink,1.0,3000,74,30743,0.022150293351137513
sample,sink,1.0,3000,75,30744,0.02554074311289552
sample,sink,1.0,3000,76,30745,0.023237544835679705
sample,sink,1.0,3000,77,30746,0.03160413272500475
sample,sink,1.0,3000,78,30747,0.023843489016320867
sample,sink,1.0,3000,79,30748,0.026874847585021577
sample,sink,1.0,3000,80,30749,0.027231533657101705
sample,sink,1.0,3000,81,30750,0.026775304758438735
sample,sink,1.0,3000,82,30751,0.0242866525520563
sample,sink,1.0,3000,83,30752,0.022731146876537184
sample,sink,1.0,3000,84,30753,0.030063110957650345
sample,sink,1.0,3000,85,30754,0.022240168071957462
sample,sink,1.0,3000,86,30755,0.030746013139352452
sample,sink,1.0,3000,87,30756,0.023468850316213808
sample,sink,1.0,3000,88,30757,0.027319961356250533
sample,sink,1.0,3000,89,30758,0.02529389606499561
sample,sink,1.0,3000,90,30759,0.025204713742758057
sample,sink,1.0,3000,91,30760,0.024228617824016495
sample,sink,1.0,3000,92,30761,0.028143939920628327
sample,sink,1.0,3000,93,30762,0.02330115353295161
sample,sink,1.0,3000,94,30763,0.026626452208320123
sample,sink,1.0,3000,95,30764,0.03640916451432529
sample,sink,1.0,3000,96,30765,0.026674629412733453
sample,sink,1.0,3000,97,30766,0.025205041951247422
sample,sink,1.0,3000,98,30767,0.02279815952313954
sample,sink,1.0,3000,99,30768,0.04117226202137412
sample,sink,1.0,3000,100,30769,0.02559236205986577
sample,sink,1.0,3000,101,30770,0.023624790920295072
sample,sink,1.0,3000,102,30771,0.02375718320572834
sample,sink,1.0,3000,103,30772,0.035283347204208795
sample,sink,1.0,3000,104,30773,0.025473542304351404
sample,sink,1.0,3000,105,30774,0.02666884440216907
sample,sink,1.0,3000,106,30775,0.0255851894843299
sample,sink,1.0,3000,107,30776,0.02247068107249486
sample,sink,1.0,3000,108,30777,0.02662208964613101
sample,sink,1.0,3000,109,30778,0.0234636641852694
sample,sink,1.0,3000,110,30779,0.024806160369901097
sample,sink,1.0,3000,111,30780,0.034128596778602464
sample,sink,1.0,3000,112,30781,0.024933231016004184
sample,sink,1.0,3000,113,30782,0.022223987311623637
sample,sink,1.0,3000,114,30783,0.026048143919429164
sample,sink,1.0,3000,115,30784,0.03784994842418575
sample,sink,1.0,3000,116,30785,0.027261255424839304
sample,sink,1.0,3000,117,30786,0.022831852666106458
sample,sink,1.0,3000,118,30787,0.022822570267947657
sample,sink,1.0,3000,119,30788,0.02349260188827037
sample,sink,1.0,3000,120,30789,0.03306236022345117
sample,sink,1.0,3000,121,30790,0.032514408372783556
sample,sink,1.0,3000,122,30791,0.02489852881243506
sample,sink,1.0,3000,123,30792,0.024824772663282983
sample,sink,1.0,3000,124,30793,0.023394071132253134
sample,sink,1.0,3000,125,30794,0.02485410731659009
sample,sink,1.0,3000,126,30795,0.02670343135195268
sample,sink,1.0,3000,127,30796,0.02646797268391206
sample,sink,1.0,3000,128,30797,0.023511084921773485
sample,sink,1.0,3000,129,30798,0.02322476748760834
sample,sink,1.0,3000,130,30799,0.022885252483254456
sample,sink,1.0,3000,131,30800,0.033814972487314965
sample,sink,1.0,3000,132,30801,0.020765971885441308
sample,sink,1.0,3000,133,30802,0.031419236872515396
sample,sink,1.0,3000,134,30803,0.02954058757608052
sample,sink,1.0,3000,135,30804,0.023025083048638196
sample,sink,1.0,3000,136,30805,0.02432203449652663
sample,sink,1.0,3000,137,30806,0.025405341862576925
sample,sink,1.0,3000,138,30807,0.025271151509547236
sample,sink,1.0,3000,139,30808,0.022705253530851472
sample,sink,1.0,3000,140,30809,0.03369162762893914
sample,sink,1.0,3000,141,30810,0.026071936971272247
sample,sink,1.0,3000,142,30811,0.027342139223008072
sample,sink,1.0,3000,143,30812,0.023966969293528022
sample,sink,1.0,3000,144,30813,0.02326022588335373
sample,sink,1.0,3000,145,30814,0.023919583821760206
sample,sink,1.0,3000,146,30815,0.02710997918355415
sample,sink,1.0,3000,147,30816,0.03462686908665343
sample,sink,1.0,3000,148,30817,0.026621370672983247
sample,sink,1.0,3000,149,30818,0.02491599415632949
sample,sink,1.0,3000,150,30819,0.02562966552121095
sample,sink,1.0,3000,151,30820,0.03494307585589591
sample,sink,1.0,3000,152,30821,0.023897248131540032
sample,sink,1.0,3000,153,30822,0.027273575285669743
sample,sink,1.0,3000,154,30823,0.034099312162264514
sample,sink,1.0,3000,155,30824,0.023673712776626922
sample,sink,1.0,3000,156,30825,0.022920528846828544
sample,sink,1.0,3000,157,30826,0.021817162994143546
sample,sink,1.0,3000,158,30827,0.029625354656440252
sample,sink,1.0,3000,159,30828,0.03610006235018064
sample,sink,1.0,3000,160,30829,0.02990557394032465
sample,sink,1.0,3000,161,30830,0.033092281356392236
sample,sink,1.0,3000,162,30831,0.02626472515333905
sample,sink,1.0,3000,163,30832,0.025112145181085708
sample,sink,1.0,3000,164,30833,0.025217592318381433
sample,sink,1.0,3000,165,30834,0.03613280434552791
sample,sink,1.0,3000,166,30835,0.02525130533473296
sample,sink,1.0,3000,167,30836,0.02831190777612571
sample,sink,1.0,3000,168,30837,0.022943694043616538
sample,sink,1.0,3000,169,30838,0.023189378391212767
sample,sink,1.0,3000,170,30839,0.022707027456881704
sample,sink,1.0,3000,171,30840,0.023198306329198618
sample,sink,1.0,3000,172,30841,0.023962016077694256
sample,sink,1.0,3000,173,30842,0.02894986372337479
sample,sink,1.0,3000,174,30843,0.02732054468843332
sample,sink,1.0,3000,175,30844,0.022377972407470463
sample,sink,1.0,3000,176,30845,0.024492685056666377
sample,sink,1.0,3000,177,30846,0.028721522189154292
sample,sink,1.0,3000,178,30847,0.02479382981802095
sample,sink,1.0,3000,179,30848,0.02295107400652018
sample,sink,1.0,3000,180,30849,0.02449162778358155
sample,sink,1.0,3000,181,30850,0.025399930357826568
sample,sink,1.0,3000,182,30851,0.02454582822295334
sample,sink,1.0,3000,183,30852,0.02445988837554471
sample,sink,1.0,3000,184,30853,0.024164262729682157
sample,sink,1.0,3000,185,30854,0.03327422202127569
sample,sink,1.0,3000,186,30855,0.02516559248682888
sample,sink,1.0,3000,187,30856,0.02552196285186959
sample,sink,1.0,3000,188,30857,0.025701532020637605
sample,sink,1.0,3000,189,30858,0.0264492543864775
sample,sink,1.0,3000,190,30859,0.02675696670918584
sample,sink,1.0,3000,191,30860,0.02418093220177902
sample,sink,1.0,3000,192,30861,0.024718066559237185
sample,sink,1.0,3000,193,30862,0.026057194257598115
sample,sink,1.0,3000,194,30863,0.02317772707933291
sample,sink,1.0,3000,195,30864,0.02630338276804076
sample,sink,1.0,3000,196,30865,0.024675591625201807
sample,sink,1.0,3000,197,30866,0.02211195535467056
sample,sink,1.0,3000,198,30867,0.030513116017906537
sample,sink,1.0,3000,199,30868,0.024129253182600823
sample,cubic,1.0,3000,0,32996,0.01865725260434969
sample,cubic,1.0,3000,1,32997,0.029393457983558843
sample,cubic,1.0,3000,2,32998,0.02916199851040517
sample,cubic,1.0,3000,3,32999,0.021862716194408095
sample,cubic,1.0,3000,4,33000,0.02114916305046098
sample,cubic,1.0,3000,5,33001,0.019423546728693585
sample,cubic,1.0,3000,6,33002,0.02326324362487475
sample,cubic,1.0,3000,7,33003,0.02112117537712144
sample,cubic,1.0,3000,8,33004,0.04099442259982965
sample,cubic,1.0,3000,9,33005,0.020989262429760316
sample,cubic,1.0,3000,10,33006,0.034142950750085756
sample,cubic,1.0,3000,11,33007,0.02019202690006289
sample,cubic,1.0,3000,12,33008,0.023532167303054338
sample,cubic,1.0,3000,13,33009,0.020531044169658556
sample,cubic,1.0,3000,14,33010,0.02340463198482954
sample,cubic,1.0,3000,15,33011,0.022642367994445283
sample,cubic,1.0,3000,16,33012,0.03174416341983677
sample,cubic,1.0,3000,17,33013,0.017730914608538557
sample,cubic,1.0,3000,18,33014,0.020886386612094385
sample,cubic,1.0,3000,19,33015,0.031528833910879815
sample,cubic,1.0,3000,20,33016,0.029408021953248622
sample,cubic,1.0,3000,21,33017,0.023119917697594645
sample,cubic,1.0,3000,22,33018,0.02091551116024688
sample,cubic,1.0,3000,23,33019,0.01737999914314442
sample,cubic,1.0,3000,24,33020,0.054981473140752385
sample,cubic,1.0,3000,25,33021,0.02164857646953921
sample,cubic,1.0,3000,26,33022,0.01685782395601381
sample,cubic,1.0,3000,27,33023,0.01847646326382485
sample,cubic,1.0,3000,28,33024,0.02146881886689031
sample,cubic,1.0,3000,29,33025,0.018637383129356346
sample,cubic,1.0,3000,30,33026,0.022878639740063912
sample,cubic,1.0,3000,31,33027,0.022422022013923213
sample,cubic,1.0,3000,32,33028,0.015786851750006582
sample,cubic,1.0,3000,33,33029,0.020358062899785517
sample,cubic,1.0,3000,34,33030,0.016898918872062362
sample,cubic,1.0,3000,35,33031,0.019755346729966643
sample,cubic,1.0,3000,36,33032,0.029742293853517184
sample,cubic,1.0,3000,37,33033,0.019753574679176145
sample,cubic,1.0,3000,38,33034,0.026344431602791225
sample,cubic,1.0,3000,39,33035,0.022026722226285773
sample,cubic,1.0,3000,40,33036,0.02532401477245007
sample,cubic,1.0,3000,41,33037,0.021211333459604888
sample,cubic,1.0,3000,42,33038,0.03184419918510727
sample,cubic,1.0,3000,43,33039,0.024624572040111595
sample,cubic,1.0,3000,44,33040,0.03560030941080944
sample,cubic,1.0,3000,45,33041,0.018874666527131344
sample,cubic,1.0,3000,46,33042,0.019862716160626962
sample,cubic,1.0,3000,47,33043,0.019794362708712952
sample,cubic,1.0,3000,48,33044,0.028028788752871958
sample,cubic,1.0,3000,49,33045,0.027597693668626046
sample,cubic,1.0,3000,50,33046,0.022609017363010245
sample,cubic,1.0,3000,51,33047,0.02452798764413106
sample,cubic,1.0,3000,52,33048,0.029913134297966902
sample,cubic,1.0,3000,53,33049,0.021003328028063456
sample,cubic,1.0,3000,54,33050,0.018341080036215478
sample,cubic,1.0,3000,55,33051,0.03454156574106301
sample,cubic,1.0,3000,56,33052,0.022906948664866464
sample,cubic,1.0,3000,57,33053,0.020553669312619923
sample,cubic,1.0,3000,58,33054,0.02331839055186357
sample,cubic,1.0,3000,59,33055,0.026945239842439246
sample,cubic,1.0,3000,60,33056,0.029314433019984886
sample,cubic,1.0,3000,61,33057,0.018431470283231364
sample,cubic,1.0,3000,62,33058,0.016288101582057762
sample,cubic,1.0,3000,63,33059,0.02343106197125732
sample,cubic,1.0,3000,64,33060,0.0405633905308327
sample,cubic,1.0,3000,65,33061,0.023970510579526514
sample,cubic,1.0,3000,66,33062,0.019818027496903933
sample,cubic,1.0,3000,67,33063,0.016343092607435043
sample,cubic,1.0,3000,68,33064,0.031236880303344563
sample,cubic,1.0,3000,69,33065,0.01627454852392802
sample,cubic,1.0,3000,70,33066,0.02916593858713814
sample,cubic,1.0,3000,71,33067,0.01733008350385887
sample,cubic,1.0,3000,72,33068,0.01715071924264121
sample,cubic,1.0,3000,73,33069,0.016181206869443937
sample,cubic,1.0,3000,74,33070,0.018582399138294823
sample,cubic,1.0,3000,75,33071,0.020053712267600027
sample,cubic,1.0,3000,76,33072,0.016815150391703886
sample,cubic,1.0,3000,77,33073,0.019345276089395163
sample,cubic,1.0,3000,78,33074,0.020273103157943513
sample,cubic,1.0,3000,79,33075,0.024747297208709954
sample,cubic,1.0,3000,80,33076,0.03480158697391967
sample,cubic,1.0,3000,81,33077,0.030386064299279394
sample,cubic,1.0,3000,82,33078,0.025496670031339853
sample,cubic,1.0,3000,83,33079,0.05991459999604076
sample,cubic,1.0,3000,84,33080,0.023945482563765726
sample,cubic,1.0,3000,85,33081,0.020447367226620276
sample,cubic,1.0,3000,86,33082,0.018081766452433173
sample,cubic,1.0,3000,87,33083,0.01752610316793367
sample,cubic,1.0,3000,88,33084,0.01746049337291295
sample,cubic,1.0,3000,89,33085,0.018725040434139247
sample,cubic,1.0,3000,90,33086,0.015903238985469807
sample,cubic,1.0,3000,91,33087,0.0340246450337741
sample,cubic,1.0,3000,92,33088,0.06758528340070769
sample,cubic,1.0,3000,93,33089,0.017400069456647103
sample,cubic,1.0,3000,94,33090,0.03947564516308464
sample,cubic,1.0,3000,95,33091,0.0191589043379368
sample,cubic,1.0,3000,96,33092,0.04189555543206456
sample,cubic,1.0,3000,97,33093,0.02270341704064586
sample,cubic,1.0,3000,98,33094,0.019048046158997713
sample,cubic,1.0,3000,99,33095,0.026913791661728508
sample,cubic,1.0,3000,100,33096,0.01664027525786273
sample,cubic,1.0,3000,101,33097,0.021040474442595887
sample,cubic,1.0,3000,102,33098,0.01854285313212683
sample,cubic,1.0,3000,103,33099,0.02472745547550711
sample,cubic,1.0,3000,104,33100,0.04144577554119465
sample,cubic,1.0,3000,105,33101,0.017199142800004202
sample,cubic,1.0,3000,106,33102,0.02680913795382691
sample,cubic,1.0,3000,107,33103,0.020986481870300618
sample,cubic,1.0,3000,108,33104,0.017121600622754904
sample,cubic,1.0,3000,109,33105,0.01937982858972504
sample,cubic,1.0,3000,110,33106,0.032565558907046245
sample,cubic,1.0,3000,111,33107,0.024895811116028514
sample,cubic,1.0,3000,112,33108,0.022543439910286258
sample,cubic,1.0,3000,113,33109,0.023988301944065274
sample,cubic,1.0,3000,114,33110,0.017886164663931888
sample,cubic,1.0,3000,115,33111,0.03513703572455873
sample,cubic,1.0,3000,116,33112,0.02754522651590825
sample,cubic,1.0,3000,117,33113,0.03378491731047562
sample,cubic,1.0,3000,118,33114,0.01928586519683894
sample,cubic,1.0,3000,119,33115,0.03487110683217145
sample,cubic,1.0,3000,120,33116,0.022151027093604843
sample,cubic,1.0,3000,121,33117,0.01955524770391778
sample,cubic,1.0,3000,122,33118,0.01855412926129583
sample,cubic,1.0,3000,123,33119,0.031480230899126334
sample,cubic,1.0,3000,124,33120,0.01818018269737638
sample,cubic,1.0,3000,125,33121,0.047403981045315735
sample,cubic,1.0,3000,126,33122,0.018326013352778264
sample,cubic,1.0,3000,127,33123,0.018565195206664376
sample,cubic,1.0,3000,128,33124,0.02424760787229461
sample,cubic,1.0,3000,129,33125,0.015914191486431972
sample,cubic,1.0,3000,130,33126,0.016452342757473988
sample,cubic,1.0,3000,131,33127,0.01828619179581452
sample,cubic,1.0,3000,132,33128,0.023357259842783706
sample,cubic,1.0,3000,133,33129,0.023030975578662915
sample,cubic,1.0,3000,134,33130,0.01704356648204021
sample,cubic,1.0,3000,135,33131,0.01657907941342667
sample,cubic,1.0,3000,136,33132,0.019863375408421296
sample,cubic,1.0,3000,137,33133,0.027587362512902325
sample,cubic,1.0,3000,138,33134,0.01759277040532098
sample,cubic,1.0,3000,139,33135,0.01883625721656777
sample,cubic,1.0,3000,140,33136,0.02153912795692977
sample,cubic,1.0,3000,141,33137,0.015535083686664161
sample,cubic,1.0,3000,142,33138,0.03128496399200851
sample,cubic,1.0,3000,143,33139,0.02118667601969839
sample,cubic,1.0,3000,144,33140,0.01730265305507005
sample,cubic,1.0,3000,145,33141,0.028822067248276958
sample,cubic,1.0,3000,146,33142,0.030582522688521806
sample,cubic,1.0,3000,147,33143,0.01893635221321013
sample,cubic,1.0,3000,148,33144,0.015240176719708795
sample,cubic,1.0,3000,149,33145,0.017196214601763207
sample,cubic,1.0,3000,150,33146,0.017586114481913825
sample,cubic,1.0,3000,151,33147,0.017728188228031967
sample,cubic,1.0,3000,152,33148,0.02120880790673936
sample,cubic,1.0,3000,153,33149,0.028743600852600505
sample,cubic,1.0,3000,154,33150,0.017535301238385603
sample,cubic,1.0,3000,155,33151,0.020605724937653464
sample,cubic,1.0,3000,156,33152,0.021943397357511704
sample,cubic,1.0,3000,157,33153,0.02223560515610143
sample,cubic,1.0,3000,158,33154,0.021762368914093996
sample,cubic,1.0,3000,159,33155,0.019359463083140748
sample,cubic,1.0,3000,160,33156,0.01513072648998858
sample,cubic,1.0,3000,161,33157,0.019140262028369277
sample,cubic,1.0,3000,162,33158,0.01646832716549093
sample,cubic,1.0,3000,163,33159,0.024271822178272492
sample,cubic,1.0,3000,164,33160,0.018785637123131547
sample,cubic,1.0,3000,165,33161,0.01859852472059297
sample,cubic,1.0,3000,166,33162,0.020069855627906693
sample,cubic,1.0,3000,167,33163,0.016929538693991848
sample,cubic,1.0,3000,168,33164,0.018996082408127207
sample,cubic,1.0,3000,169,33165,0.01720003044148264
sample,cubic,1.0,3000,170,33166,0.01934033003741833
sample,cubic,1.0,3000,171,33167,0.02417049471569274
sample,cubic,1.0,3000,172,33168,0.031873447417011674
sample,cubic,1.0,3000,173,33169,0.029596365606132474
sample,cubic,1.0,3000,174,33170,0.02249724459460155
sample,cubic,1.0,3000,175,33171,0.018552471735686596
sample,cubic,1.0,3000,176,33172,0.016694542640083753
sample,cubic,1.0,3000,177,33173,0.02256689043700647
sample,cubic,1.0,3000,178,33174,0.04126625009408027
sample,cubic,1.0,3000,179,33175,0.020438571402096404
sample,cubic,1.0,3000,180,33176,0.017595950391626727
sample,cubic,1.0,3000,181,33177,0.021062714950062452
sample,cubic,1.0,3000,182,33178,0.01700610943490378
sample,cubic,1.0,3000,183,33179,0.022170381851901032
sample,cubic,1.0,3000,184,33180,0.027704174297061505
sample,cubic,1.0,3000,185,33181,0.021223814622863504
sample,cubic,1.0,3000,186,33182,0.02285821726610725
sample,cubic,1.0,3000,187,33183,0.01922098634435024
sample,cubic,1.0,3000,188,33184,0.029960533570945642
sample,cubic,1.0,3000,189,33185,0.022667903151430715
sample,cubic,1.0,3000,190,33186,0.02559902395380993
sample,cubic,1.0,3000,191,33187,0.016515359953914684
sample,cubic,1.0,3000,192,33188,0.02521276995279537
sample,cubic,1.0,3000,193,33189,0.024744746186199828
sample,cubic,1.0,3000,194,33190,0.0313622205017111
sample,cubic,1.0,3000,195,33191,0.04126187177443535
sample,cubic,1.0,3000,196,33192,0.026015784561473364
sample,cubic,1.0,3000,197,33193,0.017910405342613966
sample,cubic,1.0,3000,198,33194,0.02004351563804765
sample,cubic,1.0,3000,199,33195,0.01826073247792879
time,expanding,0.0,1000,0,33142,0.10087163755019522
time,expanding,0.0,1000,1,33143,0.15496606702502871
time,expanding,0.0,1000,2,33144,0.11717191667757977
time,expanding,0.0,1000,3,33145,0.10971925809391528
time,expanding,0.0,1000,4,33146,0.1022099257512027
time,expanding,0.0,1000,5,33147,0.10218049170267694
time,expanding,0.0,1000,6,33148,0.13087861796851666
time,expanding,0.0,1000,7,33149,0.1171230824741993
time,expanding,0.0,1000,8,33150,0.10071809454862499
time,expanding,0.0,1000,9,33151,0.14812820383638733
time,expanding,0.0,1000,10,33152,0.10559026060590138
time,expanding,0.0,1000,11,33153,0.11781233506760491
time,expanding,0.0,1000,12,33154,0.12405518568608838
time,expanding,0.0,1000,13,33155,0.11523545658786924
time,expanding,0.0,1000,14,33156,0.12305227039288032
time,expanding,0.0,1000,15,33157,0.11455998192611322
time,expanding,0.0,1000,16,33158,0.1265172525203838
time,expanding,0.0,1000,17,33159,0.10637786002555448
time,expanding,0.0,1000,18,33160,0.10288428182918322
time,expanding,0.0,1000,19,33161,0.10385239798717202
time,expanding,0.0,1000,20,33162,0.11652847191461138
time,expanding,0.0,1000,21,33163,0.11930228311012207
time,expanding,0.0,1000,22,33164,0.09591573060279214
time,expanding,0.0,1000,23,33165,0.1130523493787499
time,expanding,0.0,1000,24,33166,0.09348257590942938
time,expanding,0.0,1000,25,33167,0.10223924765990536
time,expanding,0.0,1000,26,33168,0.142018694032963
time,expanding,0.0,1000,27,33169,0.13620080259248926
time,expanding,0.0,1000,28,33170,0.1120683348605131
time,expanding,0.0,1000,29,33171,0.11279512697860003
time,expanding,0.0,1000,30,33172,0.12220443218051288
time,expanding,0.0,1000,31,33173,0.15653120865506087
time,expanding,0.0,1000,32,33174,0.11551234806922112
time,expanding,0.0,1000,33,33175,0.10768989785948607
time,expanding,0.0,1000,34,33176,0.1117311358050325
time,expanding,0.0,1000,35,33177,0.1344765524970219
time,expanding,0.0,1000,36,33178,0.10975890420535313
time,expanding,0.0,1000,37,33179,0.10744386076916317
time,expanding,0.0,1000,38,33180,0.12947078278965926
time,expanding,0.0,1000,39,33181,0.12461932428226194
time,expanding,0.0,1000,40,33182,0.10248727166486593
time,expanding,0.0,1000,41,33183,0.16860012102103974
time,expanding,0.0,1000,42,33184,0.12602332760526033
time,expanding,0.0,1000,43,33185,0.10687251223528373
time,expanding,0.0,1000,44,33186,0.11584351564503359
time,expanding,0.0,1000,45,33187,0.11862311451279735
time,expanding,0.0,1000,46,33188,0.10321309339433674
time,expanding,0.0,1000,47,33189,0.12386848702816212
time,expanding,0.0,1000,48,33190,0.15323532072287227
time,expanding,0.0,1000,49,33191,0.12912278702376095
time,expanding,0.0,1000,50,33192,0.11335664479910097
time,expanding,0.0,1000,51,33193,0.12199276535832732
time,expanding,0.0,1000,52,33194,0.16383641817449823
time,expanding,0.0,1000,53,33195,0.1607597946776065
time,expanding,0.0,1000,54,33196,0.09773676967728283
time,expanding,0.0,1000,55,33197,0.15909340709699385
time,expanding,0.0,1000,56,33198,0.10509141840770152
time,expanding,0.0,1000,57,33199,0.11861231521866714
time,expanding,0.0,1000,58,33200,0.10945511866181236
time,expanding,0.0,1000,59,33201,0.10522131583971275
time,expanding,0.0,1000,60,33202,0.10891285804469364
time,expanding,0.0,1000,61,33203,0.1179200072354163
time,expanding,0.0,1000,62,33204,0.12504908734823708
time,expanding,0.0,1000,63,33205,0.10377053097649969
time,expanding,0.0,1000,64,33206,0.12604966936849013
time,expanding,0.0,1000,65,33207,0.12660417770468743
time,expanding,0.0,1000,66,33208,0.10771466841767871
time,expanding,0.0,1000,67,33209,0.11424690192152286
time,expanding,0.0,1000,68,33210,0.09715589381652459
time,expanding,0.0,1000,69,33211,0.10775321198645431
time,expanding,0.0,1000,70,33212,0.11105120620331595
time,expanding,0.0,1000,71,33213,0.10236831613475439
time,expanding,0.0,1000,72,33214,0.11898364953060042
time,expanding,0.0,1000,73,33215,0.1100610261317245
time,expanding,0.0,1000,74,33216,0.13114074016686147
time,expanding,0.0,1000,75,33217,0.1508104924415511
time,expanding,0.0,1000,76,33218,0.10197469697069395
time,expanding,0.0,1000,77,33219,0.10745698642864175
time,expanding,0.0,1000,78,33220,0.09368580118054846
time,expanding,0.0,1000,79,33221,0.09352457446667409
time,expanding,0.0,1000,80,33222,0.10646872008170874
time,expanding,0.0,1000,81,33223,0.12270342955855204
time,expanding,0.0,1000,82,33224,0.09851155864492527
time,expanding,0.0,1000,83,33225,0.11576053924574767
time,expanding,0.0,1000,84,33226,0.11054552746012973
time,expanding,0.0,1000,85,33227,0.10661721426029638
time,expanding,0.0,1000,86,33228,0.12628157818460822
time,expanding,0.0,1000,87,33229,0.10905404025000565
time,expanding,0.0,1000,88,33230,0.11117689421208987
time,expanding,0.0,1000,89,33231,0.10089421068367124
time,expanding,0.0,1000,90,33232,0.17422410237756078
time,expanding,0.0,1000,91,33233,0.15324930172602438
time,expanding,0.0,1000,92,33234,0.11329684803981344
time,expanding,0.0,1000,93,33235,0.09597269300363412
time,expanding,0.0,1000,94,33236,0.14396436415526423
time,expanding,0.0,1000,95,33237,0.10985399124219562
time,expanding,0.0,1000,96,33238,0.15395268032245332
time,expanding,0.0,1000,97,33239,0.10540026975978366
time,expanding,0.0,1000,98,33240,0.11233281751345414
time,expanding,0.0,1000,99,33241,0.11107301651454037
time,expanding,0.0,1000,100,33242,0.12738946301505183
time,expanding,0.0,1000,101,33243,0.10586480723589756
time,expanding,0.0,1000,102,33244,0.1448782863858637
time,expanding,0.0,1000,103,33245,0.12113793527406067
time,expanding,0.0,1000,104,33246,0.125326991810037
time,expanding,0.0,1000,105,33247,0.10122425880395275
time,expanding,0.0,1000,106,33248,0.10672119301502286
time,expanding,0.0,1000,107,33249,0.11129727598248378
time,expanding,0.0,1000,108,33250,0.13508862005561037
time,expanding,0.0,1000,109,33251,0.11445548591666412
time,expanding,0.0,1000,110,33252,0.14744402114930535
time,expanding,0.0,1000,111,33253,0.1177907231626914
time,expanding,0.0,1000,112,33254,0.11294079363365053
time,expanding,0.0,1000,113,33255,0.10175725237089424
time,expanding,0.0,1000,114,33256,0.10698364450105753
time,expanding,0.0,1000,115,33257,0.10103464121066445
time,expanding,0.0,1000,116,33258,0.14373155544334376
time,expanding,0.0,1000,117,33259,0.12328170167943957
time,expanding,0.0,1000,118,33260,0.1384424576333821
time,expanding,0.0,1000,119,33261,0.12540613234606354
time,expanding,0.0,1000,120,33262,0.111641039632382
time,expanding,0.0,1000,121,33263,0.13371932905754272
time,expanding,0.0,1000,122,33264,0.13951267075297932
time,expanding,0.0,1000,123,33265,0.11130400388819849
time,expanding,0.0,1000,124,33266,0.10345430513417299
time,expanding,0.0,1000,125,33267,0.10764599054509656
time,expanding,0.0,1000,126,33268,0.14268025216211128
time,expanding,0.0,1000,127,33269,0.13627342924414326
time,expanding,0.0,1000,128,33270,0.11077319019209839
time,expanding,0.0,1000,129,33271,0.11263437962481043
time,expanding,0.0,1000,130,33272,0.11726573117715089
time,expanding,0.0,1000,131,33273,0.10291081151149002
time,expanding,0.0,1000,132,33274,0.12609086125726232
time,expanding,0.0,1000,133,33275,0.12473033940413632
time,expanding,0.0,1000,134,33276,0.11080577956189681
time,expanding,0.0,1000,135,33277,0.131931201659801
time,expanding,0.0,1000,136,33278,0.11588949678050241
time,expanding,0.0,1000,137,33279,0.11019295922190253
time,expanding,0.0,1000,138,33280,0.13872748999517426
time,expanding,0.0,1000,139,33281,0.11645085260551472
time,expanding,0.0,1000,140,33282,0.10134241421163259
time,expanding,0.0,1000,141,33283,0.11533060426956657
time,expanding,0.0,1000,142,33284,0.10247143302570716
time,expanding,0.0,1000,143,33285,0.1161394533490314
time,expanding,0.0,1000,144,33286,0.10512110251005571
time,expanding,0.0,1000,145,33287,0.14092425981839932
time,expanding,0.0,1000,146,33288,0.09776308353641917
time,expanding,0.0,1000,147,33289,0.22368863345492687
time,expanding,0.0,1000,148,33290,0.11888321011678607
time,expanding,0.0,1000,149,33291,0.11316961730824698
time,expanding,0.0,1000,150,33292,0.1280511751394334
time,expanding,0.0,1000,151,33293,0.10477680164913694
time,expanding,0.0,1000,152,33294,0.1367176731975747
time,expanding,0.0,1000,153,33295,0.10761218974817811
time,expanding,0.0,1000,154,33296,0.1139318736587857
time,expanding,0.0,1000,155,33297,0.11159116962230212
time,expanding,0.0,1000,156,33298,0.11483893114627164
time,expanding,0.0,1000,157,33299,0.11531118587222582
time,expanding,0.0,1000,158,33300,0.10765501839969611
time,expanding,0.0,1000,159,33301,0.09676362573713486
time,expanding,0.0,1000,160,33302,0.14524866689406904
time,expanding,0.0,1000,161,33303,0.10560165524064041
time,expanding,0.0,1000,162,33304,0.14529510460475342
time,expanding,0.0,1000,163,33305,0.0979637602203221
time,expanding,0.0,1000,164,33306,0.10393168066321228
time,expanding,0.0,1000,165,33307,0.1214169151611359
time,expanding,0.0,1000,166,33308,0.10372661594283605
time,expanding,0.0,1000,167,33309,0.11424681503878217
time,expanding,0.0,1000,168,33310,0.10928012785583385
time,expanding,0.0,1000,169,33311,0.10153568771843188
time,expanding,0.0,1000,170,33312,0.13895771513791402
time,expanding,0.0,1000,171,33313,0.12146931289284014
time,expanding,0.0,1000,172,33314,0.14282763050492092
time,expanding,0.0,1000,173,33315,0.1324953441416807
time,expanding,0.0,1000,174,33316,0.11650877236722071
time,expanding,0.0,1000,175,33317,0.11473622199060002
time,expanding,0.0,1000,176,33318,0.09728515480400797
time,expanding,0.0,1000,177,33319,0.0974138582377235
time,expanding,0.0,1000,178,33320,0.10397692361021633
time,expanding,0.0,1000,179,33321,0.10861042440460686
time,expanding,0.0,1000,180,33322,0.09568864909001686
time,expanding,0.0,1000,181,33323,0.13080258597812783
time,expanding,0.0,1000,182,33324,0.10476621370195488
time,expanding,0.0,1000,183,33325,0.09986948262373066
time,expanding,0.0,1000,184,33326,0.1245442399409891
time,expanding,0.0,1000,185,33327,0.10166371572449252
time,expanding,0.0,1000,186,33328,0.11932161413692405
time,expanding,0.0,1000,187,33329,0.11824894344804208
time,expanding,0.0,1000,188,33330,0.13046183713919804
time,expanding,0.0,1000,189,33331,0.11382109097529636
time,expanding,0.0,1000,190,33332,0.10935462511325261
time,expanding,0.0,1000,191,33333,0.09863914815679996
time,expanding,0.0,1000,192,33334,0.12095624862374123
time,expanding,0.0,1000,193,33335,0.12152279612772986
time,expanding,0.0,1000,194,33336,0.12936220376089122
time,expanding,0.0,1000,195,33337,0.11220051768171806
time,expanding,0.0,1000,196,33338,0.11061881244328324
time,expanding,0.0,1000,197,33339,0.11686426494033132
time,expanding,0.0,1000,198,33340,0.11313458881636469
time,expanding,0.0,1000,199,33341,0.10578965162270305
time,expanding,0.16666666666666666,1000,0,34285,0.11570504328250396
time,expanding,0.16666666666666666,1000,1,34286,0.15042762093623216
time,expanding,0.16666666666666666,1000,2,34287,0.16777876016671078
time,expanding,0.16666666666666666,1000,3,34288,0.13992752951569734
time,expanding,0.16666666666666666,1000,4,34289,0.12367801469492556
time,expanding,0.16666666666666666,1000,5,34290,0.12202440839014896
time,expanding,0.16666666666666666,1000,6,34291,0.1268723873978549
time,expanding,0.16666666666666666,1000,7,34292,0.11005554000175982
time,expanding,0.16666666666666666,1000,8,34293,0.1274710815154826
time,expanding,0.16666666666666666,1000,9,34294,0.11421792495256627
time,expanding,0.16666666666666666,1000,10,34295,0.14634326431243594
time,expanding,0.16666666666666666,1000,11,34296,0.12706538478030333
time,expanding,0.16666666666666666,1000,12,34297,0.13707877213013897
time,expanding,0.16666666666666666,1000,13,34298,0.14753536612683718
time,expanding,0.16666666666666666,1000,14,34299,0.1139393301882832
time,expanding,0.16666666666666666,1000,15,34300,0.11892456357726763
time,expanding,0.16666666666666666,1000,16,34301,0.113252513302224
time,expanding,0.16666666666666666,1000,17,34302,0.14919674289785062
time,expanding,0.16666666666666666,1000,18,34303,0.1469558070421151
time,expanding,0.16666666666666666,1000,19,34304,0.18021309454666778
time,expanding,0.16666666666666666,1000,20,34305,0.12520328260455285
time,expanding,0.16666666666666666,1000,21,34306,0.1606472292689603
time,expanding,0.16666666666666666,1000,22,34307,0.10700622851853163
time,expanding,0.16666666666666666,1000,23,34308,0.11936239419672243
time,expanding,0.16666666666666666,1000,24,34309,0.12710966912024005
time,expanding,0.16666666666666666,1000,25,34310,0.10799533546723585
time,expanding,0.16666666666666666,1000,26,34311,0.13062537034797753
time,expanding,0.16666666666666666,1000,27,34312,0.1361808810201312
time,expanding,0.16666666666666666,1000,28,34313,0.12473976661693931
time,expanding,0.16666666666666666,1000,29,34314,0.1218058971729814
time,expanding,0.16666666666666666,1000,30,34315,0.156131047551717
time,expanding,0.16666666666666666,1000,31,34316,0.12036464076712784
time,expanding,0.16666666666666666,1000,32,34317,0.11941268908286028
time,expanding,0.16666666666666666,1000,33,34318,0.11136130209582443
time,expanding,0.16666666666666666,1000,34,34319,0.1151868594001183
time,expanding,0.16666666666666666,1000,35,34320,0.13483269769957984
time,expanding,0.16666666666666666,1000,36,34321,0.12707643697501353
time,expanding,0.16666666666666666,1000,37,34322,0.11637806629188518
time,expanding,0.16666666666666666,1000,38,34323,0.14127682526973767
time,expanding,0.16666666666666666,1000,39,34324,0.1604894886668672
time,expanding,0.16666666666666666,1000,40,34325,0.1415482168959173
time,expanding,0.16666666666666666,1000,41,34326,0.13593063974887545
time,expanding,0.16666666666666666,1000,42,34327,0.12671102942887857
time,expanding,0.16666666666666666,1000,43,34328,0.16410650659050904
time,expanding,0.16666666666666666,1000,44,34329,0.15547196406523467
time,expanding,0.16666666666666666,1000,45,34330,0.13460128633854965
time,expanding,0.16666666666666666,1000,46,34331,0.10844421091532651
time,expanding,0.16666666666666666,1000,47,34332,0.11114131216745897
time,expanding,0.16666666666666666,1000,48,34333,0.13109435799408015
time,expanding,0.16666666666666666,1000,49,34334,0.1206704498341448
time,expanding,0.16666666666666666,1000,50,34335,0.11967580890736895
time,expanding,0.16666666666666666,1000,51,34336,0.14674875403072252
time,expanding,0.16666666666666666,1000,52,34337,0.12716449782469577
time,expanding,0.16666666666666666,1000,53,34338,0.11078781154927828
time,expanding,0.16666666666666666,1000,54,34339,0.15946420432561206
time,expanding,0.16666666666666666,1000,55,34340,0.10212561911425633
time,expanding,0.16666666666666666,1000,56,34341,0.13121389209412376
time,expanding,0.16666666666666666,1000,57,34342,0.11051182214184031
time,expanding,0.16666666666666666,1000,58,34343,0.13587046816727388
time,expanding,0.16666666666666666,1000,59,34344,0.19931004668158359
time,expanding,0.16666666666666666,1000,60,34345,0.18995118287496845
time,expanding,0.16666666666666666,1000,61,34346,0.1253212580023653
time,expanding,0.16666666666666666,1000,62,34347,0.14601429331702206
time,expanding,0.16666666666666666,1000,63,34348,0.11795250542382685
time,expanding,0.16666666666666666,1000,64,34349,0.13953665874634621
time,expanding,0.16666666666666666,1000,65,34350,0.1508746618132175
time,expanding,0.16666666666666666,1000,66,34351,0.11284443186268742
time,expanding,0.16666666666666666,1000,67,34352,0.11572832827637781
time,expanding,0.16666666666666666,1000,68,34353,0.19258134657882475
time,expanding,0.16666666666666666,1000,69,34354,0.10952667083065831
time,expanding,0.16666666666666666,1000,70,34355,0.11869320380119439
time,expanding,0.16666666666666666,1000,71,34356,0.114425855502627
time,expanding,0.16666666666666666,1000,72,34357,0.1369787484755605
time,expanding,0.16666666666666666,1000,73,34358,0.11731411581090939
time,expanding,0.16666666666666666,1000,74,34359,0.13879848331317285
time,expanding,0.16666666666666666,1000,75,34360,0.14497027537377094
time,expanding,0.16666666666666666,1000,76,34361,0.11933726037293396
time,expanding,0.16666666666666666,1000,77,34362,0.13451457968933753
time,expanding,0.16666666666666666,1000,78,34363,0.12073412398823571
time,expanding,0.16666666666666666,1000,79,34364,0.1250688693388937
time,expanding,0.16666666666666666,1000,80,34365,0.12193077395213488
time,expanding,0.16666666666666666,1000,81,34366,0.13860993353524406
time,expanding,0.16666666666666666,1000,82,34367,0.1108524925711669
time,expanding,0.16666666666666666,1000,83,34368,0.13093351884003968
time,expanding,0.16666666666666666,1000,84,34369,0.14103193524224567
time,expanding,0.16666666666666666,1000,85,34370,0.14260127630881056
time,expanding,0.16666666666666666,1000,86,34371,0.10867042170868563
time,expanding,0.16666666666666666,1000,87,34372,0.11135227783893087
time,expanding,0.16666666666666666,1000,88,34373,0.1016859344085242
time,expanding,0.16666666666666666,1000,89,34374,0.19542071491548013
time,expanding,0.16666666666666666,1000,90,34375,0.11764204735039423
time,expanding,0.16666666666666666,1000,91,34376,0.1749318062337271
time,expanding,0.16666666666666666,1000,92,34377,0.13180667781850539
time,expanding,0.16666666666666666,1000,93,34378,0.1832231226656069
time,expanding,0.16666666666666666,1000,94,34379,0.1167529413639424
time,expanding,0.16666666666666666,1000,95,34380,0.12188765554578643
time,expanding,0.16666666666666666,1000,96,34381,0.13150354083042923
time,expanding,0.16666666666666666,1000,97,34382,0.11790649890855834
time,expanding,0.16666666666666666,1000,98,34383,0.11363999144273398
time,expanding,0.16666666666666666,1000,99,34384,0.14585065823348636
time,expanding,0.16666666666666666,1000,100,34385,0.15862068707723095
time,expanding,0.16666666666666666,1000,101,34386,0.09952278284735225
time,expanding,0.16666666666666666,1000,102,34387,0.12201290103987056
time,expanding,0.16666666666666666,1000,103,34388,0.13268363556817667
time,expanding,0.16666666666666666,1000,104,34389,0.14097890394968113
time,expanding,0.16666666666666666,1000,105,34390,0.143949062400939
time,expanding,0.16666666666666666,1000,106,34391,0.1361851900956843
time,expanding,0.16666666666666666,1000,107,34392,0.12786478488935624
time,expanding,0.16666666666666666,1000,108,34393,0.12926397941695372
time,expanding,0.16666666666666666,1000,109,34394,0.12345448830207062
time,expanding,0.16666666666666666,1000,110,34395,0.11308193435643145
time,expanding,0.16666666666666666,1000,111,34396,0.15536138273673863
time,expanding,0.16666666666666666,1000,112,34397,0.13184112009730597
time,expanding,0.16666666666666666,1000,113,34398,0.11723137552850514
time,expanding,0.16666666666666666,1000,114,34399,0.13620841743373455
time,expanding,0.16666666666666666,1000,115,34400,0.12653300021957029
time,expanding,0.16666666666666666,1000,116,34401,0.12067455492146377
time,expanding,0.16666666666666666,1000,117,34402,0.13744702731376066
time,expanding,0.16666666666666666,1000,118,34403,0.12694765178520648
time,expanding,0.16666666666666666,1000,119,34404,0.15278764032889425
time,expanding,0.16666666666666666,1000,120,34405,0.1544028522876243
time,expanding,0.16666666666666666,1000,121,34406,0.1340082654543732
time,expanding,0.16666666666666666,1000,122,34407,0.14047405965060264
time,expanding,0.16666666666666666,1000,123,34408,0.10812652456102556
time,expanding,0.16666666666666666,1000,124,34409,0.11793829751650779
time,expanding,0.16666666666666666,1000,125,34410,0.11957188259936415
time,expanding,0.16666666666666666,1000,126,34411,0.11331461758428404
time,expanding,0.16666666666666666,1000,127,34412,0.11754112305673467
time,expanding,0.16666666666666666,1000,128,34413,0.1422984483602169
time,expanding,0.16666666666666666,1000,129,34414,0.11228195726431808
time,expanding,0.16666666666666666,1000,130,34415,0.11541693291995107
time,expanding,0.16666666666666666,1000,131,34416,0.12338663324088275
time,expanding,0.16666666666666666,1000,132,34417,0.12624050599042047
time,expanding,0.16666666666666666,1000,133,34418,0.16291078828309344
time,expanding,0.16666666666666666,1000,134,34419,0.15980641619334657
time,expanding,0.16666666666666666,1000,135,34420,0.11418178274421519
time,expanding,0.16666666666666666,1000,136,34421,0.1672642113916125
time,expanding,0.16666666666666666,1000,137,34422,0.17058368511697145
time,expanding,0.16666666666666666,1000,138,34423,0.1313474828397918
time,expanding,0.16666666666666666,1000,139,34424,0.1437132884479634
time,expanding,0.16666666666666666,1000,140,34425,0.11438554429361522
time,expanding,0.16666666666666666,1000,141,34426,0.14940510621719333
time,expanding,0.16666666666666666,1000,142,34427,0.14096699663016252
time,expanding,0.16666666666666666,1000,143,34428,0.13695727823152293
time,expanding,0.16666666666666666,1000,144,34429,0.116171294026068
time,expanding,0.16666666666666666,1000,145,34430,0.14441071465139055
time,expanding,0.16666666666666666,1000,146,34431,0.12280513128093484
time,expanding,0.16666666666666666,1000,147,34432,0.1308517526647283
time,expanding,0.16666666666666666,1000,148,34433,0.14161895889902673
time,expanding,0.16666666666666666,1000,149,34434,0.16376853218777726
time,expanding,0.16666666666666666,1000,150,34435,0.1208842569683293
time,expanding,0.16666666666666666,1000,151,34436,0.1266067865153676
time,expanding,0.16666666666666666,1000,152,34437,0.10825270225178173
time,expanding,0.16666666666666666,1000,153,34438,0.11394211136607019
time,expanding,0.16666666666666666,1000,154,34439,0.14803250477010285
time,expanding,0.16666666666666666,1000,155,34440,0.12258237086261563
time,expanding,0.16666666666666666,1000,156,34441,0.1367837313297462
time,expanding,0.16666666666666666,1000,157,34442,0.12029020600531387
time,expanding,0.16666666666666666,1000,158,34443,0.123730166013508
time,expanding,0.16666666666666666,1000,159,34444,0.11780894882448828
time,expanding,0.16666666666666666,1000,160,34445,0.11765127944080953
time,expanding,0.16666666666666666,1000,161,34446,0.13087450144986335
time,expanding,0.16666666666666666,1000,162,34447,0.12060322691584088
time,expanding,0.16666666666666666,1000,163,34448,0.18588351978437223
time,expanding,0.16666666666666666,1000,164,34449,0.13079953690515408
time,expanding,0.16666666666666666,1000,165,34450,0.12030238387563723
time,expanding,0.16666666666666666,1000,166,34451,0.1420402165587046
time,expanding,0.16666666666666666,1000,167,34452,0.12385034339426572
time,expanding,0.16666666666666666,1000,168,34453,0.1270994217538408
time,expanding,0.16666666666666666,1000,169,34454,0.13454386455854944
time,expanding,0.16666666666666666,1000,170,34455,0.14971228867418815
time,expanding,0.16666666666666666,1000,171,34456,0.11303512392996724
time,expanding,0.16666666666666666,1000,172,34457,0.11885101700184342
time,expanding,0.16666666666666666,1000,173,34458,0.1459843400707938
time,expanding,0.16666666666666666,1000,174,34459,0.11687221080252769
time,expanding,0.16666666666666666,1000,175,34460,0.12951786796205222
time,expanding,0.16666666666666666,1000,176,34461,0.1311221490418012
time,expanding,0.16666666666666666,1000,177,34462,0.13248576491904857
time,expanding,0.16666666666666666,1000,178,34463,0.1288277034648695
time,expanding,0.16666666666666666,1000,179,34464,0.12405267737136029
time,expanding,0.16666666666666666,1000,180,34465,0.12146252788868951
time,expanding,0.16666666666666666,1000,181,34466,0.11150475921766231
time,expanding,0.16666666666666666,1000,182,34467,0.19910450928967013
time,expanding,0.16666666666666666,1000,183,34468,0.11493031692611087
time,expanding,0.16666666666666666,1000,184,34469,0.12111610185677683
time,expanding,0.16666666666666666,1000,185,34470,0.11850972266629115
time,expanding,0.16666666666666666,1000,186,34471,0.1385921231498973
time,expanding,0.16666666666666666,1000,187,34472,0.12763561501225837
time,expanding,0.16666666666666666,1000,188,34473,0.13734489466265762
time,expanding,0.16666666666666666,1000,189,34474,0.11798249275790035
time,expanding,0.16666666666666666,1000,190,34475,0.12873473439901603
time,expanding,0.16666666666666666,1000,191,34476,0.13490278021786672
time,expanding,0.16666666666666666,1000,192,34477,0.12799738560951615
time,expanding,0.16666666666666666,1000,193,34478,0.11824866825067756
time,expanding,0.16666666666666666,1000,194,34479,0.11504765395670943
time,expanding,0.16666666666666666,1000,195,34480,0.1417272828570241
time,expanding,0.16666666666666666,1000,196,34481,0.1271724388261405
time,expanding,0.16666666666666666,1000,197,34482,0.11445905345370687
time,expanding,0.16666666666666666,1000,198,34483,0.14247569084594466
time,expanding,0.16666666666666666,1000,199,34484,0.14451511267431258
time,expanding,0.3333333333333333,1000,0,33754,0.16853321181021205
time,expanding,0.3333333333333333,1000,1,33755,0.15000511780994696
time,expanding,0.3333333333333333,1000,2,33756,0.1336128091589736
time,expanding,0.3333333333333333,1000,3,33757,0.13449562534607878
time,expanding,0.3333333333333333,1000,4,33758,0.12287395191275308
time,expanding,0.3333333333333333,1000,5,33759,0.13418775859526397
time,expanding,0.3333333333333333,1000,6,33760,0.18046884194182491
time,expanding,0.3333333333333333,1000,7,33761,0.1501745804234049
time,expanding,0.3333333333333333,1000,8,33762,0.1295259335952458
time,expanding,0.3333333333333333,1000,9,33763,0.12414441437251413
time,expanding,0.3333333333333333,1000,10,33764,0.13012561865058403
time,expanding,0.3333333333333333,1000,11,33765,0.14031186671594387
time,expanding,0.3333333333333333,1000,12,33766,0.1365607310689145
time,expanding,0.3333333333333333,1000,13,33767,0.1314691725053012
time,expanding,0.3333333333333333,1000,14,33768,0.14199467050649908
time,expanding,0.3333333333333333,1000,15,33769,0.1745636038208948
time,expanding,0.3333333333333333,1000,16,33770,0.12772268800403414
time,expanding,0.3333333333333333,1000,17,33771,0.18648912111554117
time,expanding,0.3333333333333333,1000,18,33772,0.14202584820270842
time,expanding,0.3333333333333333,1000,19,33773,0.11952658173300022
time,expanding,0.3333333333333333,1000,20,33774,0.12294527585375382
time,expanding,0.3333333333333333,1000,21,33775,0.14648657049723118
time,expanding,0.3333333333333333,1000,22,33776,0.14081293467975076
time,expanding,0.3333333333333333,1000,23,33777,0.12349428556602259
time,expanding,0.3333333333333333,1000,24,33778,0.11463490536969549
time,expanding,0.3333333333333333,1000,25,33779,0.1402535499889199
time,expanding,0.3333333333333333,1000,26,33780,0.12801210762689688
time,expanding,0.3333333333333333,1000,27,33781,0.13093282699766895
time,expanding,0.3333333333333333,1000,28,33782,0.1319633968976104
time,expanding,0.3333333333333333,1000,29,33783,0.14514290387584208
time,expanding,0.3333333333333333,1000,30,33784,0.1327288721683326
time,expanding,0.3333333333333333,1000,31,33785,0.13119767638314744
time,expanding,0.3333333333333333,1000,32,33786,0.14817536711955598
time,expanding,0.3333333333333333,1000,33,33787,0.17758800894626967
time,expanding,0.3333333333333333,1000,34,33788,0.14301631236540568
time,expanding,0.3333333333333333,1000,35,33789,0.1643349906107188
time,expanding,0.3333333333333333,1000,36,33790,0.17437491802449495
time,expanding,0.3333333333333333,1000,37,33791,0.11543078785683103
time,expanding,0.3333333333333333,1000,38,33792,0.12040734594800395
time,expanding,0.3333333333333333,1000,39,33793,0.11501020616732312
time,expanding,0.3333333333333333,1000,40,33794,0.16322770084337662
time,expanding,0.3333333333333333,1000,41,33795,0.13469069914841728
time,expanding,0.3333333333333333,1000,42,33796,0.11272077032983738
time,expanding,0.3333333333333333,1000,43,33797,0.13357494760999386
time,expanding,0.3333333333333333,1000,44,33798,0.12828664755760422
time,expanding,0.3333333333333333,1000,45,33799,0.1621719220330824
time,expanding,0.3333333333333333,1000,46,33800,0.16277271880307095
time,expanding,0.3333333333333333,1000,47,33801,0.1172912799919669
time,expanding,0.3333333333333333,1000,48,33802,0.15791424618087097
time,expanding,0.3333333333333333,1000,49,33803,0.1172226950010184
time,expanding,0.3333333333333333,1000,50,33804,0.13554004268636338
time,expanding,0.3333333333333333,1000,51,33805,0.1310892076428479
time,expanding,0.3333333333333333,1000,52,33806,0.13457633123374324
time,expanding,0.3333333333333333,1000,53,33807,0.12357579391514321
time,expanding,0.3333333333333333,1000,54,33808,0.11865309722907502
time,expanding,0.3333333333333333,1000,55,33809,0.12005101119649755
time,expanding,0.3333333333333333,1000,56,33810,0.1462054603904803
time,expanding,0.3333333333333333,1000,57,33811,0.16380312402570468
time,expanding,0.3333333333333333,1000,58,33812,0.15155117065372697
time,expanding,0.3333333333333333,1000,59,33813,0.12752348755599432
time,expanding,0.3333333333333333,1000,60,33814,0.14134863878220794
time,expanding,0.3333333333333333,1000,61,33815,0.12231835042084307
time,expanding,0.3333333333333333,1000,62,33816,0.14952294767472052
time,expanding,0.3333333333333333,1000,63,33817,0.15214569518813573
time,expanding,0.3333333333333333,1000,64,33818,0.11848569750547318
time,expanding,0.3333333333333333,1000,65,33819,0.13482747830823488
time,expanding,0.3333333333333333,1000,66,33820,0.16532513330078535
time,expanding,0.3333333333333333,1000,67,33821,0.13027701977785258
time,expanding,0.3333333333333333,1000,68,33822,0.17237363371966302
time,expanding,0.3333333333333333,1000,69,33823,0.11029617251378844
time,expanding,0.3333333333333333,1000,70,33824,0.12343712973301527
time,expanding,0.3333333333333333,1000,71,33825,0.11484528517266449
time,expanding,0.3333333333333333,1000,72,33826,0.16757194994346525
time,expanding,0.3333333333333333,1000,73,33827,0.17506884315045845
time,expanding,0.3333333333333333,1000,74,33828,0.14275232781859976
time,expanding,0.3333333333333333,1000,75,33829,0.19281072221722861
time,expanding,0.3333333333333333,1000,76,33830,0.17296431944117732
time,expanding,0.3333333333333333,1000,77,33831,0.1185315772796029
time,expanding,0.3333333333333333,1000,78,33832,0.16173878026558097
time,expanding,0.3333333333333333,1000,79,33833,0.13827923468407097
time,expanding,0.3333333333333333,1000,80,33834,0.1647577469678778
time,expanding,0.3333333333333333,1000,81,33835,0.12547177991428896
time,expanding,0.3333333333333333,1000,82,33836,0.13318745796048523
time,expanding,0.3333333333333333,1000,83,33837,0.12823935021187666
time,expanding,0.3333333333333333,1000,84,33838,0.12736766460985946
time,expanding,0.3333333333333333,1000,85,33839,0.15573652659114048
time,expanding,0.3333333333333333,1000,86,33840,0.12292114929243744
time,expanding,0.3333333333333333,1000,87,33841,0.13306490510075303
time,expanding,0.3333333333333333,1000,88,33842,0.1550830263009425
time,expanding,0.3333333333333333,1000,89,33843,0.1158830718451084
time,expanding,0.3333333333333333,1000,90,33844,0.14123346128772987
time,expanding,0.3333333333333333,1000,91,33845,0.20973963740755197
time,expanding,0.3333333333333333,1000,92,33846,0.1485343065066902
time,expanding,0.3333333333333333,1000,93,33847,0.12955169213338533
time,expanding,0.3333333333333333,1000,94,33848,0.1425201061893199
time,expanding,0.3333333333333333,1000,95,33849,0.16569180264698902
time,expanding,0.3333333333333333,1000,96,33850,0.2170037139927655
time,expanding,0.3333333333333333,1000,97,33851,0.12672688164579018
time,expanding,0.3333333333333333,1000,98,33852,0.13378397822308213
time,expanding,0.3333333333333333,1000,99,33853,0.14321219222772338
time,expanding,0.3333333333333333,1000,100,33854,0.16771869928314376
time,expanding,0.3333333333333333,1000,101,33855,0.14229898542371844
time,expanding,0.3333333333333333,1000,102,33856,0.14228148842341767
time,expanding,0.3333333333333333,1000,103,33857,0.13177121658946508
time,expanding,0.3333333333333333,1000,104,33858,0.12114533082343834
time,expanding,0.3333333333333333,1000,105,33859,0.12447077871568502
time,expanding,0.3333333333333333,1000,106,33860,0.1309436306982777
time,expanding,0.3333333333333333,1000,107,33861,0.11262683385697612
time,expanding,0.3333333333333333,1000,108,33862,0.16540307192106493
time,expanding,0.3333333333333333,1000,109,33863,0.11663516489117595
time,expanding,0.3333333333333333,1000,110,33864,0.13604226245733614
time,expanding,0.3333333333333333,1000,111,33865,0.12261549370509298
time,expanding,0.3333333333333333,1000,112,33866,0.1646511754615757
time,expanding,0.3333333333333333,1000,113,33867,0.14762597695391635
time,expanding,0.3333333333333333,1000,114,33868,0.12572238842455324
time,expanding,0.3333333333333333,1000,115,33869,0.1301496678943412
time,expanding,0.3333333333333333,1000,116,33870,0.11545838990853853
time,expanding,0.3333333333333333,1000,117,33871,0.13536693531143415
time,expanding,0.3333333333333333,1000,118,33872,0.1746270796561971
time,expanding,0.3333333333333333,1000,119,33873,0.13493305113427145
time,expanding,0.3333333333333333,1000,120,33874,0.12484337028027763
time,expanding,0.3333333333333333,1000,121,33875,0.1414492165498267
time,expanding,0.3333333333333333,1000,122,33876,0.15544601385312437
time,expanding,0.3333333333333333,1000,123,33877,0.14844146131610378
time,expanding,0.3333333333333333,1000,124,33878,0.1367557666164562
time,expanding,0.3333333333333333,1000,125,33879,0.13282598578946667
time,expanding,0.3333333333333333,1000,126,33880,0.1625724648256058
time,expanding,0.3333333333333333,1000,127,33881,0.12250790499679397
time,expanding,0.3333333333333333,1000,128,33882,0.16046476991955969
time,expanding,0.3333333333333333,1000,129,33883,0.12013608287750095
time,expanding,0.3333333333333333,1000,130,33884,0.1518896920377336
time,expanding,0.3333333333333333,1000,131,33885,0.15744191766133625
time,expanding,0.3333333333333333,1000,132,33886,0.1269125628908463
time,expanding,0.3333333333333333,1000,133,33887,0.1317672416623936
time,expanding,0.3333333333333333,1000,134,33888,0.15913227344372732
time,expanding,0.3333333333333333,1000,135,33889,0.23715815918269584
time,expanding,0.3333333333333333,1000,136,33890,0.15321230972165975
time,expanding,0.3333333333333333,1000,137,33891,0.11622852228678304
time,expanding,0.3333333333333333,1000,138,33892,0.1264089707192316
time,expanding,0.3333333333333333,1000,139,33893,0.20566240830479357
time,expanding,0.3333333333333333,1000,140,33894,0.11915431210022927
time,expanding,0.3333333333333333,1000,141,33895,0.22141699401993892
time,expanding,0.3333333333333333,1000,142,33896,0.11304973799539761
time,expanding,0.3333333333333333,1000,143,33897,0.1533979953924488
time,expanding,0.3333333333333333,1000,144,33898,0.12655711008681203
time,expanding,0.3333333333333333,1000,145,33899,0.17774604008595912
time,expanding,0.3333333333333333,1000,146,33900,0.17989629599965432
time,expanding,0.3333333333333333,1000,147,33901,0.12025228873106072
time,expanding,0.3333333333333333,1000,148,33902,0.12342929358189106
time,expanding,0.3333333333333333,1000,149,33903,0.14148227444432307
time,expanding,0.3333333333333333,1000,150,33904,0.14136163744193422
time,expanding,0.3333333333333333,1000,151,33905,0.1340303901385167
time,expanding,0.3333333333333333,1000,152,33906,0.1274291923134268
time,expanding,0.3333333333333333,1000,153,33907,0.1552361177437297
time,expanding,0.3333333333333333,1000,154,33908,0.13704498950951946
time,expanding,0.3333333333333333,1000,155,33909,0.12937915294805688
time,expanding,0.3333333333333333,1000,156,33910,0.14073700390122157
time,expanding,0.3333333333333333,1000,157,33911,0.12752309102604115
time,expanding,0.3333333333333333,1000,158,33912,0.14240481311704248
time,expanding,0.3333333333333333,1000,159,33913,0.13466911099063683
time,expanding,0.3333333333333333,1000,160,33914,0.1493333009637537
time,expanding,0.3333333333333333,1000,161,33915,0.11908998745167902
time,expanding,0.3333333333333333,1000,162,33916,0.13378614424436241
time,expanding,0.3333333333333333,1000,163,33917,0.12428594366708962
time,expanding,0.3333333333333333,1000,164,33918,0.13740754709756955
time,expanding,0.3333333333333333,1000,165,33919,0.14699797260250325
time,expanding,0.3333333333333333,1000,166,33920,0.17530952815417408
time,expanding,0.3333333333333333,1000,167,33921,0.18946749796730197
time,expanding,0.3333333333333333,1000,168,33922,0.1703424672261594
time,expanding,0.3333333333333333,1000,169,33923,0.12086101524797535
time,expanding,0.3333333333333333,1000,170,33924,0.14200373418249454
time,expanding,0.3333333333333333,1000,171,33925,0.16944935308897546
time,expanding,0.3333333333333333,1000,172,33926,0.1252067697012488
time,expanding,0.3333333333333333,1000,173,33927,0.15538786232631926
time,expanding,0.3333333333333333,1000,174,33928,0.1160850238554987
time,expanding,0.3333333333333333,1000,175,33929,0.1365101973044873
time,expanding,0.3333333333333333,1000,176,33930,0.13581839526066947
time,expanding,0.3333333333333333,1000,177,33931,0.1367488348360435
time,expanding,0.3333333333333333,1000,178,33932,0.1471684847310699
time,expanding,0.3333333333333333,1000,179,33933,0.1302275327065077
time,expanding,0.3333333333333333,1000,180,33934,0.12208694619858239
time,expanding,0.3333333333333333,1000,181,33935,0.13464097909598058
time,expanding,0.3333333333333333,1000,182,33936,0.13776423712388883
time,expanding,0.3333333333333333,1000,183,33937,0.11845389599283482
time,expanding,0.3333333333333333,1000,184,33938,0.12373976329450177
time,expanding,0.3333333333333333,1000,185,33939,0.16731602121561442
time,expanding,0.3333333333333333,1000,186,33940,0.14230494237306057
time,expanding,0.3333333333333333,1000,187,33941,0.1806529486531717
time,expanding,0.3333333333333333,1000,188,33942,0.12362829227697548
time,expanding,0.3333333333333333,1000,189,33943,0.11066262726903903
time,expanding,0.3333333333333333,1000,190,33944,0.12705327697333132
time,expanding,0.3333333333333333,1000,191,33945,0.11026701428073646
time,expanding,0.3333333333333333,1000,192,33946,0.15947228043845388
time,expanding,0.3333333333333333,1000,193,33947,0.1343109477060577
time,expanding,0.3333333333333333,1000,194,33948,0.13446078801543931
time,expanding,0.3333333333333333,1000,195,33949,0.15879556606117018
time,expanding,0.3333333333333333,1000,196,33950,0.12851087553697313
time,expanding,0.3333333333333333,1000,197,33951,0.13225688095182891
time,expanding,0.3333333333333333,1000,198,33952,0.11354121528554699
time,expanding,0.3333333333333333,1000,199,33953,0.12805722674268036
time,expanding,0.5,1000,0,33252,0.18932187069435275
time,expanding,0.5,1000,1,33253,0.151246282390925
time,expanding,0.5,1000,2,33254,0.1450188496064922
time,expanding,0.5,1000,3,33255,0.13065889837653738
time,expanding,0.5,1000,4,33256,0.1373697187092434
time,expanding,0.5,1000,5,33257,0.12973104728041973
time,expanding,0.5,1000,6,33258,0.1845549703693163
time,expanding,0.5,1000,7,33259,0.15829683836891612
time,expanding,0.5,1000,8,33260,0.1777636343499786
time,expanding,0.5,1000,9,33261,0.1610246613408523
time,expanding,0.5,1000,10,33262,0.14334993243342187
time,expanding,0.5,1000,11,33263,0.17169901721231598
time,expanding,0.5,1000,12,33264,0.17913781519681385
time,expanding,0.5,1000,13,33265,0.1429171699715578
time,expanding,0.5,1000,14,33266,0.13283795725804742
time,expanding,0.5,1000,15,33267,0.13822018786443224
time,expanding,0.5,1000,16,33268,0.18320507023556687
time,expanding,0.5,1000,17,33269,0.1749785467686788
time,expanding,0.5,1000,18,33270,0.14223559169423955
time,expanding,0.5,1000,19,33271,0.14462540623111286
time,expanding,0.5,1000,20,33272,0.15057217933793357
time,expanding,0.5,1000,21,33273,0.13214009763271461
time,expanding,0.5,1000,22,33274,0.16190387066637218
time,expanding,0.5,1000,23,33275,0.16015692602699955
time,expanding,0.5,1000,24,33276,0.14227743727337439
time,expanding,0.5,1000,25,33277,0.16940301618534043
time,expanding,0.5,1000,26,33278,0.14880505939331717
time,expanding,0.5,1000,27,33279,0.14149056038095875
time,expanding,0.5,1000,28,33280,0.17812962314709732
time,expanding,0.5,1000,29,33281,0.14952585454043885
time,expanding,0.5,1000,30,33282,0.13012623563623296
time,expanding,0.5,1000,31,33283,0.14808742720407952
time,expanding,0.5,1000,32,33284,0.13157592448942348
time,expanding,0.5,1000,33,33285,0.14912600998037653
time,expanding,0.5,1000,34,33286,0.13497816745314922
time,expanding,0.5,1000,35,33287,0.1809503314347316
time,expanding,0.5,1000,36,33288,0.12553028407452888
time,expanding,0.5,1000,37,33289,0.28722189078027405
time,expanding,0.5,1000,38,33290,0.15264906340738235
time,expanding,0.5,1000,39,33291,0.145312665020614
time,expanding,0.5,1000,40,33292,0.16442096351576566
time,expanding,0.5,1000,41,33293,0.13453607639674184
time,expanding,0.5,1000,42,33294,0.17554896729609423
time,expanding,0.5,1000,43,33295,0.1381767867820846
time,expanding,0.5,1000,44,33296,0.1462914215487373
time,expanding,0.5,1000,45,33297,0.143285898072949
time,expanding,0.5,1000,46,33298,0.14745610641706627
time,expanding,0.5,1000,47,33299,0.14806249348834305
time,expanding,0.5,1000,48,33300,0.1382317798591962
time,expanding,0.5,1000,49,33301,0.12424695485734107
time,expanding,0.5,1000,50,33302,0.18650298003199575
time,expanding,0.5,1000,51,33303,0.13559520937327846
time,expanding,0.5,1000,52,33304,0.18656260723280735
time,expanding,0.5,1000,53,33305,0.12578795803719703
time,expanding,0.5,1000,54,33306,0.13345091957063823
time,expanding,0.5,1000,55,33307,0.15590240508271785
time,expanding,0.5,1000,56,33308,0.13318761125760956
time,expanding,0.5,1000,57,33309,0.14669581428541967
time,expanding,0.5,1000,58,33310,0.14031846170577658
time,expanding,0.5,1000,59,33311,0.1303744037313359
time,expanding,0.5,1000,60,33312,0.17842523808193658
time,expanding,0.5,1000,61,33313,0.1559696851020027
time,expanding,0.5,1000,62,33314,0.18339430777360363
time,expanding,0.5,1000,63,33315,0.17012738947070735
time,expanding,0.5,1000,64,33316,0.1496002249865978
time,expanding,0.5,1000,65,33317,0.1473242252506576
time,expanding,0.5,1000,66,33318,0.12491661143474775
time,expanding,0.5,1000,67,33319,0.1250818699148531
time,expanding,0.5,1000,68,33320,0.13350901266451762
time,expanding,0.5,1000,69,33321,0.13945854545275777
time,expanding,0.5,1000,70,33322,0.12286665752009579
time,expanding,0.5,1000,71,33323,0.1679538449643997
time,expanding,0.5,1000,72,33324,0.13452248120344978
time,expanding,0.5,1000,73,33325,0.12823495404032478
time,expanding,0.5,1000,74,33326,0.15991796958628618
time,expanding,0.5,1000,75,33327,0.13053879494516565
time,expanding,0.5,1000,76,33328,0.1532119853120177
time,expanding,0.5,1000,77,33329,0.15183464888375753
time,expanding,0.5,1000,78,33330,0.16751631479450702
time,expanding,0.5,1000,79,33331,0.14614917376740869
time,expanding,0.5,1000,80,33332,0.14041411807777593
time,expanding,0.5,1000,81,33333,0.1266551733137588
time,expanding,0.5,1000,82,33334,0.15531089754008554
time,expanding,0.5,1000,83,33335,0.15603835893496767
time,expanding,0.5,1000,84,33336,0.16610435758772263
time,expanding,0.5,1000,85,33337,0.14406831646884835
time,expanding,0.5,1000,86,33338,0.14203736674099032
time,expanding,0.5,1000,87,33339,0.15005668648591564
time,expanding,0.5,1000,88,33340,0.14526768754672895
time,expanding,0.5,1000,89,33341,0.1358366015060922
time,expanding,0.5,1000,90,33342,0.19277610223430985
time,expanding,0.5,1000,91,33343,0.1287619681275687
time,expanding,0.5,1000,92,33344,0.15435696447283065
time,expanding,0.5,1000,93,33345,0.1304346023000608
time,expanding,0.5,1000,94,33346,0.1391198356974189
time,expanding,0.5,1000,95,33347,0.16369286884649462
time,expanding,0.5,1000,96,33348,0.16978659701517484
time,expanding,0.5,1000,97,33349,0.16758755216384083
time,expanding,0.5,1000,98,33350,0.12411242612045194
time,expanding,0.5,1000,99,33351,0.19744124068647012
time,expanding,0.5,1000,100,33352,0.13634940938549453
time,expanding,0.5,1000,101,33353,0.15827451803795398
time,expanding,0.5,1000,102,33354,0.2084315063489039
time,expanding,0.5,1000,103,33355,0.2181877834137271
time,expanding,0.5,1000,104,33356,0.1731831966044477
time,expanding,0.5,1000,105,33357,0.16502035280204658
time,expanding,0.5,1000,106,33358,0.15838676369298507
time,expanding,0.5,1000,107,33359,0.1939172903588331
time,expanding,0.5,1000,108,33360,0.13621215292855093
time,expanding,0.5,1000,109,33361,0.14608958519034995
time,expanding,0.5,1000,110,33362,0.1504550119241907
time,expanding,0.5,1000,111,33363,0.13500846344283873
time,expanding,0.5,1000,112,33364,0.16583442392896855
time,expanding,0.5,1000,113,33365,0.14195880072265235
time,expanding,0.5,1000,114,33366,0.1529319605867669
time,expanding,0.5,1000,115,33367,0.12672678671493814
time,expanding,0.5,1000,116,33368,0.13994140956021137
time,expanding,0.5,1000,117,33369,0.18887386341080906
time,expanding,0.5,1000,118,33370,0.13480919285859147
time,expanding,0.5,1000,119,33371,0.1504452181915494
time,expanding,0.5,1000,120,33372,0.16432766635319104
time,expanding,0.5,1000,121,33373,0.1298047212718063
time,expanding,0.5,1000,122,33374,0.1391872189973207
time,expanding,0.5,1000,123,33375,0.13833329585930879
time,expanding,0.5,1000,124,33376,0.21987146400347068
time,expanding,0.5,1000,125,33377,0.14479688501337273
time,expanding,0.5,1000,126,33378,0.13480640805347366
time,expanding,0.5,1000,127,33379,0.12528430661961865
time,expanding,0.5,1000,128,33380,0.14280544193658792
time,expanding,0.5,1000,129,33381,0.13911651840971642
time,expanding,0.5,1000,130,33382,0.1432288485801014
time,expanding,0.5,1000,131,33383,0.1440965529104106
time,expanding,0.5,1000,132,33384,0.15185698605149087
time,expanding,0.5,1000,133,33385,0.1436532448380584
time,expanding,0.5,1000,134,33386,0.19742522608211435
time,expanding,0.5,1000,135,33387,0.1953924784064161
time,expanding,0.5,1000,136,33388,0.13624004586833993
time,expanding,0.5,1000,137,33389,0.13138514364579354
time,expanding,0.5,1000,138,33390,0.17784785872139625
time,expanding,0.5,1000,139,33391,0.15260842896546817
time,expanding,0.5,1000,140,33392,0.13137123406514384
time,expanding,0.5,1000,141,33393,0.16642643798439682
time,expanding,0.5,1000,142,33394,0.16327228283246667
time,expanding,0.5,1000,143,33395,0.16611500096960963
time,expanding,0.5,1000,144,33396,0.12957757251869798
time,expanding,0.5,1000,145,33397,0.14171615832896128
time,expanding,0.5,1000,146,33398,0.1494939536127025
time,expanding,0.5,1000,147,33399,0.14400649417821984
time,expanding,0.5,1000,148,33400,0.1492006843378737
time,expanding,0.5,1000,149,33401,0.25339828911692525
time,expanding,0.5,1000,150,33402,0.1389818971654808
time,expanding,0.5,1000,151,33403,0.13252807652848972
time,expanding,0.5,1000,152,33404,0.14571547487897712
time,expanding,0.5,1000,153,33405,0.14662820752001765
time,expanding,0.5,1000,154,33406,0.15170403809170271
time,expanding,0.5,1000,155,33407,0.13812292212740862
time,expanding,0.5,1000,156,33408,0.16186731368510401
time,expanding,0.5,1000,157,33409,0.1523698211678279
time,expanding,0.5,1000,158,33410,0.1410127396720798
time,expanding,0.5,1000,159,33411,0.16614709741323883
time,expanding,0.5,1000,160,33412,0.1784383898176266
time,expanding,0.5,1000,161,33413,0.14720721775027773
time,expanding,0.5,1000,162,33414,0.16270312938281148
time,expanding,0.5,1000,163,33415,0.16030599703827253
time,expanding,0.5,1000,164,33416,0.1323395559800031
time,expanding,0.5,1000,165,33417,0.12886235707008234
time,expanding,0.5,1000,166,33418,0.16013611468889832
time,expanding,0.5,1000,167,33419,0.21578035353790323
time,expanding,0.5,1000,168,33420,0.1627262865249662
time,expanding,0.5,1000,169,33421,0.1453049254468851
time,expanding,0.5,1000,170,33422,0.1805034627146544
time,expanding,0.5,1000,171,33423,0.12767068604868395
time,expanding,0.5,1000,172,33424,0.11587816563713588
time,expanding,0.5,1000,173,33425,0.14909566367740568
time,expanding,0.5,1000,174,33426,0.145852881315492
time,expanding,0.5,1000,175,33427,0.12637998053208646
time,expanding,0.5,1000,176,33428,0.16697728058768532
time,expanding,0.5,1000,177,33429,0.16429193344952608
time,expanding,0.5,1000,178,33430,0.13839090008782504
time,expanding,0.5,1000,179,33431,0.12681196913689852
time,expanding,0.5,1000,180,33432,0.12775809910782826
time,expanding,0.5,1000,181,33433,0.14585003109409567
time,expanding,0.5,1000,182,33434,0.17328104744539224
time,expanding,0.5,1000,183,33435,0.19807969682578094
time,expanding,0.5,1000,184,33436,0.2005330430035396
time,expanding,0.5,1000,185,33437,0.12532249839776202
time,expanding,0.5,1000,186,33438,0.18074407408249993
time,expanding,0.5,1000,187,33439,0.15767793563797597
time,expanding,0.5,1000,188,33440,0.15031721701996656
time,expanding,0.5,1000,189,33441,0.17404263296817124
time,expanding,0.5,1000,190,33442,0.11825987827215233
time,expanding,0.5,1000,191,33443,0.1399982826675447
time,expanding,0.5,1000,192,33444,0.1504498722125247
time,expanding,0.5,1000,193,33445,0.22855368592562392
time,expanding,0.5,1000,194,33446,0.20567035440700862
time,expanding,0.5,1000,195,33447,0.1382683980107763
time,expanding,0.5,1000,196,33448,0.16974390091406688
time,expanding,0.5,1000,197,33449,0.1744058313350864
time,expanding,0.5,1000,198,33450,0.1429667448756141
time,expanding,0.5,1000,199,33451,0.15204317014972407
time,expanding,0.6666666666666666,1000,0,34395,0.1452000778818726
time,expanding,0.6666666666666666,1000,1,34396,0.1994879642057245
time,expanding,0.6666666666666666,1000,2,34397,0.169287349169522
time,expanding,0.6666666666666666,1000,3,34398,0.1505280658118663
time,expanding,0.6666666666666666,1000,4,34399,0.1748950699517281
time,expanding,0.6666666666666666,1000,5,34400,0.1624715883316838
time,expanding,0.6666666666666666,1000,6,34401,0.15494919566664012
time,expanding,0.6666666666666666,1000,7,34402,0.17648547651904287
time,expanding,0.6666666666666666,1000,8,34403,0.1630040114810298
time,expanding,0.6666666666666666,1000,9,34404,0.1961832135380451
time,expanding,0.6666666666666666,1000,10,34405,0.19825718674639206
time,expanding,0.6666666666666666,1000,11,34406,0.17207001888965312
time,expanding,0.6666666666666666,1000,12,34407,0.18037226297668418
time,expanding,0.6666666666666666,1000,13,34408,0.13883720575446826
time,expanding,0.6666666666666666,1000,14,34409,0.15143577161207686
time,expanding,0.6666666666666666,1000,15,34410,0.1535333363787863
time,expanding,0.6666666666666666,1000,16,34411,0.14549884906047247
time,expanding,0.6666666666666666,1000,17,34412,0.15092578951086852
time,expanding,0.6666666666666666,1000,18,34413,0.18271482444974668
time,expanding,0.6666666666666666,1000,19,34414,0.14417288696283126
time,expanding,0.6666666666666666,1000,20,34415,0.1481982753853611
time,expanding,0.6666666666666666,1000,21,34416,0.15843157316082176
time,expanding,0.6666666666666666,1000,22,34417,0.16209601830722095
time,expanding,0.6666666666666666,1000,23,34418,0.20918159280812637
time,expanding,0.6666666666666666,1000,24,34419,0.20519550014203639
time,expanding,0.6666666666666666,1000,25,34420,0.1466123111662892
time,expanding,0.6666666666666666,1000,26,34421,0.21477149872906176
time,expanding,0.6666666666666666,1000,27,34422,0.2190337873624486
time,expanding,0.6666666666666666,1000,28,34423,0.1686535063842498
time,expanding,0.6666666666666666,1000,29,34424,0.1845315150829619
time,expanding,0.6666666666666666,1000,30,34425,0.14687394617466323
time,expanding,0.6666666666666666,1000,31,34426,0.19183995376580845
time,expanding,0.6666666666666666,1000,32,34427,0.18100520658726393
time,expanding,0.6666666666666666,1000,33,34428,0.17585662624965018
time,expanding,0.6666666666666666,1000,34,34429,0.1491668942189757
time,expanding,0.6666666666666666,1000,35,34430,0.1854270280544263
time,expanding,0.6666666666666666,1000,36,34431,0.15768490986439507
time,expanding,0.6666666666666666,1000,37,34432,0.16801697623964892
time,expanding,0.6666666666666666,1000,38,34433,0.18184234271120667
time,expanding,0.6666666666666666,1000,39,34434,0.2102829577827501
time,expanding,0.6666666666666666,1000,40,34435,0.15521845842474655
time,expanding,0.6666666666666666,1000,41,34436,0.1625663318108908
time,expanding,0.6666666666666666,1000,42,34437,0.13899922111641852
time,expanding,0.6666666666666666,1000,43,34438,0.1463045670250992
time,expanding,0.6666666666666666,1000,44,34439,0.19007749862076154
time,expanding,0.6666666666666666,1000,45,34440,0.15739887982544104
time,expanding,0.6666666666666666,1000,46,34441,0.17563378761678206
time,expanding,0.6666666666666666,1000,47,34442,0.1544556818894274
time,expanding,0.6666666666666666,1000,48,34443,0.15887267797233792
time,expanding,0.6666666666666666,1000,49,34444,0.15126968460390822
time,expanding,0.6666666666666666,1000,50,34445,0.15106723310783107
time,expanding,0.6666666666666666,1000,51,34446,0.16804618625796153
time,expanding,0.6666666666666666,1000,52,34447,0.1548576086944995
time,expanding,0.6666666666666666,1000,53,34448,0.23867916394651256
time,expanding,0.6666666666666666,1000,54,34449,0.1679499298772042
time,expanding,0.6666666666666666,1000,55,34450,0.1544713185844432
time,expanding,0.6666666666666666,1000,56,34451,0.18238324825320765
time,expanding,0.6666666666666666,1000,57,34452,0.15902698878374172
time,expanding,0.6666666666666666,1000,58,34453,0.1631988879782463
time,expanding,0.6666666666666666,1000,59,34454,0.17275774175257047
time,expanding,0.6666666666666666,1000,60,34455,0.19223438384814973
time,expanding,0.6666666666666666,1000,61,34456,0.14513997210452653
time,expanding,0.6666666666666666,1000,62,34457,0.15260772662955369
time,expanding,0.6666666666666666,1000,63,34458,0.18744760308928612
time,expanding,0.6666666666666666,1000,64,34459,0.1500668891749326
time,expanding,0.6666666666666666,1000,65,34460,0.16630423437848205
time,expanding,0.6666666666666666,1000,66,34461,0.1683641720603907
time,expanding,0.6666666666666666,1000,67,34462,0.1701150895053754
time,expanding,0.6666666666666666,1000,68,34463,0.16541804562240361
time,expanding,0.6666666666666666,1000,69,34464,0.15928679075299068
time,expanding,0.6666666666666666,1000,70,34465,0.15596097298422126
time,expanding,0.6666666666666666,1000,71,34466,0.14317494491712515
time,expanding,0.6666666666666666,1000,72,34467,0.25565525050507737
time,expanding,0.6666666666666666,1000,73,34468,0.14757344808110356
time,expanding,0.6666666666666666,1000,74,34469,0.1555161531542425
time,expanding,0.6666666666666666,1000,75,34470,0.1521694960281331
time,expanding,0.6666666666666666,1000,76,34471,0.1779558086771854
time,expanding,0.6666666666666666,1000,77,34472,0.16388737375031137
time,expanding,0.6666666666666666,1000,78,34473,0.17635433559915273
time,expanding,0.6666666666666666,1000,79,34474,0.15149251942532133
time,expanding,0.6666666666666666,1000,80,34475,0.16529867097888168
time,expanding,0.6666666666666666,1000,81,34476,0.17321859858158112
time,expanding,0.6666666666666666,1000,82,34477,0.16435189639220063
time,expanding,0.6666666666666666,1000,83,34478,0.15183429552334657
time,expanding,0.6666666666666666,1000,84,34479,0.1477241118107109
time,expanding,0.6666666666666666,1000,85,34480,0.1819814334265117
time,expanding,0.6666666666666666,1000,86,34481,0.16329264375493077
time,expanding,0.6666666666666666,1000,87,34482,0.14696833380458044
time,expanding,0.6666666666666666,1000,88,34483,0.18294240830633754
time,expanding,0.6666666666666666,1000,89,34484,0.18556107776931025
time,expanding,0.6666666666666666,1000,90,34485,0.14650677680241947
time,expanding,0.6666666666666666,1000,91,34486,0.16191219605386906
time,expanding,0.6666666666666666,1000,92,34487,0.13677041800258388
time,expanding,0.6666666666666666,1000,93,34488,0.17853779705744605
time,expanding,0.6666666666666666,1000,94,34489,0.18478660449377404
time,expanding,0.6666666666666666,1000,95,34490,0.15763259743882208
time,expanding,0.6666666666666666,1000,96,34491,0.1531665058545483
time,expanding,0.6666666666666666,1000,97,34492,0.22415700346915432
time,expanding,0.6666666666666666,1000,98,34493,0.13394541764727882
time,expanding,0.6666666666666666,1000,99,34494,0.15142236298198103
time,expanding,0.6666666666666666,1000,100,34495,0.16130794498390022
time,expanding,0.6666666666666666,1000,101,34496,0.14712751417931189
time,expanding,0.6666666666666666,1000,102,34497,0.14353719599282752
time,expanding,0.6666666666666666,1000,103,34498,0.1733958836161591
time,expanding,0.6666666666666666,1000,104,34499,0.15093930966047586
time,expanding,0.6666666666666666,1000,105,34500,0.23076018610915963
time,expanding,0.6666666666666666,1000,106,34501,0.14768748483964747
time,expanding,0.6666666666666666,1000,107,34502,0.20317209674009087
time,expanding,0.6666666666666666,1000,108,34503,0.16100050847142808
time,expanding,0.6666666666666666,1000,109,34504,0.16752944548741275
time,expanding,0.6666666666666666,1000,110,34505,0.17577884350968143
time,expanding,0.6666666666666666,1000,111,34506,0.1443574439898239
time,expanding,0.6666666666666666,1000,112,34507,0.14008321684510977
time,expanding,0.6666666666666666,1000,113,34508,0.16517772693638133
time,expanding,0.6666666666666666,1000,114,34509,0.14131521437856662
time,expanding,0.6666666666666666,1000,115,34510,0.15988354395113705
time,expanding,0.6666666666666666,1000,116,34511,0.15965810657332272
time,expanding,0.6666666666666666,1000,117,34512,0.27007113364486807
time,expanding,0.6666666666666666,1000,118,34513,0.1367073383046845
time,expanding,0.6666666666666666,1000,119,34514,0.15733677785888164
time,expanding,0.6666666666666666,1000,120,34515,0.20845587546488475
time,expanding,0.6666666666666666,1000,121,34516,0.1514592050790558
time,expanding,0.6666666666666666,1000,122,34517,0.17822896803895757
time,expanding,0.6666666666666666,1000,123,34518,0.22329959758238363
time,expanding,0.6666666666666666,1000,124,34519,0.16951100765408614
time,expanding,0.6666666666666666,1000,125,34520,0.16516867231881124
time,expanding,0.6666666666666666,1000,126,34521,0.15023952741436566
time,expanding,0.6666666666666666,1000,127,34522,0.1607938059078944
time,expanding,0.6666666666666666,1000,128,34523,0.15754114133464014
time,expanding,0.6666666666666666,1000,129,34524,0.15329348568793097
time,expanding,0.6666666666666666,1000,130,34525,0.21984786702881357
time,expanding,0.6666666666666666,1000,131,34526,0.18958369975819733
time,expanding,0.6666666666666666,1000,132,34527,0.1867123660258145
time,expanding,0.6666666666666666,1000,133,34528,0.15529300558932496
time,expanding,0.6666666666666666,1000,134,34529,0.1492014208677147
time,expanding,0.6666666666666666,1000,135,34530,0.20697083555715498
time,expanding,0.6666666666666666,1000,136,34531,0.15461431042909468
time,expanding,0.6666666666666666,1000,137,34532,0.159422046813509
time,expanding,0.6666666666666666,1000,138,34533,0.1446046114186654
time,expanding,0.6666666666666666,1000,139,34534,0.1593220613897996
time,expanding,0.6666666666666666,1000,140,34535,0.17258614421593382
time,expanding,0.6666666666666666,1000,141,34536,0.15977531728788355
time,expanding,0.6666666666666666,1000,142,34537,0.1489545082381456
time,expanding,0.6666666666666666,1000,143,34538,0.1655652006232578
time,expanding,0.6666666666666666,1000,144,34539,0.1491685459835826
time,expanding,0.6666666666666666,1000,145,34540,0.13889540455784927
time,expanding,0.6666666666666666,1000,146,34541,0.144509395858748
time,expanding,0.6666666666666666,1000,147,34542,0.14007795026346329
time,expanding,0.6666666666666666,1000,148,34543,0.16993023651463915
time,expanding,0.6666666666666666,1000,149,34544,0.16491449933125568
time,expanding,0.6666666666666666,1000,150,34545,0.1619052185388993
time,expanding,0.6666666666666666,1000,151,34546,0.16323389338387123
time,expanding,0.6666666666666666,1000,152,34547,0.12419455886413519
time,expanding,0.6666666666666666,1000,153,34548,0.18158525716064858
time,expanding,0.6666666666666666,1000,154,34549,0.2069171649505008
time,expanding,0.6666666666666666,1000,155,34550,0.16087473287390994
time,expanding,0.6666666666666666,1000,156,34551,0.17700713939785867
time,expanding,0.6666666666666666,1000,157,34552,0.16541228230533303
time,expanding,0.6666666666666666,1000,158,34553,0.14959786601040903
time,expanding,0.6666666666666666,1000,159,34554,0.16357064647596584
time,expanding,0.6666666666666666,1000,160,34555,0.14117112066781862
time,expanding,0.6666666666666666,1000,161,34556,0.15872959586712743
time,expanding,0.6666666666666666,1000,162,34557,0.17159121228680468
time,expanding,0.6666666666666666,1000,163,34558,0.1855689485760176
time,expanding,0.6666666666666666,1000,164,34559,0.14094617451373959
time,expanding,0.6666666666666666,1000,165,34560,0.17612046300712092
time,expanding,0.6666666666666666,1000,166,34561,0.1255097523027677
time,expanding,0.6666666666666666,1000,167,34562,0.18862786734999368
time,expanding,0.6666666666666666,1000,168,34563,0.14308019167220712
time,expanding,0.6666666666666666,1000,169,34564,0.19870155054702454
time,expanding,0.6666666666666666,1000,170,34565,0.15277157462578272
time,expanding,0.6666666666666666,1000,171,34566,0.1428299456867872
time,expanding,0.6666666666666666,1000,172,34567,0.14628693417714345
time,expanding,0.6666666666666666,1000,173,34568,0.1806100936373139
time,expanding,0.6666666666666666,1000,174,34569,0.15629770715991564
time,expanding,0.6666666666666666,1000,175,34570,0.22553233061786385
time,expanding,0.6666666666666666,1000,176,34571,0.14994894607560671
time,expanding,0.6666666666666666,1000,177,34572,0.17054515678235369
time,expanding,0.6666666666666666,1000,178,34573,0.17008421327099493
time,expanding,0.6666666666666666,1000,179,34574,0.15777851554331548
time,expanding,0.6666666666666666,1000,180,34575,0.15654583462491445
time,expanding,0.6666666666666666,1000,181,34576,0.1866004616846327
time,expanding,0.6666666666666666,1000,182,34577,0.21283549721041173
time,expanding,0.6666666666666666,1000,183,34578,0.15366989895600094
time,expanding,0.6666666666666666,1000,184,34579,0.14208066888010684
time,expanding,0.6666666666666666,1000,185,34580,0.22393474999457064
time,expanding,0.6666666666666666,1000,186,34581,0.15236167009114504
time,expanding,0.6666666666666666,1000,187,34582,0.14651441700780482
time,expanding,0.6666666666666666,1000,188,34583,0.16006976906331083
time,expanding,0.6666666666666666,1000,189,34584,0.16554789309196108
time,expanding,0.6666666666666666,1000,190,34585,0.16105331845099186
time,expanding,0.6666666666666666,1000,191,34586,0.15492817946733392
time,expanding,0.6666666666666666,1000,192,34587,0.15450939569673608
time,expanding,0.6666666666666666,1000,193,34588,0.15899103785071786
time,expanding,0.6666666666666666,1000,194,34589,0.1777044170209597
time,expanding,0.6666666666666666,1000,195,34590,0.14865610634478876
time,expanding,0.6666666666666666,1000,196,34591,0.13783362522371323
time,expanding,0.6666666666666666,1000,197,34592,0.20610248544596266
time,expanding,0.6666666666666666,1000,198,34593,0.1847766607094391
time,expanding,0.6666666666666666,1000,199,34594,0.1575350682164129
time,expanding,0.8333333333333333,1000,0,33864,0.17468172273892435
time,expanding,0.8333333333333333,1000,1,33865,0.15744141039705611
time,expanding,0.8333333333333333,1000,2,33866,0.21141629418017735
time,expanding,0.8333333333333333,1000,3,33867,0.1895555065721874
time,expanding,0.8333333333333333,1000,4,33868,0.16143074218381506
time,expanding,0.8333333333333333,1000,5,33869,0.16711548154980294
time,expanding,0.8333333333333333,1000,6,33870,0.14825150721240635
time,expanding,0.8333333333333333,1000,7,33871,0.17381458551900653
time,expanding,0.8333333333333333,1000,8,33872,0.22422560872051184
time,expanding,0.8333333333333333,1000,9,33873,0.1732574672076311
time,expanding,0.8333333333333333,1000,10,33874,0.1603020605448354
time,expanding,0.8333333333333333,1000,11,33875,0.18162438922054547
time,expanding,0.8333333333333333,1000,12,33876,0.19959663271020636
time,expanding,0.8333333333333333,1000,13,33877,0.19060260922014735
time,expanding,0.8333333333333333,1000,14,33878,0.1755978802141466
time,expanding,0.8333333333333333,1000,15,33879,0.1705519417502797
time,expanding,0.8333333333333333,1000,16,33880,0.20874717688965133
time,expanding,0.8333333333333333,1000,17,33881,0.1573032637610503
time,expanding,0.8333333333333333,1000,18,33882,0.20604084305966566
time,expanding,0.8333333333333333,1000,19,33883,0.15425778387601605
time,expanding,0.8333333333333333,1000,20,33884,0.19503022510932422
time,expanding,0.8333333333333333,1000,21,33885,0.20215942392921468
time,expanding,0.8333333333333333,1000,22,33886,0.16295895644882774
time,expanding,0.8333333333333333,1000,23,33887,0.16919248738134973
time,expanding,0.8333333333333333,1000,24,33888,0.20432988371704927
time,expanding,0.8333333333333333,1000,25,33889,0.30451710416545863
time,expanding,0.8333333333333333,1000,26,33890,0.19672849983204638
time,expanding,0.8333333333333333,1000,27,33891,0.14924037676028692
time,expanding,0.8333333333333333,1000,28,33892,0.1623123313008302
time,expanding,0.8333333333333333,1000,29,33893,0.26407575952056694
time,expanding,0.8333333333333333,1000,30,33894,0.152997165244638
time,expanding,0.8333333333333333,1000,31,33895,0.28430504800819917
time,expanding,0.8333333333333333,1000,32,33896,0.14515873693598003
time,expanding,0.8333333333333333,1000,33,33897,0.19696692495285328
time,expanding,0.8333333333333333,1000,34,33898,0.16250254601401523
time,expanding,0.8333333333333333,1000,35,33899,0.2282304331859705
time,expanding,0.8333333333333333,1000,36,33900,0.23099141643153823
time,expanding,0.8333333333333333,1000,37,33901,0.15440699514555506
time,expanding,0.8333333333333333,1000,38,33902,0.1584863501229615
time,expanding,0.8333333333333333,1000,39,33903,0.18166683639730183
time,expanding,0.8333333333333333,1000,40,33904,0.18151193542004046
time,expanding,0.8333333333333333,1000,41,33905,0.17209842754642923
time,expanding,0.8333333333333333,1000,42,33906,0.1636223217584303
time,expanding,0.8333333333333333,1000,43,33907,0.19932712077088036
time,expanding,0.8333333333333333,1000,44,33908,0.17596924975992748
time,expanding,0.8333333333333333,1000,45,33909,0.1661261207748361
time,expanding,0.8333333333333333,1000,46,33910,0.18070989007765084
time,expanding,0.8333333333333333,1000,47,33911,0.1637428900920211
time,expanding,0.8333333333333333,1000,48,33912,0.1828513995009507
time,expanding,0.8333333333333333,1000,49,33913,0.17291856135471995
time,expanding,0.8333333333333333,1000,50,33914,0.19174775399533994
time,expanding,0.8333333333333333,1000,51,33915,0.15291457076097986
time,expanding,0.8333333333333333,1000,52,33916,0.17178480961041342
time,expanding,0.8333333333333333,1000,53,33917,0.15958631060556358
time,expanding,0.8333333333333333,1000,54,33918,0.17643478291799794
time,expanding,0.8333333333333333,1000,55,33919,0.1887491330231822
time,expanding,0.8333333333333333,1000,56,33920,0.22510188993749464
time,expanding,0.8333333333333333,1000,57,33921,0.24328108302624885
time,expanding,0.8333333333333333,1000,58,33922,0.2187240574596878
time,expanding,0.8333333333333333,1000,59,33923,0.15518861546508503
time,expanding,0.8333333333333333,1000,60,33924,0.18233640395489328
time,expanding,0.8333333333333333,1000,61,33925,0.21757727620754075
time,expanding,0.8333333333333333,1000,62,33926,0.16076867463777209
time,expanding,0.8333333333333333,1000,63,33927,0.19952196467177036
time,expanding,0.8333333333333333,1000,64,33928,0.14905612112726316
time,expanding,0.8333333333333333,1000,65,33929,0.17528256297601996
time,expanding,0.8333333333333333,1000,66,33930,0.1743942715684415
time,expanding,0.8333333333333333,1000,67,33931,0.17558897963191442
time,expanding,0.8333333333333333,1000,68,33932,0.1889680749301156
time,expanding,0.8333333333333333,1000,69,33933,0.16721546194769096
time,expanding,0.8333333333333333,1000,70,33934,0.15676274196476947
time,expanding,0.8333333333333333,1000,71,33935,0.17288243928696145
time,expanding,0.8333333333333333,1000,72,33936,0.17689278197767033
time,expanding,0.8333333333333333,1000,73,33937,0.15209781316048565
time,expanding,0.8333333333333333,1000,74,33938,0.15888500112506507
time,expanding,0.8333333333333333,1000,75,33939,0.21483802385991413
time,expanding,0.8333333333333333,1000,76,33940,0.18272316292729401
time,expanding,0.8333333333333333,1000,77,33941,0.23196297767025806
time,expanding,0.8333333333333333,1000,78,33942,0.15874186950533814
time,expanding,0.8333333333333333,1000,79,33943,0.142093626090888
time,expanding,0.8333333333333333,1000,80,33944,0.16313963690722508
time,expanding,0.8333333333333333,1000,81,33945,0.1415856489587358
time,expanding,0.8333333333333333,1000,82,33946,0.20476646134012963
time,expanding,0.8333333333333333,1000,83,33947,0.17245867059399594
time,expanding,0.8333333333333333,1000,84,33948,0.17265106935968622
time,expanding,0.8333333333333333,1000,85,33949,0.20389754287985995
time,expanding,0.8333333333333333,1000,86,33950,0.1650112305102687
time,expanding,0.8333333333333333,1000,87,33951,0.16982119667399367
time,expanding,0.8333333333333333,1000,88,33952,0.14578980626825724
time,expanding,0.8333333333333333,1000,89,33953,0.1644287339281471
time,expanding,0.8333333333333333,1000,90,33954,0.1872565328269346
time,expanding,0.8333333333333333,1000,91,33955,0.17082448107067263
time,expanding,0.8333333333333333,1000,92,33956,0.2314682116051844
time,expanding,0.8333333333333333,1000,93,33957,0.15483139844436408
time,expanding,0.8333333333333333,1000,94,33958,0.1775013214470482
time,expanding,0.8333333333333333,1000,95,33959,0.17644093164956862
time,expanding,0.8333333333333333,1000,96,33960,0.16920449222952313
time,expanding,0.8333333333333333,1000,97,33961,0.19787536148429694
time,expanding,0.8333333333333333,1000,98,33962,0.15324255597927575
time,expanding,0.8333333333333333,1000,99,33963,0.1880090112910346
time,expanding,0.8333333333333333,1000,100,33964,0.19912956501791063
time,expanding,0.8333333333333333,1000,101,33965,0.16507846593102712
time,expanding,0.8333333333333333,1000,102,33966,0.20378186972050416
time,expanding,0.8333333333333333,1000,103,33967,0.22384337663988968
time,expanding,0.8333333333333333,1000,104,33968,0.18080567951136015
time,expanding,0.8333333333333333,1000,105,33969,0.20248310329581518
time,expanding,0.8333333333333333,1000,106,33970,0.20041671108299092
time,expanding,0.8333333333333333,1000,107,33971,0.15624713500746817
time,expanding,0.8333333333333333,1000,108,33972,0.17119017211015206
time,expanding,0.8333333333333333,1000,109,33973,0.1619193542101327
time,expanding,0.8333333333333333,1000,110,33974,0.22792096014653856
time,expanding,0.8333333333333333,1000,111,33975,0.16173483075316863
time,expanding,0.8333333333333333,1000,112,33976,0.14102725223826593
time,expanding,0.8333333333333333,1000,113,33977,0.17580854370280938
time,expanding,0.8333333333333333,1000,114,33978,0.1704552466341987
time,expanding,0.8333333333333333,1000,115,33979,0.14546732183793756
time,expanding,0.8333333333333333,1000,116,33980,0.17788489928994133
time,expanding,0.8333333333333333,1000,117,33981,0.1519964268062248
time,expanding,0.8333333333333333,1000,118,33982,0.16547917799181328
time,expanding,0.8333333333333333,1000,119,33983,0.17145842414812218
time,expanding,0.8333333333333333,1000,120,33984,0.2065595388516245
time,expanding,0.8333333333333333,1000,121,33985,0.2056019725977181
time,expanding,0.8333333333333333,1000,122,33986,0.25123059722195235
time,expanding,0.8333333333333333,1000,123,33987,0.2046236800943025
time,expanding,0.8333333333333333,1000,124,33988,0.2114798651600402
time,expanding,0.8333333333333333,1000,125,33989,0.16239829277548767
time,expanding,0.8333333333333333,1000,126,33990,0.17446929223933383
time,expanding,0.8333333333333333,1000,127,33991,0.21654004341214225
time,expanding,0.8333333333333333,1000,128,33992,0.14525746580122095
time,expanding,0.8333333333333333,1000,129,33993,0.18891889356785296
time,expanding,0.8333333333333333,1000,130,33994,0.17430500342007826
time,expanding,0.8333333333333333,1000,131,33995,0.17840584486870711
time,expanding,0.8333333333333333,1000,132,33996,0.1476845683936121
time,expanding,0.8333333333333333,1000,133,33997,0.17875357004639886
time,expanding,0.8333333333333333,1000,134,33998,0.2044244436572181
time,expanding,0.8333333333333333,1000,135,33999,0.16106598419816465
time,expanding,0.8333333333333333,1000,136,34000,0.15104047083220803
time,expanding,0.8333333333333333,1000,137,34001,0.1650636359957202
time,expanding,0.8333333333333333,1000,138,34002,0.16291386994954202
time,expanding,0.8333333333333333,1000,139,34003,0.18770779982768435
time,expanding,0.8333333333333333,1000,140,34004,0.21020576236240562
time,expanding,0.8333333333333333,1000,141,34005,0.17941360039327064
time,expanding,0.8333333333333333,1000,142,34006,0.1396414065087353
time,expanding,0.8333333333333333,1000,143,34007,0.16150196416115983
time,expanding,0.8333333333333333,1000,144,34008,0.1539982658943144
time,expanding,0.8333333333333333,1000,145,34009,0.17936106258391246
time,expanding,0.8333333333333333,1000,146,34010,0.175222263232326
time,expanding,0.8333333333333333,1000,147,34011,0.16167470644433685
time,expanding,0.8333333333333333,1000,148,34012,0.15429354442886095
time,expanding,0.8333333333333333,1000,149,34013,0.23876250394027812
time,expanding,0.8333333333333333,1000,150,34014,0.18265270795631777
time,expanding,0.8333333333333333,1000,151,34015,0.20962741064976398
time,expanding,0.8333333333333333,1000,152,34016,0.16890359224391913
time,expanding,0.8333333333333333,1000,153,34017,0.15613979813319467
time,expanding,0.8333333333333333,1000,154,34018,0.1903298591640588
time,expanding,0.8333333333333333,1000,155,34019,0.14746809680184028
time,expanding,0.8333333333333333,1000,156,34020,0.18724215060878066
time,expanding,0.8333333333333333,1000,157,34021,0.1765789514292981
time,expanding,0.8333333333333333,1000,158,34022,0.17149493189421305
time,expanding,0.8333333333333333,1000,159,34023,0.16392952109879452
time,expanding,0.8333333333333333,1000,160,34024,0.17228072786645068
time,expanding,0.8333333333333333,1000,161,34025,0.162849255345155
time,expanding,0.8333333333333333,1000,162,34026,0.20594694954969256
time,expanding,0.8333333333333333,1000,163,34027,0.16635143422703091
time,expanding,0.8333333333333333,1000,164,34028,0.17676298854059155
time,expanding,0.8333333333333333,1000,165,34029,0.256224801438099
time,expanding,0.8333333333333333,1000,166,34030,0.23796992040789325
time,expanding,0.8333333333333333,1000,167,34031,0.2488450331387457
time,expanding,0.8333333333333333,1000,168,34032,0.16550768760902548
time,expanding,0.8333333333333333,1000,169,34033,0.25275065600847907
time,expanding,0.8333333333333333,1000,170,34034,0.17280061369779315
time,expanding,0.8333333333333333,1000,171,34035,0.15955565585658693
time,expanding,0.8333333333333333,1000,172,34036,0.16940067754935081
time,expanding,0.8333333333333333,1000,173,34037,0.16943212677945813
time,expanding,0.8333333333333333,1000,174,34038,0.165114819856384
time,expanding,0.8333333333333333,1000,175,34039,0.1870136669493597
time,expanding,0.8333333333333333,1000,176,34040,0.18900071040987398
time,expanding,0.8333333333333333,1000,177,34041,0.15261367655110758
time,expanding,0.8333333333333333,1000,178,34042,0.31398640702525
time,expanding,0.8333333333333333,1000,179,34043,0.1697235011818973
time,expanding,0.8333333333333333,1000,180,34044,0.19308416889152594
time,expanding,0.8333333333333333,1000,181,34045,0.16717617390682754
time,expanding,0.8333333333333333,1000,182,34046,0.18639926696150794
time,expanding,0.8333333333333333,1000,183,34047,0.16294901326960307
time,expanding,0.8333333333333333,1000,184,34048,0.1680368625118254
time,expanding,0.8333333333333333,1000,185,34049,0.18188933801834078
time,expanding,0.8333333333333333,1000,186,34050,0.15591593579643437
time,expanding,0.8333333333333333,1000,187,34051,0.185016577556082
time,expanding,0.8333333333333333,1000,188,34052,0.1740784041563855
time,expanding,0.8333333333333333,1000,189,34053,0.16805288938778312
time,expanding,0.8333333333333333,1000,190,34054,0.20154750228428325
time,expanding,0.8333333333333333,1000,191,34055,0.16572646180458847
time,expanding,0.8333333333333333,1000,192,34056,0.2716207288148954
time,expanding,0.8333333333333333,1000,193,34057,0.18752708338013907
time,expanding,0.8333333333333333,1000,194,34058,0.18063593432636682
time,expanding,0.8333333333333333,1000,195,34059,0.1581710047271883
time,expanding,0.8333333333333333,1000,196,34060,0.21701801360599635
time,expanding,0.8333333333333333,1000,197,34061,0.14929703311380862
time,expanding,0.8333333333333333,1000,198,34062,0.20319675277222338
time,expanding,0.8333333333333333,1000,199,34063,0.16879873868167686
time,expanding,1.0,1000,0,33162,0.19212297028780237
time,expanding,1.0,1000,1,33163,0.1966962118067469
time,expanding,1.0,1000,2,33164,0.15813830523956682
time,expanding,1.0,1000,3,33165,0.1863918131233675
time,expanding,1.0,1000,4,33166,0.15412671134171554
time,expanding,1.0,1000,5,33167,0.16856402231726403
time,expanding,1.0,1000,6,33168,0.2341492416891992
time,expanding,1.0,1000,7,33169,0.22455716032066603
time,expanding,1.0,1000,8,33170,0.184769447456473
time,expanding,1.0,1000,9,33171,0.1859677250809397
time,expanding,1.0,1000,10,33172,0.20148104670984246
time,expanding,1.0,1000,11,33173,0.25807633323799906
time,expanding,1.0,1000,12,33174,0.19044766529024168
time,expanding,1.0,1000,13,33175,0.1775506252404588
time,expanding,1.0,1000,14,33176,0.18421350020124208
time,expanding,1.0,1000,15,33177,0.2217143525122621
time,expanding,1.0,1000,16,33178,0.18096184001210355
time,expanding,1.0,1000,17,33179,0.17714497865626283
time,expanding,1.0,1000,18,33180,0.21346123351950738
time,expanding,1.0,1000,19,33181,0.20546253068444292
time,expanding,1.0,1000,20,33182,0.16897294476988683
time,expanding,1.0,1000,21,33183,0.27797460577000416
time,expanding,1.0,1000,22,33184,0.20777734082720314
time,expanding,1.0,1000,23,33185,0.17620298417547184
time,expanding,1.0,1000,24,33186,0.19099366831665038
time,expanding,1.0,1000,25,33187,0.19557645209394606
time,expanding,1.0,1000,26,33188,0.17016962249400167
time,expanding,1.0,1000,27,33189,0.20422460933277428
time,expanding,1.0,1000,28,33190,0.2526423326983556
time,expanding,1.0,1000,29,33191,0.21288748549815714
time,expanding,1.0,1000,30,33192,0.18689351145547667
time,expanding,1.0,1000,31,33193,0.20113206711780415
time,expanding,1.0,1000,32,33194,0.2701205875596164
time,expanding,1.0,1000,33,33195,0.2650480929583552
time,expanding,1.0,1000,34,33196,0.16114069109645565
time,expanding,1.0,1000,35,33197,0.2623006843089691
time,expanding,1.0,1000,36,33198,0.17326645689682443
time,expanding,1.0,1000,37,33199,0.19555864706800508
time,expanding,1.0,1000,38,33200,0.18046098232473676
time,expanding,1.0,1000,39,33201,0.17348062155599017
time,expanding,1.0,1000,40,33202,0.17956694571103005
time,expanding,1.0,1000,41,33203,0.19441722417014384
time,expanding,1.0,1000,42,33204,0.20617109019267676
time,expanding,1.0,1000,43,33205,0.17108868169280111
time,expanding,1.0,1000,44,33206,0.20782077105254804
time,expanding,1.0,1000,45,33207,0.2087350007412165
time,expanding,1.0,1000,46,33208,0.17759146498663841
time,expanding,1.0,1000,47,33209,0.1883612973096063
time,expanding,1.0,1000,48,33210,0.1601829887091872
time,expanding,1.0,1000,49,33211,0.17765501258832714
time,expanding,1.0,1000,50,33212,0.18309248580431312
time,expanding,1.0,1000,51,33213,0.1687768202571247
time,expanding,1.0,1000,52,33214,0.19617087384663023
time,expanding,1.0,1000,53,33215,0.18145995485845687
time,expanding,1.0,1000,54,33216,0.21621452776846375
time,expanding,1.0,1000,55,33217,0.24864446673314594
time,expanding,1.0,1000,56,33218,0.1681278519687836
time,expanding,1.0,1000,57,33219,0.17716661921023646
time,expanding,1.0,1000,58,33220,0.15446177316895324
time,expanding,1.0,1000,59,33221,0.15419595525638352
time,expanding,1.0,1000,60,33222,0.1755372434629309
time,expanding,1.0,1000,61,33223,0.20230375430103953
time,expanding,1.0,1000,62,33224,0.16241810214771157
time,expanding,1.0,1000,63,33225,0.190856863362181
time,expanding,1.0,1000,64,33226,0.18225876250428094
time,expanding,1.0,1000,65,33227,0.17578206897374377
time,expanding,1.0,1000,66,33228,0.20820312405054442
time,expanding,1.0,1000,67,33229,0.1797997158159719
time,expanding,1.0,1000,68,33230,0.18329971029785033
time,expanding,1.0,1000,69,33231,0.16634643124466886
time,expanding,1.0,1000,70,33232,0.2872469834585212
time,expanding,1.0,1000,71,33233,0.25266538347563827
time,expanding,1.0,1000,72,33234,0.18679492326652047
time,expanding,1.0,1000,73,33235,0.1582322203614654
time,expanding,1.0,1000,74,33236,0.2373571094056032
time,expanding,1.0,1000,75,33237,0.18111861203231341
time,expanding,1.0,1000,76,33238,0.25382505872892613
time,expanding,1.0,1000,77,33239,0.17377566669048702
time,expanding,1.0,1000,78,33240,0.1852055056321077
time,expanding,1.0,1000,79,33241,0.18312844492834904
time,expanding,1.0,1000,80,33242,0.21002971733598386
time,expanding,1.0,1000,81,33243,0.17454155950839312
time,expanding,1.0,1000,82,33244,0.23886391242695817
time,expanding,1.0,1000,83,33245,0.19972269057503916
time,expanding,1.0,1000,84,33246,0.2066292771900688
time,expanding,1.0,1000,85,33247,0.16689058860093162
time,expanding,1.0,1000,86,33248,0.17595350095836232
time,expanding,1.0,1000,87,33249,0.18349818628330325
time,expanding,1.0,1000,88,33250,0.2227234813152127
time,expanding,1.0,1000,89,33251,0.1887051941791235
time,expanding,1.0,1000,90,33252,0.24309409390641953
time,expanding,1.0,1000,91,33253,0.1942040707694795
time,expanding,1.0,1000,92,33254,0.18620788879355304
time,expanding,1.0,1000,93,33255,0.16776934643189464
time,expanding,1.0,1000,94,33256,0.17638621030591436
time,expanding,1.0,1000,95,33257,0.16657796204157838
time,expanding,1.0,1000,96,33258,0.236973272730256
time,expanding,1.0,1000,97,33259,0.20325716384699993
time,expanding,1.0,1000,98,33260,0.22825302466815856
time,expanding,1.0,1000,99,33261,0.2067597578751908
time,expanding,1.0,1000,100,33262,0.18406495672498407
time,expanding,1.0,1000,101,33263,0.22046590212092002
time,expanding,1.0,1000,102,33264,0.23001750780262062
time,expanding,1.0,1000,103,33265,0.18350927872456252
time,expanding,1.0,1000,104,33266,0.17056731342021245
time,expanding,1.0,1000,105,33267,0.17747823431728563
time,expanding,1.0,1000,106,33268,0.23523996664853078
time,expanding,1.0,1000,107,33269,0.22467690142606775
time,expanding,1.0,1000,108,33270,0.18263411489302334
time,expanding,1.0,1000,109,33271,0.18570269749953852
time,expanding,1.0,1000,110,33272,0.19333850531597208
time,expanding,1.0,1000,111,33273,0.16967124392400518
time,expanding,1.0,1000,112,33274,0.20788868499574742
time,expanding,1.0,1000,113,33275,0.20564556367724587
time,expanding,1.0,1000,114,33276,0.18268784568020893
time,expanding,1.0,1000,115,33277,0.21751777844554201
time,expanding,1.0,1000,116,33278,0.19106947839274854
time,expanding,1.0,1000,117,33279,0.18167747575054247
time,expanding,1.0,1000,118,33280,0.2287229635858823
time,expanding,1.0,1000,119,33281,0.19199499768187797
time,expanding,1.0,1000,120,33282,0.16708539393482127
time,expanding,1.0,1000,121,33283,0.19014802042193335
time,expanding,1.0,1000,122,33284,0.16894683126860705
time,expanding,1.0,1000,123,33285,0.19148158710403335
time,expanding,1.0,1000,124,33286,0.17331539770777732
time,expanding,1.0,1000,125,33287,0.23234482472026707
time,expanding,1.0,1000,126,33288,0.16118407531572787
time,expanding,1.0,1000,127,33289,0.36880020799098245
time,expanding,1.0,1000,128,33290,0.19600527724865763
time,expanding,1.0,1000,129,33291,0.18658515525310032
time,expanding,1.0,1000,130,33292,0.21112069619053175
time,expanding,1.0,1000,131,33293,0.17274774155486006
time,expanding,1.0,1000,132,33294,0.2254093358814702
time,expanding,1.0,1000,133,33295,0.17742250622443947
time,expanding,1.0,1000,134,33296,0.18784190351195929
time,expanding,1.0,1000,135,33297,0.18398273497859582
time,expanding,1.0,1000,136,33298,0.189337388485326
time,expanding,1.0,1000,137,33299,0.19011600489719457
time,expanding,1.0,1000,138,33300,0.17749311873319237
time,expanding,1.0,1000,139,33301,0.1595362479828803
time,expanding,1.0,1000,140,33302,0.23947456664908906
time,expanding,1.0,1000,141,33303,0.17410769521638544
time,expanding,1.0,1000,142,33304,0.23955112949045737
time,expanding,1.0,1000,143,33305,0.1615149352330117
time,expanding,1.0,1000,144,33306,0.17135437260905123
time,expanding,1.0,1000,145,33307,0.20018265064895766
time,expanding,1.0,1000,146,33308,0.17101627804269717
time,expanding,1.0,1000,147,33309,0.18836115406418344
time,expanding,1.0,1000,148,33310,0.18017247126074284
time,expanding,1.0,1000,149,33311,0.16740404807654405
time,expanding,1.0,1000,150,33312,0.22910254067576832
time,expanding,1.0,1000,151,33313,0.20026903990375458
time,expanding,1.0,1000,152,33314,0.2354829524571619
time,expanding,1.0,1000,153,33315,0.21844789215512286
time,expanding,1.0,1000,154,33316,0.1920904912249961
time,expanding,1.0,1000,155,33317,0.1891680497156737
time,expanding,1.0,1000,156,33318,0.16039610404872276
time,expanding,1.0,1000,157,33319,0.16060830013750232
time,expanding,1.0,1000,158,33320,0.17142896561812607
time,expanding,1.0,1000,159,33321,0.17906831693564368
time,expanding,1.0,1000,160,33322,0.15776391111927154
time,expanding,1.0,1000,161,33323,0.21565700576472172
time,expanding,1.0,1000,162,33324,0.17273028498112816
time,expanding,1.0,1000,163,33325,0.1646569402955617
time,expanding,1.0,1000,164,33326,0.20533873753388895
time,expanding,1.0,1000,165,33327,0.1676151305733822
time,expanding,1.0,1000,166,33328,0.19672808328181987
time,expanding,1.0,1000,167,33329,0.19495954830060364
time,expanding,1.0,1000,168,33330,0.21509520590601175
time,expanding,1.0,1000,169,33331,0.18765925374526538
time,expanding,1.0,1000,170,33332,0.18029529647365772
time,expanding,1.0,1000,171,33333,0.16262846168985773
time,expanding,1.0,1000,172,33334,0.1994231399300552
time,expanding,1.0,1000,173,33335,0.20035721885074367
time,expanding,1.0,1000,174,33336,0.21328221696522592
time,expanding,1.0,1000,175,33337,0.18498738008541454
time,expanding,1.0,1000,176,33338,0.18237958901482923
time,expanding,1.0,1000,177,33339,0.19267659939185972
time,expanding,1.0,1000,178,33340,0.18652740303345328
time,expanding,1.0,1000,179,33341,0.1744176488503066
time,expanding,1.0,1000,180,33342,0.2475294149988485
time,expanding,1.0,1000,181,33343,0.16533363977853516
time,expanding,1.0,1000,182,33344,0.19819826562588183
time,expanding,1.0,1000,183,33345,0.16748134456883562
time,expanding,1.0,1000,184,33346,0.17863340500090819
time,expanding,1.0,1000,185,33347,0.21018580412943216
time,expanding,1.0,1000,186,33348,0.2180103059804037
time,expanding,1.0,1000,187,33349,0.21518667649885476
time,expanding,1.0,1000,188,33350,0.1593635096654404
time,expanding,1.0,1000,189,33351,0.2535195713437896
time,expanding,1.0,1000,190,33352,0.17507610720133643
time,expanding,1.0,1000,191,33353,0.20322850397473502
time,expanding,1.0,1000,192,33354,0.26763135179050473
time,expanding,1.0,1000,193,33355,0.2801586595139858
time,expanding,1.0,1000,194,33356,0.22237162618334108
time,expanding,1.0,1000,195,33357,0.2118903272686061
time,expanding,1.0,1000,196,33358,0.20337263024870822
time,expanding,1.0,1000,197,33359,0.24899472955595822
time,expanding,1.0,1000,198,33360,0.17489986642201646
time,expanding,1.0,1000,199,33361,0.18758274049777812
time,expanding,1.1666666666666665,1000,0,34305,0.20642531519160598
time,expanding,1.1666666666666665,1000,1,34306,0.2648625039747747
time,expanding,1.1666666666666665,1000,2,34307,0.17642344505590205
time,expanding,1.1666666666666665,1000,3,34308,0.19679531823383012
time,expanding,1.1666666666666665,1000,4,34309,0.20956841519019556
time,expanding,1.1666666666666665,1000,5,34310,0.1780542067212276
time,expanding,1.1666666666666665,1000,6,34311,0.21536482658579267
time,expanding,1.1666666666666665,1000,7,34312,0.22452431520057353
time,expanding,1.1666666666666665,1000,8,34313,0.20566110652351768
time,expanding,1.1666666666666665,1000,9,34314,0.20082397356580647
time,expanding,1.1666666666666665,1000,10,34315,0.257416579115209
time,expanding,1.1666666666666665,1000,11,34316,0.19844774347294328
time,expanding,1.1666666666666665,1000,12,34317,0.19687824048241362
time,expanding,1.1666666666666665,1000,13,34318,0.18360374749824956
time,expanding,1.1666666666666665,1000,14,34319,0.18991102519811967
time,expanding,1.1666666666666665,1000,15,34320,0.22230153668317756
time,expanding,1.1666666666666665,1000,16,34321,0.20951362464548903
time,expanding,1.1666666666666665,1000,17,34322,0.19187499333838048
time,expanding,1.1666666666666665,1000,18,34323,0.23292610687920157
time,expanding,1.1666666666666665,1000,19,34324,0.2646024336888511
time,expanding,1.1666666666666665,1000,20,34325,0.23337355602597354
time,expanding,1.1666666666666665,1000,21,34326,0.22411173709384835
time,expanding,1.1666666666666665,1000,22,34327,0.20891116945170218
time,expanding,1.1666666666666665,1000,23,34328,0.2705658880760633
time,expanding,1.1666666666666665,1000,24,34329,0.25632993415187855
time,expanding,1.1666666666666665,1000,25,34330,0.22192000384996544
time,expanding,1.1666666666666665,1000,26,34331,0.17879427722038974
time,expanding,1.1666666666666665,1000,27,34332,0.1832410454240122
time,expanding,1.1666666666666665,1000,28,34333,0.2161380564936178
time,expanding,1.1666666666666665,1000,29,34334,0.19895193738650735
time,expanding,1.1666666666666665,1000,30,34335,0.19731205173382324
time,expanding,1.1666666666666665,1000,31,34336,0.24194779221919335
time,expanding,1.1666666666666665,1000,32,34337,0.20965881244147613
time,expanding,1.1666666666666665,1000,33,34338,0.18265822143561244
time,expanding,1.1666666666666665,1000,34,34339,0.26291202558690824
time,expanding,1.1666666666666665,1000,35,34340,0.1683766805170935
time,expanding,1.1666666666666665,1000,36,34341,0.21633513490693315
time,expanding,1.1666666666666665,1000,37,34342,0.1822031918290816
time,expanding,1.1666666666666665,1000,38,34343,0.2240125309273698
time,expanding,1.1666666666666665,1000,39,34344,0.3286067134281628
time,expanding,1.1666666666666665,1000,40,34345,0.3131765556006107
time,expanding,1.1666666666666665,1000,41,34346,0.20661982373939844
time,expanding,1.1666666666666665,1000,42,34347,0.24073687121802187
time,expanding,1.1666666666666665,1000,43,34348,0.19447080462463623
time,expanding,1.1666666666666665,1000,44,34349,0.23005705731752607
time,expanding,1.1666666666666665,1000,45,34350,0.24875026414114018
time,expanding,1.1666666666666665,1000,46,34351,0.18604901509208419
time,expanding,1.1666666666666665,1000,47,34352,0.190803756451831
time,expanding,1.1666666666666665,1000,48,34353,0.31751296244458255
time,expanding,1.1666666666666665,1000,49,34354,0.18057895190747825
time,expanding,1.1666666666666665,1000,50,34355,0.19569200979457455
time,expanding,1.1666666666666665,1000,51,34356,0.1886563418852403
time,expanding,1.1666666666666665,1000,52,34357,0.2258397762455389
time,expanding,1.1666666666666665,1000,53,34358,0.19341827809082487
time,expanding,1.1666666666666665,1000,54,34359,0.2288400117793449
time,expanding,1.1666666666666665,1000,55,34360,0.23901557662799236
time,expanding,1.1666666666666665,1000,56,34361,0.1967538795639362
time,expanding,1.1666666666666665,1000,57,34362,0.22177704875309812
time,expanding,1.1666666666666665,1000,58,34363,0.1990569183187507
time,expanding,1.1666666666666665,1000,59,34364,0.20620370518144893
time,expanding,1.1666666666666665,1000,60,34365,0.201029860567814
time,expanding,1.1666666666666665,1000,61,34366,0.2285291457498876
time,expanding,1.1666666666666665,1000,62,34367,0.18276486241221096
time,expanding,1.1666666666666665,1000,63,34368,0.2158728775591893
time,expanding,1.1666666666666665,1000,64,34369,0.23252235148189448
time,expanding,1.1666666666666665,1000,65,34370,0.235109757479322
time,expanding,1.1666666666666665,1000,66,34371,0.17916723576706303
time,expanding,1.1666666666666665,1000,67,34372,0.18358886901395624
time,expanding,1.1666666666666665,1000,68,34373,0.16765176299035192
time,expanding,1.1666666666666665,1000,69,34374,0.3221942894165783
time,expanding,1.1666666666666665,1000,70,34375,0.1939589457953072
time,expanding,1.1666666666666665,1000,71,34376,0.28841378985953947
time,expanding,1.1666666666666665,1000,72,34377,0.2173124733396889
time,expanding,1.1666666666666665,1000,73,34378,0.30208385962288603
time,expanding,1.1666666666666665,1000,74,34379,0.19249305784353749
time,expanding,1.1666666666666665,1000,75,34380,0.2009587703341087
time,expanding,1.1666666666666665,1000,76,34381,0.21681268493951134
time,expanding,1.1666666666666665,1000,77,34382,0.19439495270432153
time,expanding,1.1666666666666665,1000,78,34383,0.18736067109381535
time,expanding,1.1666666666666665,1000,79,34384,0.24046708257516422
time,expanding,1.1666666666666665,1000,80,34385,0.26152130075729807
time,expanding,1.1666666666666665,1000,81,34386,0.16408532899969944
time,expanding,1.1666666666666665,1000,82,34387,0.20116526524426329
time,expanding,1.1666666666666665,1000,83,34388,0.21875833223507624
time,expanding,1.1666666666666665,1000,84,34389,0.23243491766182903
time,expanding,1.1666666666666665,1000,85,34390,0.23733188107776848
time,expanding,1.1666666666666665,1000,86,34391,0.22453141966509477
time,expanding,1.1666666666666665,1000,87,34392,0.21081339062057777
time,expanding,1.1666666666666665,1000,88,34393,0.2131202724000747
time,expanding,1.1666666666666665,1000,89,34394,0.20354204082702426
time,expanding,1.1666666666666665,1000,90,34395,0.1864405905053642
time,expanding,1.1666666666666665,1000,91,34396,0.25614761636344474
time,expanding,1.1666666666666665,1000,92,34397,0.21736925905735865
time,expanding,1.1666666666666665,1000,93,34398,0.1932818624272829
time,expanding,1.1666666666666665,1000,94,34399,0.22456971507140094
time,expanding,1.1666666666666665,1000,95,34400,0.2086176489075095
time,expanding,1.1666666666666665,1000,96,34401,0.1989587055312881
time,expanding,1.1666666666666665,1000,97,34402,0.22661183752669842
time,expanding,1.1666666666666665,1000,98,34403,0.20930129376370252
time,expanding,1.1666666666666665,1000,99,34404,0.2519042325103283
time,expanding,1.1666666666666665,1000,100,34405,0.2545672668233761
time,expanding,1.1666666666666665,1000,101,34406,0.22094227770425465
time,expanding,1.1666666666666665,1000,102,34407,0.23160257012754773
time,expanding,1.1666666666666665,1000,103,34408,0.17827050097064295
time,expanding,1.1666666666666665,1000,104,34409,0.19444737974562684
time,expanding,1.1666666666666665,1000,105,34410,0.19714070621922988
time,expanding,1.1666666666666665,1000,106,34411,0.18682422029245982
time,expanding,1.1666666666666665,1000,107,34412,0.1937925497656196
time,expanding,1.1666666666666665,1000,108,34413,0.2346104785991133
time,expanding,1.1666666666666665,1000,109,34414,0.1851216512575242
time,expanding,1.1666666666666665,1000,110,34415,0.1902903523040938
time,expanding,1.1666666666666665,1000,111,34416,0.20343016674431866
time,expanding,1.1666666666666665,1000,112,34417,0.20813540745035314
time,expanding,1.1666666666666665,1000,113,34418,0.2685944818688618
time,expanding,1.1666666666666665,1000,114,34419,0.26347623757232774
time,expanding,1.1666666666666665,1000,115,34420,0.1882539339368481
time,expanding,1.1666666666666665,1000,116,34421,0.2757720631482344
time,expanding,1.1666666666666665,1000,117,34422,0.28124495008676376
time,expanding,1.1666666666666665,1000,118,34423,0.2165553888108848
time,expanding,1.1666666666666665,1000,119,34424,0.23694315554642
time,expanding,1.1666666666666665,1000,120,34425,0.1885898799374949
time,expanding,1.1666666666666665,1000,121,34426,0.246327376571499
time,expanding,1.1666666666666665,1000,122,34427,0.23241528581086235
time,expanding,1.1666666666666665,1000,123,34428,0.22580437779750762
time,expanding,1.1666666666666665,1000,124,34429,0.19153408350553663
time,expanding,1.1666666666666665,1000,125,34430,0.2380930169627543
time,expanding,1.1666666666666665,1000,126,34431,0.2024714320939999
time,expanding,1.1666666666666665,1000,127,34432,0.21573806792672953
time,expanding,1.1666666666666665,1000,128,34433,0.2334901898712325
time,expanding,1.1666666666666665,1000,129,34434,0.2700086624893284
time,expanding,1.1666666666666665,1000,130,34435,0.19930444575646417
time,expanding,1.1666666666666665,1000,131,34436,0.20873930194287685
time,expanding,1.1666666666666665,1000,132,34437,0.17847853281328202
time,expanding,1.1666666666666665,1000,133,34438,0.18785878263772254
time,expanding,1.1666666666666665,1000,134,34439,0.24406433936948693
time,expanding,1.1666666666666665,1000,135,34440,0.2021041622540459
time,expanding,1.1666666666666665,1000,136,34441,0.22551824732908432
time,expanding,1.1666666666666665,1000,137,34442,0.19832502129786153
time,expanding,1.1666666666666665,1000,138,34443,0.20399655653372925
time,expanding,1.1666666666666665,1000,139,34444,0.19423411980575667
time,expanding,1.1666666666666665,1000,140,34445,0.193974166939147
time,expanding,1.1666666666666665,1000,141,34446,0.215775574332665
time,expanding,1.1666666666666665,1000,142,34447,0.19884110553122183
time,expanding,1.1666666666666665,1000,143,34448,0.30647011294110255
time,expanding,1.1666666666666665,1000,144,34449,0.2156519786932539
time,expanding,1.1666666666666665,1000,145,34450,0.19834509921169494
time,expanding,1.1666666666666665,1000,146,34451,0.23418472633518878
time,expanding,1.1666666666666665,1000,147,34452,0.20419469553764105
time,expanding,1.1666666666666665,1000,148,34453,0.20955152013924405
time,expanding,1.1666666666666665,1000,149,34454,0.2218253313398775
time,expanding,1.1666666666666665,1000,150,34455,0.24683383482233123
time,expanding,1.1666666666666665,1000,151,34456,0.18636341315956212
time,expanding,1.1666666666666665,1000,152,34457,0.1959521997752815
time,expanding,1.1666666666666665,1000,153,34458,0.24068748666383863
time,expanding,1.1666666666666665,1000,154,34459,0.19268969990387838
time,expanding,1.1666666666666665,1000,155,34460,0.21353886384476625
time,expanding,1.1666666666666665,1000,156,34461,0.2161838761851301
time,expanding,1.1666666666666665,1000,157,34462,0.21843209868701186
time,expanding,1.1666666666666665,1000,158,34463,0.21240097495797913
time,expanding,1.1666666666666665,1000,159,34464,0.20452828786946203
time,expanding,1.1666666666666665,1000,160,34465,0.20025785332309023
time,expanding,1.1666666666666665,1000,161,34466,0.1838402683064562
time,expanding,1.1666666666666665,1000,162,34467,0.32826783955819083
time,expanding,1.1666666666666665,1000,163,34468,0.18948805816438571
time,expanding,1.1666666666666665,1000,164,34469,0.19968669335555092
time,expanding,1.1666666666666665,1000,165,34470,0.19538950054468746
time,expanding,1.1666666666666665,1000,166,34471,0.22849978138872667
time,expanding,1.1666666666666665,1000,167,34472,0.21043555336960323
time,expanding,1.1666666666666665,1000,168,34473,0.22644344925239154
time,expanding,1.1666666666666665,1000,169,34474,0.19452024538017382
time,expanding,1.1666666666666665,1000,170,34475,0.21224769488158843
time,expanding,1.1666666666666665,1000,171,34476,0.22241708322178091
time,expanding,1.1666666666666665,1000,172,34477,0.21103201224841606
time,expanding,1.1666666666666665,1000,173,34478,0.1949590945768546
time,expanding,1.1666666666666665,1000,174,34479,0.18968151422257434
time,expanding,1.1666666666666665,1000,175,34480,0.23366878588490916
time,expanding,1.1666666666666665,1000,176,34481,0.2096719049394681
time,expanding,1.1666666666666665,1000,177,34482,0.18871107605332968
time,expanding,1.1666666666666665,1000,178,34483,0.23490270205540414
time,expanding,1.1666666666666665,1000,179,34484,0.23826514020376557
time,expanding,1.1666666666666665,1000,180,34485,0.1881184251313045
time,expanding,1.1666666666666665,1000,181,34486,0.20789937500489641
time,expanding,1.1666666666666665,1000,182,34487,0.1756166929663246
time,expanding,1.1666666666666665,1000,183,34488,0.22924706926119853
time,expanding,1.1666666666666665,1000,184,34489,0.23727069683343024
time,expanding,1.1666666666666665,1000,185,34490,0.20240426160995462
time,expanding,1.1666666666666665,1000,186,34491,0.19666968650249222
time,expanding,1.1666666666666665,1000,187,34492,0.28782328978295657
time,expanding,1.1666666666666665,1000,188,34493,0.17198932070796066
time,expanding,1.1666666666666665,1000,189,34494,0.19443016272378094
time,expanding,1.1666666666666665,1000,190,34495,0.20712350127299486
time,expanding,1.1666666666666665,1000,191,34496,0.18891546770032275
time,expanding,1.1666666666666665,1000,192,34497,0.18430540789487979
time,expanding,1.1666666666666665,1000,193,34498,0.22264472171217778
time,expanding,1.1666666666666665,1000,194,34499,0.19380990998135222
time,expanding,1.1666666666666665,1000,195,34500,0.2963019441237546
time,expanding,1.1666666666666665,1000,196,34501,0.18963448426079285
time,expanding,1.1666666666666665,1000,197,34502,0.2608781361760174
time,expanding,1.1666666666666665,1000,198,34503,0.20672874497696359
time,expanding,1.1666666666666665,1000,199,34504,0.21511206604944155
time,expanding,1.3333333333333333,1000,0,33774,0.20270249143217767
time,expanding,1.3333333333333333,1000,1,33775,0.24151552465069884
time,expanding,1.3333333333333333,1000,2,33776,0.23216128059621347
time,expanding,1.3333333333333333,1000,3,33777,0.20360765542261558
time,expanding,1.3333333333333333,1000,4,33778,0.18900100684771276
time,expanding,1.3333333333333333,1000,5,33779,0.23123901115793713
time,expanding,1.3333333333333333,1000,6,33780,0.21105628475161936
time,expanding,1.3333333333333333,1000,7,33781,0.21587173690395528
time,expanding,1.3333333333333333,1000,8,33782,0.2175708594189335
time,expanding,1.3333333333333333,1000,9,33783,0.2393001929112852
time,expanding,1.3333333333333333,1000,10,33784,0.21883291477996822
time,expanding,1.3333333333333333,1000,11,33785,0.21630839971932736
time,expanding,1.3333333333333333,1000,12,33786,0.2442998795638129
time,expanding,1.3333333333333333,1000,13,33787,0.29279312777100047
time,expanding,1.3333333333333333,1000,14,33788,0.23579403625393827
time,expanding,1.3333333333333333,1000,15,33789,0.2709425945401984
time,expanding,1.3333333333333333,1000,16,33790,0.2874956364235758
time,expanding,1.3333333333333333,1000,17,33791,0.19031319523323129
time,expanding,1.3333333333333333,1000,18,33792,0.19851815241302295
time,expanding,1.3333333333333333,1000,19,33793,0.1896197732556728
time,expanding,1.3333333333333333,1000,20,33794,0.26911698234795195
time,expanding,1.3333333333333333,1000,21,33795,0.22206742065146726
time,expanding,1.3333333333333333,1000,22,33796,0.18584513169250685
time,expanding,1.3333333333333333,1000,23,33797,0.22022785735725234
time,expanding,1.3333333333333333,1000,24,33798,0.21150892457503276
time,expanding,1.3333333333333333,1000,25,33799,0.26737629736626584
time,expanding,1.3333333333333333,1000,26,33800,0.2683668437803155
time,expanding,1.3333333333333333,1000,27,33801,0.1933806281904003
time,expanding,1.3333333333333333,1000,28,33802,0.2603565766249787
time,expanding,1.3333333333333333,1000,29,33803,0.1932675506569728
time,expanding,1.3333333333333333,1000,30,33804,0.22346775140861058
time,expanding,1.3333333333333333,1000,31,33805,0.2161295649999888
time,expanding,1.3333333333333333,1000,32,33806,0.22187885983785824
time,expanding,1.3333333333333333,1000,33,33807,0.20374203997155324
time,expanding,1.3333333333333333,1000,34,33808,0.195625885236026
time,expanding,1.3333333333333333,1000,35,33809,0.19793065572872537
time,expanding,1.3333333333333333,1000,36,33810,0.24105205243829048
time,expanding,1.3333333333333333,1000,37,33811,0.2700656947883103
time,expanding,1.3333333333333333,1000,38,33812,0.2498656386563044
time,expanding,1.3333333333333333,1000,39,33813,0.21025068644743097
time,expanding,1.3333333333333333,1000,40,33814,0.233044507344735
time,expanding,1.3333333333333333,1000,41,33815,0.20166886613579665
time,expanding,1.3333333333333333,1000,42,33816,0.2465216642890933
time,expanding,1.3333333333333333,1000,43,33817,0.2508458439021375
time,expanding,1.3333333333333333,1000,44,33818,0.19534988975101508
time,expanding,1.3333333333333333,1000,45,33819,0.22229293136164646
time,expanding,1.3333333333333333,1000,46,33820,0.2725750638543388
time,expanding,1.3333333333333333,1000,47,33821,0.21479049359116686
time,expanding,1.3333333333333333,1000,48,33822,0.2841960764214811
time,expanding,1.3333333333333333,1000,49,33823,0.18184764570029333
time,expanding,1.3333333333333333,1000,50,33824,0.2035134213849935
time,expanding,1.3333333333333333,1000,51,33825,0.1893478645037942
time,expanding,1.3333333333333333,1000,52,33826,0.27627943824449025
time,expanding,1.3333333333333333,1000,53,33827,0.2886397255390256
time,expanding,1.3333333333333333,1000,54,33828,0.23535879931648318
time,expanding,1.3333333333333333,1000,55,33829,0.3178911389385985
time,expanding,1.3333333333333333,1000,56,33830,0.2851699525348433
time,expanding,1.3333333333333333,1000,57,33831,0.1954255327105177
time,expanding,1.3333333333333333,1000,58,33832,0.2666621673209577
time,expanding,1.3333333333333333,1000,59,33833,0.22798391551976266
time,expanding,1.3333333333333333,1000,60,33834,0.2716396019385697
time,expanding,1.3333333333333333,1000,61,33835,0.20686799241729445
time,expanding,1.3333333333333333,1000,62,33836,0.2195889949299324
time,expanding,1.3333333333333333,1000,63,33837,0.21143094443508406
time,expanding,1.3333333333333333,1000,64,33838,0.20999377784167497
time,expanding,1.3333333333333333,1000,65,33839,0.2567661240157694
time,expanding,1.3333333333333333,1000,66,33840,0.20266271345734702
time,expanding,1.3333333333333333,1000,67,33841,0.21938693942330562
time,expanding,1.3333333333333333,1000,68,33842,0.25568868418691104
time,expanding,1.3333333333333333,1000,69,33843,0.19105888546510108
time,expanding,1.3333333333333333,1000,70,33844,0.23285461175968294
time,expanding,1.3333333333333333,1000,71,33845,0.34580220150276403
time,expanding,1.3333333333333333,1000,72,33846,0.2448916705662738
time,expanding,1.3333333333333333,1000,73,33847,0.2135946304755074
time,expanding,1.3333333333333333,1000,74,33848,0.23497593057677257
time,expanding,1.3333333333333333,1000,75,33849,0.2731795994047391
time,expanding,1.3333333333333333,1000,76,33850,0.35777863908080043
time,expanding,1.3333333333333333,1000,77,33851,0.2089373053389125
time,expanding,1.3333333333333333,1000,78,33852,0.22057249057527806
time,expanding,1.3333333333333333,1000,79,33853,0.2361169875494436
time,expanding,1.3333333333333333,1000,80,33854,0.27652138700227796
time,expanding,1.3333333333333333,1000,81,33855,0.23461136406713237
time,expanding,1.3333333333333333,1000,82,33856,0.23458251639056263
time,expanding,1.3333333333333333,1000,83,33857,0.21725400765708458
time,expanding,1.3333333333333333,1000,84,33858,0.19973488377460666
time,expanding,1.3333333333333333,1000,85,33859,0.20521762044915975
time,expanding,1.3333333333333333,1000,86,33860,0.21588954919495165
time,expanding,1.3333333333333333,1000,87,33861,0.185690256631606
time,expanding,1.3333333333333333,1000,88,33862,0.2727035629154029
time,expanding,1.3333333333333333,1000,89,33863,0.1922988772676985
time,expanding,1.3333333333333333,1000,90,33864,0.22429577182757957
time,expanding,1.3333333333333333,1000,91,33865,0.20215877258898535
time,expanding,1.3333333333333333,1000,92,33866,0.27146389522928044
time,expanding,1.3333333333333333,1000,93,33867,0.2433940883118099
time,expanding,1.3333333333333333,1000,94,33868,0.2072811759987847
time,expanding,1.3333333333333333,1000,95,33869,0.21458052583195844
time,expanding,1.3333333333333333,1000,96,33870,0.19035870332299618
time,expanding,1.3333333333333333,1000,97,33871,0.2231823455974493
time,expanding,1.3333333333333333,1000,98,33872,0.2879113806694183
time,expanding,1.3333333333333333,1000,99,33873,0.22246699152554159
time,expanding,1.3333333333333333,1000,100,33874,0.20583192008698564
time,expanding,1.3333333333333333,1000,101,33875,0.23321033204956726
time,expanding,1.3333333333333333,1000,102,33876,0.25628714948519304
time,expanding,1.3333333333333333,1000,103,33877,0.24473859472567053
time,expanding,1.3333333333333333,1000,104,33878,0.22547214131145338
time,expanding,1.3333333333333333,1000,105,33879,0.2189930280728061
time,expanding,1.3333333333333333,1000,106,33880,0.2680366807881242
time,expanding,1.3333333333333333,1000,107,33881,0.2019813887971248
time,expanding,1.3333333333333333,1000,108,33882,0.2645616793643813
time,expanding,1.3333333333333333,1000,109,33883,0.19807091521872897
time,expanding,1.3333333333333333,1000,110,33884,0.25042376606270494
time,expanding,1.3333333333333333,1000,111,33885,0.25957783854806393
time,expanding,1.3333333333333333,1000,112,33886,0.2092434419572064
time,expanding,1.3333333333333333,1000,113,33887,0.21724745411027238
time,expanding,1.3333333333333333,1000,114,33888,0.26236476408154197
time,expanding,1.3333333333333333,1000,115,33889,0.39100770156459735
time,expanding,1.3333333333333333,1000,116,33890,0.2526043939711967
time,expanding,1.3333333333333333,1000,117,33891,0.19162843695626305
time,expanding,1.3333333333333333,1000,118,33892,0.20841315883210748
time,expanding,1.3333333333333333,1000,119,33893,0.3390799871555278
time,expanding,1.3333333333333333,1000,120,33894,0.19645224885528942
time,expanding,1.3333333333333333,1000,121,33895,0.36505490773515614
time,expanding,1.3333333333333333,1000,122,33896,0.18638750768008827
time,expanding,1.3333333333333333,1000,123,33897,0.2529105378862912
time,expanding,1.3333333333333333,1000,124,33898,0.20865739935846528
time,expanding,1.3333333333333333,1000,125,33899,0.29305367707243957
time,expanding,1.3333333333333333,1000,126,33900,0.296598849734798
time,expanding,1.3333333333333333,1000,127,33901,0.19826250628127312
time,expanding,1.3333333333333333,1000,128,33902,0.20350050175595494
time,expanding,1.3333333333333333,1000,129,33903,0.23326483530338935
time,expanding,1.3333333333333333,1000,130,33904,0.23306593851151505
time,expanding,1.3333333333333333,1000,131,33905,0.22097875514160858
time,expanding,1.3333333333333333,1000,132,33906,0.21009521987528382
time,expanding,1.3333333333333333,1000,133,33907,0.25594108930499826
time,expanding,1.3333333333333333,1000,134,33908,0.22594898924722043
time,expanding,1.3333333333333333,1000,135,33909,0.21331016145062615
time,expanding,1.3333333333333333,1000,136,33910,0.2320360919065511
time,expanding,1.3333333333333333,1000,137,33911,0.21025003268006273
time,expanding,1.3333333333333333,1000,138,33912,0.23478584443614517
time,expanding,1.3333333333333333,1000,139,33913,0.22203182779653932
time,expanding,1.3333333333333333,1000,140,33914,0.2462089897228047
time,expanding,1.3333333333333333,1000,141,33915,0.19634619543899437
time,expanding,1.3333333333333333,1000,142,33916,0.2205760617406354
time,expanding,1.3333333333333333,1000,143,33917,0.20491287897296778
time,expanding,1.3333333333333333,1000,144,33918,0.22654674565449445
time,expanding,1.3333333333333333,1000,145,33919,0.2423586841795433
time,expanding,1.3333333333333333,1000,146,33920,0.28903654802418977
time,expanding,1.3333333333333333,1000,147,33921,0.3123790940050244
time,expanding,1.3333333333333333,1000,148,33922,0.28084724901930885
time,expanding,1.3333333333333333,1000,149,33923,0.1992661266377495
time,expanding,1.3333333333333333,1000,150,33924,0.23412457706552614
time,expanding,1.3333333333333333,1000,151,33925,0.2793747527441716
time,expanding,1.3333333333333333,1000,152,33926,0.20643106444210133
time,expanding,1.3333333333333333,1000,153,33927,0.2561912738260274
time,expanding,1.3333333333333333,1000,154,33928,0.1913918480402926
time,expanding,1.3333333333333333,1000,155,33929,0.22506726596337925
time,expanding,1.3333333333333333,1000,156,33930,0.22392667721862314
time,expanding,1.3333333333333333,1000,157,33931,0.22546071273764384
time,expanding,1.3333333333333333,1000,158,33932,0.24263981115282202
time,expanding,1.3333333333333333,1000,159,33933,0.21470890320401662
time,expanding,1.3333333333333333,1000,160,33934,0.2012873450724254
time,expanding,1.3333333333333333,1000,161,33935,0.2219854461434346
time,expanding,1.3333333333333333,1000,162,33936,0.22713482808793314
time,expanding,1.3333333333333333,1000,163,33937,0.19529745792068728
time,expanding,1.3333333333333333,1000,164,33938,0.2040123797750441
time,expanding,1.3333333333333333,1000,165,33939,0.27585748310709696
time,expanding,1.3333333333333333,1000,166,33940,0.23462118541622148
time,expanding,1.3333333333333333,1000,167,33941,0.2978463590591825
time,expanding,1.3333333333333333,1000,168,33942,0.2038285951373833
time,expanding,1.3333333333333333,1000,169,33943,0.18245182745002506
time,expanding,1.3333333333333333,1000,170,33944,0.20947544025808595
time,expanding,1.3333333333333333,1000,171,33945,0.1817995719012447
time,expanding,1.3333333333333333,1000,172,33946,0.26292534084593383
time,expanding,1.3333333333333333,1000,173,33947,0.2214413163708694
time,expanding,1.3333333333333333,1000,174,33948,0.22168836127615518
time,expanding,1.3333333333333333,1000,175,33949,0.26180962745791897
time,expanding,1.3333333333333333,1000,176,33950,0.2118786140141048
time,expanding,1.3333333333333333,1000,177,33951,0.21805473282173454
time,expanding,1.3333333333333333,1000,178,33952,0.18719781674242378
time,expanding,1.3333333333333333,1000,179,33953,0.21113067359752696
time,expanding,1.3333333333333333,1000,180,33954,0.24044214759060645
time,expanding,1.3333333333333333,1000,181,33955,0.21934297548723805
time,expanding,1.3333333333333333,1000,182,33956,0.29721106685631304
time,expanding,1.3333333333333333,1000,183,33957,0.19880745090387064
time,expanding,1.3333333333333333,1000,184,33958,0.22791620823367095
time,expanding,1.3333333333333333,1000,185,33959,0.22655464078211074
time,expanding,1.3333333333333333,1000,186,33960,0.21726286864045102
time,expanding,1.3333333333333333,1000,187,33961,0.2540769934821119
time,expanding,1.3333333333333333,1000,188,33962,0.19676733679558397
time,expanding,1.3333333333333333,1000,189,33963,0.2414083490640222
time,expanding,1.3333333333333333,1000,190,33964,0.25568742269697137
time,expanding,1.3333333333333333,1000,191,33965,0.21196494600326057
time,expanding,1.3333333333333333,1000,192,33966,0.2616611001812775
time,expanding,1.3333333333333333,1000,193,33967,0.28742058496282524
time,expanding,1.3333333333333333,1000,194,33968,0.2321590879740847
time,expanding,1.3333333333333333,1000,195,33969,0.2599934510816363
time,expanding,1.3333333333333333,1000,196,33970,0.2573401509595242
time,expanding,1.3333333333333333,1000,197,33971,0.20062529263423062
time,expanding,1.3333333333333333,1000,198,33972,0.21981253207658427
time,expanding,1.3333333333333333,1000,199,33973,0.20790856625947554
time,expanding,1.5,1000,0,33272,0.24825155485012612
time,expanding,1.5,1000,1,33273,0.21786218967944848
time,expanding,1.5,1000,2,33274,0.2669343553763308
time,expanding,1.5,1000,3,33275,0.26405413059066085
time,expanding,1.5,1000,4,33276,0.23457583717331587
time,expanding,1.5,1000,5,33277,0.2792983561055288
time,expanding,1.5,1000,6,33278,0.24533806660955781
time,expanding,1.5,1000,7,33279,0.23327849650336754
time,expanding,1.5,1000,8,33280,0.29368609862441813
time,expanding,1.5,1000,9,33281,0.24652645690043476
time,expanding,1.5,1000,10,33282,0.21454189256959474
time,expanding,1.5,1000,11,33283,0.24415489115462163
time,expanding,1.5,1000,12,33284,0.2169320254177466
time,expanding,1.5,1000,13,33285,0.24586722466928643
time,expanding,1.5,1000,14,33286,0.22254137576013075
time,expanding,1.5,1000,15,33287,0.29833666037668033
time,expanding,1.5,1000,16,33288,0.2069644494707056
time,expanding,1.5,1000,17,33289,0.4735488407401469
time,expanding,1.5,1000,18,33290,0.25167575779220375
time,expanding,1.5,1000,19,33291,0.23958008172160847
time,expanding,1.5,1000,20,33292,0.2710843398974533
time,expanding,1.5,1000,21,33293,0.22181249083184448
time,expanding,1.5,1000,22,33294,0.2894313164305118
time,expanding,1.5,1000,23,33295,0.2278150074846193
time,expanding,1.5,1000,24,33296,0.24119377842836276
time,expanding,1.5,1000,25,33297,0.23623850794424123
time,expanding,1.5,1000,26,33298,0.24311401914443942
time,expanding,1.5,1000,27,33299,0.24411378240712941
time,expanding,1.5,1000,28,33300,0.22790567574059373
time,expanding,1.5,1000,29,33301,0.2048485972930173
time,expanding,1.5,1000,30,33302,0.3074914302277135
time,expanding,1.5,1000,31,33303,0.22355870589876153
time,expanding,1.5,1000,32,33304,0.30758973886200414
time,expanding,1.5,1000,33,33305,0.20738928201386225
time,expanding,1.5,1000,34,33306,0.22002336969060346
time,expanding,1.5,1000,35,33307,0.2570396114131845
time,expanding,1.5,1000,36,33308,0.21958924767416085
time,expanding,1.5,1000,37,33309,0.24186050933504696
time,expanding,1.5,1000,38,33310,0.23134603248623548
time,expanding,1.5,1000,39,33311,0.2149510525866999
time,expanding,1.5,1000,40,33312,0.29417348525542364
time,expanding,1.5,1000,41,33313,0.2571505374120727
time,expanding,1.5,1000,42,33314,0.3023660961516669
time,expanding,1.5,1000,43,33315,0.28049264574903976
time,expanding,1.5,1000,44,33316,0.24664907303692887
time,expanding,1.5,1000,45,33317,0.2428965838601762
time,expanding,1.5,1000,46,33318,0.20595267433625156
time,expanding,1.5,1000,47,33319,0.20622513950756566
time,expanding,1.5,1000,48,33320,0.22011914901016333
time,expanding,1.5,1000,49,33321,0.22992827026886167
time,expanding,1.5,1000,50,33322,0.20257287171321026
time,expanding,1.5,1000,51,33323,0.2769090766886773
time,expanding,1.5,1000,52,33324,0.2217900761474855
time,expanding,1.5,1000,53,33325,0.21142369637353695
time,expanding,1.5,1000,54,33326,0.26366015802408693
time,expanding,1.5,1000,55,33327,0.2152220878776571
time,expanding,1.5,1000,56,33328,0.2526038591101196
time,expanding,1.5,1000,57,33329,0.25033301524393603
time,expanding,1.5,1000,58,33330,0.27618771139100246
time,expanding,1.5,1000,59,33331,0.24095925148557507
time,expanding,1.5,1000,60,33332,0.23150374318142872
time,expanding,1.5,1000,61,33333,0.20881907828660531
time,expanding,1.5,1000,62,33334,0.2560643803458669
time,expanding,1.5,1000,63,33335,0.25726376142122337
time,expanding,1.5,1000,64,33336,0.273859787510858
time,expanding,1.5,1000,65,33337,0.23752849779614765
time,expanding,1.5,1000,66,33338,0.23418002778010513
time,expanding,1.5,1000,67,33339,0.24740165082010962
time,expanding,1.5,1000,68,33340,0.23950592640371224
time,expanding,1.5,1000,69,33341,0.22395669424271186
time,expanding,1.5,1000,70,33342,0.31783406023636923
time,expanding,1.5,1000,71,33343,0.2122925957091345
time,expanding,1.5,1000,72,33344,0.25449161060706005
time,expanding,1.5,1000,73,33345,0.2150503032474222
time,expanding,1.5,1000,74,33346,0.22936983229064115
time,expanding,1.5,1000,75,33347,0.2698839147291423
time,expanding,1.5,1000,76,33348,0.27993077397871047
time,expanding,1.5,1000,77,33349,0.2763051619570915
time,expanding,1.5,1000,78,33350,0.20462679690298752
time,expanding,1.5,1000,79,33351,0.3255255732332071
time,expanding,1.5,1000,80,33352,0.22480217150126378
time,expanding,1.5,1000,81,33353,0.26095056449898574
time,expanding,1.5,1000,82,33354,0.343645458001507
time,expanding,1.5,1000,83,33355,0.3597308395211245
time,expanding,1.5,1000,84,33356,0.2855308199695953
time,expanding,1.5,1000,85,33357,0.2720725657631735
time,expanding,1.5,1000,86,33358,0.2611356262979797
time,expanding,1.5,1000,87,33359,0.3197155613711417
time,expanding,1.5,1000,88,33360,0.2245758738611602
time,expanding,1.5,1000,89,33361,0.24086100653108772
time,expanding,1.5,1000,90,33362,0.24805837844285428
time,expanding,1.5,1000,91,33363,0.22259132540274892
time,expanding,1.5,1000,92,33364,0.27341474214599265
time,expanding,1.5,1000,93,33365,0.23405049431451824
time,expanding,1.5,1000,94,33366,0.25214217638927683
time,expanding,1.5,1000,95,33367,0.20893714882439712
time,expanding,1.5,1000,96,33368,0.23072437859367867
time,expanding,1.5,1000,97,33369,0.3114003560847115
time,expanding,1.5,1000,98,33370,0.22226278375187586
time,expanding,1.5,1000,99,33371,0.24804223130752975
time,expanding,1.5,1000,100,33372,0.27093051888102004
time,expanding,1.5,1000,101,33373,0.21401180499812836
time,expanding,1.5,1000,102,33374,0.22948092857048094
time,expanding,1.5,1000,103,33375,0.2280730473292957
time,expanding,1.5,1000,104,33376,0.3625067595224998
time,expanding,1.5,1000,105,33377,0.2387297042526676
time,expanding,1.5,1000,106,33378,0.2222581923844423
time,expanding,1.5,1000,107,33379,0.20655890120868217
time,expanding,1.5,1000,108,33380,0.2354463696925845
time,expanding,1.5,1000,109,33381,0.22936436300784618
time,expanding,1.5,1000,110,33382,0.23614444923190117
time,expanding,1.5,1000,111,33383,0.23757505181796096
time,expanding,1.5,1000,112,33384,0.25036984300750514
time,expanding,1.5,1000,113,33385,0.23684416036959982
time,expanding,1.5,1000,114,33386,0.3254991696143639
time,expanding,1.5,1000,115,33387,0.3221477352834738
time,expanding,1.5,1000,116,33388,0.22462186154429345
time,expanding,1.5,1000,117,33389,0.21661748098281167
time,expanding,1.5,1000,118,33390,0.29322154762243785
time,expanding,1.5,1000,119,33391,0.2516087629234966
time,expanding,1.5,1000,120,33392,0.21659454796132796
time,expanding,1.5,1000,121,33393,0.2743908083117317
time,expanding,1.5,1000,122,33394,0.26919048562165554
time,expanding,1.5,1000,123,33395,0.2738773354809682
time,expanding,1.5,1000,124,33396,0.21363730001726625
time,expanding,1.5,1000,125,33397,0.23365044463886528
time,expanding,1.5,1000,126,33398,0.24647386116232103
time,expanding,1.5,1000,127,33399,0.23742657007058526
time,expanding,1.5,1000,128,33400,0.24599034187086824
time,expanding,1.5,1000,129,33401,0.41778314922609605
time,expanding,1.5,1000,130,33402,0.22914241009898623
time,expanding,1.5,1000,131,33403,0.21850185873749525
time,expanding,1.5,1000,132,33404,0.24024420290313997
time,expanding,1.5,1000,133,33405,0.24174904462288546
time,expanding,1.5,1000,134,33406,0.2501176744528928
time,expanding,1.5,1000,135,33407,0.2277261996827157
time,expanding,1.5,1000,136,33408,0.26687408310372124
time,expanding,1.5,1000,137,33409,0.25121536517217236
time,expanding,1.5,1000,138,33410,0.23249070333705754
time,expanding,1.5,1000,139,33411,0.27393025357029227
time,expanding,1.5,1000,140,33412,0.2941951688018021
time,expanding,1.5,1000,141,33413,0.24270367110546867
time,expanding,1.5,1000,142,33414,0.2682521102229164
time,expanding,1.5,1000,143,33415,0.2642999071377919
time,expanding,1.5,1000,144,33416,0.2181910408992418
time,expanding,1.5,1000,145,33417,0.21245810909399956
time,expanding,1.5,1000,146,33418,0.264019818494862
time,expanding,1.5,1000,147,33419,0.35576165867713555
time,expanding,1.5,1000,148,33420,0.26829028989575454
time,expanding,1.5,1000,149,33421,0.23956732132177574
time,expanding,1.5,1000,150,33422,0.2975998984126784
time,expanding,1.5,1000,151,33423,0.21049337573334292
time,expanding,1.5,1000,152,33424,0.19105079649565915
time,expanding,1.5,1000,153,33425,0.24581719207409167
time,expanding,1.5,1000,154,33426,0.2404707478177529
time,expanding,1.5,1000,155,33427,0.20836536209391918
time,expanding,1.5,1000,156,33428,0.27529899422858045
time,expanding,1.5,1000,157,33429,0.2708716052826832
time,expanding,1.5,1000,158,33430,0.22816802064613353
time,expanding,1.5,1000,159,33431,0.20907759089537226
time,expanding,1.5,1000,160,33432,0.2106374955032926
time,expanding,1.5,1000,161,33433,0.24046604859711052
time,expanding,1.5,1000,162,33434,0.2856921487324163
time,expanding,1.5,1000,163,33435,0.32657820945049737
time,expanding,1.5,1000,164,33436,0.3306230934781599
time,expanding,1.5,1000,165,33437,0.20662186880567318
time,expanding,1.5,1000,166,33438,0.2979965994928176
time,expanding,1.5,1000,167,33439,0.25996696640641775
time,expanding,1.5,1000,168,33440,0.2478311930532664
time,expanding,1.5,1000,169,33441,0.2869477909832788
time,expanding,1.5,1000,170,33442,0.19497757677770564
time,expanding,1.5,1000,171,33443,0.23081814649546992
time,expanding,1.5,1000,172,33444,0.2480499044909065
time,expanding,1.5,1000,173,33445,0.37682132348249414
time,expanding,1.5,1000,174,33446,0.33909308806326965
time,expanding,1.5,1000,175,33447,0.22796604886599697
time,expanding,1.5,1000,176,33448,0.2798603800086372
time,expanding,1.5,1000,177,33449,0.2875466038562961
time,expanding,1.5,1000,178,33450,0.2357123132791835
time,expanding,1.5,1000,179,33451,0.25067680869052866
time,expanding,1.5,1000,180,33452,0.2895439330947643
time,expanding,1.5,1000,181,33453,0.2611180605596735
time,expanding,1.5,1000,182,33454,0.232016089525255
time,expanding,1.5,1000,183,33455,0.3390420944783529
time,expanding,1.5,1000,184,33456,0.212543515378747
time,expanding,1.5,1000,185,33457,0.2361015047355377
time,expanding,1.5,1000,186,33458,0.27190289700662246
time,expanding,1.5,1000,187,33459,0.2173045482481245
time,expanding,1.5,1000,188,33460,0.22296225454081248
time,expanding,1.5,1000,189,33461,0.25040886809098445
time,expanding,1.5,1000,190,33462,0.3308315543709821
time,expanding,1.5,1000,191,33463,0.23927930075946321
time,expanding,1.5,1000,192,33464,0.2877953941074127
time,expanding,1.5,1000,193,33465,0.2553351395143795
time,expanding,1.5,1000,194,33466,0.29915574934270955
time,expanding,1.5,1000,195,33467,0.226680166371562
time,expanding,1.5,1000,196,33468,0.22166970768723576
time,expanding,1.5,1000,197,33469,0.26798245796278386
time,expanding,1.5,1000,198,33470,0.2285868646595957
time,expanding,1.5,1000,199,33471,0.251691303024023
time,expanding,1.6666666666666665,1000,0,34415,0.24433764890892032
time,expanding,1.6666666666666665,1000,1,34416,0.2612095046207302
time,expanding,1.6666666666666665,1000,2,34417,0.267251153278913
time,expanding,1.6666666666666665,1000,3,34418,0.34488214150169194
time,expanding,1.6666666666666665,1000,4,34419,0.3383101857361264
time,expanding,1.6666666666666665,1000,5,34420,0.24172283596636812
time,expanding,1.6666666666666665,1000,6,34421,0.3540983382947495
time,expanding,1.6666666666666665,1000,7,34422,0.36112566422647857
time,expanding,1.6666666666666665,1000,8,34423,0.27806262335387216
time,expanding,1.6666666666666665,1000,9,34424,0.30424103403180064
time,expanding,1.6666666666666665,1000,10,34425,0.24215419916983277
time,expanding,1.6666666666666665,1000,11,34426,0.3162906123438165
time,expanding,1.6666666666666665,1000,12,34427,0.2984271342078929
time,expanding,1.6666666666666665,1000,13,34428,0.289938560291361
time,expanding,1.6666666666666665,1000,14,34429,0.24593463138310145
time,expanding,1.6666666666666665,1000,15,34430,0.30571748531604115
time,expanding,1.6666666666666665,1000,16,34431,0.25997846496186156
time,expanding,1.6666666666666665,1000,17,34432,0.27701316256502717
time,expanding,1.6666666666666665,1000,18,34433,0.29980733834190926
time,expanding,1.6666666666666665,1000,19,34434,0.3466979853621588
time,expanding,1.6666666666666665,1000,20,34435,0.25591197401016325
time,expanding,1.6666666666666665,1000,21,34436,0.26802656915631035
time,expanding,1.6666666666666665,1000,22,34437,0.2291709724653899
time,expanding,1.6666666666666665,1000,23,34438,0.24121545165485372
time,expanding,1.6666666666666665,1000,24,34439,0.31338481505752364
time,expanding,1.6666666666666665,1000,25,34440,0.25950688115257736
time,expanding,1.6666666666666665,1000,26,34441,0.28957116149741674
time,expanding,1.6666666666666665,1000,27,34442,0.25465436811159176
time,expanding,1.6666666666666665,1000,28,34443,0.26193676350608575
time,expanding,1.6666666666666665,1000,29,34444,0.24940154661856295
time,expanding,1.6666666666666665,1000,30,34445,0.2490677605306959
time,expanding,1.6666666666666665,1000,31,34446,0.2770613217435359
time,expanding,1.6666666666666665,1000,32,34447,0.2553170333843778
time,expanding,1.6666666666666665,1000,33,34448,0.3935154144715384
time,expanding,1.6666666666666665,1000,34,34449,0.2769026218011416
time,expanding,1.6666666666666665,1000,35,34450,0.25468014866326816
time,expanding,1.6666666666666665,1000,36,34451,0.3006991408144454
time,expanding,1.6666666666666665,1000,37,34452,0.26219117902314554
time,expanding,1.6666666666666665,1000,38,34453,0.2690694779643425
time,expanding,1.6666666666666665,1000,39,34454,0.28482936350558236
time,expanding,1.6666666666666665,1000,40,34455,0.3169409176103768
time,expanding,1.6666666666666665,1000,41,34456,0.23929535923755677
time,expanding,1.6666666666666665,1000,42,34457,0.25160760496733536
time,expanding,1.6666666666666665,1000,43,34458,0.3090488503550608
time,expanding,1.6666666666666665,1000,44,34459,0.24741847221051216
time,expanding,1.6666666666666665,1000,45,34460,0.2741893286273026
time,expanding,1.6666666666666665,1000,46,34461,0.27758559169978253
time,expanding,1.6666666666666665,1000,47,34462,0.28047236653456875
time,expanding,1.6666666666666665,1000,48,34463,0.27272825037530085
time,expanding,1.6666666666666665,1000,49,34464,0.26261952005601646
time,expanding,1.6666666666666665,1000,50,34465,0.2571361735581735
time,expanding,1.6666666666666665,1000,51,34466,0.23605557711618333
time,expanding,1.6666666666666665,1000,52,34467,0.4215042494738905
time,expanding,1.6666666666666665,1000,53,34468,0.2433074828418765
time,expanding,1.6666666666666665,1000,54,34469,0.2564027896428581
time,expanding,1.6666666666666665,1000,55,34470,0.2508850848533016
time,expanding,1.6666666666666665,1000,56,34471,0.29339952701071836
time,expanding,1.6666666666666665,1000,57,34472,0.2702045991013202
time,expanding,1.6666666666666665,1000,58,34473,0.2907591442825116
time,expanding,1.6666666666666665,1000,59,34474,0.24976893912847997
time,expanding,1.6666666666666665,1000,60,34475,0.27253143486134424
time,expanding,1.6666666666666665,1000,61,34476,0.2855891879623197
time,expanding,1.6666666666666665,1000,62,34477,0.2709704674617247
time,expanding,1.6666666666666665,1000,63,34478,0.25033243265111077
time,expanding,1.6666666666666665,1000,64,34479,0.2435558853376031
time,expanding,1.6666666666666665,1000,65,34480,0.3000366601627892
time,expanding,1.6666666666666665,1000,66,34481,0.2692240551076144
time,expanding,1.6666666666666665,1000,67,34482,0.24230981806296853
time,expanding,1.6666666666666665,1000,68,34483,0.3016210398877663
time,expanding,1.6666666666666665,1000,69,34484,0.3059384959323024
time,expanding,1.6666666666666665,1000,70,34485,0.24154883921586465
time,expanding,1.6666666666666665,1000,71,34486,0.26694808161978334
time,expanding,1.6666666666666665,1000,72,34487,0.22549629736340782
time,expanding,1.6666666666666665,1000,73,34488,0.294359063632554
time,expanding,1.6666666666666665,1000,74,34489,0.30466160536933723
time,expanding,1.6666666666666665,1000,75,34490,0.25989221635309695
time,expanding,1.6666666666666665,1000,76,34491,0.25252887616120884
time,expanding,1.6666666666666665,1000,77,34492,0.36957241959599735
time,expanding,1.6666666666666665,1000,78,34493,0.22083865918788087
time,expanding,1.6666666666666665,1000,79,34494,0.24965327070806825
time,expanding,1.6666666666666665,1000,80,34495,0.2659518400278814
time,expanding,1.6666666666666665,1000,81,34496,0.24257226213266656
time,expanding,1.6666666666666665,1000,82,34497,0.23665282817002717
time,expanding,1.6666666666666665,1000,83,34498,0.28588148156980536
time,expanding,1.6666666666666665,1000,84,34499,0.24885685042201974
time,expanding,1.6666666666666665,1000,85,34500,0.3804592272688916
time,expanding,1.6666666666666665,1000,86,34501,0.2434954976713289
time,expanding,1.6666666666666665,1000,87,34502,0.33497415750813175
time,expanding,1.6666666666666665,1000,88,34503,0.2654449629103791
time,expanding,1.6666666666666665,1000,89,34504,0.276209360243695
time,expanding,1.6666666666666665,1000,90,34505,0.2898103182334811
time,expanding,1.6666666666666665,1000,91,34506,0.238005188489925
time,expanding,1.6666666666666665,1000,92,34507,0.23095817928063103
time,expanding,1.6666666666666665,1000,93,34508,0.2723320318459098
time,expanding,1.6666666666666665,1000,94,34509,0.23298939981949113
time,expanding,1.6666666666666665,1000,95,34510,0.26360339974715874
time,expanding,1.6666666666666665,1000,96,34511,0.2632317163471456
time,expanding,1.6666666666666665,1000,97,34512,0.44527202264239
time,expanding,1.6666666666666665,1000,98,34513,0.22539229652373177
time,expanding,1.6666666666666665,1000,99,34514,0.2594044923193587
time,expanding,1.6666666666666665,1000,100,34515,0.3436856358813723
time,expanding,1.6666666666666665,1000,101,34516,0.24971401305717214
time,expanding,1.6666666666666665,1000,102,34517,0.29384989066076306
time,expanding,1.6666666666666665,1000,103,34518,0.3681587962728545
time,expanding,1.6666666666666665,1000,104,34519,0.2794764039371042
time,expanding,1.6666666666666665,1000,105,34520,0.27231710330532377
time,expanding,1.6666666666666665,1000,106,34521,0.24770310454799954
time,expanding,1.6666666666666665,1000,107,34522,0.2651041679971727
time,expanding,1.6666666666666665,1000,108,34523,0.2597414307287971
time,expanding,1.6666666666666665,1000,109,34524,0.2527382305134576
time,expanding,1.6666666666666665,1000,110,34525,0.36246785468845816
time,expanding,1.6666666666666665,1000,111,34526,0.3125706783693662
time,expanding,1.6666666666666665,1000,112,34527,0.3078366493695083
time,expanding,1.6666666666666665,1000,113,34528,0.2560348815060737
time,expanding,1.6666666666666665,1000,114,34529,0.24599155620328353
time,expanding,1.6666666666666665,1000,115,34530,0.3412372189976611
time,expanding,1.6666666666666665,1000,116,34531,0.25491590235908085
time,expanding,1.6666666666666665,1000,117,34532,0.26284251959998384
time,expanding,1.6666666666666665,1000,118,34533,0.23841269868728016
time,expanding,1.6666666666666665,1000,119,34534,0.2626776715051549
time,expanding,1.6666666666666665,1000,120,34535,0.28454644699693166
time,expanding,1.6666666666666665,1000,121,34536,0.26342496414539607
time,expanding,1.6666666666666665,1000,122,34537,0.24558446609890816
time,expanding,1.6666666666666665,1000,123,34538,0.2729708679552982
time,expanding,1.6666666666666665,1000,124,34539,0.24593735468254266
time,expanding,1.6666666666666665,1000,125,34540,0.22899980789702587
time,expanding,1.6666666666666665,1000,126,34541,0.23825571476834254
time,expanding,1.6666666666666665,1000,127,34542,0.23094949615544688
time,expanding,1.6666666666666665,1000,128,34543,0.2801675954767894
time,expanding,1.6666666666666665,1000,129,34544,0.2718980428943041
time,expanding,1.6666666666666665,1000,130,34545,0.2669365776424357
time,expanding,1.6666666666666665,1000,131,34546,0.2691271921211853
time,expanding,1.6666666666666665,1000,132,34547,0.20476221090451968
time,expanding,1.6666666666666665,1000,133,34548,0.2993834759263144
time,expanding,1.6666666666666665,1000,134,34549,0.341148731126857
time,expanding,1.6666666666666665,1000,135,34550,0.2652375940074162
time,expanding,1.6666666666666665,1000,136,34551,0.29183543579103277
time,expanding,1.6666666666666665,1000,137,34552,0.2727187482718568
time,expanding,1.6666666666666665,1000,138,34553,0.2466451837427086
time,expanding,1.6666666666666665,1000,139,34554,0.2696824041070961
time,expanding,1.6666666666666665,1000,140,34555,0.23275182945360728
time,expanding,1.6666666666666665,1000,141,34556,0.2617008609957671
time,expanding,1.6666666666666665,1000,142,34557,0.282906081562476
time,expanding,1.6666666666666665,1000,143,34558,0.30595147269873757
time,expanding,1.6666666666666665,1000,144,34559,0.23238095594461455
time,expanding,1.6666666666666665,1000,145,34560,0.29037355356539607
time,expanding,1.6666666666666665,1000,146,34561,0.20693059830187652
time,expanding,1.6666666666666665,1000,147,34562,0.31099477714673596
time,expanding,1.6666666666666665,1000,148,34563,0.2358993554258191
time,expanding,1.6666666666666665,1000,149,34564,0.3276034729079758
time,expanding,1.6666666666666665,1000,150,34565,0.2518777446438814
time,expanding,1.6666666666666665,1000,151,34566,0.23548676954675027
time,expanding,1.6666666666666665,1000,152,34567,0.2411863800033662
time,expanding,1.6666666666666665,1000,153,34568,0.297775703082982
time,expanding,1.6666666666666665,1000,154,34569,0.25769135435621293
time,expanding,1.6666666666666665,1000,155,34570,0.37183995072024567
time,expanding,1.6666666666666665,1000,156,34571,0.24722401691391904
time,expanding,1.6666666666666665,1000,157,34572,0.28118142760195364
time,expanding,1.6666666666666665,1000,158,34573,0.28042146023018616
time,expanding,1.6666666666666665,1000,159,34574,0.26013279463575517
time,expanding,1.6666666666666665,1000,160,34575,0.2581004473856008
time,expanding,1.6666666666666665,1000,161,34576,0.3076521503019176
time,expanding,1.6666666666666665,1000,162,34577,0.3509064114108443
time,expanding,1.6666666666666665,1000,163,34578,0.2533588310750974
time,expanding,1.6666666666666665,1000,164,34579,0.23425142093793414
time,expanding,1.6666666666666665,1000,165,34580,0.36920598556496453
time,expanding,1.6666666666666665,1000,166,34581,0.251201926318666
time,expanding,1.6666666666666665,1000,167,34582,0.24156143578499514
time,expanding,1.6666666666666665,1000,168,34583,0.26391043305073825
time,expanding,1.6666666666666665,1000,169,34584,0.2729423326603062
time,expanding,1.6666666666666665,1000,170,34585,0.2655320318469918
time,expanding,1.6666666666666665,1000,171,34586,0.2554333849186392
time,expanding,1.6666666666666665,1000,172,34587,0.25474292720823155
time,expanding,1.6666666666666665,1000,173,34588,0.2621319059551681
time,expanding,1.6666666666666665,1000,174,34589,0.29298505223982263
time,expanding,1.6666666666666665,1000,175,34590,0.24509248455011473
time,expanding,1.6666666666666665,1000,176,34591,0.22724922972404563
time,expanding,1.6666666666666665,1000,177,34592,0.33980555169892146
time,expanding,1.6666666666666665,1000,178,34593,0.3046452108405921
time,expanding,1.6666666666666665,1000,179,34594,0.2597314178495955
time,expanding,1.6666666666666665,1000,180,34595,0.26100851545037435
time,expanding,1.6666666666666665,1000,181,34596,0.23423288211818394
time,expanding,1.6666666666666665,1000,182,34597,0.2562417420717777
time,expanding,1.6666666666666665,1000,183,34598,0.2702259739521949
time,expanding,1.6666666666666665,1000,184,34599,0.31673765467679554
time,expanding,1.6666666666666665,1000,185,34600,0.2593910946388943
time,expanding,1.6666666666666665,1000,186,34601,0.2346371018431166
time,expanding,1.6666666666666665,1000,187,34602,0.2501319221031174
time,expanding,1.6666666666666665,1000,188,34603,0.24740045008773687
time,expanding,1.6666666666666665,1000,189,34604,0.22703870542306118
time,expanding,1.6666666666666665,1000,190,34605,0.3358149118165488
time,expanding,1.6666666666666665,1000,191,34606,0.23026873794346978
time,expanding,1.6666666666666665,1000,192,34607,0.29528083927374177
time,expanding,1.6666666666666665,1000,193,34608,0.2619792861068442
time,expanding,1.6666666666666665,1000,194,34609,0.25553309672765007
time,expanding,1.6666666666666665,1000,195,34610,0.30961720245998264
time,expanding,1.6666666666666665,1000,196,34611,0.26358076597725444
time,expanding,1.6666666666666665,1000,197,34612,0.32831845095548307
time,expanding,1.6666666666666665,1000,198,34613,0.2488313678998444
time,expanding,1.6666666666666665,1000,199,34614,0.4482531590367087
time,expanding,1.8333333333333333,1000,0,33884,0.32155048056717633
time,expanding,1.8333333333333333,1000,1,33885,0.3333045423045803
time,expanding,1.8333333333333333,1000,2,33886,0.2686738977482787
time,expanding,1.8333333333333333,1000,3,33887,0.2789512527882941
time,expanding,1.8333333333333333,1000,4,33888,0.3368830255239835
time,expanding,1.8333333333333333,1000,5,33889,0.5020638269295985
time,expanding,1.8333333333333333,1000,6,33890,0.32435046222602093
time,expanding,1.8333333333333333,1000,7,33891,0.24605578361198613
time,expanding,1.8333333333333333,1000,8,33892,0.2676077931126051
time,expanding,1.8333333333333333,1000,9,33893,0.4353873217978506
time,expanding,1.8333333333333333,1000,10,33894,0.25224968069565756
time,expanding,1.8333333333333333,1000,11,33895,0.46873978001853883
time,expanding,1.8333333333333333,1000,12,33896,0.23932629721431486
time,expanding,1.8333333333333333,1000,13,33897,0.32474355879416633
time,expanding,1.8333333333333333,1000,14,33898,0.267921404156233
time,expanding,1.8333333333333333,1000,15,33899,0.3762883698148146
time,expanding,1.8333333333333333,1000,16,33900,0.3808404616198293
time,expanding,1.8333333333333333,1000,17,33901,0.25457409724136754
time,expanding,1.8333333333333333,1000,18,33902,0.26129981656335427
time,expanding,1.8333333333333333,1000,19,33903,0.2995179773490311
time,expanding,1.8333333333333333,1000,20,33904,0.29926258881296963
time,expanding,1.8333333333333333,1000,21,33905,0.2837423381498435
time,expanding,1.8333333333333333,1000,22,33906,0.26976760224446433
time,expanding,1.8333333333333333,1000,23,33907,0.32863486384236407
time,expanding,1.8333333333333333,1000,24,33908,0.2901242450683362
time,expanding,1.8333333333333333,1000,25,33909,0.2738956689403702
time,expanding,1.8333333333333333,1000,26,33910,0.29794023959690447
time,expanding,1.8333333333333333,1000,27,33911,0.269966385820629
time,expanding,1.8333333333333333,1000,28,33912,0.30147099173450387
time,expanding,1.8333333333333333,1000,29,33913,0.28509451020439236
time,expanding,1.8333333333333333,1000,30,33914,0.316138600621092
time,expanding,1.8333333333333333,1000,31,33915,0.25211350541360744
time,expanding,1.8333333333333333,1000,32,33916,0.28322526958786126
time,expanding,1.8333333333333333,1000,33,33917,0.26311334480795073
time,expanding,1.8333333333333333,1000,34,33918,0.29089177948826483
time,expanding,1.8333333333333333,1000,35,33919,0.3111947104415295
time,expanding,1.8333333333333333,1000,36,33920,0.3711302740147464
time,expanding,1.8333333333333333,1000,37,33921,0.40110269634434087
time,expanding,1.8333333333333333,1000,38,33922,0.3606150059476238
time,expanding,1.8333333333333333,1000,39,33923,0.2558627712877885
time,expanding,1.8333333333333333,1000,40,33924,0.30062190762340313
time,expanding,1.8333333333333333,1000,41,33925,0.3587242833043699
time,expanding,1.8333333333333333,1000,42,33926,0.2650627335375632
time,expanding,1.8333333333333333,1000,43,33927,0.3289561071262276
time,expanding,1.8333333333333333,1000,44,33928,0.24575199743057333
time,expanding,1.8333333333333333,1000,45,33929,0.2889920899613988
time,expanding,1.8333333333333333,1000,46,33930,0.28752754502314437
time,expanding,1.8333333333333333,1000,47,33931,0.28949728561966787
time,expanding,1.8333333333333333,1000,48,33932,0.31155568462053707
time,expanding,1.8333333333333333,1000,49,33933,0.2756916889031064
time,expanding,1.8333333333333333,1000,50,33934,0.2584580671305911
time,expanding,1.8333333333333333,1000,51,33935,0.28503495498293824
time,expanding,1.8333333333333333,1000,52,33936,0.2916468922799055
time,expanding,1.8333333333333333,1000,53,33937,0.25076689978466754
time,expanding,1.8333333333333333,1000,54,33938,0.2619570809501087
time,expanding,1.8333333333333333,1000,55,33939,0.3542080196930218
time,expanding,1.8333333333333333,1000,56,33940,0.3012595653678349
time,expanding,1.8333333333333333,1000,57,33941,0.38244229529989343
time,expanding,1.8333333333333333,1000,58,33942,0.26172109680415506
time,expanding,1.8333333333333333,1000,59,33943,0.23427278376695812
time,expanding,1.8333333333333333,1000,60,33944,0.268971789463237
time,expanding,1.8333333333333333,1000,61,33945,0.23343527106414902
time,expanding,1.8333333333333333,1000,62,33946,0.3376028203374673
time,expanding,1.8333333333333333,1000,63,33947,0.28433627852498766
time,expanding,1.8333333333333333,1000,64,33948,0.28465349046243804
time,expanding,1.8333333333333333,1000,65,33949,0.3361702159895163
time,expanding,1.8333333333333333,1000,66,33950,0.27205752564668184
time,expanding,1.8333333333333333,1000,67,33951,0.2799878191721624
time,expanding,1.8333333333333333,1000,68,33952,0.24036675464572577
time,expanding,1.8333333333333333,1000,69,33953,0.2710971511416277
time,expanding,1.8333333333333333,1000,70,33954,0.30873382874932337
time,expanding,1.8333333333333333,1000,71,33955,0.2816419554975297
time,expanding,1.8333333333333333,1000,72,33956,0.38162656396438555
time,expanding,1.8333333333333333,1000,73,33957,0.2552738199874698
time,expanding,1.8333333333333333,1000,74,33958,0.29265020424712906
time,expanding,1.8333333333333333,1000,75,33959,0.2909019170327908
time,expanding,1.8333333333333333,1000,76,33960,0.27897104543683027
time,expanding,1.8333333333333333,1000,77,33961,0.3262413174266372
time,expanding,1.8333333333333333,1000,78,33962,0.25265426161948695
time,expanding,1.8333333333333333,1000,79,33963,0.3099744559988317
time,expanding,1.8333333333333333,1000,80,33964,0.32830914947029316
time,expanding,1.8333333333333333,1000,81,33965,0.2721683781150298
time,expanding,1.8333333333333333,1000,82,33966,0.33597950319123754
time,expanding,1.8333333333333333,1000,83,33967,0.3690553363715259
time,expanding,1.8333333333333333,1000,84,33968,0.2980981696737701
time,expanding,1.8333333333333333,1000,85,33969,0.33383819936118125
time,expanding,1.8333333333333333,1000,86,33970,0.33043129456628945
time,expanding,1.8333333333333333,1000,87,33971,0.2576079749727679
time,expanding,1.8333333333333333,1000,88,33972,0.2822448780928234
time,expanding,1.8333333333333333,1000,89,33973,0.2669598834242741
time,expanding,1.8333333333333333,1000,90,33974,0.37577813503199436
time,expanding,1.8333333333333333,1000,91,33975,0.26665565567583466
time,expanding,1.8333333333333333,1000,92,33976,0.23251463051362137
time,expanding,1.8333333333333333,1000,93,33977,0.28985928557363483
time,expanding,1.8333333333333333,1000,94,33978,0.2810331908282398
time,expanding,1.8333333333333333,1000,95,33979,0.2398350677059887
time,expanding,1.8333333333333333,1000,96,33980,0.2932826171956761
time,expanding,1.8333333333333333,1000,97,33981,0.25059974194583806
time,expanding,1.8333333333333333,1000,98,33982,0.2728290406130741
time,expanding,1.8333333333333333,1000,99,33983,0.2826871509337332
time,expanding,1.8333333333333333,1000,100,33984,0.34055910537068346
time,expanding,1.8333333333333333,1000,101,33985,0.338980345519763
time,expanding,1.8333333333333333,1000,102,33986,0.4142092294905297
time,expanding,1.8333333333333333,1000,103,33987,0.33736741386041535
time,expanding,1.8333333333333333,1000,104,33988,0.3486713520141531
time,expanding,1.8333333333333333,1000,105,33989,0.26774951962433263
time,expanding,1.8333333333333333,1000,106,33990,0.2876512331989865
time,expanding,1.8333333333333333,1000,107,33991,0.3570141755319286
time,expanding,1.8333333333333333,1000,108,33992,0.23948907359446786
time,expanding,1.8333333333333333,1000,109,33993,0.31147459826245266
time,expanding,1.8333333333333333,1000,110,33994,0.2873803667281422
time,expanding,1.8333333333333333,1000,111,33995,0.2941415112522653
time,expanding,1.8333333333333333,1000,112,33996,0.24349068926471598
time,expanding,1.8333333333333333,1000,113,33997,0.29471481314908327
time,expanding,1.8333333333333333,1000,114,33998,0.3370389285086954
time,expanding,1.8333333333333333,1000,115,33999,0.2655529141337639
time,expanding,1.8333333333333333,1000,116,34000,0.24902363699762411
time,expanding,1.8333333333333333,1000,117,34001,0.27214392768524637
time,expanding,1.8333333333333333,1000,118,34002,0.2685995626778842
time,expanding,1.8333333333333333,1000,119,34003,0.30947784225222547
time,expanding,1.8333333333333333,1000,120,34004,0.3465707116306372
time,expanding,1.8333333333333333,1000,121,34005,0.2958030192212793
time,expanding,1.8333333333333333,1000,122,34006,0.2302297571814356
time,expanding,1.8333333333333333,1000,123,34007,0.26627172357235307
time,expanding,1.8333333333333333,1000,124,34008,0.2539002166308894
time,expanding,1.8333333333333333,1000,125,34009,0.29571639901747326
time,expanding,1.8333333333333333,1000,126,34010,0.28889267249135286
time,expanding,1.8333333333333333,1000,127,34011,0.26655652744897657
time,expanding,1.8333333333333333,1000,128,34012,0.2543870486315778
time,expanding,1.8333333333333333,1000,129,34013,0.39365281889196085
time,expanding,1.8333333333333333,1000,130,34014,0.30114340475855905
time,expanding,1.8333333333333333,1000,131,34015,0.3456171708600562
time,expanding,1.8333333333333333,1000,132,34016,0.27847494523021094
time,expanding,1.8333333333333333,1000,133,34017,0.257431006385022
time,expanding,1.8333333333333333,1000,134,34018,0.3138008872531444
time,expanding,1.8333333333333333,1000,135,34019,0.24313378794685994
time,expanding,1.8333333333333333,1000,136,34020,0.3087101164803337
time,expanding,1.8333333333333333,1000,137,34021,0.2911294731794086
time,expanding,1.8333333333333333,1000,138,34022,0.2827473420312586
time,expanding,1.8333333333333333,1000,139,34023,0.27027408833126815
time,expanding,1.8333333333333333,1000,140,34024,0.2840429005651179
time,expanding,1.8333333333333333,1000,141,34025,0.2684930312052344
time,expanding,1.8333333333333333,1000,142,34026,0.3395491163583842
time,expanding,1.8333333333333333,1000,143,34027,0.2742671480215793
time,expanding,1.8333333333333333,1000,144,34028,0.291432899079397
time,expanding,1.8333333333333333,1000,145,34029,0.42244328021191196
time,expanding,1.8333333333333333,1000,146,34030,0.3923460695633117
time,expanding,1.8333333333333333,1000,147,34031,0.4102760992439281
time,expanding,1.8333333333333333,1000,148,34032,0.27287604502539253
time,expanding,1.8333333333333333,1000,149,34033,0.4167153827445907
time,expanding,1.8333333333333333,1000,150,34034,0.2849000473935878
time,expanding,1.8333333333333333,1000,151,34035,0.2630628036712644
time,expanding,1.8333333333333333,1000,152,34036,0.2792945003466282
time,expanding,1.8333333333333333,1000,153,34037,0.27934635136125363
time,expanding,1.8333333333333333,1000,154,34038,0.27222831560503985
time,expanding,1.8333333333333333,1000,155,34039,0.3083334106110396
time,expanding,1.8333333333333333,1000,156,34040,0.3116094914301946
time,expanding,1.8333333333333333,1000,157,34041,0.25161741472956045
time,expanding,1.8333333333333333,1000,158,34042,0.5176760679732373
time,expanding,1.8333333333333333,1000,159,34043,0.27982674653629297
time,expanding,1.8333333333333333,1000,160,34044,0.31834197628691707
time,expanding,1.8333333333333333,1000,161,34045,0.2756269138744502
time,expanding,1.8333333333333333,1000,162,34046,0.30732043628234934
time,expanding,1.8333333333333333,1000,163,34047,0.2686575042171909
time,expanding,1.8333333333333333,1000,164,34048,0.2770459494849595
time,expanding,1.8333333333333333,1000,165,34049,0.299884820504403
time,expanding,1.8333333333333333,1000,166,34050,0.2570619197886965
time,expanding,1.8333333333333333,1000,167,34051,0.30504076684885206
time,expanding,1.8333333333333333,1000,168,34052,0.2870067677021664
time,expanding,1.8333333333333333,1000,169,34053,0.27707237333625484
time,expanding,1.8333333333333333,1000,170,34054,0.3322956540725802
time,expanding,1.8333333333333333,1000,171,34055,0.2732367426950973
time,expanding,1.8333333333333333,1000,172,34056,0.4478268731601906
time,expanding,1.8333333333333333,1000,173,34057,0.3091798912011905
time,expanding,1.8333333333333333,1000,174,34058,0.2978183071766725
time,expanding,1.8333333333333333,1000,175,34059,0.26077989990172595
time,expanding,1.8333333333333333,1000,176,34060,0.35780221515729616
time,expanding,1.8333333333333333,1000,177,34061,0.24614919414715733
time,expanding,1.8333333333333333,1000,178,34062,0.33501480843275977
time,expanding,1.8333333333333333,1000,179,34063,0.27830207093183307
time,expanding,1.8333333333333333,1000,180,34064,0.23595059353896905
time,expanding,1.8333333333333333,1000,181,34065,0.24145828308522937
time,expanding,1.8333333333333333,1000,182,34066,0.28492504079448183
time,expanding,1.8333333333333333,1000,183,34067,0.2783076424549255
time,expanding,1.8333333333333333,1000,184,34068,0.41956581328610787
time,expanding,1.8333333333333333,1000,185,34069,0.2600146596586668
time,expanding,1.8333333333333333,1000,186,34070,0.25467023734521493
time,expanding,1.8333333333333333,1000,187,34071,0.2791917826865594
time,expanding,1.8333333333333333,1000,188,34072,0.40482082137575637
time,expanding,1.8333333333333333,1000,189,34073,0.3744983805987741
time,expanding,1.8333333333333333,1000,190,34074,0.26724176282828205
time,expanding,1.8333333333333333,1000,191,34075,0.3819505575914838
time,expanding,1.8333333333333333,1000,192,34076,0.25222254882132117
time,expanding,1.8333333333333333,1000,193,34077,0.3404275531094955
time,expanding,1.8333333333333333,1000,194,34078,0.2766261411571493
time,expanding,1.8333333333333333,1000,195,34079,0.38326620643888526
time,expanding,1.8333333333333333,1000,196,34080,0.36865024669293667
time,expanding,1.8333333333333333,1000,197,34081,0.27832527178178934
time,expanding,1.8333333333333333,1000,198,34082,0.37502178378019024
time,expanding,1.8333333333333333,1000,199,34083,0.3279725013393071
time,expanding,2.0,1000,0,33182,0.27858928821495044
time,expanding,2.0,1000,1,33183,0.4583026452474887
time,expanding,2.0,1000,2,33184,0.34256692139132083
time,expanding,2.0,1000,3,33185,0.29050960797093844
time,expanding,2.0,1000,4,33186,0.3148953235227066
time,expanding,2.0,1000,5,33187,0.32245105661535367
time,expanding,2.0,1000,6,33188,0.28056227623287167
time,expanding,2.0,1000,7,33189,0.3367094574073701
time,expanding,2.0,1000,8,33190,0.41653678779907793
time,expanding,2.0,1000,9,33191,0.35099212560667703
time,expanding,2.0,1000,10,33192,0.3081353076924826
time,expanding,2.0,1000,11,33193,0.3316107172770094
time,expanding,2.0,1000,12,33194,0.4453535583635561
time,expanding,2.0,1000,13,33195,0.4369904286189456
time,expanding,2.0,1000,14,33196,0.26567608498604545
time,expanding,2.0,1000,15,33197,0.43246071753939663
time,expanding,2.0,1000,16,33198,0.28566809298464174
time,expanding,2.0,1000,17,33199,0.32242170109035934
time,expanding,2.0,1000,18,33200,0.2975298600902333
time,expanding,2.0,1000,19,33201,0.2860211908136421
time,expanding,2.0,1000,20,33202,0.29605584290842984
time,expanding,2.0,1000,21,33203,0.32053981287979155
time,expanding,2.0,1000,22,33204,0.3399186618041013
time,expanding,2.0,1000,23,33205,0.2820775486829667
time,expanding,2.0,1000,24,33206,0.3426385257276382
time,expanding,2.0,1000,25,33207,0.34414583566165324
time,expanding,2.0,1000,26,33208,0.2927988258182673
time,expanding,2.0,1000,27,33209,0.31055527745101896
time,expanding,2.0,1000,28,33210,0.2640971006891553
time,expanding,2.0,1000,29,33211,0.29290359810087474
time,expanding,2.0,1000,30,33212,0.30186847585093224
time,expanding,2.0,1000,31,33213,0.27826593355905394
time,expanding,2.0,1000,32,33214,0.3234310924027709
time,expanding,2.0,1000,33,33215,0.29917688735542247
time,expanding,2.0,1000,34,33216,0.3564774909662481
time,expanding,2.0,1000,35,33217,0.4099454211448278
time,expanding,2.0,1000,36,33218,0.277195965738055
time,expanding,2.0,1000,37,33219,0.29209837354994733
time,expanding,2.0,1000,38,33220,0.25466441093371234
time,expanding,2.0,1000,39,33221,0.25422615128712484
time,expanding,2.0,1000,40,33222,0.2894119870974011
time,expanding,2.0,1000,41,33223,0.3335425028586167
time,expanding,2.0,1000,42,33224,0.2677821797576786
time,expanding,2.0,1000,43,33225,0.3146697702843359
time,expanding,2.0,1000,44,33226,0.30049389851229136
time,expanding,2.0,1000,45,33227,0.2898156361246884
time,expanding,2.0,1000,46,33228,0.34326891924835184
time,expanding,2.0,1000,47,33229,0.2964396159316308
time,expanding,2.0,1000,48,33230,0.3022101312812372
time,expanding,2.0,1000,49,33231,0.2742588994981426
time,expanding,2.0,1000,50,33232,0.4735902115725119
time,expanding,2.0,1000,51,33233,0.4165747921058897
time,expanding,2.0,1000,52,33234,0.3079727632483113
time,expanding,2.0,1000,53,33235,0.26088082742005736
time,expanding,2.0,1000,54,33236,0.3913357150289146
time,expanding,2.0,1000,55,33237,0.29861410817735945
time,expanding,2.0,1000,56,33238,0.41848677336308926
time,expanding,2.0,1000,57,33239,0.2865076380027016
time,expanding,2.0,1000,58,33240,0.3053522565864282
time,expanding,2.0,1000,59,33241,0.30192776242360647
time,expanding,2.0,1000,60,33242,0.3462804624509713
time,expanding,2.0,1000,61,33243,0.2877703817826608
time,expanding,2.0,1000,62,33244,0.393820013220979
time,expanding,2.0,1000,63,33245,0.32928704819252647
time,expanding,2.0,1000,64,33246,0.3406740844526597
time,expanding,2.0,1000,65,33247,0.2751560633060201
time,expanding,2.0,1000,66,33248,0.29009827968420737
time,expanding,2.0,1000,67,33249,0.30253736286017874
time,expanding,2.0,1000,68,33250,0.3672089411287736
time,expanding,2.0,1000,69,33251,0.31112226753471894
time,expanding,2.0,1000,70,33252,0.40079440340508776
time,expanding,2.0,1000,71,33253,0.32018838233419505
time,expanding,2.0,1000,72,33254,0.30700490702609573
time,expanding,2.0,1000,73,33255,0.27660489003372213
time,expanding,2.0,1000,74,33256,0.29081169678954694
time,expanding,2.0,1000,75,33257,0.2746406292478285
time,expanding,2.0,1000,76,33258,0.3907028753377962
time,expanding,2.0,1000,77,33259,0.3351144094567298
time,expanding,2.0,1000,78,33260,0.37632561687203425
time,expanding,2.0,1000,79,33261,0.34088921073363515
time,expanding,2.0,1000,80,33262,0.3034718093429795
time,expanding,2.0,1000,81,33263,0.3634868222908538
time,expanding,2.0,1000,82,33264,0.3792347577476132
time,expanding,2.0,1000,83,33265,0.30255565120402506
time,expanding,2.0,1000,84,33266,0.28121795772208014
time,expanding,2.0,1000,85,33267,0.29261214000521024
time,expanding,2.0,1000,86,33268,0.3878451367322218
time,expanding,2.0,1000,87,33269,0.37042958641615376
time,expanding,2.0,1000,88,33270,0.3011127499796188
time,expanding,2.0,1000,89,33271,0.30617198739388035
time,expanding,2.0,1000,90,33272,0.31876130615981435
time,expanding,2.0,1000,91,33273,0.2797405888836572
time,expanding,2.0,1000,92,33274,0.3427504968903675
time,expanding,2.0,1000,93,33275,0.33905221505979316
time,expanding,2.0,1000,94,33276,0.301201337071343
time,expanding,2.0,1000,95,33277,0.3586261880786024
time,expanding,2.0,1000,96,33278,0.3150203132077028
time,expanding,2.0,1000,97,33279,0.29953551867702644
time,expanding,2.0,1000,98,33280,0.3771004151616152
time,expanding,2.0,1000,99,33281,0.31654623654613345
time,expanding,2.0,1000,100,33282,0.27547724300365095
time,expanding,2.0,1000,101,33283,0.3135010858511646
time,expanding,2.0,1000,102,33284,0.27854623432993797
time,expanding,2.0,1000,103,33285,0.31569976560583946
time,expanding,2.0,1000,104,33286,0.285748782740665
time,expanding,2.0,1000,105,33287,0.38307185465339644
time,expanding,2.0,1000,106,33288,0.26574761347117154
time,expanding,2.0,1000,107,33289,0.6080487475533642
time,expanding,2.0,1000,108,33290,0.3231580697693382
time,expanding,2.0,1000,109,33291,0.307626914262672
time,expanding,2.0,1000,110,33292,0.34807918249434877
time,expanding,2.0,1000,111,33293,0.28481287596690746
time,expanding,2.0,1000,112,33294,0.37163716668216973
time,expanding,2.0,1000,113,33295,0.2925202599131592
time,expanding,2.0,1000,114,33296,0.309698941848969
time,expanding,2.0,1000,115,33297,0.30333624860079506
time,expanding,2.0,1000,116,33298,0.31216457973457
time,expanding,2.0,1000,117,33299,0.31344830117453604
time,expanding,2.0,1000,118,33300,0.29263668025831735
time,expanding,2.0,1000,119,33301,0.26303080549706553
time,expanding,2.0,1000,120,33302,0.3948268118260493
time,expanding,2.0,1000,121,33303,0.28705506049582974
time,expanding,2.0,1000,122,33304,0.39495304261115727
time,expanding,2.0,1000,123,33305,0.26629310925442085
time,expanding,2.0,1000,124,33306,0.28251559894801864
time,expanding,2.0,1000,125,33307,0.3300453941500693
time,expanding,2.0,1000,126,33308,0.2819581752449609
time,expanding,2.0,1000,127,33309,0.3105550412792432
time,expanding,2.0,1000,128,33310,0.29705418576219444
time,expanding,2.0,1000,129,33311,0.27600261486510586
time,expanding,2.0,1000,130,33312,0.3777262319835801
time,expanding,2.0,1000,131,33313,0.3301878259520134
time,expanding,2.0,1000,132,33314,0.3882457526033896
time,expanding,2.0,1000,133,33315,0.36015968633575857
time,expanding,2.0,1000,134,33316,0.31670367878188777
time,expanding,2.0,1000,135,33317,0.3118853873030908
time,expanding,2.0,1000,136,33318,0.26444846848256004
time,expanding,2.0,1000,137,33319,0.2647983206876897
time,expanding,2.0,1000,138,33320,0.282638582028725
time,expanding,2.0,1000,139,33321,0.29523374304026817
time,expanding,2.0,1000,140,33322,0.26010871601118773
time,expanding,2.0,1000,141,33323,0.35555829257979726
time,expanding,2.0,1000,142,33324,0.28478409494248086
time,expanding,2.0,1000,143,33325,0.27147339983369284
time,expanding,2.0,1000,144,33326,0.3385463442708342
time,expanding,2.0,1000,145,33327,0.276350631067514
time,expanding,2.0,1000,146,33328,0.32434977545080296
time,expanding,2.0,1000,147,33329,0.3214339542092946
time,expanding,2.0,1000,148,33330,0.3546320412028658
time,expanding,2.0,1000,149,33331,0.30939780329353245
time,expanding,2.0,1000,150,33332,0.2972566903033058
time,expanding,2.0,1000,151,33333,0.26812900400930717
time,expanding,2.0,1000,152,33334,0.3287931726724905
time,expanding,2.0,1000,153,33335,0.3303332084575412
time,expanding,2.0,1000,154,33336,0.3516429277726469
time,expanding,2.0,1000,155,33337,0.3049926283579125
time,expanding,2.0,1000,156,33338,0.3006931077502961
time,expanding,2.0,1000,157,33339,0.31767000778352616
time,expanding,2.0,1000,158,33340,0.3075316969497101
time,expanding,2.0,1000,159,33341,0.2875660876450062
time,expanding,2.0,1000,160,33342,0.40810701163256113
time,expanding,2.0,1000,161,33343,0.2725890886651434
time,expanding,2.0,1000,162,33344,0.326773696353265
time,expanding,2.0,1000,163,33345,0.27613005523609635
time,expanding,2.0,1000,164,33346,0.29451669448258777
time,expanding,2.0,1000,165,33347,0.3465378060674058
time,expanding,2.0,1000,166,33348,0.3594382287017368
time,expanding,2.0,1000,167,33349,0.3547828507149286
time,expanding,2.0,1000,168,33350,0.26274600815883614
time,expanding,2.0,1000,169,33351,0.41798310981328485
time,expanding,2.0,1000,170,33352,0.28865170193421863
time,expanding,2.0,1000,171,33353,0.3350671573157112
time,expanding,2.0,1000,172,33354,0.44124950240323524
time,expanding,2.0,1000,173,33355,0.46190354111154297
time,expanding,2.0,1000,174,33356,0.36662883008865266
time,expanding,2.0,1000,175,33357,0.34934808962336156
time,expanding,2.0,1000,176,33358,0.33530478136927755
time,expanding,2.0,1000,177,33359,0.41052290691113436
time,expanding,2.0,1000,178,33360,0.28836113001259045
time,expanding,2.0,1000,179,33361,0.30927165427490944
time,expanding,2.0,1000,180,33362,0.3185132627429717
time,expanding,2.0,1000,181,33363,0.2858129193513414
time,expanding,2.0,1000,182,33364,0.35107147821258033
time,expanding,2.0,1000,183,33365,0.30052678348817025
time,expanding,2.0,1000,184,33366,0.32375696310279456
time,expanding,2.0,1000,185,33367,0.26828060958079275
time,expanding,2.0,1000,186,33368,0.29625596636376866
time,expanding,2.0,1000,187,33369,0.399845971978382
time,expanding,2.0,1000,188,33370,0.28539106352117954
time,expanding,2.0,1000,189,33371,0.3184925294108088
time,expanding,2.0,1000,190,33372,0.3478816723996275
time,expanding,2.0,1000,191,33373,0.2747965970888173
time,expanding,2.0,1000,192,33374,0.29465934492959944
time,expanding,2.0,1000,193,33375,0.29285158963224256
time,expanding,2.0,1000,194,33376,0.4654678929480012
time,expanding,2.0,1000,195,33377,0.30653500797877326
time,expanding,2.0,1000,196,33378,0.28538516808869796
time,expanding,2.0,1000,197,33379,0.2652268791950402
time,expanding,2.0,1000,198,33380,0.3023191229521372
time,expanding,2.0,1000,199,33381,0.29450967178446746
sample,expanding,1.0,1000,0,43639,0.1854886002503081
sample,expanding,1.0,1000,1,43640,0.16308492571171299
sample,expanding,1.0,1000,2,43641,0.1776395723837778
sample,expanding,1.0,1000,3,43642,0.17161455137412696
sample,expanding,1.0,1000,4,43643,0.20203568266236685
sample,expanding,1.0,1000,5,43644,0.19462968441928194
sample,expanding,1.0,1000,6,43645,0.2175079906803128
sample,expanding,1.0,1000,7,43646,0.18897028761368403
sample,expanding,1.0,1000,8,43647,0.1651589164552463
sample,expanding,1.0,1000,9,43648,0.19408729787017906
sample,expanding,1.0,1000,10,43649,0.16900974120991386
sample,expanding,1.0,1000,11,43650,0.23799311081153207
sample,expanding,1.0,1000,12,43651,0.21451337150704616
sample,expanding,1.0,1000,13,43652,0.2289639561937768
sample,expanding,1.0,1000,14,43653,0.22521340012896593
sample,expanding,1.0,1000,15,43654,0.23286554098481885
sample,expanding,1.0,1000,16,43655,0.17587405279085816
sample,expanding,1.0,1000,17,43656,0.20822116156381204
sample,expanding,1.0,1000,18,43657,0.17323484198705294
sample,expanding,1.0,1000,19,43658,0.20265144264601234
sample,expanding,1.0,1000,20,43659,0.1651253850834454
sample,expanding,1.0,1000,21,43660,0.18947815716881902
sample,expanding,1.0,1000,22,43661,0.2684226687328281
sample,expanding,1.0,1000,23,43662,0.26196545282060607
sample,expanding,1.0,1000,24,43663,0.17696440509472153
sample,expanding,1.0,1000,25,43664,0.17846520749846378
sample,expanding,1.0,1000,26,43665,0.1617248027840008
sample,expanding,1.0,1000,27,43666,0.17457094979764334
sample,expanding,1.0,1000,28,43667,0.19109596480328148
sample,expanding,1.0,1000,29,43668,0.18828600211814323
sample,expanding,1.0,1000,30,43669,0.22085446907535392
sample,expanding,1.0,1000,31,43670,0.277966032387107
sample,expanding,1.0,1000,32,43671,0.16906608189314093
sample,expanding,1.0,1000,33,43672,0.18195069416314566
sample,expanding,1.0,1000,34,43673,0.17269468162182544
sample,expanding,1.0,1000,35,43674,0.20359563340837716
sample,expanding,1.0,1000,36,43675,0.22392166107962022
sample,expanding,1.0,1000,37,43676,0.18575176938957533
sample,expanding,1.0,1000,38,43677,0.17110028466653837
sample,expanding,1.0,1000,39,43678,0.22209963369857286
sample,expanding,1.0,1000,40,43679,0.19869668537442733
sample,expanding,1.0,1000,41,43680,0.18224339679097937
sample,expanding,1.0,1000,42,43681,0.16820930608995202
sample,expanding,1.0,1000,43,43682,0.18641275121941062
sample,expanding,1.0,1000,44,43683,0.17768877156576818
sample,expanding,1.0,1000,45,43684,0.1988602277692117
sample,expanding,1.0,1000,46,43685,0.20247972303535786
sample,expanding,1.0,1000,47,43686,0.1768384117037767
sample,expanding,1.0,1000,48,43687,0.2138708318645209
sample,expanding,1.0,1000,49,43688,0.2120704625152012
sample,expanding,1.0,1000,50,43689,0.2270547862014405
sample,expanding,1.0,1000,51,43690,0.18257703232889735
sample,expanding,1.0,1000,52,43691,0.18090984398149215
sample,expanding,1.0,1000,53,43692,0.1740069439485093
sample,expanding,1.0,1000,54,43693,0.22874779706014925
sample,expanding,1.0,1000,55,43694,0.23751984993647784
sample,expanding,1.0,1000,56,43695,0.18207819043286733
sample,expanding,1.0,1000,57,43696,0.19260007931517528
sample,expanding,1.0,1000,58,43697,0.19298593699386113
sample,expanding,1.0,1000,59,43698,0.22089417448072346
sample,expanding,1.0,1000,60,43699,0.19012281112211868
sample,expanding,1.0,1000,61,43700,0.2100877681620695
sample,expanding,1.0,1000,62,43701,0.2196212474714317
sample,expanding,1.0,1000,63,43702,0.18430079029851115
sample,expanding,1.0,1000,64,43703,0.17894604028722452
sample,expanding,1.0,1000,65,43704,0.17361246780103912
sample,expanding,1.0,1000,66,43705,0.20759696923153712
sample,expanding,1.0,1000,67,43706,0.20873236178407029
sample,expanding,1.0,1000,68,43707,0.18485498459578642
sample,expanding,1.0,1000,69,43708,0.2024898726206747
sample,expanding,1.0,1000,70,43709,0.19901768063719102
sample,expanding,1.0,1000,71,43710,0.152198775572787
sample,expanding,1.0,1000,72,43711,0.18400738516078596
sample,expanding,1.0,1000,73,43712,0.17633027066935433
sample,expanding,1.0,1000,74,43713,0.1845345512097255
sample,expanding,1.0,1000,75,43714,0.19602166507404714
sample,expanding,1.0,1000,76,43715,0.1850625075547844
sample,expanding,1.0,1000,77,43716,0.22942892131632078
sample,expanding,1.0,1000,78,43717,0.19665899153452138
sample,expanding,1.0,1000,79,43718,0.20187121241328013
sample,expanding,1.0,1000,80,43719,0.200885741010966
sample,expanding,1.0,1000,81,43720,0.2625266481534945
sample,expanding,1.0,1000,82,43721,0.16118928449643097
sample,expanding,1.0,1000,83,43722,0.21664397581548697
sample,expanding,1.0,1000,84,43723,0.20723598304035543
sample,expanding,1.0,1000,85,43724,0.18084692621955542
sample,expanding,1.0,1000,86,43725,0.30037780420490146
sample,expanding,1.0,1000,87,43726,0.1783519837106682
sample,expanding,1.0,1000,88,43727,0.18326325174801913
sample,expanding,1.0,1000,89,43728,0.23752633107778423
sample,expanding,1.0,1000,90,43729,0.18804145685753157
sample,expanding,1.0,1000,91,43730,0.2987615558589697
sample,expanding,1.0,1000,92,43731,0.19728807682729096
sample,expanding,1.0,1000,93,43732,0.18062064633226832
sample,expanding,1.0,1000,94,43733,0.19679821682901402
sample,expanding,1.0,1000,95,43734,0.18622304403486079
sample,expanding,1.0,1000,96,43735,0.19960970012522208
sample,expanding,1.0,1000,97,43736,0.1914707067172498
sample,expanding,1.0,1000,98,43737,0.23542617334426252
sample,expanding,1.0,1000,99,43738,0.16973974898906302
sample,expanding,1.0,1000,100,43739,0.20087417316503892
sample,expanding,1.0,1000,101,43740,0.17631739534966648
sample,expanding,1.0,1000,102,43741,0.1824201467423771
sample,expanding,1.0,1000,103,43742,0.18904422754947314
sample,expanding,1.0,1000,104,43743,0.18040466080691248
sample,expanding,1.0,1000,105,43744,0.1671812134297511
sample,expanding,1.0,1000,106,43745,0.17199045704888025
sample,expanding,1.0,1000,107,43746,0.1890021461869212
sample,expanding,1.0,1000,108,43747,0.19682121312802833
sample,expanding,1.0,1000,109,43748,0.20779949594920266
sample,expanding,1.0,1000,110,43749,0.17885190063836828
sample,expanding,1.0,1000,111,43750,0.23100094397437776
sample,expanding,1.0,1000,112,43751,0.1920782320799586
sample,expanding,1.0,1000,113,43752,0.16269714690684317
sample,expanding,1.0,1000,114,43753,0.2219490810927644
sample,expanding,1.0,1000,115,43754,0.24531633443285406
sample,expanding,1.0,1000,116,43755,0.17545098352898722
sample,expanding,1.0,1000,117,43756,0.1803055334976186
sample,expanding,1.0,1000,118,43757,0.1953203574211738
sample,expanding,1.0,1000,119,43758,0.21283336964954475
sample,expanding,1.0,1000,120,43759,0.2421355729795599
sample,expanding,1.0,1000,121,43760,0.2357989849315226
sample,expanding,1.0,1000,122,43761,0.22248895945482622
sample,expanding,1.0,1000,123,43762,0.17768256937542218
sample,expanding,1.0,1000,124,43763,0.19288763316428403
sample,expanding,1.0,1000,125,43764,0.19220729896127053
sample,expanding,1.0,1000,126,43765,0.2506006930229755
sample,expanding,1.0,1000,127,43766,0.18763928468145671
sample,expanding,1.0,1000,128,43767,0.21156067083812408
sample,expanding,1.0,1000,129,43768,0.1827736054587654
sample,expanding,1.0,1000,130,43769,0.20005687229506033
sample,expanding,1.0,1000,131,43770,0.18877998288509704
sample,expanding,1.0,1000,132,43771,0.15861694663133938
sample,expanding,1.0,1000,133,43772,0.19229779989002363
sample,expanding,1.0,1000,134,43773,0.1752145788250123
sample,expanding,1.0,1000,135,43774,0.20562538202239042
sample,expanding,1.0,1000,136,43775,0.18173450678423328
sample,expanding,1.0,1000,137,43776,0.24041500533582838
sample,expanding,1.0,1000,138,43777,0.17678851799115008
sample,expanding,1.0,1000,139,43778,0.21099177230675983
sample,expanding,1.0,1000,140,43779,0.17759884092093198
sample,expanding,1.0,1000,141,43780,0.21730384890047555
sample,expanding,1.0,1000,142,43781,0.18304522065143639
sample,expanding,1.0,1000,143,43782,0.193676859881558
sample,expanding,1.0,1000,144,43783,0.2183395427092603
sample,expanding,1.0,1000,145,43784,0.20685369969445389
sample,expanding,1.0,1000,146,43785,0.21038834063244463
sample,expanding,1.0,1000,147,43786,0.20529061591411618
sample,expanding,1.0,1000,148,43787,0.20566265850552065
sample,expanding,1.0,1000,149,43788,0.1659775324554432
sample,expanding,1.0,1000,150,43789,0.1773140715216004
sample,expanding,1.0,1000,151,43790,0.19964629552993055
sample,expanding,1.0,1000,152,43791,0.19664048230788597
sample,expanding,1.0,1000,153,43792,0.2105228585385393
sample,expanding,1.0,1000,154,43793,0.17240553007057835
sample,expanding,1.0,1000,155,43794,0.16935905265348455
sample,expanding,1.0,1000,156,43795,0.20834239575140429
sample,expanding,1.0,1000,157,43796,0.18075451583612315
sample,expanding,1.0,1000,158,43797,0.24220720720819341
sample,expanding,1.0,1000,159,43798,0.183534064992804
sample,expanding,1.0,1000,160,43799,0.17502417691556466
sample,expanding,1.0,1000,161,43800,0.21796094558067924
sample,expanding,1.0,1000,162,43801,0.18021509524089757
sample,expanding,1.0,1000,163,43802,0.21127615921698836
sample,expanding,1.0,1000,164,43803,0.1728485631993478
sample,expanding,1.0,1000,165,43804,0.1707531143098728
sample,expanding,1.0,1000,166,43805,0.18279966841431308
sample,expanding,1.0,1000,167,43806,0.26018196248762554
sample,expanding,1.0,1000,168,43807,0.19252678599123974
sample,expanding,1.0,1000,169,43808,0.17287882868876434
sample,expanding,1.0,1000,170,43809,0.1715527062476163
sample,expanding,1.0,1000,171,43810,0.21054818016002125
sample,expanding,1.0,1000,172,43811,0.18033262550127963
sample,expanding,1.0,1000,173,43812,0.17943618550638388
sample,expanding,1.0,1000,174,43813,0.2380194531130394
sample,expanding,1.0,1000,175,43814,0.17110515122708989
sample,expanding,1.0,1000,176,43815,0.20922229964929617
sample,expanding,1.0,1000,177,43816,0.1719394882580195
sample,expanding,1.0,1000,178,43817,0.20214387489845434
sample,expanding,1.0,1000,179,43818,0.15247022854072662
sample,expanding,1.0,1000,180,43819,0.18573279561154074
sample,expanding,1.0,1000,181,43820,0.20071033552415107
sample,expanding,1.0,1000,182,43821,0.1831180411660177
sample,expanding,1.0,1000,183,43822,0.20485047729032954
sample,expanding,1.0,1000,184,43823,0.1907355185445451
sample,expanding,1.0,1000,185,43824,0.19007884520738164
sample,expanding,1.0,1000,186,43825,0.20632764344397894
sample,expanding,1.0,1000,187,43826,0.16200065502974023
sample,expanding,1.0,1000,188,43827,0.1933339476286648
sample,expanding,1.0,1000,189,43828,0.20719812421949446
sample,expanding,1.0,1000,190,43829,0.2109812632186642
sample,expanding,1.0,1000,191,43830,0.18536033841479754
sample,expanding,1.0,1000,192,43831,0.1716916613451068
sample,expanding,1.0,1000,193,43832,0.19567605621748801
sample,expanding,1.0,1000,194,43833,0.16671389349578056
sample,expanding,1.0,1000,195,43834,0.19289701248211702
sample,expanding,1.0,1000,196,43835,0.18986395086931346
sample,expanding,1.0,1000,197,43836,0.15071827903231083
sample,expanding,1.0,1000,198,43837,0.1993266219649966
sample,expanding,1.0,1000,199,43838,0.1612435479653533
time,rotation,0.0,1000,0,30814,0.11471794369698031
time,rotation,0.0,1000,1,30815,0.11217002213074324
time,rotation,0.0,1000,2,30816,0.1368781899159394
time,rotation,0.0,1000,3,30817,0.09965299906738352
time,rotation,0.0,1000,4,30818,0.10540441679762026
time,rotation,0.0,1000,5,30819,0.12040665397348246
time,rotation,0.0,1000,6,30820,0.12092877295907792
time,rotation,0.0,1000,7,30821,0.10481546720928862
time,rotation,0.0,1000,8,30822,0.12289517674357099
time,rotation,0.0,1000,9,30823,0.11875944601962637
time,rotation,0.0,1000,10,30824,0.10264684661427008
time,rotation,0.0,1000,11,30825,0.1067202190271624
time,rotation,0.0,1000,12,30826,0.12050928659409549
time,rotation,0.0,1000,13,30827,0.11794122304278414
time,rotation,0.0,1000,14,30828,0.13728498154586669
time,rotation,0.0,1000,15,30829,0.12515577356629018
time,rotation,0.0,1000,16,30830,0.12095006803103524
time,rotation,0.0,1000,17,30831,0.11172312487868062
time,rotation,0.0,1000,18,30832,0.11257425309303187
time,rotation,0.0,1000,19,30833,0.11638597046058125
time,rotation,0.0,1000,20,30834,0.18274962556825985
time,rotation,0.0,1000,21,30835,0.10183310540005644
time,rotation,0.0,1000,22,30836,0.12527347776301243
time,rotation,0.0,1000,23,30837,0.10584692913696846
time,rotation,0.0,1000,24,30838,0.11359930046640039
time,rotation,0.0,1000,25,30839,0.15762399393778134
time,rotation,0.0,1000,26,30840,0.10302276270555581
time,rotation,0.0,1000,27,30841,0.14495709298289494
time,rotation,0.0,1000,28,30842,0.11534345337928523
time,rotation,0.0,1000,29,30843,0.11956017390360187
time,rotation,0.0,1000,30,30844,0.12427468568809609
time,rotation,0.0,1000,31,30845,0.09681946147990719
time,rotation,0.0,1000,32,30846,0.09832860928494903
time,rotation,0.0,1000,33,30847,0.10319177895893383
time,rotation,0.0,1000,34,30848,0.08922612696222239
time,rotation,0.0,1000,35,30849,0.10194715783653088
time,rotation,0.0,1000,36,30850,0.13255294099524983
time,rotation,0.0,1000,37,30851,0.11680115686957133
time,rotation,0.0,1000,38,30852,0.10605814620149703
time,rotation,0.0,1000,39,30853,0.12017486639826802
time,rotation,0.0,1000,40,30854,0.10623831402461147
time,rotation,0.0,1000,41,30855,0.11723163641441345
time,rotation,0.0,1000,42,30856,0.11113889889559797
time,rotation,0.0,1000,43,30857,0.10708235749344407
time,rotation,0.0,1000,44,30858,0.14296774293664405
time,rotation,0.0,1000,45,30859,0.10526039243391593
time,rotation,0.0,1000,46,30860,0.11963509690356042
time,rotation,0.0,1000,47,30861,0.12415166381177314
time,rotation,0.0,1000,48,30862,0.11395566150109825
time,rotation,0.0,1000,49,30863,0.10735454625236651
time,rotation,0.0,1000,50,30864,0.13118887014062547
time,rotation,0.0,1000,51,30865,0.11432973797233192
time,rotation,0.0,1000,52,30866,0.1367798766152714
time,rotation,0.0,1000,53,30867,0.1686607302720738
time,rotation,0.0,1000,54,30868,0.11604681897186397
time,rotation,0.0,1000,55,30869,0.10483917792455409
time,rotation,0.0,1000,56,30870,0.10926771157304659
time,rotation,0.0,1000,57,30871,0.1511636456168248
time,rotation,0.0,1000,58,30872,0.12156123358358265
time,rotation,0.0,1000,59,30873,0.11932350754573745
time,rotation,0.0,1000,60,30874,0.12828155639158859
time,rotation,0.0,1000,61,30875,0.12546872105140042
time,rotation,0.0,1000,62,30876,0.12467267012313832
time,rotation,0.0,1000,63,30877,0.16837331941304887
time,rotation,0.0,1000,64,30878,0.14097605643709207
time,rotation,0.0,1000,65,30879,0.10435607946315906
time,rotation,0.0,1000,66,30880,0.10083502266244379
time,rotation,0.0,1000,67,30881,0.11895637417909061
time,rotation,0.0,1000,68,30882,0.10283506092068777
time,rotation,0.0,1000,69,30883,0.11763521536883727
time,rotation,0.0,1000,70,30884,0.11923616114587471
time,rotation,0.0,1000,71,30885,0.17125730615589213
time,rotation,0.0,1000,72,30886,0.13574078209032953
time,rotation,0.0,1000,73,30887,0.11645964141823253
time,rotation,0.0,1000,74,30888,0.11892002141058365
time,rotation,0.0,1000,75,30889,0.12059307163420457
time,rotation,0.0,1000,76,30890,0.10104287201390273
time,rotation,0.0,1000,77,30891,0.11174317893157648
time,rotation,0.0,1000,78,30892,0.1287185686120495
time,rotation,0.0,1000,79,30893,0.10948205212409831
time,rotation,0.0,1000,80,30894,0.123335134604528
time,rotation,0.0,1000,81,30895,0.11618534851295782
time,rotation,0.0,1000,82,30896,0.13510628855006987
time,rotation,0.0,1000,83,30897,0.12971395363791477
time,rotation,0.0,1000,84,30898,0.13926321033450134
time,rotation,0.0,1000,85,30899,0.09840333121210541
time,rotation,0.0,1000,86,30900,0.12302762734391824
time,rotation,0.0,1000,87,30901,0.1517564613726935
time,rotation,0.0,1000,88,30902,0.12138972989193865
time,rotation,0.0,1000,89,30903,0.133356842944993
time,rotation,0.0,1000,90,30904,0.1407094434663613
time,rotation,0.0,1000,91,30905,0.127372594095308
time,rotation,0.0,1000,92,30906,0.10950494639434404
time,rotation,0.0,1000,93,30907,0.10832351228929767
time,rotation,0.0,1000,94,30908,0.13934719181970942
time,rotation,0.0,1000,95,30909,0.15023958601721102
time,rotation,0.0,1000,96,30910,0.12494143952978687
time,rotation,0.0,1000,97,30911,0.12999881875493266
time,rotation,0.0,1000,98,30912,0.09584253146847231
time,rotation,0.0,1000,99,30913,0.10845803950514096
time,rotation,0.0,1000,100,30914,0.11905573690993466
time,rotation,0.0,1000,101,30915,0.10761911615261235
time,rotation,0.0,1000,102,30916,0.11382354980345623
time,rotation,0.0,1000,103,30917,0.1459093182543981
time,rotation,0.0,1000,104,30918,0.11097069669188618
time,rotation,0.0,1000,105,30919,0.10420721896111974
time,rotation,0.0,1000,106,30920,0.11274222895158666
time,rotation,0.0,1000,107,30921,0.13848095884211772
time,rotation,0.0,1000,108,30922,0.11092391380062148
time,rotation,0.0,1000,109,30923,0.12341960550769765
time,rotation,0.0,1000,110,30924,0.1405383344405661
time,rotation,0.0,1000,111,30925,0.12590531037874395
time,rotation,0.0,1000,112,30926,0.10314142087023914
time,rotation,0.0,1000,113,30927,0.1113782695693564
time,rotation,0.0,1000,114,30928,0.1336583520470183
time,rotation,0.0,1000,115,30929,0.12124315660076997
time,rotation,0.0,1000,116,30930,0.12823784896838517
time,rotation,0.0,1000,117,30931,0.13078351036860075
time,rotation,0.0,1000,118,30932,0.11118188936554961
time,rotation,0.0,1000,119,30933,0.1023344242752021
time,rotation,0.0,1000,120,30934,0.12715005913696964
time,rotation,0.0,1000,121,30935,0.10582132139932558
time,rotation,0.0,1000,122,30936,0.11796633322142483
time,rotation,0.0,1000,123,30937,0.11363985263020501
time,rotation,0.0,1000,124,30938,0.12718432156390083
time,rotation,0.0,1000,125,30939,0.12789179354694455
time,rotation,0.0,1000,126,30940,0.09899256260699717
time,rotation,0.0,1000,127,30941,0.1070074855061834
time,rotation,0.0,1000,128,30942,0.1266425786273906
time,rotation,0.0,1000,129,30943,0.15807416771559668
time,rotation,0.0,1000,130,30944,0.12047535659536002
time,rotation,0.0,1000,131,30945,0.12627211390621065
time,rotation,0.0,1000,132,30946,0.13566505609421053
time,rotation,0.0,1000,133,30947,0.10430582960872122
time,rotation,0.0,1000,134,30948,0.12070017395584995
time,rotation,0.0,1000,135,30949,0.1154539469736393
time,rotation,0.0,1000,136,30950,0.11414522874302009
time,rotation,0.0,1000,137,30951,0.11404131032379503
time,rotation,0.0,1000,138,30952,0.11181592743505643
time,rotation,0.0,1000,139,30953,0.10993665339416198
time,rotation,0.0,1000,140,30954,0.15310944943357346
time,rotation,0.0,1000,141,30955,0.1075381149665021
time,rotation,0.0,1000,142,30956,0.1013004408743254
time,rotation,0.0,1000,143,30957,0.16123010458290674
time,rotation,0.0,1000,144,30958,0.10030443840142345
time,rotation,0.0,1000,145,30959,0.12665094848768435
time,rotation,0.0,1000,146,30960,0.13627411473347523
time,rotation,0.0,1000,147,30961,0.11675745667796016
time,rotation,0.0,1000,148,30962,0.09253853575881231
time,rotation,0.0,1000,149,30963,0.12092885573716837
time,rotation,0.0,1000,150,30964,0.10943944099421729
time,rotation,0.0,1000,151,30965,0.14247580234666787
time,rotation,0.0,1000,152,30966,0.14908797923046557
time,rotation,0.0,1000,153,30967,0.11169488584540965
time,rotation,0.0,1000,154,30968,0.10554956128439748
time,rotation,0.0,1000,155,30969,0.10106584104344199
time,rotation,0.0,1000,156,30970,0.11693208867894171
time,rotation,0.0,1000,157,30971,0.11332145423631854
time,rotation,0.0,1000,158,30972,0.1863919920523035
time,rotation,0.0,1000,159,30973,0.16795849675663743
time,rotation,0.0,1000,160,30974,0.1113964215240891
time,rotation,0.0,1000,161,30975,0.10108233634408896
time,rotation,0.0,1000,162,30976,0.157078267783904
time,rotation,0.0,1000,163,30977,0.16726099780769682
time,rotation,0.0,1000,164,30978,0.12265434035337695
time,rotation,0.0,1000,165,30979,0.13229115100103928
time,rotation,0.0,1000,166,30980,0.11016624453520009
time,rotation,0.0,1000,167,30981,0.11083323832370762
time,rotation,0.0,1000,168,30982,0.13023329498345365
time,rotation,0.0,1000,169,30983,0.15136105006718198
time,rotation,0.0,1000,170,30984,0.12589695941141227
time,rotation,0.0,1000,171,30985,0.1043511865381408
time,rotation,0.0,1000,172,30986,0.13591687707260164
time,rotation,0.0,1000,173,30987,0.10019621420737475
time,rotation,0.0,1000,174,30988,0.11968430135841714
time,rotation,0.0,1000,175,30989,0.12241399507734173
time,rotation,0.0,1000,176,30990,0.10181132613940655
time,rotation,0.0,1000,177,30991,0.14041958520199385
time,rotation,0.0,1000,178,30992,0.10873300733250002
time,rotation,0.0,1000,179,30993,0.10842638632097484
time,rotation,0.0,1000,180,30994,0.10593010872899689
time,rotation,0.0,1000,181,30995,0.10037565187640039
time,rotation,0.0,1000,182,30996,0.12888063485293777
time,rotation,0.0,1000,183,30997,0.12097146272509056
time,rotation,0.0,1000,184,30998,0.09806367942348249
time,rotation,0.0,1000,185,30999,0.11611796589802387
time,rotation,0.0,1000,186,31000,0.14801771493175933
time,rotation,0.0,1000,187,31001,0.10313888220727051
time,rotation,0.0,1000,188,31002,0.11420468961781771
time,rotation,0.0,1000,189,31003,0.09937934218207606
time,rotation,0.0,1000,190,31004,0.10592584208969508
time,rotation,0.0,1000,191,31005,0.11120821285230877
time,rotation,0.0,1000,192,31006,0.12755494273544954
time,rotation,0.0,1000,193,31007,0.12229580226793223
time,rotation,0.0,1000,194,31008,0.11153939152723334
time,rotation,0.0,1000,195,31009,0.10483091601984357
time,rotation,0.0,1000,196,31010,0.133089302203658
time,rotation,0.0,1000,197,31011,0.11423376219580157
time,rotation,0.0,1000,198,31012,0.11331475459327485
time,rotation,0.0,1000,199,31013,0.13808068181423389
time,rotation,0.16666666666666666,1000,0,31913,0.16745147877478878
time,rotation,0.16666666666666666,1000,1,31914,0.10526052870870854
time,rotation,0.16666666666666666,1000,2,31915,0.11832906638805865
time,rotation,0.16666666666666666,1000,3,31916,0.11722056363959762
time,rotation,0.16666666666666666,1000,4,31917,0.10771739883814589
time,rotation,0.16666666666666666,1000,5,31918,0.13837990914083004
time,rotation,0.16666666666666666,1000,6,31919,0.10089326423145385
time,rotation,0.16666666666666666,1000,7,31920,0.09622702840032984
time,rotation,0.16666666666666666,1000,8,31921,0.10464627270726624
time,rotation,0.16666666666666666,1000,9,31922,0.13307920751189797
time,rotation,0.16666666666666666,1000,10,31923,0.12254887760717718
time,rotation,0.16666666666666666,1000,11,31924,0.10407584560557041
time,rotation,0.16666666666666666,1000,12,31925,0.10683401188743502
time,rotation,0.16666666666666666,1000,13,31926,0.198043290200465
time,rotation,0.16666666666666666,1000,14,31927,0.11888632445916886
time,rotation,0.16666666666666666,1000,15,31928,0.09652337409202857
time,rotation,0.16666666666666666,1000,16,31929,0.11421120387582487
time,rotation,0.16666666666666666,1000,17,31930,0.10632606908419104
time,rotation,0.16666666666666666,1000,18,31931,0.14774664932049603
time,rotation,0.16666666666666666,1000,19,31932,0.15726521765170873
time,rotation,0.16666666666666666,1000,20,31933,0.11921136847907787
time,rotation,0.16666666666666666,1000,21,31934,0.12665814049119586
time,rotation,0.16666666666666666,1000,22,31935,0.11258347249621307
time,rotation,0.16666666666666666,1000,23,31936,0.10219628260817391
time,rotation,0.16666666666666666,1000,24,31937,0.10671685309216722
time,rotation,0.16666666666666666,1000,25,31938,0.12955339803516322
time,rotation,0.16666666666666666,1000,26,31939,0.10450276976398713
time,rotation,0.16666666666666666,1000,27,31940,0.09819695710408853
time,rotation,0.16666666666666666,1000,28,31941,0.12043712682754451
time,rotation,0.16666666666666666,1000,29,31942,0.11637270930841932
time,rotation,0.16666666666666666,1000,30,31943,0.14747464494963244
time,rotation,0.16666666666666666,1000,31,31944,0.1096316343678939
time,rotation,0.16666666666666666,1000,32,31945,0.12745065654493332
time,rotation,0.16666666666666666,1000,33,31946,0.12377389523516277
time,rotation,0.16666666666666666,1000,34,31947,0.10617283770833637
time,rotation,0.16666666666666666,1000,35,31948,0.1161593846168079
time,rotation,0.16666666666666666,1000,36,31949,0.12081444632052503
time,rotation,0.16666666666666666,1000,37,31950,0.1130913251804915
time,rotation,0.16666666666666666,1000,38,31951,0.16228284311904936
time,rotation,0.16666666666666666,1000,39,31952,0.09847446023735505
time,rotation,0.16666666666666666,1000,40,31953,0.12306189083021223
time,rotation,0.16666666666666666,1000,41,31954,0.1075661959327998
time,rotation,0.16666666666666666,1000,42,31955,0.12300536697937937
time,rotation,0.16666666666666666,1000,43,31956,0.11513132658735538
time,rotation,0.16666666666666666,1000,44,31957,0.11276631535548279
time,rotation,0.16666666666666666,1000,45,31958,0.11904812010274904
time,rotation,0.16666666666666666,1000,46,31959,0.11812121553430445
time,rotation,0.16666666666666666,1000,47,31960,0.10204591359344373
time,rotation,0.16666666666666666,1000,48,31961,0.10922884504743242
time,rotation,0.16666666666666666,1000,49,31962,0.1155893053516551
time,rotation,0.16666666666666666,1000,50,31963,0.11091211014239571
time,rotation,0.16666666666666666,1000,51,31964,0.10250603694893799
time,rotation,0.16666666666666666,1000,52,31965,0.10789270330054511
time,rotation,0.16666666666666666,1000,53,31966,0.10063849534750886
time,rotation,0.16666666666666666,1000,54,31967,0.11936457955522886
time,rotation,0.16666666666666666,1000,55,31968,0.10727341538023254
time,rotation,0.16666666666666666,1000,56,31969,0.11105782709200855
time,rotation,0.16666666666666666,1000,57,31970,0.1437798624544461
time,rotation,0.16666666666666666,1000,58,31971,0.10293227329054196
time,rotation,0.16666666666666666,1000,59,31972,0.10721149237675691
time,rotation,0.16666666666666666,1000,60,31973,0.10114699944869297
time,rotation,0.16666666666666666,1000,61,31974,0.137451249841353
time,rotation,0.16666666666666666,1000,62,31975,0.12109374177287979
time,rotation,0.16666666666666666,1000,63,31976,0.1139029449005992
time,rotation,0.16666666666666666,1000,64,31977,0.10957747393052693
time,rotation,0.16666666666666666,1000,65,31978,0.13425894175172434
time,rotation,0.16666666666666666,1000,66,31979,0.09893197318003347
time,rotation,0.16666666666666666,1000,67,31980,0.13083700299959225
time,rotation,0.16666666666666666,1000,68,31981,0.09878933250782386
time,rotation,0.16666666666666666,1000,69,31982,0.09999684179049126
time,rotation,0.16666666666666666,1000,70,31983,0.11571135520104375
time,rotation,0.16666666666666666,1000,71,31984,0.10650098189513733
time,rotation,0.16666666666666666,1000,72,31985,0.11067543641427109
time,rotation,0.16666666666666666,1000,73,31986,0.1280620014404779
time,rotation,0.16666666666666666,1000,74,31987,0.1202884061877906
time,rotation,0.16666666666666666,1000,75,31988,0.12958595650430024
time,rotation,0.16666666666666666,1000,76,31989,0.117425425868127
time,rotation,0.16666666666666666,1000,77,31990,0.10168864214567075
time,rotation,0.16666666666666666,1000,78,31991,0.11820057281873293
time,rotation,0.16666666666666666,1000,79,31992,0.10135367951684736
time,rotation,0.16666666666666666,1000,80,31993,0.14128262652848783
time,rotation,0.16666666666666666,1000,81,31994,0.10892221389948616
time,rotation,0.16666666666666666,1000,82,31995,0.11331367256981642
time,rotation,0.16666666666666666,1000,83,31996,0.17751439083414322
time,rotation,0.16666666666666666,1000,84,31997,0.12677156285625912
time,rotation,0.16666666666666666,1000,85,31998,0.10958729187490804
time,rotation,0.16666666666666666,1000,86,31999,0.11359440532401914
time,rotation,0.16666666666666666,1000,87,32000,0.10690186251929136
time,rotation,0.16666666666666666,1000,88,32001,0.1038196111466724
time,rotation,0.16666666666666666,1000,89,32002,0.10007574082113492
time,rotation,0.16666666666666666,1000,90,32003,0.11379744120893036
time,rotation,0.16666666666666666,1000,91,32004,0.11120662541978267
time,rotation,0.16666666666666666,1000,92,32005,0.11402752509489705
time,rotation,0.16666666666666666,1000,93,32006,0.15609057227739975
time,rotation,0.16666666666666666,1000,94,32007,0.12193325504066418
time,rotation,0.16666666666666666,1000,95,32008,0.10903079678047725
time,rotation,0.16666666666666666,1000,96,32009,0.11471360241285795
time,rotation,0.16666666666666666,1000,97,32010,0.10150666076260945
time,rotation,0.16666666666666666,1000,98,32011,0.11232949067564268
time,rotation,0.16666666666666666,1000,99,32012,0.1345584364701355
time,rotation,0.16666666666666666,1000,100,32013,0.12913784418295948
time,rotation,0.16666666666666666,1000,101,32014,0.10473073395594486
time,rotation,0.16666666666666666,1000,102,32015,0.0969302516993979
time,rotation,0.16666666666666666,1000,103,32016,0.10710744013389047
time,rotation,0.16666666666666666,1000,104,32017,0.13172153613478466
time,rotation,0.16666666666666666,1000,105,32018,0.09977723011632103
time,rotation,0.16666666666666666,1000,106,32019,0.1086807440813606
time,rotation,0.16666666666666666,1000,107,32020,0.1353827234756725
time,rotation,0.16666666666666666,1000,108,32021,0.1053693378993069
time,rotation,0.16666666666666666,1000,109,32022,0.11115563021529493
time,rotation,0.16666666666666666,1000,110,32023,0.11368125427839056
time,rotation,0.16666666666666666,1000,111,32024,0.1059759060997299
time,rotation,0.16666666666666666,1000,112,32025,0.11148239106216308
time,rotation,0.16666666666666666,1000,113,32026,0.11938639723976444
time,rotation,0.16666666666666666,1000,114,32027,0.1056720025556657
time,rotation,0.16666666666666666,1000,115,32028,0.12154550488450723
time,rotation,0.16666666666666666,1000,116,32029,0.10671135643825623
time,rotation,0.16666666666666666,1000,117,32030,0.10258335310419704
time,rotation,0.16666666666666666,1000,118,32031,0.10630964540383872
time,rotation,0.16666666666666666,1000,119,32032,0.15979149773857906
time,rotation,0.16666666666666666,1000,120,32033,0.11467162407120834
time,rotation,0.16666666666666666,1000,121,32034,0.10770094234408381
time,rotation,0.16666666666666666,1000,122,32035,0.11056827558153179
time,rotation,0.16666666666666666,1000,123,32036,0.11843738821079823
time,rotation,0.16666666666666666,1000,124,32037,0.148348874749511
time,rotation,0.16666666666666666,1000,125,32038,0.10051179174697529
time,rotation,0.16666666666666666,1000,126,32039,0.13365683497571643
time,rotation,0.16666666666666666,1000,127,32040,0.12599947103300402
time,rotation,0.16666666666666666,1000,128,32041,0.10440835573048417
time,rotation,0.16666666666666666,1000,129,32042,0.12159535454802164
time,rotation,0.16666666666666666,1000,130,32043,0.10556495051961658
time,rotation,0.16666666666666666,1000,131,32044,0.11775715195866102
time,rotation,0.16666666666666666,1000,132,32045,0.10121672265850568
time,rotation,0.16666666666666666,1000,133,32046,0.1159962111560663
time,rotation,0.16666666666666666,1000,134,32047,0.10566323728324294
time,rotation,0.16666666666666666,1000,135,32048,0.10213705407727287
time,rotation,0.16666666666666666,1000,136,32049,0.1170477717536916
time,rotation,0.16666666666666666,1000,137,32050,0.1546318078631722
time,rotation,0.16666666666666666,1000,138,32051,0.10905042150805526
time,rotation,0.16666666666666666,1000,139,32052,0.10591405478130825
time,rotation,0.16666666666666666,1000,140,32053,0.10789602967042468
time,rotation,0.16666666666666666,1000,141,32054,0.10764006194872078
time,rotation,0.16666666666666666,1000,142,32055,0.11773857883627445
time,rotation,0.16666666666666666,1000,143,32056,0.11322398466756141
time,rotation,0.16666666666666666,1000,144,32057,0.1140869284196643
time,rotation,0.16666666666666666,1000,145,32058,0.1510233105673948
time,rotation,0.16666666666666666,1000,146,32059,0.1304079825254233
time,rotation,0.16666666666666666,1000,147,32060,0.14068564769220623
time,rotation,0.16666666666666666,1000,148,32061,0.1153085753490688
time,rotation,0.16666666666666666,1000,149,32062,0.11316393412318237
time,rotation,0.16666666666666666,1000,150,32063,0.11387327734434242
time,rotation,0.16666666666666666,1000,151,32064,0.10341241255266562
time,rotation,0.16666666666666666,1000,152,32065,0.141984336076434
time,rotation,0.16666666666666666,1000,153,32066,0.09763343122727304
time,rotation,0.16666666666666666,1000,154,32067,0.11286842900559707
time,rotation,0.16666666666666666,1000,155,32068,0.11964021739697704
time,rotation,0.16666666666666666,1000,156,32069,0.12447962472103992
time,rotation,0.16666666666666666,1000,157,32070,0.1423060093853946
time,rotation,0.16666666666666666,1000,158,32071,0.11328628783499911
time,rotation,0.16666666666666666,1000,159,32072,0.11345696539879706
time,rotation,0.16666666666666666,1000,160,32073,0.11625204013415626
time,rotation,0.16666666666666666,1000,161,32074,0.1325220900501316
time,rotation,0.16666666666666666,1000,162,32075,0.1174422496783253
time,rotation,0.16666666666666666,1000,163,32076,0.11313297884852126
time,rotation,0.16666666666666666,1000,164,32077,0.09185162873948384
time,rotation,0.16666666666666666,1000,165,32078,0.11159462008661201
time,rotation,0.16666666666666666,1000,166,32079,0.11512358380254482
time,rotation,0.16666666666666666,1000,167,32080,0.1324220159912458
time,rotation,0.16666666666666666,1000,168,32081,0.11660411193371646
time,rotation,0.16666666666666666,1000,169,32082,0.10642347411473116
time,rotation,0.16666666666666666,1000,170,32083,0.11082221009386323
time,rotation,0.16666666666666666,1000,171,32084,0.10979910550904551
time,rotation,0.16666666666666666,1000,172,32085,0.1333048453247047
time,rotation,0.16666666666666666,1000,173,32086,0.1245115456244359
time,rotation,0.16666666666666666,1000,174,32087,0.1130660531134734
time,rotation,0.16666666666666666,1000,175,32088,0.11410708361488536
time,rotation,0.16666666666666666,1000,176,32089,0.11228179192267485
time,rotation,0.16666666666666666,1000,177,32090,0.11905270316711676
time,rotation,0.16666666666666666,1000,178,32091,0.13179170751255012
time,rotation,0.16666666666666666,1000,179,32092,0.11141251307270572
time,rotation,0.16666666666666666,1000,180,32093,0.09977206586734104
time,rotation,0.16666666666666666,1000,181,32094,0.09890022342806898
time,rotation,0.16666666666666666,1000,182,32095,0.12214916634535133
time,rotation,0.16666666666666666,1000,183,32096,0.13036360897057908
time,rotation,0.16666666666666666,1000,184,32097,0.1189738717427166
time,rotation,0.16666666666666666,1000,185,32098,0.14814327537546548
time,rotation,0.16666666666666666,1000,186,32099,0.10877981238187812
time,rotation,0.16666666666666666,1000,187,32100,0.10691201321843985
time,rotation,0.16666666666666666,1000,188,32101,0.10632668823085897
time,rotation,0.16666666666666666,1000,189,32102,0.12968199160149707
time,rotation,0.16666666666666666,1000,190,32103,0.11101576645886832
time,rotation,0.16666666666666666,1000,191,32104,0.1298939291377777
time,rotation,0.16666666666666666,1000,192,32105,0.14241303046291542
time,rotation,0.16666666666666666,1000,193,32106,0.1155803192968222
time,rotation,0.16666666666666666,1000,194,32107,0.10270433858758343
time,rotation,0.16666666666666666,1000,195,32108,0.1024539539905302
time,rotation,0.16666666666666666,1000,196,32109,0.1384152526074007
time,rotation,0.16666666666666666,1000,197,32110,0.15665806960976092
time,rotation,0.16666666666666666,1000,198,32111,0.10468149989448028
time,rotation,0.16666666666666666,1000,199,32112,0.10034297066976547
time,rotation,0.3333333333333333,1000,0,31402,0.11571289786644821
time,rotation,0.3333333333333333,1000,1,31403,0.11961470976084294
time,rotation,0.3333333333333333,1000,2,31404,0.09005669673195538
time,rotation,0.3333333333333333,1000,3,31405,0.11273589940728823
time,rotation,0.3333333333333333,1000,4,31406,0.09559357683915914
time,rotation,0.3333333333333333,1000,5,31407,0.1132879324029477
time,rotation,0.3333333333333333,1000,6,31408,0.16008135854079186
time,rotation,0.3333333333333333,1000,7,31409,0.12467647784634178
time,rotation,0.3333333333333333,1000,8,31410,0.125610563785294
time,rotation,0.3333333333333333,1000,9,31411,0.09634060771200645
time,rotation,0.3333333333333333,1000,10,31412,0.1294853429815337
time,rotation,0.3333333333333333,1000,11,31413,0.1475994665634469
time,rotation,0.3333333333333333,1000,12,31414,0.1417135374783962
time,rotation,0.3333333333333333,1000,13,31415,0.09640389644356637
time,rotation,0.3333333333333333,1000,14,31416,0.10351665039313496
time,rotation,0.3333333333333333,1000,15,31417,0.1254559060607443
time,rotation,0.3333333333333333,1000,16,31418,0.19306522647712754
time,rotation,0.3333333333333333,1000,17,31419,0.14330483964159554
time,rotation,0.3333333333333333,1000,18,31420,0.10534350458535754
time,rotation,0.3333333333333333,1000,19,31421,0.14370579347918816
time,rotation,0.3333333333333333,1000,20,31422,0.14154151974478552
time,rotation,0.3333333333333333,1000,21,31423,0.09249705642278057
time,rotation,0.3333333333333333,1000,22,31424,0.13906508619381042
time,rotation,0.3333333333333333,1000,23,31425,0.11990789855567414
time,rotation,0.3333333333333333,1000,24,31426,0.1266814140857239
time,rotation,0.3333333333333333,1000,25,31427,0.11571858249894641
time,rotation,0.3333333333333333,1000,26,31428,0.14804615020719356
time,rotation,0.3333333333333333,1000,27,31429,0.12362188422446636
time,rotation,0.3333333333333333,1000,28,31430,0.10028096844478693
time,rotation,0.3333333333333333,1000,29,31431,0.11526216996389121
time,rotation,0.3333333333333333,1000,30,31432,0.127470053520701
time,rotation,0.3333333333333333,1000,31,31433,0.1223486253755661
time,rotation,0.3333333333333333,1000,32,31434,0.10958722054894551
time,rotation,0.3333333333333333,1000,33,31435,0.1336599554630622
time,rotation,0.3333333333333333,1000,34,31436,0.09874762362158973
time,rotation,0.3333333333333333,1000,35,31437,0.10150629874844831
time,rotation,0.3333333333333333,1000,36,31438,0.10580467363616688
time,rotation,0.3333333333333333,1000,37,31439,0.09957244687760611
time,rotation,0.3333333333333333,1000,38,31440,0.11614621809631208
time,rotation,0.3333333333333333,1000,39,31441,0.09953849143380063
time,rotation,0.3333333333333333,1000,40,31442,0.0970720351790767
time,rotation,0.3333333333333333,1000,41,31443,0.09678951931326574
time,rotation,0.3333333333333333,1000,42,31444,0.09563711364386121
time,rotation,0.3333333333333333,1000,43,31445,0.13379987022913253
time,rotation,0.3333333333333333,1000,44,31446,0.1379493150529496
time,rotation,0.3333333333333333,1000,45,31447,0.14001039759996417
time,rotation,0.3333333333333333,1000,46,31448,0.11803905289240632
time,rotation,0.3333333333333333,1000,47,31449,0.12434874932656127
time,rotation,0.3333333333333333,1000,48,31450,0.13470454982441235
time,rotation,0.3333333333333333,1000,49,31451,0.1243555212680016
time,rotation,0.3333333333333333,1000,50,31452,0.12455167405221919
time,rotation,0.3333333333333333,1000,51,31453,0.10100462555923373
time,rotation,0.3333333333333333,1000,52,31454,0.12150930083794735
time,rotation,0.3333333333333333,1000,53,31455,0.13398138596046902
time,rotation,0.3333333333333333,1000,54,31456,0.10874089179761598
time,rotation,0.3333333333333333,1000,55,31457,0.15169595531931634
time,rotation,0.3333333333333333,1000,56,31458,0.11329430552641268
time,rotation,0.3333333333333333,1000,57,31459,0.12318955573306918
time,rotation,0.3333333333333333,1000,58,31460,0.11957807925488173
time,rotation,0.3333333333333333,1000,59,31461,0.12917380638380885
time,rotation,0.3333333333333333,1000,60,31462,0.10714687539192431
time,rotation,0.3333333333333333,1000,61,31463,0.10081785859758066
time,rotation,0.3333333333333333,1000,62,31464,0.11438557633310775
time,rotation,0.3333333333333333,1000,63,31465,0.12720010932496
time,rotation,0.3333333333333333,1000,64,31466,0.10003380666674562
time,rotation,0.3333333333333333,1000,65,31467,0.1373088268742754
time,rotation,0.3333333333333333,1000,66,31468,0.1181722968330234
time,rotation,0.3333333333333333,1000,67,31469,0.12511329995518075
time,rotation,0.3333333333333333,1000,68,31470,0.12360557359253728
time,rotation,0.3333333333333333,1000,69,31471,0.13844777566547797
time,rotation,0.3333333333333333,1000,70,31472,0.11989058253682741
time,rotation,0.3333333333333333,1000,71,31473,0.10293765433740565
time,rotation,0.3333333333333333,1000,72,31474,0.12038972565038068
time,rotation,0.3333333333333333,1000,73,31475,0.10000640883686827
time,rotation,0.3333333333333333,1000,74,31476,0.10305061930874201
time,rotation,0.3333333333333333,1000,75,31477,0.10944090238489049
time,rotation,0.3333333333333333,1000,76,31478,0.1315582928255564
time,rotation,0.3333333333333333,1000,77,31479,0.14606022835213542
time,rotation,0.3333333333333333,1000,78,31480,0.10259610615953817
time,rotation,0.3333333333333333,1000,79,31481,0.11008868358528781
time,rotation,0.3333333333333333,1000,80,31482,0.13387805885302684
time,rotation,0.3333333333333333,1000,81,31483,0.12346585077852329
time,rotation,0.3333333333333333,1000,82,31484,0.1008652043734694
time,rotation,0.3333333333333333,1000,83,31485,0.11078641507128932
time,rotation,0.3333333333333333,1000,84,31486,0.1271795749186172
time,rotation,0.3333333333333333,1000,85,31487,0.11437317431568322
time,rotation,0.3333333333333333,1000,86,31488,0.11904842697673047
time,rotation,0.3333333333333333,1000,87,31489,0.11365419056865807
time,rotation,0.3333333333333333,1000,88,31490,0.10751587281356748
time,rotation,0.3333333333333333,1000,89,31491,0.12769265833922813
time,rotation,0.3333333333333333,1000,90,31492,0.11049795489410526
time,rotation,0.3333333333333333,1000,91,31493,0.1139607495824867
time,rotation,0.3333333333333333,1000,92,31494,0.1148363368035854
time,rotation,0.3333333333333333,1000,93,31495,0.17459936795360684
time,rotation,0.3333333333333333,1000,94,31496,0.0993815696971412
time,rotation,0.3333333333333333,1000,95,31497,0.10578483145111772
time,rotation,0.3333333333333333,1000,96,31498,0.10436569531901045
time,rotation,0.3333333333333333,1000,97,31499,0.09498864092386976
time,rotation,0.3333333333333333,1000,98,31500,0.12273571611458436
time,rotation,0.3333333333333333,1000,99,31501,0.10639763487084988
time,rotation,0.3333333333333333,1000,100,31502,0.11833964563370561
time,rotation,0.3333333333333333,1000,101,31503,0.1399838188158777
time,rotation,0.3333333333333333,1000,102,31504,0.1224244112133759
time,rotation,0.3333333333333333,1000,103,31505,0.10383020926063932
time,rotation,0.3333333333333333,1000,104,31506,0.1530423334561754
time,rotation,0.3333333333333333,1000,105,31507,0.15046272597827492
time,rotation,0.3333333333333333,1000,106,31508,0.15876291610493812
time,rotation,0.3333333333333333,1000,107,31509,0.10956576367736579
time,rotation,0.3333333333333333,1000,108,31510,0.11474095155167592
time,rotation,0.3333333333333333,1000,109,31511,0.11594511154655361
time,rotation,0.3333333333333333,1000,110,31512,0.1549746868520763
time,rotation,0.3333333333333333,1000,111,31513,0.16160483979317655
time,rotation,0.3333333333333333,1000,112,31514,0.10928813394533522
time,rotation,0.3333333333333333,1000,113,31515,0.11291206020440755
time,rotation,0.3333333333333333,1000,114,31516,0.1160410690573237
time,rotation,0.3333333333333333,1000,115,31517,0.11223691493241543
time,rotation,0.3333333333333333,1000,116,31518,0.11611952896707532
time,rotation,0.3333333333333333,1000,117,31519,0.09890569683195326
time,rotation,0.3333333333333333,1000,118,31520,0.12590175169986872
time,rotation,0.3333333333333333,1000,119,31521,0.12066418085146745
time,rotation,0.3333333333333333,1000,120,31522,0.12825135987336736
time,rotation,0.3333333333333333,1000,121,31523,0.11438788930923192
time,rotation,0.3333333333333333,1000,122,31524,0.13980309417710723
time,rotation,0.3333333333333333,1000,123,31525,0.13224348915896803
time,rotation,0.3333333333333333,1000,124,31526,0.11254419170074514
time,rotation,0.3333333333333333,1000,125,31527,0.12140463046673426
time,rotation,0.3333333333333333,1000,126,31528,0.18853123675916472
time,rotation,0.3333333333333333,1000,127,31529,0.14792685159079372
time,rotation,0.3333333333333333,1000,128,31530,0.12580933418094487
time,rotation,0.3333333333333333,1000,129,31531,0.1826857943661645
time,rotation,0.3333333333333333,1000,130,31532,0.1215030904041651
time,rotation,0.3333333333333333,1000,131,31533,0.1257288612574153
time,rotation,0.3333333333333333,1000,132,31534,0.09649902526978353
time,rotation,0.3333333333333333,1000,133,31535,0.14480948006597003
time,rotation,0.3333333333333333,1000,134,31536,0.12182143956037449
time,rotation,0.3333333333333333,1000,135,31537,0.13072181379495887
time,rotation,0.3333333333333333,1000,136,31538,0.11302584869964903
time,rotation,0.3333333333333333,1000,137,31539,0.12960240721897584
time,rotation,0.3333333333333333,1000,138,31540,0.10650868079152605
time,rotation,0.3333333333333333,1000,139,31541,0.10526329936063286
time,rotation,0.3333333333333333,1000,140,31542,0.11076395221852922
time,rotation,0.3333333333333333,1000,141,31543,0.11508250698711675
time,rotation,0.3333333333333333,1000,142,31544,0.10457547868640878
time,rotation,0.3333333333333333,1000,143,31545,0.09911948962687367
time,rotation,0.3333333333333333,1000,144,31546,0.11262074666584017
time,rotation,0.3333333333333333,1000,145,31547,0.14002121753456145
time,rotation,0.3333333333333333,1000,146,31548,0.1290531376524243
time,rotation,0.3333333333333333,1000,147,31549,0.11110690189298682
time,rotation,0.3333333333333333,1000,148,31550,0.11145466678704728
time,rotation,0.3333333333333333,1000,149,31551,0.11383925893784468
time,rotation,0.3333333333333333,1000,150,31552,0.0993285280318139
time,rotation,0.3333333333333333,1000,151,31553,0.10959691873914959
time,rotation,0.3333333333333333,1000,152,31554,0.11034833573895148
time,rotation,0.3333333333333333,1000,153,31555,0.10909872697601497
time,rotation,0.3333333333333333,1000,154,31556,0.10039651533779825
time,rotation,0.3333333333333333,1000,155,31557,0.1324952247889979
time,rotation,0.3333333333333333,1000,156,31558,0.10821511346496755
time,rotation,0.3333333333333333,1000,157,31559,0.11455686378619097
time,rotation,0.3333333333333333,1000,158,31560,0.1338688372377816
time,rotation,0.3333333333333333,1000,159,31561,0.1374270166584511
time,rotation,0.3333333333333333,1000,160,31562,0.1341878188175192
time,rotation,0.3333333333333333,1000,161,31563,0.12004666713837199
time,rotation,0.3333333333333333,1000,162,31564,0.10532696560156678
time,rotation,0.3333333333333333,1000,163,31565,0.11634054503801491
time,rotation,0.3333333333333333,1000,164,31566,0.13545811343316777
time,rotation,0.3333333333333333,1000,165,31567,0.14678428669299692
time,rotation,0.3333333333333333,1000,166,31568,0.1072810019478307
time,rotation,0.3333333333333333,1000,167,31569,0.1380771722400585
time,rotation,0.3333333333333333,1000,168,31570,0.11983874315243302
time,rotation,0.3333333333333333,1000,169,31571,0.1099460358455552
time,rotation,0.3333333333333333,1000,170,31572,0.10299295110346549
time,rotation,0.3333333333333333,1000,171,31573,0.1188188705520866
time,rotation,0.3333333333333333,1000,172,31574,0.1416360601346862
time,rotation,0.3333333333333333,1000,173,31575,0.13496805613862642
time,rotation,0.3333333333333333,1000,174,31576,0.1339813872501798
time,rotation,0.3333333333333333,1000,175,31577,0.1421911882585153
time,rotation,0.3333333333333333,1000,176,31578,0.1101279792011442
time,rotation,0.3333333333333333,1000,177,31579,0.1893984184257756
time,rotation,0.3333333333333333,1000,178,31580,0.13656464466501003
time,rotation,0.3333333333333333,1000,179,31581,0.1397095196280181
time,rotation,0.3333333333333333,1000,180,31582,0.15238302121375927
time,rotation,0.3333333333333333,1000,181,31583,0.10952254212117417
time,rotation,0.3333333333333333,1000,182,31584,0.10569747969699403
time,rotation,0.3333333333333333,1000,183,31585,0.1571695778578865
time,rotation,0.3333333333333333,1000,184,31586,0.13476090866325696
time,rotation,0.3333333333333333,1000,185,31587,0.10619499110105189
time,rotation,0.3333333333333333,1000,186,31588,0.09402748296082407
time,rotation,0.3333333333333333,1000,187,31589,0.12107608329923242
time,rotation,0.3333333333333333,1000,188,31590,0.11306894116530185
time,rotation,0.3333333333333333,1000,189,31591,0.11361218556640808
time,rotation,0.3333333333333333,1000,190,31592,0.1393476618484811
time,rotation,0.3333333333333333,1000,191,31593,0.12923364069547122
time,rotation,0.3333333333333333,1000,192,31594,0.12285909431044198
time,rotation,0.3333333333333333,1000,193,31595,0.13406532849613814
time,rotation,0.3333333333333333,1000,194,31596,0.1420722526538202
time,rotation,0.3333333333333333,1000,195,31597,0.12331971581189985
time,rotation,0.3333333333333333,1000,196,31598,0.11400247659584258
time,rotation,0.3333333333333333,1000,197,31599,0.12277198878542814
time,rotation,0.3333333333333333,1000,198,31600,0.09541065710639511
time,rotation,0.3333333333333333,1000,199,31601,0.11430582161094315
time,rotation,0.5,1000,0,30919,0.10420721896111974
time,rotation,0.5,1000,1,30920,0.1127422289515866
time,rotation,0.5,1000,2,30921,0.13848095884211775
time,rotation,0.5,1000,3,30922,0.11092391380062147
time,rotation,0.5,1000,4,30923,0.12341960550769761
time,rotation,0.5,1000,5,30924,0.14053833444056613
time,rotation,0.5,1000,6,30925,0.12590531037874372
time,rotation,0.5,1000,7,30926,0.10314142087023973
time,rotation,0.5,1000,8,30927,0.11137826956935633
time,rotation,0.5,1000,9,30928,0.1336583520470183
time,rotation,0.5,1000,10,30929,0.12124315660076991
time,rotation,0.5,1000,11,30930,0.12823784896838508
time,rotation,0.5,1000,12,30931,0.13078351036860092
time,rotation,0.5,1000,13,30932,0.11118188936554975
time,rotation,0.5,1000,14,30933,0.10233442427520202
time,rotation,0.5,1000,15,30934,0.12715005913696986
time,rotation,0.5,1000,16,30935,0.10582132139932562
time,rotation,0.5,1000,17,30936,0.11796633322142486
time,rotation,0.5,1000,18,30937,0.1136398526302051
time,rotation,0.5,1000,19,30938,0.12718432156390092
time,rotation,0.5,1000,20,30939,0.12789179354694455
time,rotation,0.5,1000,21,30940,0.09899256260699718
time,rotation,0.5,1000,22,30941,0.10700748550618322
time,rotation,0.5,1000,23,30942,0.12664257862739078
time,rotation,0.5,1000,24,30943,0.15807416771559665
time,rotation,0.5,1000,25,30944,0.12047535659535999
time,rotation,0.5,1000,26,30945,0.12627211390621063
time,rotation,0.5,1000,27,30946,0.1356650560942106
time,rotation,0.5,1000,28,30947,0.10430582960872119
time,rotation,0.5,1000,29,30948,0.12070017395584992
time,rotation,0.5,1000,30,30949,0.1154539469736396
time,rotation,0.5,1000,31,30950,0.11414522874302
time,rotation,0.5,1000,32,30951,0.11404131032379512
time,rotation,0.5,1000,33,30952,0.11181592743505575
time,rotation,0.5,1000,34,30953,0.10993665339416223
time,rotation,0.5,1000,35,30954,0.1531094494335732
time,rotation,0.5,1000,36,30955,0.10753811496650215
time,rotation,0.5,1000,37,30956,0.10130044087432563
time,rotation,0.5,1000,38,30957,0.16123010458290657
time,rotation,0.5,1000,39,30958,0.10030443840142339
time,rotation,0.5,1000,40,30959,0.12665094848768416
time,rotation,0.5,1000,41,30960,0.1362741147334752
time,rotation,0.5,1000,42,30961,0.11675745667796004
time,rotation,0.5,1000,43,30962,0.092538535758812
time,rotation,0.5,1000,44,30963,0.12092885573716831
time,rotation,0.5,1000,45,30964,0.10943944099421721
time,rotation,0.5,1000,46,30965,0.14247580234666776
time,rotation,0.5,1000,47,30966,0.14908797923046546
time,rotation,0.5,1000,48,30967,0.11169488584540968
time,rotation,0.5,1000,49,30968,0.10554956128439726
time,rotation,0.5,1000,50,30969,0.10106584104344199
time,rotation,0.5,1000,51,30970,0.11693208867894153
time,rotation,0.5,1000,52,30971,0.1133214542363184
time,rotation,0.5,1000,53,30972,0.18639199205230358
time,rotation,0.5,1000,54,30973,0.16795849675663727
time,rotation,0.5,1000,55,30974,0.11139642152408927
time,rotation,0.5,1000,56,30975,0.10108233634408911
time,rotation,0.5,1000,57,30976,0.157078267783904
time,rotation,0.5,1000,58,30977,0.16726099780769693
time,rotation,0.5,1000,59,30978,0.12265434035337681
time,rotation,0.5,1000,60,30979,0.1322911510010393
time,rotation,0.5,1000,61,30980,0.11016624453520008
time,rotation,0.5,1000,62,30981,0.11083323832370785
time,rotation,0.5,1000,63,30982,0.13023329498345362
time,rotation,0.5,1000,64,30983,0.15136105006718192
time,rotation,0.5,1000,65,30984,0.12589695941141232
time,rotation,0.5,1000,66,30985,0.10435118653814092
time,rotation,0.5,1000,67,30986,0.13591687707260167
time,rotation,0.5,1000,68,30987,0.1001962142073748
time,rotation,0.5,1000,69,30988,0.11968430135841714
time,rotation,0.5,1000,70,30989,0.12241399507734159
time,rotation,0.5,1000,71,30990,0.10181132613940647
time,rotation,0.5,1000,72,30991,0.14041958520199377
time,rotation,0.5,1000,73,30992,0.10873300733249998
time,rotation,0.5,1000,74,30993,0.10842638632097483
time,rotation,0.5,1000,75,30994,0.10593010872899714
time,rotation,0.5,1000,76,30995,0.10037565187640052
time,rotation,0.5,1000,77,30996,0.12888063485293783
time,rotation,0.5,1000,78,30997,0.12097146272509088
time,rotation,0.5,1000,79,30998,0.09806367942348253
time,rotation,0.5,1000,80,30999,0.11611796589802371
time,rotation,0.5,1000,81,31000,0.14801771493175916
time,rotation,0.5,1000,82,31001,0.10313888220727045
time,rotation,0.5,1000,83,31002,0.11420468961781768
time,rotation,0.5,1000,84,31003,0.09937934218207596
time,rotation,0.5,1000,85,31004,0.10592584208969512
time,rotation,0.5,1000,86,31005,0.1112082128523088
time,rotation,0.5,1000,87,31006,0.1275549427354497
time,rotation,0.5,1000,88,31007,0.12229580226793231
time,rotation,0.5,1000,89,31008,0.11153939152723329
time,rotation,0.5,1000,90,31009,0.10483091601984358
time,rotation,0.5,1000,91,31010,0.13308930220365814
time,rotation,0.5,1000,92,31011,0.11423376219580157
time,rotation,0.5,1000,93,31012,0.11331475459327502
time,rotation,0.5,1000,94,31013,0.13808068181423408
time,rotation,0.5,1000,95,31014,0.11081928563042574
time,rotation,0.5,1000,96,31015,0.127403179626281
time,rotation,0.5,1000,97,31016,0.10036778433694502
time,rotation,0.5,1000,98,31017,0.1078081373347611
time,rotation,0.5,1000,99,31018,0.11458127536205052
time,rotation,0.5,1000,100,31019,0.10723618991081332
time,rotation,0.5,1000,101,31020,0.10999327461750293
time,rotation,0.5,1000,102,31021,0.11922112233174206
time,rotation,0.5,1000,103,31022,0.11064897499268125
time,rotation,0.5,1000,104,31023,0.14058767563845842
time,rotation,0.5,1000,105,31024,0.10082862404023897
time,rotation,0.5,1000,106,31025,0.11127217169895534
time,rotation,0.5,1000,107,31026,0.0876629019272825
time,rotation,0.5,1000,108,31027,0.11024608852020228
time,rotation,0.5,1000,109,31028,0.10998396775127278
time,rotation,0.5,1000,110,31029,0.09999038571259607
time,rotation,0.5,1000,111,31030,0.10546952641725879
time,rotation,0.5,1000,112,31031,0.10706383425487426
time,rotation,0.5,1000,113,31032,0.11821279306820759
time,rotation,0.5,1000,114,31033,0.1566764917299163
time,rotation,0.5,1000,115,31034,0.10904700290872896
time,rotation,0.5,1000,116,31035,0.12559866793226424
time,rotation,0.5,1000,117,31036,0.13025663421368947
time,rotation,0.5,1000,118,31037,0.11813623773596749
time,rotation,0.5,1000,119,31038,0.1263104798771014
time,rotation,0.5,1000,120,31039,0.14709782873263316
time,rotation,0.5,1000,121,31040,0.11452975761458976
time,rotation,0.5,1000,122,31041,0.13197823029963682
time,rotation,0.5,1000,123,31042,0.10124841557475853
time,rotation,0.5,1000,124,31043,0.10301701758653202
time,rotation,0.5,1000,125,31044,0.14528751666964587
time,rotation,0.5,1000,126,31045,0.12250752707822392
time,rotation,0.5,1000,127,31046,0.09998246815884809
time,rotation,0.5,1000,128,31047,0.12455012527857953
time,rotation,0.5,1000,129,31048,0.12763313199317022
time,rotation,0.5,1000,130,31049,0.16440020206103959
time,rotation,0.5,1000,131,31050,0.16716318978665737
time,rotation,0.5,1000,132,31051,0.12085985478189538
time,rotation,0.5,1000,133,31052,0.12081043687781834
time,rotation,0.5,1000,134,31053,0.0993742418178239
time,rotation,0.5,1000,135,31054,0.126132977177711
time,rotation,0.5,1000,136,31055,0.12157813659701568
time,rotation,0.5,1000,137,31056,0.1299096665579013
time,rotation,0.5,1000,138,31057,0.10799127692600906
time,rotation,0.5,1000,139,31058,0.10803990837007645
time,rotation,0.5,1000,140,31059,0.13435166465159273
time,rotation,0.5,1000,141,31060,0.10542008007149566
time,rotation,0.5,1000,142,31061,0.09701041217406368
time,rotation,0.5,1000,143,31062,0.12899812064208427
time,rotation,0.5,1000,144,31063,0.12792874843052013
time,rotation,0.5,1000,145,31064,0.10499813618773814
time,rotation,0.5,1000,146,31065,0.1264323482172511
time,rotation,0.5,1000,147,31066,0.09696081490728944
time,rotation,0.5,1000,148,31067,0.14707770298102577
time,rotation,0.5,1000,149,31068,0.11977692629470583
time,rotation,0.5,1000,150,31069,0.12428525932131208
time,rotation,0.5,1000,151,31070,0.12598006275832344
time,rotation,0.5,1000,152,31071,0.11568443522173642
time,rotation,0.5,1000,153,31072,0.11591339327607772
time,rotation,0.5,1000,154,31073,0.1498140117976029
time,rotation,0.5,1000,155,31074,0.11894754544011561
time,rotation,0.5,1000,156,31075,0.1525524532828475
time,rotation,0.5,1000,157,31076,0.11164138653427914
time,rotation,0.5,1000,158,31077,0.10195251691587624
time,rotation,0.5,1000,159,31078,0.12052870562938754
time,rotation,0.5,1000,160,31079,0.10946355239455101
time,rotation,0.5,1000,161,31080,0.10802913716041901
time,rotation,0.5,1000,162,31081,0.11957898083946421
time,rotation,0.5,1000,163,31082,0.10774803923385101
time,rotation,0.5,1000,164,31083,0.1001542954815828
time,rotation,0.5,1000,165,31084,0.10094291051764943
time,rotation,0.5,1000,166,31085,0.1411654788119428
time,rotation,0.5,1000,167,31086,0.117589983910312
time,rotation,0.5,1000,168,31087,0.10307790266543856
time,rotation,0.5,1000,169,31088,0.12644036520048854
time,rotation,0.5,1000,170,31089,0.10676136537018145
time,rotation,0.5,1000,171,31090,0.09690312652078993
time,rotation,0.5,1000,172,31091,0.14002317835791656
time,rotation,0.5,1000,173,31092,0.11277611339919885
time,rotation,0.5,1000,174,31093,0.10650850626869353
time,rotation,0.5,1000,175,31094,0.12773962662522478
time,rotation,0.5,1000,176,31095,0.10600380519585734
time,rotation,0.5,1000,177,31096,0.11240423684355895
time,rotation,0.5,1000,178,31097,0.1025106015824576
time,rotation,0.5,1000,179,31098,0.11719685155456357
time,rotation,0.5,1000,180,31099,0.09857152370728238
time,rotation,0.5,1000,181,31100,0.09329234947228877
time,rotation,0.5,1000,182,31101,0.11774401947864731
time,rotation,0.5,1000,183,31102,0.13277091733082153
time,rotation,0.5,1000,184,31103,0.14292166180455607
time,rotation,0.5,1000,185,31104,0.11764972127062981
time,rotation,0.5,1000,186,31105,0.11952297680945036
time,rotation,0.5,1000,187,31106,0.17123615952415464
time,rotation,0.5,1000,188,31107,0.11010777987723634
time,rotation,0.5,1000,189,31108,0.09795376997383863
time,rotation,0.5,1000,190,31109,0.11519724197374219
time,rotation,0.5,1000,191,31110,0.11265921791359551
time,rotation,0.5,1000,192,31111,0.09625765393773171
time,rotation,0.5,1000,193,31112,0.13916434781857384
time,rotation,0.5,1000,194,31113,0.11155489898111828
time,rotation,0.5,1000,195,31114,0.1702124938853494
time,rotation,0.5,1000,196,31115,0.15275498644375757
time,rotation,0.5,1000,197,31116,0.17093192894536474
time,rotation,0.5,1000,198,31117,0.14590406919673676
time,rotation,0.5,1000,199,31118,0.10647414319454014
time,rotation,0.6666666666666666,1000,0,32018,0.09977723011632092
time,rotation,0.6666666666666666,1000,1,32019,0.10868074408136084
time,rotation,0.6666666666666666,1000,2,32020,0.1353827234756723
time,rotation,0.6666666666666666,1000,3,32021,0.10536933789930719
time,rotation,0.6666666666666666,1000,4,32022,0.11115563021529483
time,rotation,0.6666666666666666,1000,5,32023,0.11368125427839047
time,rotation,0.6666666666666666,1000,6,32024,0.10597590609973029
time,rotation,0.6666666666666666,1000,7,32025,0.11148239106216325
time,rotation,0.6666666666666666,1000,8,32026,0.1193863972397648
time,rotation,0.6666666666666666,1000,9,32027,0.10567200255566585
time,rotation,0.6666666666666666,1000,10,32028,0.12154550488450762
time,rotation,0.6666666666666666,1000,11,32029,0.10671135643825636
time,rotation,0.6666666666666666,1000,12,32030,0.10258335310419725
time,rotation,0.6666666666666666,1000,13,32031,0.10630964540383898
time,rotation,0.6666666666666666,1000,14,32032,0.15979149773857912
time,rotation,0.6666666666666666,1000,15,32033,0.11467162407120837
time,rotation,0.6666666666666666,1000,16,32034,0.10770094234408378
time,rotation,0.6666666666666666,1000,17,32035,0.11056827558153136
time,rotation,0.6666666666666666,1000,18,32036,0.11843738821079841
time,rotation,0.6666666666666666,1000,19,32037,0.14834887474951108
time,rotation,0.6666666666666666,1000,20,32038,0.10051179174697485
time,rotation,0.6666666666666666,1000,21,32039,0.13365683497571662
time,rotation,0.6666666666666666,1000,22,32040,0.125999471033004
time,rotation,0.6666666666666666,1000,23,32041,0.10440835573048426
time,rotation,0.6666666666666666,1000,24,32042,0.1215953545480215
time,rotation,0.6666666666666666,1000,25,32043,0.10556495051961662
time,rotation,0.6666666666666666,1000,26,32044,0.11775715195866096
time,rotation,0.6666666666666666,1000,27,32045,0.10121672265850566
time,rotation,0.6666666666666666,1000,28,32046,0.11599621115606655
time,rotation,0.6666666666666666,1000,29,32047,0.10566323728324276
time,rotation,0.6666666666666666,1000,30,32048,0.10213705407727285
time,rotation,0.6666666666666666,1000,31,32049,0.1170477717536918
time,rotation,0.6666666666666666,1000,32,32050,0.15463180786317218
time,rotation,0.6666666666666666,1000,33,32051,0.10905042150805523
time,rotation,0.6666666666666666,1000,34,32052,0.10591405478130801
time,rotation,0.6666666666666666,1000,35,32053,0.1078960296704245
time,rotation,0.6666666666666666,1000,36,32054,0.10764006194872075
time,rotation,0.6666666666666666,1000,37,32055,0.11773857883627448
time,rotation,0.6666666666666666,1000,38,32056,0.11322398466756145
time,rotation,0.6666666666666666,1000,39,32057,0.11408692841966424
time,rotation,0.6666666666666666,1000,40,32058,0.15102331056739482
time,rotation,0.6666666666666666,1000,41,32059,0.1304079825254234
time,rotation,0.6666666666666666,1000,42,32060,0.14068564769220623
time,rotation,0.6666666666666666,1000,43,32061,0.11530857534906894
time,rotation,0.6666666666666666,1000,44,32062,0.11316393412318215
time,rotation,0.6666666666666666,1000,45,32063,0.11387327734434227
time,rotation,0.6666666666666666,1000,46,32064,0.1034124125526657
time,rotation,0.6666666666666666,1000,47,32065,0.14198433607643401
time,rotation,0.6666666666666666,1000,48,32066,0.09763343122727339
time,rotation,0.6666666666666666,1000,49,32067,0.11286842900559696
time,rotation,0.6666666666666666,1000,50,32068,0.11964021739697717
time,rotation,0.6666666666666666,1000,51,32069,0.12447962472103988
time,rotation,0.6666666666666666,1000,52,32070,0.1423060093853946
time,rotation,0.6666666666666666,1000,53,32071,0.11328628783499908
time,rotation,0.6666666666666666,1000,54,32072,0.11345696539879704
time,rotation,0.6666666666666666,1000,55,32073,0.11625204013415616
time,rotation,0.6666666666666666,1000,56,32074,0.1325220900501317
time,rotation,0.6666666666666666,1000,57,32075,0.11744224967832581
time,rotation,0.6666666666666666,1000,58,32076,0.11313297884852103
time,rotation,0.6666666666666666,1000,59,32077,0.0918516287394839
time,rotation,0.6666666666666666,1000,60,32078,0.11159462008661185
time,rotation,0.6666666666666666,1000,61,32079,0.11512358380254502
time,rotation,0.6666666666666666,1000,62,32080,0.13242201599124578
time,rotation,0.6666666666666666,1000,63,32081,0.11660411193371667
time,rotation,0.6666666666666666,1000,64,32082,0.10642347411473096
time,rotation,0.6666666666666666,1000,65,32083,0.11082221009386323
time,rotation,0.6666666666666666,1000,66,32084,0.10979910550904566
time,rotation,0.6666666666666666,1000,67,32085,0.13330484532470488
time,rotation,0.6666666666666666,1000,68,32086,0.12451154562443566
time,rotation,0.6666666666666666,1000,69,32087,0.11306605311347342
time,rotation,0.6666666666666666,1000,70,32088,0.11410708361488546
time,rotation,0.6666666666666666,1000,71,32089,0.11228179192267479
time,rotation,0.6666666666666666,1000,72,32090,0.1190527031671167
time,rotation,0.6666666666666666,1000,73,32091,0.13179170751255018
time,rotation,0.6666666666666666,1000,74,32092,0.11141251307270592
time,rotation,0.6666666666666666,1000,75,32093,0.09977206586734118
time,rotation,0.6666666666666666,1000,76,32094,0.09890022342806905
time,rotation,0.6666666666666666,1000,77,32095,0.12214916634535157
time,rotation,0.6666666666666666,1000,78,32096,0.130363608970579
time,rotation,0.6666666666666666,1000,79,32097,0.11897387174271658
time,rotation,0.6666666666666666,1000,80,32098,0.14814327537546548
time,rotation,0.6666666666666666,1000,81,32099,0.10877981238187824
time,rotation,0.6666666666666666,1000,82,32100,0.1069120132184399
time,rotation,0.6666666666666666,1000,83,32101,0.10632668823085886
time,rotation,0.6666666666666666,1000,84,32102,0.12968199160149724
time,rotation,0.6666666666666666,1000,85,32103,0.1110157664588684
time,rotation,0.6666666666666666,1000,86,32104,0.129893929137778
time,rotation,0.6666666666666666,1000,87,32105,0.14241303046291565
time,rotation,0.6666666666666666,1000,88,32106,0.11558031929682215
time,rotation,0.6666666666666666,1000,89,32107,0.10270433858758334
time,rotation,0.6666666666666666,1000,90,32108,0.10245395399053014
time,rotation,0.6666666666666666,1000,91,32109,0.13841525260740065
time,rotation,0.6666666666666666,1000,92,32110,0.15665806960976073
time,rotation,0.6666666666666666,1000,93,32111,0.10468149989448035
time,rotation,0.6666666666666666,1000,94,32112,0.10034297066976508
time,rotation,0.6666666666666666,1000,95,32113,0.1208741386132773
time,rotation,0.6666666666666666,1000,96,32114,0.13847974103866653
time,rotation,0.6666666666666666,1000,97,32115,0.13105111371090677
time,rotation,0.6666666666666666,1000,98,32116,0.09427851043013251
time,rotation,0.6666666666666666,1000,99,32117,0.12481358940629708
time,rotation,0.6666666666666666,1000,100,32118,0.124462335566198
time,rotation,0.6666666666666666,1000,101,32119,0.12663585977419006
time,rotation,0.6666666666666666,1000,102,32120,0.11829083233961134
time,rotation,0.6666666666666666,1000,103,32121,0.11805982238406386
time,rotation,0.6666666666666666,1000,104,32122,0.12255477383795962
time,rotation,0.6666666666666666,1000,105,32123,0.11974072380121824
time,rotation,0.6666666666666666,1000,106,32124,0.11250348846351103
time,rotation,0.6666666666666666,1000,107,32125,0.10906218784563043
time,rotation,0.6666666666666666,1000,108,32126,0.1763066683818451
time,rotation,0.6666666666666666,1000,109,32127,0.1641878883996585
time,rotation,0.6666666666666666,1000,110,32128,0.10609131516121077
time,rotation,0.6666666666666666,1000,111,32129,0.10571608211377005
time,rotation,0.6666666666666666,1000,112,32130,0.10962308449968869
time,rotation,0.6666666666666666,1000,113,32131,0.10861588091717661
time,rotation,0.6666666666666666,1000,114,32132,0.12453939941847152
time,rotation,0.6666666666666666,1000,115,32133,0.09912275351803927
time,rotation,0.6666666666666666,1000,116,32134,0.11105667967879879
time,rotation,0.6666666666666666,1000,117,32135,0.11527795170311708
time,rotation,0.6666666666666666,1000,118,32136,0.116039747420045
time,rotation,0.6666666666666666,1000,119,32137,0.103014109101467
time,rotation,0.6666666666666666,1000,120,32138,0.11572097230777204
time,rotation,0.6666666666666666,1000,121,32139,0.10482829569996711
time,rotation,0.6666666666666666,1000,122,32140,0.12343324584994445
time,rotation,0.6666666666666666,1000,123,32141,0.1230554512599708
time,rotation,0.6666666666666666,1000,124,32142,0.12838345286116593
time,rotation,0.6666666666666666,1000,125,32143,0.12106435293116202
time,rotation,0.6666666666666666,1000,126,32144,0.10447838073849926
time,rotation,0.6666666666666666,1000,127,32145,0.15665943500124208
time,rotation,0.6666666666666666,1000,128,32146,0.12363878846044815
time,rotation,0.6666666666666666,1000,129,32147,0.09827319091286342
time,rotation,0.6666666666666666,1000,130,32148,0.10524751502950744
time,rotation,0.6666666666666666,1000,131,32149,0.10371861634803695
time,rotation,0.6666666666666666,1000,132,32150,0.11954008073891272
time,rotation,0.6666666666666666,1000,133,32151,0.10613972554416888
time,rotation,0.6666666666666666,1000,134,32152,0.10796351585348798
time,rotation,0.6666666666666666,1000,135,32153,0.10244567654185498
time,rotation,0.6666666666666666,1000,136,32154,0.12926596672830126
time,rotation,0.6666666666666666,1000,137,32155,0.13509332363951906
time,rotation,0.6666666666666666,1000,138,32156,0.14025912320108028
time,rotation,0.6666666666666666,1000,139,32157,0.1315471581730036
time,rotation,0.6666666666666666,1000,140,32158,0.11610700477130288
time,rotation,0.6666666666666666,1000,141,32159,0.11076983193229406
time,rotation,0.6666666666666666,1000,142,32160,0.12759430300838165
time,rotation,0.6666666666666666,1000,143,32161,0.12193942818684421
time,rotation,0.6666666666666666,1000,144,32162,0.14919386860059997
time,rotation,0.6666666666666666,1000,145,32163,0.14194805694055132
time,rotation,0.6666666666666666,1000,146,32164,0.13869603878996464
time,rotation,0.6666666666666666,1000,147,32165,0.10399691250950091
time,rotation,0.6666666666666666,1000,148,32166,0.10954029142466866
time,rotation,0.6666666666666666,1000,149,32167,0.11205399610664188
time,rotation,0.6666666666666666,1000,150,32168,0.09341901035542906
time,rotation,0.6666666666666666,1000,151,32169,0.13485554738987265
time,rotation,0.6666666666666666,1000,152,32170,0.11748203311182523
time,rotation,0.6666666666666666,1000,153,32171,0.10739195640514422
time,rotation,0.6666666666666666,1000,154,32172,0.1132916493853827
time,rotation,0.6666666666666666,1000,155,32173,0.10853060410189222
time,rotation,0.6666666666666666,1000,156,32174,0.11469270830151598
time,rotation,0.6666666666666666,1000,157,32175,0.131473143714536
time,rotation,0.6666666666666666,1000,158,32176,0.10559907163213615
time,rotation,0.6666666666666666,1000,159,32177,0.10240560810184463
time,rotation,0.6666666666666666,1000,160,32178,0.14173427450979553
time,rotation,0.6666666666666666,1000,161,32179,0.13662750897659556
time,rotation,0.6666666666666666,1000,162,32180,0.12894864259814173
time,rotation,0.6666666666666666,1000,163,32181,0.12621780322540493
time,rotation,0.6666666666666666,1000,164,32182,0.1448382277071416
time,rotation,0.6666666666666666,1000,165,32183,0.10865550410339893
time,rotation,0.6666666666666666,1000,166,32184,0.1453114194060474
time,rotation,0.6666666666666666,1000,167,32185,0.11898141330094149
time,rotation,0.6666666666666666,1000,168,32186,0.14005656425494842
time,rotation,0.6666666666666666,1000,169,32187,0.12953505300811702
time,rotation,0.6666666666666666,1000,170,32188,0.12463982491900485
time,rotation,0.6666666666666666,1000,171,32189,0.10683027381808649
time,rotation,0.6666666666666666,1000,172,32190,0.11455296489168572
time,rotation,0.6666666666666666,1000,173,32191,0.1315691980744286
time,rotation,0.6666666666666666,1000,174,32192,0.09744097663157819
time,rotation,0.6666666666666666,1000,175,32193,0.128144052828525
time,rotation,0.6666666666666666,1000,176,32194,0.11109601738984448
time,rotation,0.6666666666666666,1000,177,32195,0.11526305668326181
time,rotation,0.6666666666666666,1000,178,32196,0.11995794645746272
time,rotation,0.6666666666666666,1000,179,32197,0.12145138220117466
time,rotation,0.6666666666666666,1000,180,32198,0.12034549688575637
time,rotation,0.6666666666666666,1000,181,32199,0.09467286633877538
time,rotation,0.6666666666666666,1000,182,32200,0.10381392793224753
time,rotation,0.6666666666666666,1000,183,32201,0.11277982193279494
time,rotation,0.6666666666666666,1000,184,32202,0.11632551306691132
time,rotation,0.6666666666666666,1000,185,32203,0.12837876633637296
time,rotation,0.6666666666666666,1000,186,32204,0.1227250114989789
time,rotation,0.6666666666666666,1000,187,32205,0.11087540901715998
time,rotation,0.6666666666666666,1000,188,32206,0.1226410253965265
time,rotation,0.6666666666666666,1000,189,32207,0.14872953878075315
time,rotation,0.6666666666666666,1000,190,32208,0.13660029702720802
time,rotation,0.6666666666666666,1000,191,32209,0.11568399065087663
time,rotation,0.6666666666666666,1000,192,32210,0.14467318748865063
time,rotation,0.6666666666666666,1000,193,32211,0.09887425405069675
time,rotation,0.6666666666666666,1000,194,32212,0.10463758958339019
time,rotation,0.6666666666666666,1000,195,32213,0.12548353820906039
time,rotation,0.6666666666666666,1000,196,32214,0.10768444492690067
time,rotation,0.6666666666666666,1000,197,32215,0.11592519228828244
time,rotation,0.6666666666666666,1000,198,32216,0.13609512834933185
time,rotation,0.6666666666666666,1000,199,32217,0.1536456081305179
time,rotation,0.8333333333333333,1000,0,31507,0.150462725978275
time,rotation,0.8333333333333333,1000,1,31508,0.1587629161049381
time,rotation,0.8333333333333333,1000,2,31509,0.10956576367736605
time,rotation,0.8333333333333333,1000,3,31510,0.1147409515516762
time,rotation,0.8333333333333333,1000,4,31511,0.11594511154655375
time,rotation,0.8333333333333333,1000,5,31512,0.15497468685207627
time,rotation,0.8333333333333333,1000,6,31513,0.16160483979317652
time,rotation,0.8333333333333333,1000,7,31514,0.10928813394533525
time,rotation,0.8333333333333333,1000,8,31515,0.11291206020440767
time,rotation,0.8333333333333333,1000,9,31516,0.11604106905732363
time,rotation,0.8333333333333333,1000,10,31517,0.11223691493241557
time,rotation,0.8333333333333333,1000,11,31518,0.11611952896707521
time,rotation,0.8333333333333333,1000,12,31519,0.09890569683195313
time,rotation,0.8333333333333333,1000,13,31520,0.12590175169986853
time,rotation,0.8333333333333333,1000,14,31521,0.12066418085146749
time,rotation,0.8333333333333333,1000,15,31522,0.1282513598733675
time,rotation,0.8333333333333333,1000,16,31523,0.11438788930923209
time,rotation,0.8333333333333333,1000,17,31524,0.13980309417710704
time,rotation,0.8333333333333333,1000,18,31525,0.13224348915896783
time,rotation,0.8333333333333333,1000,19,31526,0.11254419170074519
time,rotation,0.8333333333333333,1000,20,31527,0.12140463046673433
time,rotation,0.8333333333333333,1000,21,31528,0.18853123675916478
time,rotation,0.8333333333333333,1000,22,31529,0.1479268515907938
time,rotation,0.8333333333333333,1000,23,31530,0.12580933418094492
time,rotation,0.8333333333333333,1000,24,31531,0.18268579436616442
time,rotation,0.8333333333333333,1000,25,31532,0.12150309040416543
time,rotation,0.8333333333333333,1000,26,31533,0.12572886125741545
time,rotation,0.8333333333333333,1000,27,31534,0.09649902526978368
time,rotation,0.8333333333333333,1000,28,31535,0.14480948006597022
time,rotation,0.8333333333333333,1000,29,31536,0.12182143956037451
time,rotation,0.8333333333333333,1000,30,31537,0.13072181379495895
time,rotation,0.8333333333333333,1000,31,31538,0.1130258486996495
time,rotation,0.8333333333333333,1000,32,31539,0.12960240721897617
time,rotation,0.8333333333333333,1000,33,31540,0.10650868079152621
time,rotation,0.8333333333333333,1000,34,31541,0.10526329936063279
time,rotation,0.8333333333333333,1000,35,31542,0.11076395221852929
time,rotation,0.8333333333333333,1000,36,31543,0.11508250698711689
time,rotation,0.8333333333333333,1000,37,31544,0.10457547868640904
time,rotation,0.8333333333333333,1000,38,31545,0.09911948962687374
time,rotation,0.8333333333333333,1000,39,31546,0.11262074666584032
time,rotation,0.8333333333333333,1000,40,31547,0.1400212175345614
time,rotation,0.8333333333333333,1000,41,31548,0.1290531376524244
time,rotation,0.8333333333333333,1000,42,31549,0.11110690189298669
time,rotation,0.8333333333333333,1000,43,31550,0.11145466678704757
time,rotation,0.8333333333333333,1000,44,31551,0.11383925893784493
time,rotation,0.8333333333333333,1000,45,31552,0.09932852803181413
time,rotation,0.8333333333333333,1000,46,31553,0.10959691873914956
time,rotation,0.8333333333333333,1000,47,31554,0.11034833573895152
time,rotation,0.8333333333333333,1000,48,31555,0.10909872697601469
time,rotation,0.8333333333333333,1000,49,31556,0.10039651533779834
time,rotation,0.8333333333333333,1000,50,31557,0.13249522478899783
time,rotation,0.8333333333333333,1000,51,31558,0.10821511346496784
time,rotation,0.8333333333333333,1000,52,31559,0.11455686378619112
time,rotation,0.8333333333333333,1000,53,31560,0.13386883723778153
time,rotation,0.8333333333333333,1000,54,31561,0.1374270166584511
time,rotation,0.8333333333333333,1000,55,31562,0.13418781881751915
time,rotation,0.8333333333333333,1000,56,31563,0.12004666713837195
time,rotation,0.8333333333333333,1000,57,31564,0.10532696560156674
time,rotation,0.8333333333333333,1000,58,31565,0.11634054503801516
time,rotation,0.8333333333333333,1000,59,31566,0.1354581134331678
time,rotation,0.8333333333333333,1000,60,31567,0.1467842866929967
time,rotation,0.8333333333333333,1000,61,31568,0.10728100194783087
time,rotation,0.8333333333333333,1000,62,31569,0.13807717224005825
time,rotation,0.8333333333333333,1000,63,31570,0.11983874315243292
time,rotation,0.8333333333333333,1000,64,31571,0.1099460358455552
time,rotation,0.8333333333333333,1000,65,31572,0.10299295110346549
time,rotation,0.8333333333333333,1000,66,31573,0.11881887055208676
time,rotation,0.8333333333333333,1000,67,31574,0.14163606013468633
time,rotation,0.8333333333333333,1000,68,31575,0.13496805613862642
time,rotation,0.8333333333333333,1000,69,31576,0.1339813872501798
time,rotation,0.8333333333333333,1000,70,31577,0.14219118825851526
time,rotation,0.8333333333333333,1000,71,31578,0.11012797920114402
time,rotation,0.8333333333333333,1000,72,31579,0.1893984184257757
time,rotation,0.8333333333333333,1000,73,31580,0.13656464466501003
time,rotation,0.8333333333333333,1000,74,31581,0.1397095196280179
time,rotation,0.8333333333333333,1000,75,31582,0.15238302121375918
time,rotation,0.8333333333333333,1000,76,31583,0.10952254212117432
time,rotation,0.8333333333333333,1000,77,31584,0.10569747969699418
time,rotation,0.8333333333333333,1000,78,31585,0.1571695778578866
time,rotation,0.8333333333333333,1000,79,31586,0.134760908663257
time,rotation,0.8333333333333333,1000,80,31587,0.10619499110105199
time,rotation,0.8333333333333333,1000,81,31588,0.09402748296082357
time,rotation,0.8333333333333333,1000,82,31589,0.12107608329923246
time,rotation,0.8333333333333333,1000,83,31590,0.11306894116530171
time,rotation,0.8333333333333333,1000,84,31591,0.11361218556640806
time,rotation,0.8333333333333333,1000,85,31592,0.13934766184848107
time,rotation,0.8333333333333333,1000,86,31593,0.12923364069547125
time,rotation,0.8333333333333333,1000,87,31594,0.12285909431044194
time,rotation,0.8333333333333333,1000,88,31595,0.1340653284961378
time,rotation,0.8333333333333333,1000,89,31596,0.14207225265382037
time,rotation,0.8333333333333333,1000,90,31597,0.12331971581189985
time,rotation,0.8333333333333333,1000,91,31598,0.11400247659584274
time,rotation,0.8333333333333333,1000,92,31599,0.12277198878542807
time,rotation,0.8333333333333333,1000,93,31600,0.09541065710639508
time,rotation,0.8333333333333333,1000,94,31601,0.11430582161094338
time,rotation,0.8333333333333333,1000,95,31602,0.1299763641343037
time,rotation,0.8333333333333333,1000,96,31603,0.14302852374956473
time,rotation,0.8333333333333333,1000,97,31604,0.12751358617934652
time,rotation,0.8333333333333333,1000,98,31605,0.10132132043308337
time,rotation,0.8333333333333333,1000,99,31606,0.09596587196489796
time,rotation,0.8333333333333333,1000,100,31607,0.14511987701175436
time,rotation,0.8333333333333333,1000,101,31608,0.1339363845464585
time,rotation,0.8333333333333333,1000,102,31609,0.11421733223992467
time,rotation,0.8333333333333333,1000,103,31610,0.09723346403174105
time,rotation,0.8333333333333333,1000,104,31611,0.1077134019565662
time,rotation,0.8333333333333333,1000,105,31612,0.1114151096331517
time,rotation,0.8333333333333333,1000,106,31613,0.10569693910160931
time,rotation,0.8333333333333333,1000,107,31614,0.1320269966578133
time,rotation,0.8333333333333333,1000,108,31615,0.10995640037255477
time,rotation,0.8333333333333333,1000,109,31616,0.10700028656463371
time,rotation,0.8333333333333333,1000,110,31617,0.10174435516558077
time,rotation,0.8333333333333333,1000,111,31618,0.12505046090026567
time,rotation,0.8333333333333333,1000,112,31619,0.10743183270401215
time,rotation,0.8333333333333333,1000,113,31620,0.12332875892702674
time,rotation,0.8333333333333333,1000,114,31621,0.10018030996373818
time,rotation,0.8333333333333333,1000,115,31622,0.11519454854350833
time,rotation,0.8333333333333333,1000,116,31623,0.10047945927301538
time,rotation,0.8333333333333333,1000,117,31624,0.1325667588863252
time,rotation,0.8333333333333333,1000,118,31625,0.11962055463918277
time,rotation,0.8333333333333333,1000,119,31626,0.15079658277537702
time,rotation,0.8333333333333333,1000,120,31627,0.09513868771378738
time,rotation,0.8333333333333333,1000,121,31628,0.10291163771745937
time,rotation,0.8333333333333333,1000,122,31629,0.11259500914486562
time,rotation,0.8333333333333333,1000,123,31630,0.183636507366403
time,rotation,0.8333333333333333,1000,124,31631,0.1294671786570387
time,rotation,0.8333333333333333,1000,125,31632,0.11330574967159691
time,rotation,0.8333333333333333,1000,126,31633,0.11171887883908638
time,rotation,0.8333333333333333,1000,127,31634,0.10245191820175648
time,rotation,0.8333333333333333,1000,128,31635,0.13011048715112575
time,rotation,0.8333333333333333,1000,129,31636,0.13703472826879576
time,rotation,0.8333333333333333,1000,130,31637,0.13758261836509555
time,rotation,0.8333333333333333,1000,131,31638,0.11504909427533161
time,rotation,0.8333333333333333,1000,132,31639,0.11753118808636055
time,rotation,0.8333333333333333,1000,133,31640,0.10112533923667492
time,rotation,0.8333333333333333,1000,134,31641,0.11958894800637455
time,rotation,0.8333333333333333,1000,135,31642,0.13827280348267051
time,rotation,0.8333333333333333,1000,136,31643,0.11698713743759494
time,rotation,0.8333333333333333,1000,137,31644,0.10603109973287995
time,rotation,0.8333333333333333,1000,138,31645,0.11610896110991638
time,rotation,0.8333333333333333,1000,139,31646,0.1645800612369339
time,rotation,0.8333333333333333,1000,140,31647,0.14943248346192892
time,rotation,0.8333333333333333,1000,141,31648,0.11172956741381469
time,rotation,0.8333333333333333,1000,142,31649,0.11857897235892464
time,rotation,0.8333333333333333,1000,143,31650,0.12006017995198758
time,rotation,0.8333333333333333,1000,144,31651,0.14293659508984322
time,rotation,0.8333333333333333,1000,145,31652,0.11675942474693504
time,rotation,0.8333333333333333,1000,146,31653,0.1121417667077526
time,rotation,0.8333333333333333,1000,147,31654,0.10972843720534707
time,rotation,0.8333333333333333,1000,148,31655,0.13163403272991084
time,rotation,0.8333333333333333,1000,149,31656,0.11254381323217678
time,rotation,0.8333333333333333,1000,150,31657,0.15184411863971678
time,rotation,0.8333333333333333,1000,151,31658,0.11643791095891871
time,rotation,0.8333333333333333,1000,152,31659,0.1035516192348272
time,rotation,0.8333333333333333,1000,153,31660,0.1368403377019445
time,rotation,0.8333333333333333,1000,154,31661,0.11900075464518747
time,rotation,0.8333333333333333,1000,155,31662,0.13449989650013336
time,rotation,0.8333333333333333,1000,156,31663,0.10480709715956883
time,rotation,0.8333333333333333,1000,157,31664,0.12116298216649865
time,rotation,0.8333333333333333,1000,158,31665,0.11759132389695572
time,rotation,0.8333333333333333,1000,159,31666,0.10564678786670004
time,rotation,0.8333333333333333,1000,160,31667,0.1099078593304936
time,rotation,0.8333333333333333,1000,161,31668,0.11353329876082474
time,rotation,0.8333333333333333,1000,162,31669,0.12137501647371583
time,rotation,0.8333333333333333,1000,163,31670,0.12809066704650215
time,rotation,0.8333333333333333,1000,164,31671,0.12047071067302234
time,rotation,0.8333333333333333,1000,165,31672,0.10757247499580899
time,rotation,0.8333333333333333,1000,166,31673,0.10216463433819867
time,rotation,0.8333333333333333,1000,167,31674,0.13584227216536238
time,rotation,0.8333333333333333,1000,168,31675,0.13010141896555572
time,rotation,0.8333333333333333,1000,169,31676,0.09878236598890862
time,rotation,0.8333333333333333,1000,170,31677,0.098870681891686
time,rotation,0.8333333333333333,1000,171,31678,0.10238708795976023
time,rotation,0.8333333333333333,1000,172,31679,0.1270499209348413
time,rotation,0.8333333333333333,1000,173,31680,0.10982822085953484
time,rotation,0.8333333333333333,1000,174,31681,0.11793479086104915
time,rotation,0.8333333333333333,1000,175,31682,0.14678882872566343
time,rotation,0.8333333333333333,1000,176,31683,0.10513573798424762
time,rotation,0.8333333333333333,1000,177,31684,0.11115549427159503
time,rotation,0.8333333333333333,1000,178,31685,0.1651772882619221
time,rotation,0.8333333333333333,1000,179,31686,0.1743037041730929
time,rotation,0.8333333333333333,1000,180,31687,0.1376578681531486
time,rotation,0.8333333333333333,1000,181,31688,0.10465434421466305
time,rotation,0.8333333333333333,1000,182,31689,0.09504698055129486
time,rotation,0.8333333333333333,1000,183,31690,0.10674422324354245
time,rotation,0.8333333333333333,1000,184,31691,0.13271135681337246
time,rotation,0.8333333333333333,1000,185,31692,0.11866985353128116
time,rotation,0.8333333333333333,1000,186,31693,0.1258990468330167
time,rotation,0.8333333333333333,1000,187,31694,0.10375750316620506
time,rotation,0.8333333333333333,1000,188,31695,0.1191380494497708
time,rotation,0.8333333333333333,1000,189,31696,0.14315515455055075
time,rotation,0.8333333333333333,1000,190,31697,0.10832502124432997
time,rotation,0.8333333333333333,1000,191,31698,0.1181654157052381
time,rotation,0.8333333333333333,1000,192,31699,0.1266004517068572
time,rotation,0.8333333333333333,1000,193,31700,0.1155190131263109
time,rotation,0.8333333333333333,1000,194,31701,0.12441777893575134
time,rotation,0.8333333333333333,1000,195,31702,0.11150829732533657
time,rotation,0.8333333333333333,1000,196,31703,0.11044668872882714
time,rotation,0.8333333333333333,1000,197,31704,0.10692559563176779
time,rotation,0.8333333333333333,1000,198,31705,0.13614975995722808
time,rotation,0.8333333333333333,1000,199,31706,0.11651451339388055
time,rotation,1.0,1000,0,30833,0.11638597046058126
time,rotation,1.0,1000,1,30834,0.18274962556825985
time,rotation,1.0,1000,2,30835,0.10183310540005644
time,rotation,1.0,1000,3,30836,0.1252734777630124
time,rotation,1.0,1000,4,30837,0.10584692913696839
time,rotation,1.0,1000,5,30838,0.11359930046640032
time,rotation,1.0,1000,6,30839,0.1576239939377813
time,rotation,1.0,1000,7,30840,0.10302276270555538
time,rotation,1.0,1000,8,30841,0.1449570929828952
time,rotation,1.0,1000,9,30842,0.11534345337928541
time,rotation,1.0,1000,10,30843,0.11956017390360192
time,rotation,1.0,1000,11,30844,0.12427468568809606
time,rotation,1.0,1000,12,30845,0.09681946147990723
time,rotation,1.0,1000,13,30846,0.09832860928494903
time,rotation,1.0,1000,14,30847,0.1031917789589339
time,rotation,1.0,1000,15,30848,0.08922612696222243
time,rotation,1.0,1000,16,30849,0.10194715783653088
time,rotation,1.0,1000,17,30850,0.13255294099524959
time,rotation,1.0,1000,18,30851,0.11680115686957128
time,rotation,1.0,1000,19,30852,0.10605814620149695
time,rotation,1.0,1000,20,30853,0.12017486639826803
time,rotation,1.0,1000,21,30854,0.10623831402461102
time,rotation,1.0,1000,22,30855,0.11723163641441366
time,rotation,1.0,1000,23,30856,0.11113889889559822
time,rotation,1.0,1000,24,30857,0.10708235749344393
time,rotation,1.0,1000,25,30858,0.1429677429366439
time,rotation,1.0,1000,26,30859,0.10526039243391559
time,rotation,1.0,1000,27,30860,0.11963509690356032
time,rotation,1.0,1000,28,30861,0.12415166381177326
time,rotation,1.0,1000,29,30862,0.11395566150109832
time,rotation,1.0,1000,30,30863,0.10735454625236657
time,rotation,1.0,1000,31,30864,0.13118887014062547
time,rotation,1.0,1000,32,30865,0.11432973797233185
time,rotation,1.0,1000,33,30866,0.13677987661527122
time,rotation,1.0,1000,34,30867,0.16866073027207373
time,rotation,1.0,1000,35,30868,0.11604681897186397
time,rotation,1.0,1000,36,30869,0.10483917792455408
time,rotation,1.0,1000,37,30870,0.10926771157304638
time,rotation,1.0,1000,38,30871,0.1511636456168249
time,rotation,1.0,1000,39,30872,0.1215612335835826
time,rotation,1.0,1000,40,30873,0.1193235075457374
time,rotation,1.0,1000,41,30874,0.1282815563915888
time,rotation,1.0,1000,42,30875,0.12546872105140047
time,rotation,1.0,1000,43,30876,0.12467267012313829
time,rotation,1.0,1000,44,30877,0.16837331941304887
time,rotation,1.0,1000,45,30878,0.14097605643709207
time,rotation,1.0,1000,46,30879,0.10435607946315914
time,rotation,1.0,1000,47,30880,0.10083502266244397
time,rotation,1.0,1000,48,30881,0.11895637417909045
time,rotation,1.0,1000,49,30882,0.10283506092068773
time,rotation,1.0,1000,50,30883,0.11763521536883731
time,rotation,1.0,1000,51,30884,0.11923616114587499
time,rotation,1.0,1000,52,30885,0.17125730615589224
time,rotation,1.0,1000,53,30886,0.13574078209032955
time,rotation,1.0,1000,54,30887,0.11645964141823273
time,rotation,1.0,1000,55,30888,0.1189200214105835
time,rotation,1.0,1000,56,30889,0.12059307163420456
time,rotation,1.0,1000,57,30890,0.1010428720139028
time,rotation,1.0,1000,58,30891,0.11174317893157647
time,rotation,1.0,1000,59,30892,0.12871856861204967
time,rotation,1.0,1000,60,30893,0.10948205212409833
time,rotation,1.0,1000,61,30894,0.12333513460452825
time,rotation,1.0,1000,62,30895,0.11618534851295771
time,rotation,1.0,1000,63,30896,0.13510628855006993
time,rotation,1.0,1000,64,30897,0.1297139536379151
time,rotation,1.0,1000,65,30898,0.13926321033450145
time,rotation,1.0,1000,66,30899,0.09840333121210548
time,rotation,1.0,1000,67,30900,0.1230276273439182
time,rotation,1.0,1000,68,30901,0.1517564613726934
time,rotation,1.0,1000,69,30902,0.12138972989193862
time,rotation,1.0,1000,70,30903,0.13335684294499303
time,rotation,1.0,1000,71,30904,0.14070944346636102
time,rotation,1.0,1000,72,30905,0.12737259409530782
time,rotation,1.0,1000,73,30906,0.10950494639434405
time,rotation,1.0,1000,74,30907,0.10832351228929747
time,rotation,1.0,1000,75,30908,0.13934719181970986
time,rotation,1.0,1000,76,30909,0.1502395860172114
time,rotation,1.0,1000,77,30910,0.12494143952978701
time,rotation,1.0,1000,78,30911,0.1299988187549328
time,rotation,1.0,1000,79,30912,0.09584253146847235
time,rotation,1.0,1000,80,30913,0.10845803950514078
time,rotation,1.0,1000,81,30914,0.11905573690993469
time,rotation,1.0,1000,82,30915,0.10761911615261241
time,rotation,1.0,1000,83,30916,0.11382354980345606
time,rotation,1.0,1000,84,30917,0.14590931825439796
time,rotation,1.0,1000,85,30918,0.11097069669188635
time,rotation,1.0,1000,86,30919,0.1042072189611197
time,rotation,1.0,1000,87,30920,0.11274222895158657
time,rotation,1.0,1000,88,30921,0.1384809588421176
time,rotation,1.0,1000,89,30922,0.11092391380062151
time,rotation,1.0,1000,90,30923,0.12341960550769758
time,rotation,1.0,1000,91,30924,0.14053833444056604
time,rotation,1.0,1000,92,30925,0.1259053103787438
time,rotation,1.0,1000,93,30926,0.10314142087023936
time,rotation,1.0,1000,94,30927,0.11137826956935633
time,rotation,1.0,1000,95,30928,0.13365835204701818
time,rotation,1.0,1000,96,30929,0.12124315660077017
time,rotation,1.0,1000,97,30930,0.1282378489683854
time,rotation,1.0,1000,98,30931,0.13078351036860095
time,rotation,1.0,1000,99,30932,0.1111818893655498
time,rotation,1.0,1000,100,30933,0.10233442427520206
time,rotation,1.0,1000,101,30934,0.12715005913696975
time,rotation,1.0,1000,102,30935,0.10582132139932535
time,rotation,1.0,1000,103,30936,0.11796633322142488
time,rotation,1.0,1000,104,30937,0.11363985263020503
time,rotation,1.0,1000,105,30938,0.1271843215639008
time,rotation,1.0,1000,106,30939,0.12789179354694466
time,rotation,1.0,1000,107,30940,0.09899256260699728
time,rotation,1.0,1000,108,30941,0.10700748550618376
time,rotation,1.0,1000,109,30942,0.12664257862739087
time,rotation,1.0,1000,110,30943,0.15807416771559682
time,rotation,1.0,1000,111,30944,0.12047535659536006
time,rotation,1.0,1000,112,30945,0.12627211390621074
time,rotation,1.0,1000,113,30946,0.13566505609421053
time,rotation,1.0,1000,114,30947,0.10430582960872146
time,rotation,1.0,1000,115,30948,0.12070017395584992
time,rotation,1.0,1000,116,30949,0.11545394697363941
time,rotation,1.0,1000,117,30950,0.11414522874301991
time,rotation,1.0,1000,118,30951,0.11404131032379497
time,rotation,1.0,1000,119,30952,0.11181592743505639
time,rotation,1.0,1000,120,30953,0.10993665339416195
time,rotation,1.0,1000,121,30954,0.15310944943357332
time,rotation,1.0,1000,122,30955,0.10753811496650206
time,rotation,1.0,1000,123,30956,0.10130044087432544
time,rotation,1.0,1000,124,30957,0.16123010458290685
time,rotation,1.0,1000,125,30958,0.10030443840142336
time,rotation,1.0,1000,126,30959,0.1266509484876846
time,rotation,1.0,1000,127,30960,0.1362741147334752
time,rotation,1.0,1000,128,30961,0.1167574566779602
time,rotation,1.0,1000,129,30962,0.09253853575881185
time,rotation,1.0,1000,130,30963,0.12092885573716848
time,rotation,1.0,1000,131,30964,0.10943944099421724
time,rotation,1.0,1000,132,30965,0.14247580234666793
time,rotation,1.0,1000,133,30966,0.14908797923046585
time,rotation,1.0,1000,134,30967,0.11169488584540964
time,rotation,1.0,1000,135,30968,0.10554956128439774
time,rotation,1.0,1000,136,30969,0.1010658410434418
time,rotation,1.0,1000,137,30970,0.11693208867894164
time,rotation,1.0,1000,138,30971,0.11332145423631874
time,rotation,1.0,1000,139,30972,0.18639199205230356
time,rotation,1.0,1000,140,30973,0.16795849675663768
time,rotation,1.0,1000,141,30974,0.11139642152408878
time,rotation,1.0,1000,142,30975,0.10108233634408896
time,rotation,1.0,1000,143,30976,0.157078267783904
time,rotation,1.0,1000,144,30977,0.16726099780769677
time,rotation,1.0,1000,145,30978,0.12265434035337733
time,rotation,1.0,1000,146,30979,0.13229115100103933
time,rotation,1.0,1000,147,30980,0.11016624453520003
time,rotation,1.0,1000,148,30981,0.11083323832370731
time,rotation,1.0,1000,149,30982,0.1302332949834538
time,rotation,1.0,1000,150,30983,0.151361050067182
time,rotation,1.0,1000,151,30984,0.12589695941141232
time,rotation,1.0,1000,152,30985,0.10435118653814084
time,rotation,1.0,1000,153,30986,0.1359168770726015
time,rotation,1.0,1000,154,30987,0.10019621420737482
time,rotation,1.0,1000,155,30988,0.11968430135841716
time,rotation,1.0,1000,156,30989,0.12241399507734174
time,rotation,1.0,1000,157,30990,0.10181132613940637
time,rotation,1.0,1000,158,30991,0.14041958520199396
time,rotation,1.0,1000,159,30992,0.10873300733250005
time,rotation,1.0,1000,160,30993,0.10842638632097495
time,rotation,1.0,1000,161,30994,0.10593010872899704
time,rotation,1.0,1000,162,30995,0.10037565187640037
time,rotation,1.0,1000,163,30996,0.12888063485293785
time,rotation,1.0,1000,164,30997,0.12097146272509057
time,rotation,1.0,1000,165,30998,0.09806367942348237
time,rotation,1.0,1000,166,30999,0.11611796589802385
time,rotation,1.0,1000,167,31000,0.14801771493175944
time,rotation,1.0,1000,168,31001,0.10313888220727056
time,rotation,1.0,1000,169,31002,0.11420468961781775
time,rotation,1.0,1000,170,31003,0.09937934218207602
time,rotation,1.0,1000,171,31004,0.10592584208969498
time,rotation,1.0,1000,172,31005,0.11120821285230881
time,rotation,1.0,1000,173,31006,0.12755494273544948
time,rotation,1.0,1000,174,31007,0.12229580226793212
time,rotation,1.0,1000,175,31008,0.11153939152723301
time,rotation,1.0,1000,176,31009,0.10483091601984354
time,rotation,1.0,1000,177,31010,0.13308930220365842
time,rotation,1.0,1000,178,31011,0.11423376219580154
time,rotation,1.0,1000,179,31012,0.11331475459327495
time,rotation,1.0,1000,180,31013,0.13808068181423375
time,rotation,1.0,1000,181,31014,0.11081928563042595
time,rotation,1.0,1000,182,31015,0.12740317962628084
time,rotation,1.0,1000,183,31016,0.100367784336945
time,rotation,1.0,1000,184,31017,0.10780813733476106
time,rotation,1.0,1000,185,31018,0.11458127536205058
time,rotation,1.0,1000,186,31019,0.10723618991081343
time,rotation,1.0,1000,187,31020,0.10999327461750276
time,rotation,1.0,1000,188,31021,0.11922112233174248
time,rotation,1.0,1000,189,31022,0.11064897499268121
time,rotation,1.0,1000,190,31023,0.1405876756384584
time,rotation,1.0,1000,191,31024,0.10082862404023869
time,rotation,1.0,1000,192,31025,0.1112721716989553
time,rotation,1.0,1000,193,31026,0.08766290192728243
time,rotation,1.0,1000,194,31027,0.1102460885202022
time,rotation,1.0,1000,195,31028,0.10998396775127271
time,rotation,1.0,1000,196,31029,0.09999038571259614
time,rotation,1.0,1000,197,31030,0.10546952641725885
time,rotation,1.0,1000,198,31031,0.10706383425487435
time,rotation,1.0,1000,199,31032,0.11821279306820744
time,rotation,1.1666666666666665,1000,0,31932,0.15726521765170878
time,rotation,1.1666666666666665,1000,1,31933,0.11921136847907796
time,rotation,1.1666666666666665,1000,2,31934,0.12665814049119553
time,rotation,1.1666666666666665,1000,3,31935,0.11258347249621278
time,rotation,1.1666666666666665,1000,4,31936,0.10219628260817377
time,rotation,1.1666666666666665,1000,5,31937,0.1067168530921673
time,rotation,1.1666666666666665,1000,6,31938,0.12955339803516291
time,rotation,1.1666666666666665,1000,7,31939,0.10450276976398715
time,rotation,1.1666666666666665,1000,8,31940,0.09819695710408824
time,rotation,1.1666666666666665,1000,9,31941,0.12043712682754458
time,rotation,1.1666666666666665,1000,10,31942,0.11637270930841916
time,rotation,1.1666666666666665,1000,11,31943,0.14747464494963256
time,rotation,1.1666666666666665,1000,12,31944,0.10963163436789411
time,rotation,1.1666666666666665,1000,13,31945,0.1274506565449334
time,rotation,1.1666666666666665,1000,14,31946,0.12377389523516269
time,rotation,1.1666666666666665,1000,15,31947,0.10617283770833627
time,rotation,1.1666666666666665,1000,16,31948,0.11615938461680778
time,rotation,1.1666666666666665,1000,17,31949,0.12081444632052513
time,rotation,1.1666666666666665,1000,18,31950,0.11309132518049131
time,rotation,1.1666666666666665,1000,19,31951,0.16228284311904892
time,rotation,1.1666666666666665,1000,20,31952,0.09847446023735518
time,rotation,1.1666666666666665,1000,21,31953,0.12306189083021209
time,rotation,1.1666666666666665,1000,22,31954,0.10756619593279976
time,rotation,1.1666666666666665,1000,23,31955,0.12300536697937928
time,rotation,1.1666666666666665,1000,24,31956,0.11513132658735545
time,rotation,1.1666666666666665,1000,25,31957,0.11276631535548286
time,rotation,1.1666666666666665,1000,26,31958,0.11904812010274891
time,rotation,1.1666666666666665,1000,27,31959,0.11812121553430444
time,rotation,1.1666666666666665,1000,28,31960,0.10204591359344362
time,rotation,1.1666666666666665,1000,29,31961,0.10922884504743237
time,rotation,1.1666666666666665,1000,30,31962,0.11558930535165496
time,rotation,1.1666666666666665,1000,31,31963,0.110912110142396
time,rotation,1.1666666666666665,1000,32,31964,0.10250603694893802
time,rotation,1.1666666666666665,1000,33,31965,0.10789270330054518
time,rotation,1.1666666666666665,1000,34,31966,0.10063849534750888
time,rotation,1.1666666666666665,1000,35,31967,0.11936457955522874
time,rotation,1.1666666666666665,1000,36,31968,0.10727341538023252
time,rotation,1.1666666666666665,1000,37,31969,0.11105782709200851
time,rotation,1.1666666666666665,1000,38,31970,0.14377986245444632
time,rotation,1.1666666666666665,1000,39,31971,0.1029322732905421
time,rotation,1.1666666666666665,1000,40,31972,0.1072114923767568
time,rotation,1.1666666666666665,1000,41,31973,0.10114699944869299
time,rotation,1.1666666666666665,1000,42,31974,0.13745124984135312
time,rotation,1.1666666666666665,1000,43,31975,0.12109374177287985
time,rotation,1.1666666666666665,1000,44,31976,0.11390294490059938
time,rotation,1.1666666666666665,1000,45,31977,0.1095774739305269
time,rotation,1.1666666666666665,1000,46,31978,0.13425894175172431
time,rotation,1.1666666666666665,1000,47,31979,0.0989319731800334
time,rotation,1.1666666666666665,1000,48,31980,0.13083700299959244
time,rotation,1.1666666666666665,1000,49,31981,0.09878933250782375
time,rotation,1.1666666666666665,1000,50,31982,0.09999684179049126
time,rotation,1.1666666666666665,1000,51,31983,0.11571135520104382
time,rotation,1.1666666666666665,1000,52,31984,0.1065009818951366
time,rotation,1.1666666666666665,1000,53,31985,0.11067543641427081
time,rotation,1.1666666666666665,1000,54,31986,0.12806200144047802
time,rotation,1.1666666666666665,1000,55,31987,0.12028840618779084
time,rotation,1.1666666666666665,1000,56,31988,0.12958595650430052
time,rotation,1.1666666666666665,1000,57,31989,0.11742542586812704
time,rotation,1.1666666666666665,1000,58,31990,0.10168864214567074
time,rotation,1.1666666666666665,1000,59,31991,0.11820057281873227
time,rotation,1.1666666666666665,1000,60,31992,0.10135367951684748
time,rotation,1.1666666666666665,1000,61,31993,0.1412826265284879
time,rotation,1.1666666666666665,1000,62,31994,0.10892221389948621
time,rotation,1.1666666666666665,1000,63,31995,0.11331367256981636
time,rotation,1.1666666666666665,1000,64,31996,0.17751439083414314
time,rotation,1.1666666666666665,1000,65,31997,0.12677156285625896
time,rotation,1.1666666666666665,1000,66,31998,0.1095872918749078
time,rotation,1.1666666666666665,1000,67,31999,0.11359440532401914
time,rotation,1.1666666666666665,1000,68,32000,0.10690186251929087
time,rotation,1.1666666666666665,1000,69,32001,0.10381961114667254
time,rotation,1.1666666666666665,1000,70,32002,0.1000757408211348
time,rotation,1.1666666666666665,1000,71,32003,0.11379744120893055
time,rotation,1.1666666666666665,1000,72,32004,0.1112066254197824
time,rotation,1.1666666666666665,1000,73,32005,0.11402752509489711
time,rotation,1.1666666666666665,1000,74,32006,0.1560905722773997
time,rotation,1.1666666666666665,1000,75,32007,0.12193325504066424
time,rotation,1.1666666666666665,1000,76,32008,0.10903079678047714
time,rotation,1.1666666666666665,1000,77,32009,0.11471360241285807
time,rotation,1.1666666666666665,1000,78,32010,0.1015066607626094
time,rotation,1.1666666666666665,1000,79,32011,0.11232949067564243
time,rotation,1.1666666666666665,1000,80,32012,0.13455843647013532
time,rotation,1.1666666666666665,1000,81,32013,0.1291378441829598
time,rotation,1.1666666666666665,1000,82,32014,0.10473073395594491
time,rotation,1.1666666666666665,1000,83,32015,0.09693025169939799
time,rotation,1.1666666666666665,1000,84,32016,0.10710744013389031
time,rotation,1.1666666666666665,1000,85,32017,0.13172153613478488
time,rotation,1.1666666666666665,1000,86,32018,0.09977723011632103
time,rotation,1.1666666666666665,1000,87,32019,0.108680744081361
time,rotation,1.1666666666666665,1000,88,32020,0.13538272347567193
time,rotation,1.1666666666666665,1000,89,32021,0.10536933789930723
time,rotation,1.1666666666666665,1000,90,32022,0.1111556302152947
time,rotation,1.1666666666666665,1000,91,32023,0.11368125427839051
time,rotation,1.1666666666666665,1000,92,32024,0.10597590609973019
time,rotation,1.1666666666666665,1000,93,32025,0.11148239106216322
time,rotation,1.1666666666666665,1000,94,32026,0.11938639723976473
time,rotation,1.1666666666666665,1000,95,32027,0.10567200255566558
time,rotation,1.1666666666666665,1000,96,32028,0.12154550488450747
time,rotation,1.1666666666666665,1000,97,32029,0.10671135643825627
time,rotation,1.1666666666666665,1000,98,32030,0.1025833531041972
time,rotation,1.1666666666666665,1000,99,32031,0.10630964540383885
time,rotation,1.1666666666666665,1000,100,32032,0.15979149773857912
time,rotation,1.1666666666666665,1000,101,32033,0.11467162407120858
time,rotation,1.1666666666666665,1000,102,32034,0.10770094234408374
time,rotation,1.1666666666666665,1000,103,32035,0.11056827558153118
time,rotation,1.1666666666666665,1000,104,32036,0.11843738821079841
time,rotation,1.1666666666666665,1000,105,32037,0.14834887474951072
time,rotation,1.1666666666666665,1000,106,32038,0.10051179174697515
time,rotation,1.1666666666666665,1000,107,32039,0.1336568349757159
time,rotation,1.1666666666666665,1000,108,32040,0.12599947103300388
time,rotation,1.1666666666666665,1000,109,32041,0.10440835573048442
time,rotation,1.1666666666666665,1000,110,32042,0.12159535454802117
time,rotation,1.1666666666666665,1000,111,32043,0.10556495051961658
time,rotation,1.1666666666666665,1000,112,32044,0.11775715195866097
time,rotation,1.1666666666666665,1000,113,32045,0.10121672265850545
time,rotation,1.1666666666666665,1000,114,32046,0.11599621115606587
time,rotation,1.1666666666666665,1000,115,32047,0.1056632372832427
time,rotation,1.1666666666666665,1000,116,32048,0.10213705407727287
time,rotation,1.1666666666666665,1000,117,32049,0.11704777175369135
time,rotation,1.1666666666666665,1000,118,32050,0.15463180786317235
time,rotation,1.1666666666666665,1000,119,32051,0.10905042150805526
time,rotation,1.1666666666666665,1000,120,32052,0.10591405478130786
time,rotation,1.1666666666666665,1000,121,32053,0.10789602967042444
time,rotation,1.1666666666666665,1000,122,32054,0.10764006194872083
time,rotation,1.1666666666666665,1000,123,32055,0.11773857883627467
time,rotation,1.1666666666666665,1000,124,32056,0.11322398466756163
time,rotation,1.1666666666666665,1000,125,32057,0.11408692841966427
time,rotation,1.1666666666666665,1000,126,32058,0.15102331056739488
time,rotation,1.1666666666666665,1000,127,32059,0.1304079825254236
time,rotation,1.1666666666666665,1000,128,32060,0.14068564769220632
time,rotation,1.1666666666666665,1000,129,32061,0.1153085753490685
time,rotation,1.1666666666666665,1000,130,32062,0.11316393412318221
time,rotation,1.1666666666666665,1000,131,32063,0.1138732773443422
time,rotation,1.1666666666666665,1000,132,32064,0.10341241255266563
time,rotation,1.1666666666666665,1000,133,32065,0.14198433607643385
time,rotation,1.1666666666666665,1000,134,32066,0.09763343122727357
time,rotation,1.1666666666666665,1000,135,32067,0.112868429005597
time,rotation,1.1666666666666665,1000,136,32068,0.11964021739697718
time,rotation,1.1666666666666665,1000,137,32069,0.12447962472104002
time,rotation,1.1666666666666665,1000,138,32070,0.14230600938539475
time,rotation,1.1666666666666665,1000,139,32071,0.11328628783499907
time,rotation,1.1666666666666665,1000,140,32072,0.11345696539879728
time,rotation,1.1666666666666665,1000,141,32073,0.11625204013415588
time,rotation,1.1666666666666665,1000,142,32074,0.1325220900501316
time,rotation,1.1666666666666665,1000,143,32075,0.11744224967832559
time,rotation,1.1666666666666665,1000,144,32076,0.11313297884852128
time,rotation,1.1666666666666665,1000,145,32077,0.09185162873948376
time,rotation,1.1666666666666665,1000,146,32078,0.11159462008661174
time,rotation,1.1666666666666665,1000,147,32079,0.11512358380254477
time,rotation,1.1666666666666665,1000,148,32080,0.13242201599124592
time,rotation,1.1666666666666665,1000,149,32081,0.11660411193371681
time,rotation,1.1666666666666665,1000,150,32082,0.1064234741147308
time,rotation,1.1666666666666665,1000,151,32083,0.11082221009386312
time,rotation,1.1666666666666665,1000,152,32084,0.1097991055090451
time,rotation,1.1666666666666665,1000,153,32085,0.13330484532470496
time,rotation,1.1666666666666665,1000,154,32086,0.12451154562443567
time,rotation,1.1666666666666665,1000,155,32087,0.11306605311347342
time,rotation,1.1666666666666665,1000,156,32088,0.11410708361488545
time,rotation,1.1666666666666665,1000,157,32089,0.11228179192267466
time,rotation,1.1666666666666665,1000,158,32090,0.11905270316711668
time,rotation,1.1666666666666665,1000,159,32091,0.1317917075125503
time,rotation,1.1666666666666665,1000,160,32092,0.11141251307270567
time,rotation,1.1666666666666665,1000,161,32093,0.09977206586734112
time,rotation,1.1666666666666665,1000,162,32094,0.09890022342806903
time,rotation,1.1666666666666665,1000,163,32095,0.12214916634535211
time,rotation,1.1666666666666665,1000,164,32096,0.13036360897057894
time,rotation,1.1666666666666665,1000,165,32097,0.11897387174271641
time,rotation,1.1666666666666665,1000,166,32098,0.14814327537546546
time,rotation,1.1666666666666665,1000,167,32099,0.10877981238187838
time,rotation,1.1666666666666665,1000,168,32100,0.10691201321843984
time,rotation,1.1666666666666665,1000,169,32101,0.10632668823085877
time,rotation,1.1666666666666665,1000,170,32102,0.12968199160149704
time,rotation,1.1666666666666665,1000,171,32103,0.11101576645886842
time,rotation,1.1666666666666665,1000,172,32104,0.12989392913777786
time,rotation,1.1666666666666665,1000,173,32105,0.14241303046291537
time,rotation,1.1666666666666665,1000,174,32106,0.11558031929682225
time,rotation,1.1666666666666665,1000,175,32107,0.10270433858758363
time,rotation,1.1666666666666665,1000,176,32108,0.10245395399053005
time,rotation,1.1666666666666665,1000,177,32109,0.1384152526074009
time,rotation,1.1666666666666665,1000,178,32110,0.15665806960976053
time,rotation,1.1666666666666665,1000,179,32111,0.1046814998944803
time,rotation,1.1666666666666665,1000,180,32112,0.10034297066976515
time,rotation,1.1666666666666665,1000,181,32113,0.12087413861327712
time,rotation,1.1666666666666665,1000,182,32114,0.1384797410386667
time,rotation,1.1666666666666665,1000,183,32115,0.13105111371090677
time,rotation,1.1666666666666665,1000,184,32116,0.09427851043013258
time,rotation,1.1666666666666665,1000,185,32117,0.12481358940629693
time,rotation,1.1666666666666665,1000,186,32118,0.12446233556619808
time,rotation,1.1666666666666665,1000,187,32119,0.12663585977419006
time,rotation,1.1666666666666665,1000,188,32120,0.11829083233961142
time,rotation,1.1666666666666665,1000,189,32121,0.11805982238406378
time,rotation,1.1666666666666665,1000,190,32122,0.12255477383795958
time,rotation,1.1666666666666665,1000,191,32123,0.11974072380121813
time,rotation,1.1666666666666665,1000,192,32124,0.11250348846351105
time,rotation,1.1666666666666665,1000,193,32125,0.10906218784563028
time,rotation,1.1666666666666665,1000,194,32126,0.17630666838184517
time,rotation,1.1666666666666665,1000,195,32127,0.16418788839965812
time,rotation,1.1666666666666665,1000,196,32128,0.10609131516121072
time,rotation,1.1666666666666665,1000,197,32129,0.1057160821137701
time,rotation,1.1666666666666665,1000,198,32130,0.10962308449968844
time,rotation,1.1666666666666665,1000,199,32131,0.10861588091717633
time,rotation,1.3333333333333333,1000,0,31421,0.14370579347918824
time,rotation,1.3333333333333333,1000,1,31422,0.1415415197447856
time,rotation,1.3333333333333333,1000,2,31423,0.09249705642278065
time,rotation,1.3333333333333333,1000,3,31424,0.13906508619381058
time,rotation,1.3333333333333333,1000,4,31425,0.11990789855567421
time,rotation,1.3333333333333333,1000,5,31426,0.1266814140857239
time,rotation,1.3333333333333333,1000,6,31427,0.11571858249894622
time,rotation,1.3333333333333333,1000,7,31428,0.1480461502071935
time,rotation,1.3333333333333333,1000,8,31429,0.12362188422446631
time,rotation,1.3333333333333333,1000,9,31430,0.10028096844478668
time,rotation,1.3333333333333333,1000,10,31431,0.11526216996389116
time,rotation,1.3333333333333333,1000,11,31432,0.1274700535207016
time,rotation,1.3333333333333333,1000,12,31433,0.12234862537556616
time,rotation,1.3333333333333333,1000,13,31434,0.10958722054894535
time,rotation,1.3333333333333333,1000,14,31435,0.13365995546306156
time,rotation,1.3333333333333333,1000,15,31436,0.09874762362158959
time,rotation,1.3333333333333333,1000,16,31437,0.10150629874844824
time,rotation,1.3333333333333333,1000,17,31438,0.10580467363616704
time,rotation,1.3333333333333333,1000,18,31439,0.09957244687760654
time,rotation,1.3333333333333333,1000,19,31440,0.11614621809631206
time,rotation,1.3333333333333333,1000,20,31441,0.09953849143380017
time,rotation,1.3333333333333333,1000,21,31442,0.0970720351790768
time,rotation,1.3333333333333333,1000,22,31443,0.09678951931326579
time,rotation,1.3333333333333333,1000,23,31444,0.09563711364386132
time,rotation,1.3333333333333333,1000,24,31445,0.13379987022913256
time,rotation,1.3333333333333333,1000,25,31446,0.13794931505295022
time,rotation,1.3333333333333333,1000,26,31447,0.14001039759996442
time,rotation,1.3333333333333333,1000,27,31448,0.11803905289240627
time,rotation,1.3333333333333333,1000,28,31449,0.12434874932656202
time,rotation,1.3333333333333333,1000,29,31450,0.13470454982441235
time,rotation,1.3333333333333333,1000,30,31451,0.12435552126800209
time,rotation,1.3333333333333333,1000,31,31452,0.12455167405221905
time,rotation,1.3333333333333333,1000,32,31453,0.10100462555923419
time,rotation,1.3333333333333333,1000,33,31454,0.12150930083794734
time,rotation,1.3333333333333333,1000,34,31455,0.13398138596046932
time,rotation,1.3333333333333333,1000,35,31456,0.1087408917976159
time,rotation,1.3333333333333333,1000,36,31457,0.15169595531931654
time,rotation,1.3333333333333333,1000,37,31458,0.11329430552641316
time,rotation,1.3333333333333333,1000,38,31459,0.12318955573306946
time,rotation,1.3333333333333333,1000,39,31460,0.11957807925488144
time,rotation,1.3333333333333333,1000,40,31461,0.1291738063838089
time,rotation,1.3333333333333333,1000,41,31462,0.10714687539192468
time,rotation,1.3333333333333333,1000,42,31463,0.10081785859758066
time,rotation,1.3333333333333333,1000,43,31464,0.11438557633310774
time,rotation,1.3333333333333333,1000,44,31465,0.12720010932496012
time,rotation,1.3333333333333333,1000,45,31466,0.10003380666674552
time,rotation,1.3333333333333333,1000,46,31467,0.1373088268742754
time,rotation,1.3333333333333333,1000,47,31468,0.1181722968330234
time,rotation,1.3333333333333333,1000,48,31469,0.1251132999551816
time,rotation,1.3333333333333333,1000,49,31470,0.12360557359253727
time,rotation,1.3333333333333333,1000,50,31471,0.13844777566547792
time,rotation,1.3333333333333333,1000,51,31472,0.11989058253682769
time,rotation,1.3333333333333333,1000,52,31473,0.10293765433740601
time,rotation,1.3333333333333333,1000,53,31474,0.12038972565038063
time,rotation,1.3333333333333333,1000,54,31475,0.10000640883686826
time,rotation,1.3333333333333333,1000,55,31476,0.10305061930874194
time,rotation,1.3333333333333333,1000,56,31477,0.10944090238489078
time,rotation,1.3333333333333333,1000,57,31478,0.1315582928255564
time,rotation,1.3333333333333333,1000,58,31479,0.14606022835213617
time,rotation,1.3333333333333333,1000,59,31480,0.10259610615953797
time,rotation,1.3333333333333333,1000,60,31481,0.11008868358528778
time,rotation,1.3333333333333333,1000,61,31482,0.1338780588530269
time,rotation,1.3333333333333333,1000,62,31483,0.12346585077852322
time,rotation,1.3333333333333333,1000,63,31484,0.10086520437346937
time,rotation,1.3333333333333333,1000,64,31485,0.11078641507128936
time,rotation,1.3333333333333333,1000,65,31486,0.12717957491861756
time,rotation,1.3333333333333333,1000,66,31487,0.11437317431568353
time,rotation,1.3333333333333333,1000,67,31488,0.11904842697673035
time,rotation,1.3333333333333333,1000,68,31489,0.11365419056865807
time,rotation,1.3333333333333333,1000,69,31490,0.10751587281356761
time,rotation,1.3333333333333333,1000,70,31491,0.1276926583392281
time,rotation,1.3333333333333333,1000,71,31492,0.110497954894105
time,rotation,1.3333333333333333,1000,72,31493,0.11396074958248666
time,rotation,1.3333333333333333,1000,73,31494,0.11483633680358542
time,rotation,1.3333333333333333,1000,74,31495,0.17459936795360792
time,rotation,1.3333333333333333,1000,75,31496,0.09938156969714121
time,rotation,1.3333333333333333,1000,76,31497,0.10578483145111782
time,rotation,1.3333333333333333,1000,77,31498,0.10436569531901067
time,rotation,1.3333333333333333,1000,78,31499,0.09498864092386981
time,rotation,1.3333333333333333,1000,79,31500,0.12273571611458481
time,rotation,1.3333333333333333,1000,80,31501,0.10639763487084992
time,rotation,1.3333333333333333,1000,81,31502,0.11833964563370519
time,rotation,1.3333333333333333,1000,82,31503,0.13998381881587788
time,rotation,1.3333333333333333,1000,83,31504,0.1224244112133758
time,rotation,1.3333333333333333,1000,84,31505,0.10383020926063946
time,rotation,1.3333333333333333,1000,85,31506,0.15304233345617543
time,rotation,1.3333333333333333,1000,86,31507,0.1504627259782752
time,rotation,1.3333333333333333,1000,87,31508,0.15876291610493815
time,rotation,1.3333333333333333,1000,88,31509,0.1095657636773664
time,rotation,1.3333333333333333,1000,89,31510,0.11474095155167605
time,rotation,1.3333333333333333,1000,90,31511,0.11594511154655376
time,rotation,1.3333333333333333,1000,91,31512,0.1549746868520764
time,rotation,1.3333333333333333,1000,92,31513,0.1616048397931766
time,rotation,1.3333333333333333,1000,93,31514,0.10928813394533528
time,rotation,1.3333333333333333,1000,94,31515,0.11291206020440753
time,rotation,1.3333333333333333,1000,95,31516,0.11604106905732363
time,rotation,1.3333333333333333,1000,96,31517,0.11223691493241576
time,rotation,1.3333333333333333,1000,97,31518,0.1161195289670754
time,rotation,1.3333333333333333,1000,98,31519,0.09890569683195316
time,rotation,1.3333333333333333,1000,99,31520,0.12590175169986842
time,rotation,1.3333333333333333,1000,100,31521,0.12066418085146745
time,rotation,1.3333333333333333,1000,101,31522,0.1282513598733676
time,rotation,1.3333333333333333,1000,102,31523,0.11438788930923209
time,rotation,1.3333333333333333,1000,103,31524,0.1398030941771073
time,rotation,1.3333333333333333,1000,104,31525,0.13224348915896794
time,rotation,1.3333333333333333,1000,105,31526,0.11254419170074526
time,rotation,1.3333333333333333,1000,106,31527,0.12140463046673407
time,rotation,1.3333333333333333,1000,107,31528,0.18853123675916508
time,rotation,1.3333333333333333,1000,108,31529,0.14792685159079377
time,rotation,1.3333333333333333,1000,109,31530,0.12580933418094495
time,rotation,1.3333333333333333,1000,110,31531,0.1826857943661645
time,rotation,1.3333333333333333,1000,111,31532,0.12150309040416529
time,rotation,1.3333333333333333,1000,112,31533,0.12572886125741553
time,rotation,1.3333333333333333,1000,113,31534,0.09649902526978371
time,rotation,1.3333333333333333,1000,114,31535,0.14480948006597075
time,rotation,1.3333333333333333,1000,115,31536,0.12182143956037454
time,rotation,1.3333333333333333,1000,116,31537,0.1307218137949593
time,rotation,1.3333333333333333,1000,117,31538,0.11302584869964928
time,rotation,1.3333333333333333,1000,118,31539,0.12960240721897592
time,rotation,1.3333333333333333,1000,119,31540,0.10650868079152613
time,rotation,1.3333333333333333,1000,120,31541,0.10526329936063283
time,rotation,1.3333333333333333,1000,121,31542,0.11076395221852926
time,rotation,1.3333333333333333,1000,122,31543,0.11508250698711699
time,rotation,1.3333333333333333,1000,123,31544,0.10457547868640929
time,rotation,1.3333333333333333,1000,124,31545,0.09911948962687388
time,rotation,1.3333333333333333,1000,125,31546,0.11262074666584032
time,rotation,1.3333333333333333,1000,126,31547,0.14002121753456168
time,rotation,1.3333333333333333,1000,127,31548,0.1290531376524244
time,rotation,1.3333333333333333,1000,128,31549,0.1111069018929868
time,rotation,1.3333333333333333,1000,129,31550,0.11145466678704742
time,rotation,1.3333333333333333,1000,130,31551,0.11383925893784475
time,rotation,1.3333333333333333,1000,131,31552,0.0993285280318136
time,rotation,1.3333333333333333,1000,132,31553,0.10959691873914959
time,rotation,1.3333333333333333,1000,133,31554,0.11034833573895138
time,rotation,1.3333333333333333,1000,134,31555,0.10909872697601493
time,rotation,1.3333333333333333,1000,135,31556,0.10039651533779834
time,rotation,1.3333333333333333,1000,136,31557,0.13249522478899817
time,rotation,1.3333333333333333,1000,137,31558,0.1082151134649682
time,rotation,1.3333333333333333,1000,138,31559,0.11455686378619165
time,rotation,1.3333333333333333,1000,139,31560,0.13386883723778173
time,rotation,1.3333333333333333,1000,140,31561,0.13742701665845122
time,rotation,1.3333333333333333,1000,141,31562,0.13418781881751918
time,rotation,1.3333333333333333,1000,142,31563,0.12004666713837199
time,rotation,1.3333333333333333,1000,143,31564,0.10532696560156683
time,rotation,1.3333333333333333,1000,144,31565,0.11634054503801519
time,rotation,1.3333333333333333,1000,145,31566,0.13545811343316777
time,rotation,1.3333333333333333,1000,146,31567,0.1467842866929966
time,rotation,1.3333333333333333,1000,147,31568,0.10728100194783068
time,rotation,1.3333333333333333,1000,148,31569,0.1380771722400584
time,rotation,1.3333333333333333,1000,149,31570,0.11983874315243294
time,rotation,1.3333333333333333,1000,150,31571,0.10994603584555523
time,rotation,1.3333333333333333,1000,151,31572,0.10299295110346558
time,rotation,1.3333333333333333,1000,152,31573,0.11881887055208731
time,rotation,1.3333333333333333,1000,153,31574,0.14163606013468633
time,rotation,1.3333333333333333,1000,154,31575,0.13496805613862653
time,rotation,1.3333333333333333,1000,155,31576,0.1339813872501799
time,rotation,1.3333333333333333,1000,156,31577,0.14219118825851554
time,rotation,1.3333333333333333,1000,157,31578,0.11012797920114406
time,rotation,1.3333333333333333,1000,158,31579,0.18939841842577568
time,rotation,1.3333333333333333,1000,159,31580,0.13656464466501006
time,rotation,1.3333333333333333,1000,160,31581,0.13970951962801786
time,rotation,1.3333333333333333,1000,161,31582,0.15238302121375913
time,rotation,1.3333333333333333,1000,162,31583,0.1095225421211743
time,rotation,1.3333333333333333,1000,163,31584,0.10569747969699433
time,rotation,1.3333333333333333,1000,164,31585,0.15716957785788682
time,rotation,1.3333333333333333,1000,165,31586,0.1347609086632568
time,rotation,1.3333333333333333,1000,166,31587,0.10619499110105186
time,rotation,1.3333333333333333,1000,167,31588,0.09402748296082292
time,rotation,1.3333333333333333,1000,168,31589,0.12107608329923242
time,rotation,1.3333333333333333,1000,169,31590,0.11306894116530164
time,rotation,1.3333333333333333,1000,170,31591,0.11361218556640816
time,rotation,1.3333333333333333,1000,171,31592,0.13934766184848132
time,rotation,1.3333333333333333,1000,172,31593,0.12923364069547125
time,rotation,1.3333333333333333,1000,173,31594,0.12285909431044183
time,rotation,1.3333333333333333,1000,174,31595,0.13406532849613767
time,rotation,1.3333333333333333,1000,175,31596,0.14207225265382112
time,rotation,1.3333333333333333,1000,176,31597,0.1233197158119
time,rotation,1.3333333333333333,1000,177,31598,0.1140024765958424
time,rotation,1.3333333333333333,1000,178,31599,0.1227719887854281
time,rotation,1.3333333333333333,1000,179,31600,0.09541065710639515
time,rotation,1.3333333333333333,1000,180,31601,0.11430582161094337
time,rotation,1.3333333333333333,1000,181,31602,0.1299763641343035
time,rotation,1.3333333333333333,1000,182,31603,0.1430285237495653
time,rotation,1.3333333333333333,1000,183,31604,0.12751358617934644
time,rotation,1.3333333333333333,1000,184,31605,0.10132132043308366
time,rotation,1.3333333333333333,1000,185,31606,0.09596587196489798
time,rotation,1.3333333333333333,1000,186,31607,0.14511987701175474
time,rotation,1.3333333333333333,1000,187,31608,0.13393638454645854
time,rotation,1.3333333333333333,1000,188,31609,0.11421733223992472
time,rotation,1.3333333333333333,1000,189,31610,0.09723346403174102
time,rotation,1.3333333333333333,1000,190,31611,0.10771340195656595
time,rotation,1.3333333333333333,1000,191,31612,0.11141510963315181
time,rotation,1.3333333333333333,1000,192,31613,0.10569693910160939
time,rotation,1.3333333333333333,1000,193,31614,0.13202699665781334
time,rotation,1.3333333333333333,1000,194,31615,0.10995640037255482
time,rotation,1.3333333333333333,1000,195,31616,0.10700028656463363
time,rotation,1.3333333333333333,1000,196,31617,0.10174435516558067
time,rotation,1.3333333333333333,1000,197,31618,0.12505046090026561
time,rotation,1.3333333333333333,1000,198,31619,0.10743183270401185
time,rotation,1.3333333333333333,1000,199,31620,0.12332875892702713
time,rotation,1.5,1000,0,30938,0.12718432156390083
time,rotation,1.5,1000,1,30939,0.12789179354694438
time,rotation,1.5,1000,2,30940,0.09899256260699725
time,rotation,1.5,1000,3,30941,0.10700748550618355
time,rotation,1.5,1000,4,30942,0.12664257862739076
time,rotation,1.5,1000,5,30943,0.15807416771559674
time,rotation,1.5,1000,6,30944,0.1204753565953598
time,rotation,1.5,1000,7,30945,0.12627211390621063
time,rotation,1.5,1000,8,30946,0.1356650560942106
time,rotation,1.5,1000,9,30947,0.10430582960872128
time,rotation,1.5,1000,10,30948,0.12070017395584999
time,rotation,1.5,1000,11,30949,0.11545394697363927
time,rotation,1.5,1000,12,30950,0.11414522874302024
time,rotation,1.5,1000,13,30951,0.11404131032379519
time,rotation,1.5,1000,14,30952,0.11181592743505651
time,rotation,1.5,1000,15,30953,0.10993665339416193
time,rotation,1.5,1000,16,30954,0.1531094494335735
time,rotation,1.5,1000,17,30955,0.10753811496650215
time,rotation,1.5,1000,18,30956,0.10130044087432553
time,rotation,1.5,1000,19,30957,0.16123010458290665
time,rotation,1.5,1000,20,30958,0.1003044384014233
time,rotation,1.5,1000,21,30959,0.12665094848768446
time,rotation,1.5,1000,22,30960,0.1362741147334753
time,rotation,1.5,1000,23,30961,0.11675745667795999
time,rotation,1.5,1000,24,30962,0.0925385357588123
time,rotation,1.5,1000,25,30963,0.1209288557371685
time,rotation,1.5,1000,26,30964,0.10943944099421735
time,rotation,1.5,1000,27,30965,0.1424758023466679
time,rotation,1.5,1000,28,30966,0.14908797923046566
time,rotation,1.5,1000,29,30967,0.11169488584540965
time,rotation,1.5,1000,30,30968,0.1055495612843975
time,rotation,1.5,1000,31,30969,0.10106584104344192
time,rotation,1.5,1000,32,30970,0.1169320886789416
time,rotation,1.5,1000,33,30971,0.1133214542363187
time,rotation,1.5,1000,34,30972,0.18639199205230347
time,rotation,1.5,1000,35,30973,0.16795849675663777
time,rotation,1.5,1000,36,30974,0.11139642152408914
time,rotation,1.5,1000,37,30975,0.10108233634408896
time,rotation,1.5,1000,38,30976,0.157078267783904
time,rotation,1.5,1000,39,30977,0.16726099780769682
time,rotation,1.5,1000,40,30978,0.12265434035337697
time,rotation,1.5,1000,41,30979,0.13229115100103925
time,rotation,1.5,1000,42,30980,0.1101662445352001
time,rotation,1.5,1000,43,30981,0.11083323832370791
time,rotation,1.5,1000,44,30982,0.13023329498345337
time,rotation,1.5,1000,45,30983,0.151361050067182
time,rotation,1.5,1000,46,30984,0.12589695941141238
time,rotation,1.5,1000,47,30985,0.10435118653814067
time,rotation,1.5,1000,48,30986,0.1359168770726017
time,rotation,1.5,1000,49,30987,0.10019621420737487
time,rotation,1.5,1000,50,30988,0.11968430135841708
time,rotation,1.5,1000,51,30989,0.1224139950773416
time,rotation,1.5,1000,52,30990,0.10181132613940633
time,rotation,1.5,1000,53,30991,0.14041958520199377
time,rotation,1.5,1000,54,30992,0.10873300733250012
time,rotation,1.5,1000,55,30993,0.10842638632097475
time,rotation,1.5,1000,56,30994,0.10593010872899669
time,rotation,1.5,1000,57,30995,0.10037565187640034
time,rotation,1.5,1000,58,30996,0.12888063485293774
time,rotation,1.5,1000,59,30997,0.12097146272509074
time,rotation,1.5,1000,60,30998,0.0980636794234825
time,rotation,1.5,1000,61,30999,0.11611796589802383
time,rotation,1.5,1000,62,31000,0.14801771493175933
time,rotation,1.5,1000,63,31001,0.10313888220727052
time,rotation,1.5,1000,64,31002,0.1142046896178179
time,rotation,1.5,1000,65,31003,0.09937934218207589
time,rotation,1.5,1000,66,31004,0.10592584208969506
time,rotation,1.5,1000,67,31005,0.1112082128523087
time,rotation,1.5,1000,68,31006,0.12755494273544962
time,rotation,1.5,1000,69,31007,0.12229580226793241
time,rotation,1.5,1000,70,31008,0.1115393915272332
time,rotation,1.5,1000,71,31009,0.1048309160198434
time,rotation,1.5,1000,72,31010,0.13308930220365792
time,rotation,1.5,1000,73,31011,0.11423376219580156
time,rotation,1.5,1000,74,31012,0.11331475459327475
time,rotation,1.5,1000,75,31013,0.1380806818142339
time,rotation,1.5,1000,76,31014,0.11081928563042578
time,rotation,1.5,1000,77,31015,0.12740317962628073
time,rotation,1.5,1000,78,31016,0.10036778433694497
time,rotation,1.5,1000,79,31017,0.10780813733476109
time,rotation,1.5,1000,80,31018,0.11458127536205055
time,rotation,1.5,1000,81,31019,0.1072361899108133
time,rotation,1.5,1000,82,31020,0.10999327461750284
time,rotation,1.5,1000,83,31021,0.11922112233174229
time,rotation,1.5,1000,84,31022,0.11064897499268138
time,rotation,1.5,1000,85,31023,0.14058767563845848
time,rotation,1.5,1000,86,31024,0.1008286240402388
time,rotation,1.5,1000,87,31025,0.11127217169895533
time,rotation,1.5,1000,88,31026,0.08766290192728263
time,rotation,1.5,1000,89,31027,0.11024608852020219
time,rotation,1.5,1000,90,31028,0.10998396775127238
time,rotation,1.5,1000,91,31029,0.09999038571259607
time,rotation,1.5,1000,92,31030,0.10546952641725865
time,rotation,1.5,1000,93,31031,0.10706383425487437
time,rotation,1.5,1000,94,31032,0.11821279306820741
time,rotation,1.5,1000,95,31033,0.1566764917299167
time,rotation,1.5,1000,96,31034,0.1090470029087288
time,rotation,1.5,1000,97,31035,0.12559866793226412
time,rotation,1.5,1000,98,31036,0.13025663421368933
time,rotation,1.5,1000,99,31037,0.11813623773596735
time,rotation,1.5,1000,100,31038,0.12631047987710126
time,rotation,1.5,1000,101,31039,0.14709782873263302
time,rotation,1.5,1000,102,31040,0.11452975761458982
time,rotation,1.5,1000,103,31041,0.1319782302996367
time,rotation,1.5,1000,104,31042,0.10124841557475832
time,rotation,1.5,1000,105,31043,0.10301701758653206
time,rotation,1.5,1000,106,31044,0.14528751666964582
time,rotation,1.5,1000,107,31045,0.12250752707822386
time,rotation,1.5,1000,108,31046,0.09998246815884802
time,rotation,1.5,1000,109,31047,0.1245501252785799
time,rotation,1.5,1000,110,31048,0.12763313199317047
time,rotation,1.5,1000,111,31049,0.16440020206103942
time,rotation,1.5,1000,112,31050,0.16716318978665726
time,rotation,1.5,1000,113,31051,0.12085985478189541
time,rotation,1.5,1000,114,31052,0.12081043687781848
time,rotation,1.5,1000,115,31053,0.09937424181782384
time,rotation,1.5,1000,116,31054,0.12613297717771096
time,rotation,1.5,1000,117,31055,0.12157813659701516
time,rotation,1.5,1000,118,31056,0.12990966655790132
time,rotation,1.5,1000,119,31057,0.10799127692600917
time,rotation,1.5,1000,120,31058,0.10803990837007627
time,rotation,1.5,1000,121,31059,0.1343516646515928
time,rotation,1.5,1000,122,31060,0.10542008007149575
time,rotation,1.5,1000,123,31061,0.09701041217406338
time,rotation,1.5,1000,124,31062,0.12899812064208405
time,rotation,1.5,1000,125,31063,0.12792874843052018
time,rotation,1.5,1000,126,31064,0.1049981361877382
time,rotation,1.5,1000,127,31065,0.12643234821725144
time,rotation,1.5,1000,128,31066,0.09696081490728962
time,rotation,1.5,1000,129,31067,0.14707770298102602
time,rotation,1.5,1000,130,31068,0.11977692629470568
time,rotation,1.5,1000,131,31069,0.12428525932131212
time,rotation,1.5,1000,132,31070,0.12598006275832344
time,rotation,1.5,1000,133,31071,0.11568443522173623
time,rotation,1.5,1000,134,31072,0.11591339327607765
time,rotation,1.5,1000,135,31073,0.14981401179760284
time,rotation,1.5,1000,136,31074,0.1189475454401155
time,rotation,1.5,1000,137,31075,0.15255245328284767
time,rotation,1.5,1000,138,31076,0.11164138653427903
time,rotation,1.5,1000,139,31077,0.10195251691587624
time,rotation,1.5,1000,140,31078,0.12052870562938753
time,rotation,1.5,1000,141,31079,0.10946355239455083
time,rotation,1.5,1000,142,31080,0.10802913716041894
time,rotation,1.5,1000,143,31081,0.11957898083946454
time,rotation,1.5,1000,144,31082,0.10774803923385098
time,rotation,1.5,1000,145,31083,0.10015429548158229
time,rotation,1.5,1000,146,31084,0.1009429105176491
time,rotation,1.5,1000,147,31085,0.1411654788119428
time,rotation,1.5,1000,148,31086,0.11758998391031199
time,rotation,1.5,1000,149,31087,0.10307790266543866
time,rotation,1.5,1000,150,31088,0.12644036520048843
time,rotation,1.5,1000,151,31089,0.10676136537018138
time,rotation,1.5,1000,152,31090,0.0969031265207898
time,rotation,1.5,1000,153,31091,0.14002317835791672
time,rotation,1.5,1000,154,31092,0.1127761133991989
time,rotation,1.5,1000,155,31093,0.10650850626869349
time,rotation,1.5,1000,156,31094,0.12773962662522467
time,rotation,1.5,1000,157,31095,0.1060038051958575
time,rotation,1.5,1000,158,31096,0.1124042368435591
time,rotation,1.5,1000,159,31097,0.10251060158245755
time,rotation,1.5,1000,160,31098,0.1171968515545636
time,rotation,1.5,1000,161,31099,0.09857152370728212
time,rotation,1.5,1000,162,31100,0.09329234947228884
time,rotation,1.5,1000,163,31101,0.11774401947864745
time,rotation,1.5,1000,164,31102,0.13277091733082166
time,rotation,1.5,1000,165,31103,0.14292166180455593
time,rotation,1.5,1000,166,31104,0.11764972127062984
time,rotation,1.5,1000,167,31105,0.11952297680945037
time,rotation,1.5,1000,168,31106,0.17123615952415455
time,rotation,1.5,1000,169,31107,0.11010777987723636
time,rotation,1.5,1000,170,31108,0.09795376997383849
time,rotation,1.5,1000,171,31109,0.11519724197374193
time,rotation,1.5,1000,172,31110,0.11265921791359536
time,rotation,1.5,1000,173,31111,0.09625765393773178
time,rotation,1.5,1000,174,31112,0.13916434781857348
time,rotation,1.5,1000,175,31113,0.1115548989811182
time,rotation,1.5,1000,176,31114,0.1702124938853494
time,rotation,1.5,1000,177,31115,0.15275498644375743
time,rotation,1.5,1000,178,31116,0.17093192894536463
time,rotation,1.5,1000,179,31117,0.14590406919673682
time,rotation,1.5,1000,180,31118,0.10647414319454004
time,rotation,1.5,1000,181,31119,0.1137511509101248
time,rotation,1.5,1000,182,31120,0.09779421135889627
time,rotation,1.5,1000,183,31121,0.10862706535142512
time,rotation,1.5,1000,184,31122,0.10808782447176335
time,rotation,1.5,1000,185,31123,0.11890243026121479
time,rotation,1.5,1000,186,31124,0.11321245818455587
time,rotation,1.5,1000,187,31125,0.15507630344395076
time,rotation,1.5,1000,188,31126,0.11013954497706184
time,rotation,1.5,1000,189,31127,0.13084068819349104
time,rotation,1.5,1000,190,31128,0.11759581199016483
time,rotation,1.5,1000,191,31129,0.1108510868165563
time,rotation,1.5,1000,192,31130,0.11611876989002064
time,rotation,1.5,1000,193,31131,0.108052102358163
time,rotation,1.5,1000,194,31132,0.11152893830620723
time,rotation,1.5,1000,195,31133,0.11344662310293889
time,rotation,1.5,1000,196,31134,0.11406582392280601
time,rotation,1.5,1000,197,31135,0.10924372053055731
time,rotation,1.5,1000,198,31136,0.11684903447033804
time,rotation,1.5,1000,199,31137,0.19735054242226546
time,rotation,1.6666666666666665,1000,0,32037,0.14834887474951075
time,rotation,1.6666666666666665,1000,1,32038,0.10051179174697512
time,rotation,1.6666666666666665,1000,2,32039,0.13365683497571604
time,rotation,1.6666666666666665,1000,3,32040,0.12599947103300402
time,rotation,1.6666666666666665,1000,4,32041,0.10440835573048474
time,rotation,1.6666666666666665,1000,5,32042,0.12159535454802194
time,rotation,1.6666666666666665,1000,6,32043,0.10556495051961634
time,rotation,1.6666666666666665,1000,7,32044,0.11775715195866104
time,rotation,1.6666666666666665,1000,8,32045,0.10121672265850579
time,rotation,1.6666666666666665,1000,9,32046,0.11599621115606644
time,rotation,1.6666666666666665,1000,10,32047,0.10566323728324296
time,rotation,1.6666666666666665,1000,11,32048,0.10213705407727279
time,rotation,1.6666666666666665,1000,12,32049,0.11704777175369165
time,rotation,1.6666666666666665,1000,13,32050,0.1546318078631719
time,rotation,1.6666666666666665,1000,14,32051,0.10905042150805516
time,rotation,1.6666666666666665,1000,15,32052,0.10591405478130818
time,rotation,1.6666666666666665,1000,16,32053,0.10789602967042418
time,rotation,1.6666666666666665,1000,17,32054,0.1076400619487208
time,rotation,1.6666666666666665,1000,18,32055,0.11773857883627453
time,rotation,1.6666666666666665,1000,19,32056,0.1132239846675615
time,rotation,1.6666666666666665,1000,20,32057,0.1140869284196643
time,rotation,1.6666666666666665,1000,21,32058,0.15102331056739485
time,rotation,1.6666666666666665,1000,22,32059,0.13040798252542352
time,rotation,1.6666666666666665,1000,23,32060,0.14068564769220626
time,rotation,1.6666666666666665,1000,24,32061,0.11530857534906863
time,rotation,1.6666666666666665,1000,25,32062,0.11316393412318212
time,rotation,1.6666666666666665,1000,26,32063,0.11387327734434236
time,rotation,1.6666666666666665,1000,27,32064,0.10341241255266563
time,rotation,1.6666666666666665,1000,28,32065,0.14198433607643382
time,rotation,1.6666666666666665,1000,29,32066,0.09763343122727382
time,rotation,1.6666666666666665,1000,30,32067,0.11286842900559704
time,rotation,1.6666666666666665,1000,31,32068,0.11964021739697706
time,rotation,1.6666666666666665,1000,32,32069,0.12447962472103977
time,rotation,1.6666666666666665,1000,33,32070,0.1423060093853948
time,rotation,1.6666666666666665,1000,34,32071,0.11328628783499912
time,rotation,1.6666666666666665,1000,35,32072,0.11345696539879695
time,rotation,1.6666666666666665,1000,36,32073,0.11625204013415609
time,rotation,1.6666666666666665,1000,37,32074,0.13252209005013163
time,rotation,1.6666666666666665,1000,38,32075,0.11744224967832552
time,rotation,1.6666666666666665,1000,39,32076,0.11313297884852115
time,rotation,1.6666666666666665,1000,40,32077,0.0918516287394841
time,rotation,1.6666666666666665,1000,41,32078,0.11159462008661189
time,rotation,1.6666666666666665,1000,42,32079,0.1151235838025448
time,rotation,1.6666666666666665,1000,43,32080,0.1324220159912458
time,rotation,1.6666666666666665,1000,44,32081,0.11660411193371603
time,rotation,1.6666666666666665,1000,45,32082,0.10642347411473049
time,rotation,1.6666666666666665,1000,46,32083,0.11082221009386332
time,rotation,1.6666666666666665,1000,47,32084,0.10979910550904524
time,rotation,1.6666666666666665,1000,48,32085,0.13330484532470485
time,rotation,1.6666666666666665,1000,49,32086,0.12451154562443584
time,rotation,1.6666666666666665,1000,50,32087,0.11306605311347355
time,rotation,1.6666666666666665,1000,51,32088,0.11410708361488547
time,rotation,1.6666666666666665,1000,52,32089,0.11228179192267455
time,rotation,1.6666666666666665,1000,53,32090,0.11905270316711684
time,rotation,1.6666666666666665,1000,54,32091,0.13179170751255032
time,rotation,1.6666666666666665,1000,55,32092,0.1114125130727057
time,rotation,1.6666666666666665,1000,56,32093,0.09977206586734094
time,rotation,1.6666666666666665,1000,57,32094,0.09890022342806898
time,rotation,1.6666666666666665,1000,58,32095,0.12214916634535204
time,rotation,1.6666666666666665,1000,59,32096,0.1303636089705788
time,rotation,1.6666666666666665,1000,60,32097,0.11897387174271608
time,rotation,1.6666666666666665,1000,61,32098,0.14814327537546548
time,rotation,1.6666666666666665,1000,62,32099,0.10877981238187842
time,rotation,1.6666666666666665,1000,63,32100,0.10691201321843986
time,rotation,1.6666666666666665,1000,64,32101,0.10632668823085852
time,rotation,1.6666666666666665,1000,65,32102,0.12968199160149707
time,rotation,1.6666666666666665,1000,66,32103,0.11101576645886849
time,rotation,1.6666666666666665,1000,67,32104,0.12989392913777806
time,rotation,1.6666666666666665,1000,68,32105,0.1424130304629153
time,rotation,1.6666666666666665,1000,69,32106,0.1155803192968222
time,rotation,1.6666666666666665,1000,70,32107,0.10270433858758347
time,rotation,1.6666666666666665,1000,71,32108,0.1024539539905299
time,rotation,1.6666666666666665,1000,72,32109,0.13841525260740042
time,rotation,1.6666666666666665,1000,73,32110,0.15665806960976045
time,rotation,1.6666666666666665,1000,74,32111,0.10468149989448038
time,rotation,1.6666666666666665,1000,75,32112,0.1003429706697653
time,rotation,1.6666666666666665,1000,76,32113,0.12087413861327725
time,rotation,1.6666666666666665,1000,77,32114,0.13847974103866648
time,rotation,1.6666666666666665,1000,78,32115,0.1310511137109067
time,rotation,1.6666666666666665,1000,79,32116,0.09427851043013219
time,rotation,1.6666666666666665,1000,80,32117,0.12481358940629698
time,rotation,1.6666666666666665,1000,81,32118,0.12446233556619793
time,rotation,1.6666666666666665,1000,82,32119,0.1266358597741901
time,rotation,1.6666666666666665,1000,83,32120,0.11829083233961138
time,rotation,1.6666666666666665,1000,84,32121,0.11805982238406386
time,rotation,1.6666666666666665,1000,85,32122,0.12255477383795967
time,rotation,1.6666666666666665,1000,86,32123,0.11974072380121838
time,rotation,1.6666666666666665,1000,87,32124,0.11250348846351076
time,rotation,1.6666666666666665,1000,88,32125,0.10906218784563046
time,rotation,1.6666666666666665,1000,89,32126,0.17630666838184506
time,rotation,1.6666666666666665,1000,90,32127,0.16418788839965862
time,rotation,1.6666666666666665,1000,91,32128,0.10609131516121076
time,rotation,1.6666666666666665,1000,92,32129,0.1057160821137702
time,rotation,1.6666666666666665,1000,93,32130,0.10962308449968837
time,rotation,1.6666666666666665,1000,94,32131,0.10861588091717647
time,rotation,1.6666666666666665,1000,95,32132,0.12453939941847146
time,rotation,1.6666666666666665,1000,96,32133,0.09912275351803883
time,rotation,1.6666666666666665,1000,97,32134,0.11105667967879887
time,rotation,1.6666666666666665,1000,98,32135,0.11527795170311682
time,rotation,1.6666666666666665,1000,99,32136,0.11603974742004493
time,rotation,1.6666666666666665,1000,100,32137,0.10301410910146709
time,rotation,1.6666666666666665,1000,101,32138,0.11572097230777202
time,rotation,1.6666666666666665,1000,102,32139,0.10482829569996685
time,rotation,1.6666666666666665,1000,103,32140,0.12343324584994445
time,rotation,1.6666666666666665,1000,104,32141,0.12305545125997087
time,rotation,1.6666666666666665,1000,105,32142,0.128383452861166
time,rotation,1.6666666666666665,1000,106,32143,0.12106435293116215
time,rotation,1.6666666666666665,1000,107,32144,0.10447838073849931
time,rotation,1.6666666666666665,1000,108,32145,0.1566594350012421
time,rotation,1.6666666666666665,1000,109,32146,0.1236387884604482
time,rotation,1.6666666666666665,1000,110,32147,0.09827319091286352
time,rotation,1.6666666666666665,1000,111,32148,0.10524751502950751
time,rotation,1.6666666666666665,1000,112,32149,0.10371861634803664
time,rotation,1.6666666666666665,1000,113,32150,0.11954008073891258
time,rotation,1.6666666666666665,1000,114,32151,0.1061397255441691
time,rotation,1.6666666666666665,1000,115,32152,0.10796351585348798
time,rotation,1.6666666666666665,1000,116,32153,0.1024456765418552
time,rotation,1.6666666666666665,1000,117,32154,0.12926596672830132
time,rotation,1.6666666666666665,1000,118,32155,0.13509332363951945
time,rotation,1.6666666666666665,1000,119,32156,0.14025912320108025
time,rotation,1.6666666666666665,1000,120,32157,0.1315471581730037
time,rotation,1.6666666666666665,1000,121,32158,0.11610700477130236
time,rotation,1.6666666666666665,1000,122,32159,0.11076983193229398
time,rotation,1.6666666666666665,1000,123,32160,0.1275943030083815
time,rotation,1.6666666666666665,1000,124,32161,0.12193942818684361
time,rotation,1.6666666666666665,1000,125,32162,0.1491938686005998
time,rotation,1.6666666666666665,1000,126,32163,0.14194805694055157
time,rotation,1.6666666666666665,1000,127,32164,0.1386960387899647
time,rotation,1.6666666666666665,1000,128,32165,0.10399691250950092
time,rotation,1.6666666666666665,1000,129,32166,0.10954029142466873
time,rotation,1.6666666666666665,1000,130,32167,0.11205399610664141
time,rotation,1.6666666666666665,1000,131,32168,0.093419010355429
time,rotation,1.6666666666666665,1000,132,32169,0.13485554738987252
time,rotation,1.6666666666666665,1000,133,32170,0.11748203311182542
time,rotation,1.6666666666666665,1000,134,32171,0.10739195640514383
time,rotation,1.6666666666666665,1000,135,32172,0.11329164938538248
time,rotation,1.6666666666666665,1000,136,32173,0.10853060410189232
time,rotation,1.6666666666666665,1000,137,32174,0.11469270830151589
time,rotation,1.6666666666666665,1000,138,32175,0.13147314371453567
time,rotation,1.6666666666666665,1000,139,32176,0.10559907163213587
time,rotation,1.6666666666666665,1000,140,32177,0.10240560810184454
time,rotation,1.6666666666666665,1000,141,32178,0.14173427450979534
time,rotation,1.6666666666666665,1000,142,32179,0.1366275089765958
time,rotation,1.6666666666666665,1000,143,32180,0.12894864259814157
time,rotation,1.6666666666666665,1000,144,32181,0.1262178032254048
time,rotation,1.6666666666666665,1000,145,32182,0.14483822770714158
time,rotation,1.6666666666666665,1000,146,32183,0.10865550410339885
time,rotation,1.6666666666666665,1000,147,32184,0.14531141940604736
time,rotation,1.6666666666666665,1000,148,32185,0.11898141330094174
time,rotation,1.6666666666666665,1000,149,32186,0.14005656425494842
time,rotation,1.6666666666666665,1000,150,32187,0.12953505300811688
time,rotation,1.6666666666666665,1000,151,32188,0.12463982491900445
time,rotation,1.6666666666666665,1000,152,32189,0.10683027381808673
time,rotation,1.6666666666666665,1000,153,32190,0.11455296489168551
time,rotation,1.6666666666666665,1000,154,32191,0.13156919807442866
time,rotation,1.6666666666666665,1000,155,32192,0.09744097663157798
time,rotation,1.6666666666666665,1000,156,32193,0.12814405282852492
time,rotation,1.6666666666666665,1000,157,32194,0.11109601738984516
time,rotation,1.6666666666666665,1000,158,32195,0.1152630566832618
time,rotation,1.6666666666666665,1000,159,32196,0.11995794645746269
time,rotation,1.6666666666666665,1000,160,32197,0.12145138220117474
time,rotation,1.6666666666666665,1000,161,32198,0.12034549688575633
time,rotation,1.6666666666666665,1000,162,32199,0.09467286633877535
time,rotation,1.6666666666666665,1000,163,32200,0.10381392793224745
time,rotation,1.6666666666666665,1000,164,32201,0.11277982193279495
time,rotation,1.6666666666666665,1000,165,32202,0.11632551306691136
time,rotation,1.6666666666666665,1000,166,32203,0.1283787663363731
time,rotation,1.6666666666666665,1000,167,32204,0.12272501149897926
time,rotation,1.6666666666666665,1000,168,32205,0.11087540901715995
time,rotation,1.6666666666666665,1000,169,32206,0.12264102539652624
time,rotation,1.6666666666666665,1000,170,32207,0.148729538780753
time,rotation,1.6666666666666665,1000,171,32208,0.1366002970272081
time,rotation,1.6666666666666665,1000,172,32209,0.11568399065087685
time,rotation,1.6666666666666665,1000,173,32210,0.14467318748865068
time,rotation,1.6666666666666665,1000,174,32211,0.09887425405069664
time,rotation,1.6666666666666665,1000,175,32212,0.10463758958339041
time,rotation,1.6666666666666665,1000,176,32213,0.12548353820906039
time,rotation,1.6666666666666665,1000,177,32214,0.10768444492690071
time,rotation,1.6666666666666665,1000,178,32215,0.11592519228828264
time,rotation,1.6666666666666665,1000,179,32216,0.13609512834933152
time,rotation,1.6666666666666665,1000,180,32217,0.15364560813051736
time,rotation,1.6666666666666665,1000,181,32218,0.126280154464493
time,rotation,1.6666666666666665,1000,182,32219,0.12243267995066665
time,rotation,1.6666666666666665,1000,183,32220,0.12454815069884267
time,rotation,1.6666666666666665,1000,184,32221,0.10580913958916195
time,rotation,1.6666666666666665,1000,185,32222,0.11501649772243572
time,rotation,1.6666666666666665,1000,186,32223,0.09905842621370585
time,rotation,1.6666666666666665,1000,187,32224,0.12396382190904519
time,rotation,1.6666666666666665,1000,188,32225,0.1337743967061161
time,rotation,1.6666666666666665,1000,189,32226,0.1349767544129284
time,rotation,1.6666666666666665,1000,190,32227,0.10118757205959987
time,rotation,1.6666666666666665,1000,191,32228,0.11746901633977394
time,rotation,1.6666666666666665,1000,192,32229,0.12528360590104853
time,rotation,1.6666666666666665,1000,193,32230,0.1226426255630617
time,rotation,1.6666666666666665,1000,194,32231,0.11317905110512337
time,rotation,1.6666666666666665,1000,195,32232,0.13069447595636446
time,rotation,1.6666666666666665,1000,196,32233,0.10442751333158162
time,rotation,1.6666666666666665,1000,197,32234,0.11555262967388155
time,rotation,1.6666666666666665,1000,198,32235,0.11383787618737089
time,rotation,1.6666666666666665,1000,199,32236,0.1265811933339868
time,rotation,1.8333333333333333,1000,0,31526,0.11254419170074503
time,rotation,1.8333333333333333,1000,1,31527,0.12140463046673414
time,rotation,1.8333333333333333,1000,2,31528,0.18853123675916503
time,rotation,1.8333333333333333,1000,3,31529,0.14792685159079386
time,rotation,1.8333333333333333,1000,4,31530,0.125809334180945
time,rotation,1.8333333333333333,1000,5,31531,0.1826857943661645
time,rotation,1.8333333333333333,1000,6,31532,0.12150309040416556
time,rotation,1.8333333333333333,1000,7,31533,0.12572886125741536
time,rotation,1.8333333333333333,1000,8,31534,0.09649902526978381
time,rotation,1.8333333333333333,1000,9,31535,0.1448094800659702
time,rotation,1.8333333333333333,1000,10,31536,0.12182143956037451
time,rotation,1.8333333333333333,1000,11,31537,0.1307218137949588
time,rotation,1.8333333333333333,1000,12,31538,0.11302584869964963
time,rotation,1.8333333333333333,1000,13,31539,0.12960240721897623
time,rotation,1.8333333333333333,1000,14,31540,0.10650868079152603
time,rotation,1.8333333333333333,1000,15,31541,0.10526329936063279
time,rotation,1.8333333333333333,1000,16,31542,0.11076395221852954
time,rotation,1.8333333333333333,1000,17,31543,0.11508250698711679
time,rotation,1.8333333333333333,1000,18,31544,0.1045754786864088
time,rotation,1.8333333333333333,1000,19,31545,0.09911948962687371
time,rotation,1.8333333333333333,1000,20,31546,0.11262074666584024
time,rotation,1.8333333333333333,1000,21,31547,0.14002121753456132
time,rotation,1.8333333333333333,1000,22,31548,0.12905313765242432
time,rotation,1.8333333333333333,1000,23,31549,0.11110690189298669
time,rotation,1.8333333333333333,1000,24,31550,0.11145466678704742
time,rotation,1.8333333333333333,1000,25,31551,0.11383925893784475
time,rotation,1.8333333333333333,1000,26,31552,0.09932852803181397
time,rotation,1.8333333333333333,1000,27,31553,0.10959691873914956
time,rotation,1.8333333333333333,1000,28,31554,0.11034833573895138
time,rotation,1.8333333333333333,1000,29,31555,0.10909872697601489
time,rotation,1.8333333333333333,1000,30,31556,0.10039651533779821
time,rotation,1.8333333333333333,1000,31,31557,0.13249522478899803
time,rotation,1.8333333333333333,1000,32,31558,0.10821511346496772
time,rotation,1.8333333333333333,1000,33,31559,0.11455686378619134
time,rotation,1.8333333333333333,1000,34,31560,0.13386883723778184
time,rotation,1.8333333333333333,1000,35,31561,0.13742701665845097
time,rotation,1.8333333333333333,1000,36,31562,0.1341878188175192
time,rotation,1.8333333333333333,1000,37,31563,0.12004666713837212
time,rotation,1.8333333333333333,1000,38,31564,0.10532696560156679
time,rotation,1.8333333333333333,1000,39,31565,0.11634054503801515
time,rotation,1.8333333333333333,1000,40,31566,0.1354581134331678
time,rotation,1.8333333333333333,1000,41,31567,0.14678428669299687
time,rotation,1.8333333333333333,1000,42,31568,0.10728100194783068
time,rotation,1.8333333333333333,1000,43,31569,0.13807717224005808
time,rotation,1.8333333333333333,1000,44,31570,0.11983874315243317
time,rotation,1.8333333333333333,1000,45,31571,0.10994603584555522
time,rotation,1.8333333333333333,1000,46,31572,0.10299295110346553
time,rotation,1.8333333333333333,1000,47,31573,0.11881887055208674
time,rotation,1.8333333333333333,1000,48,31574,0.14163606013468616
time,rotation,1.8333333333333333,1000,49,31575,0.13496805613862642
time,rotation,1.8333333333333333,1000,50,31576,0.13398138725017988
time,rotation,1.8333333333333333,1000,51,31577,0.14219118825851562
time,rotation,1.8333333333333333,1000,52,31578,0.11012797920114405
time,rotation,1.8333333333333333,1000,53,31579,0.18939841842577546
time,rotation,1.8333333333333333,1000,54,31580,0.1365646446650101
time,rotation,1.8333333333333333,1000,55,31581,0.13970951962801822
time,rotation,1.8333333333333333,1000,56,31582,0.1523830212137592
time,rotation,1.8333333333333333,1000,57,31583,0.10952254212117431
time,rotation,1.8333333333333333,1000,58,31584,0.1056974796969941
time,rotation,1.8333333333333333,1000,59,31585,0.1571695778578867
time,rotation,1.8333333333333333,1000,60,31586,0.1347609086632569
time,rotation,1.8333333333333333,1000,61,31587,0.10619499110105195
time,rotation,1.8333333333333333,1000,62,31588,0.0940274829608234
time,rotation,1.8333333333333333,1000,63,31589,0.12107608329923243
time,rotation,1.8333333333333333,1000,64,31590,0.11306894116530172
time,rotation,1.8333333333333333,1000,65,31591,0.11361218556640804
time,rotation,1.8333333333333333,1000,66,31592,0.1393476618484808
time,rotation,1.8333333333333333,1000,67,31593,0.12923364069547114
time,rotation,1.8333333333333333,1000,68,31594,0.12285909431044222
time,rotation,1.8333333333333333,1000,69,31595,0.1340653284961376
time,rotation,1.8333333333333333,1000,70,31596,0.1420722526538206
time,rotation,1.8333333333333333,1000,71,31597,0.12331971581189966
time,rotation,1.8333333333333333,1000,72,31598,0.11400247659584278
time,rotation,1.8333333333333333,1000,73,31599,0.1227719887854282
time,rotation,1.8333333333333333,1000,74,31600,0.09541065710639517
time,rotation,1.8333333333333333,1000,75,31601,0.11430582161094312
time,rotation,1.8333333333333333,1000,76,31602,0.12997636413430347
time,rotation,1.8333333333333333,1000,77,31603,0.14302852374956518
time,rotation,1.8333333333333333,1000,78,31604,0.1275135861793465
time,rotation,1.8333333333333333,1000,79,31605,0.10132132043308358
time,rotation,1.8333333333333333,1000,80,31606,0.09596587196489803
time,rotation,1.8333333333333333,1000,81,31607,0.145119877011754
time,rotation,1.8333333333333333,1000,82,31608,0.13393638454645834
time,rotation,1.8333333333333333,1000,83,31609,0.11421733223992439
time,rotation,1.8333333333333333,1000,84,31610,0.09723346403174096
time,rotation,1.8333333333333333,1000,85,31611,0.107713401956566
time,rotation,1.8333333333333333,1000,86,31612,0.1114151096331515
time,rotation,1.8333333333333333,1000,87,31613,0.10569693910160935
time,rotation,1.8333333333333333,1000,88,31614,0.13202699665781303
time,rotation,1.8333333333333333,1000,89,31615,0.10995640037255483
time,rotation,1.8333333333333333,1000,90,31616,0.10700028656463359
time,rotation,1.8333333333333333,1000,91,31617,0.1017443551655808
time,rotation,1.8333333333333333,1000,92,31618,0.12505046090026553
time,rotation,1.8333333333333333,1000,93,31619,0.10743183270401219
time,rotation,1.8333333333333333,1000,94,31620,0.12332875892702644
time,rotation,1.8333333333333333,1000,95,31621,0.10018030996373793
time,rotation,1.8333333333333333,1000,96,31622,0.11519454854350838
time,rotation,1.8333333333333333,1000,97,31623,0.10047945927301556
time,rotation,1.8333333333333333,1000,98,31624,0.13256675888632533
time,rotation,1.8333333333333333,1000,99,31625,0.11962055463918271
time,rotation,1.8333333333333333,1000,100,31626,0.15079658277537716
time,rotation,1.8333333333333333,1000,101,31627,0.09513868771378764
time,rotation,1.8333333333333333,1000,102,31628,0.10291163771745931
time,rotation,1.8333333333333333,1000,103,31629,0.11259500914486566
time,rotation,1.8333333333333333,1000,104,31630,0.18363650736640288
time,rotation,1.8333333333333333,1000,105,31631,0.12946717865703866
time,rotation,1.8333333333333333,1000,106,31632,0.11330574967159683
time,rotation,1.8333333333333333,1000,107,31633,0.11171887883908618
time,rotation,1.8333333333333333,1000,108,31634,0.10245191820175693
time,rotation,1.8333333333333333,1000,109,31635,0.130110487151126
time,rotation,1.8333333333333333,1000,110,31636,0.1370347282687958
time,rotation,1.8333333333333333,1000,111,31637,0.1375826183650957
time,rotation,1.8333333333333333,1000,112,31638,0.11504909427533189
time,rotation,1.8333333333333333,1000,113,31639,0.1175311880863608
time,rotation,1.8333333333333333,1000,114,31640,0.10112533923667485
time,rotation,1.8333333333333333,1000,115,31641,0.11958894800637464
time,rotation,1.8333333333333333,1000,116,31642,0.13827280348267065
time,rotation,1.8333333333333333,1000,117,31643,0.11698713743759492
time,rotation,1.8333333333333333,1000,118,31644,0.10603109973287983
time,rotation,1.8333333333333333,1000,119,31645,0.11610896110991648
time,rotation,1.8333333333333333,1000,120,31646,0.16458006123693403
time,rotation,1.8333333333333333,1000,121,31647,0.14943248346192892
time,rotation,1.8333333333333333,1000,122,31648,0.11172956741381443
time,rotation,1.8333333333333333,1000,123,31649,0.1185789723589246
time,rotation,1.8333333333333333,1000,124,31650,0.12006017995198759
time,rotation,1.8333333333333333,1000,125,31651,0.14293659508984333
time,rotation,1.8333333333333333,1000,126,31652,0.11675942474693483
time,rotation,1.8333333333333333,1000,127,31653,0.11214176670775278
time,rotation,1.8333333333333333,1000,128,31654,0.10972843720534699
time,rotation,1.8333333333333333,1000,129,31655,0.13163403272991073
time,rotation,1.8333333333333333,1000,130,31656,0.11254381323217703
time,rotation,1.8333333333333333,1000,131,31657,0.15184411863971684
time,rotation,1.8333333333333333,1000,132,31658,0.11643791095891859
time,rotation,1.8333333333333333,1000,133,31659,0.1035516192348268
time,rotation,1.8333333333333333,1000,134,31660,0.13684033770194426
time,rotation,1.8333333333333333,1000,135,31661,0.11900075464518738
time,rotation,1.8333333333333333,1000,136,31662,0.13449989650013267
time,rotation,1.8333333333333333,1000,137,31663,0.10480709715956868
time,rotation,1.8333333333333333,1000,138,31664,0.12116298216649865
time,rotation,1.8333333333333333,1000,139,31665,0.11759132389695594
time,rotation,1.8333333333333333,1000,140,31666,0.1056467878666999
time,rotation,1.8333333333333333,1000,141,31667,0.10990785933049357
time,rotation,1.8333333333333333,1000,142,31668,0.11353329876082463
time,rotation,1.8333333333333333,1000,143,31669,0.12137501647371597
time,rotation,1.8333333333333333,1000,144,31670,0.12809066704650218
time,rotation,1.8333333333333333,1000,145,31671,0.12047071067302233
time,rotation,1.8333333333333333,1000,146,31672,0.10757247499580908
time,rotation,1.8333333333333333,1000,147,31673,0.10216463433819847
time,rotation,1.8333333333333333,1000,148,31674,0.13584227216536193
time,rotation,1.8333333333333333,1000,149,31675,0.13010141896555602
time,rotation,1.8333333333333333,1000,150,31676,0.09878236598890859
time,rotation,1.8333333333333333,1000,151,31677,0.09887068189168594
time,rotation,1.8333333333333333,1000,152,31678,0.10238708795976043
time,rotation,1.8333333333333333,1000,153,31679,0.12704992093484135
time,rotation,1.8333333333333333,1000,154,31680,0.10982822085953499
time,rotation,1.8333333333333333,1000,155,31681,0.11793479086104917
time,rotation,1.8333333333333333,1000,156,31682,0.14678882872566337
time,rotation,1.8333333333333333,1000,157,31683,0.10513573798424763
time,rotation,1.8333333333333333,1000,158,31684,0.11115549427159527
time,rotation,1.8333333333333333,1000,159,31685,0.16517728826192218
time,rotation,1.8333333333333333,1000,160,31686,0.17430370417309266
time,rotation,1.8333333333333333,1000,161,31687,0.13765786815314843
time,rotation,1.8333333333333333,1000,162,31688,0.10465434421466305
time,rotation,1.8333333333333333,1000,163,31689,0.095046980551295
time,rotation,1.8333333333333333,1000,164,31690,0.10674422324354266
time,rotation,1.8333333333333333,1000,165,31691,0.13271135681337226
time,rotation,1.8333333333333333,1000,166,31692,0.11866985353128101
time,rotation,1.8333333333333333,1000,167,31693,0.12589904683301703
time,rotation,1.8333333333333333,1000,168,31694,0.10375750316620494
time,rotation,1.8333333333333333,1000,169,31695,0.1191380494497711
time,rotation,1.8333333333333333,1000,170,31696,0.14315515455055075
time,rotation,1.8333333333333333,1000,171,31697,0.10832502124432984
time,rotation,1.8333333333333333,1000,172,31698,0.1181654157052381
time,rotation,1.8333333333333333,1000,173,31699,0.126600451706857
time,rotation,1.8333333333333333,1000,174,31700,0.11551901312631073
time,rotation,1.8333333333333333,1000,175,31701,0.12441777893575146
time,rotation,1.8333333333333333,1000,176,31702,0.11150829732533674
time,rotation,1.8333333333333333,1000,177,31703,0.1104466887288271
time,rotation,1.8333333333333333,1000,178,31704,0.10692559563176741
time,rotation,1.8333333333333333,1000,179,31705,0.136149759957228
time,rotation,1.8333333333333333,1000,180,31706,0.11651451339388051
time,rotation,1.8333333333333333,1000,181,31707,0.11685769412781337
time,rotation,1.8333333333333333,1000,182,31708,0.13423285508313734
time,rotation,1.8333333333333333,1000,183,31709,0.1303665484294553
time,rotation,1.8333333333333333,1000,184,31710,0.15157744605300072
time,rotation,1.8333333333333333,1000,185,31711,0.12345330833577282
time,rotation,1.8333333333333333,1000,186,31712,0.12019939861857726
time,rotation,1.8333333333333333,1000,187,31713,0.10214561062902432
time,rotation,1.8333333333333333,1000,188,31714,0.12489020601957079
time,rotation,1.8333333333333333,1000,189,31715,0.09629799171682231
time,rotation,1.8333333333333333,1000,190,31716,0.11962297340809737
time,rotation,1.8333333333333333,1000,191,31717,0.122038620293011
time,rotation,1.8333333333333333,1000,192,31718,0.13085753847519563
time,rotation,1.8333333333333333,1000,193,31719,0.11492277970014317
time,rotation,1.8333333333333333,1000,194,31720,0.11180452217340281
time,rotation,1.8333333333333333,1000,195,31721,0.12328360746961858
time,rotation,1.8333333333333333,1000,196,31722,0.10514009329965505
time,rotation,1.8333333333333333,1000,197,31723,0.13546128255246528
time,rotation,1.8333333333333333,1000,198,31724,0.10168941450667782
time,rotation,1.8333333333333333,1000,199,31725,0.12080974256020363
time,rotation,2.0,1000,0,30852,0.10605814620149717
time,rotation,2.0,1000,1,30853,0.12017486639826797
time,rotation,2.0,1000,2,30854,0.10623831402461137
time,rotation,2.0,1000,3,30855,0.11723163641441349
time,rotation,2.0,1000,4,30856,0.111138898895598
time,rotation,2.0,1000,5,30857,0.1070823574934443
time,rotation,2.0,1000,6,30858,0.1429677429366439
time,rotation,2.0,1000,7,30859,0.10526039243391576
time,rotation,2.0,1000,8,30860,0.11963509690356046
time,rotation,2.0,1000,9,30861,0.12415166381177306
time,rotation,2.0,1000,10,30862,0.11395566150109812
time,rotation,2.0,1000,11,30863,0.10735454625236658
time,rotation,2.0,1000,12,30864,0.13118887014062525
time,rotation,2.0,1000,13,30865,0.114329737972332
time,rotation,2.0,1000,14,30866,0.13677987661527144
time,rotation,2.0,1000,15,30867,0.16866073027207373
time,rotation,2.0,1000,16,30868,0.116046818971864
time,rotation,2.0,1000,17,30869,0.10483917792455402
time,rotation,2.0,1000,18,30870,0.10926771157304632
time,rotation,2.0,1000,19,30871,0.15116364561682485
time,rotation,2.0,1000,20,30872,0.12156123358358277
time,rotation,2.0,1000,21,30873,0.11932350754573742
time,rotation,2.0,1000,22,30874,0.12828155639158864
time,rotation,2.0,1000,23,30875,0.12546872105140047
time,rotation,2.0,1000,24,30876,0.12467267012313842
time,rotation,2.0,1000,25,30877,0.16837331941304884
time,rotation,2.0,1000,26,30878,0.1409760564370921
time,rotation,2.0,1000,27,30879,0.10435607946315904
time,rotation,2.0,1000,28,30880,0.10083502266244371
time,rotation,2.0,1000,29,30881,0.11895637417909062
time,rotation,2.0,1000,30,30882,0.10283506092068777
time,rotation,2.0,1000,31,30883,0.11763521536883727
time,rotation,2.0,1000,32,30884,0.11923616114587542
time,rotation,2.0,1000,33,30885,0.17125730615589202
time,rotation,2.0,1000,34,30886,0.13574078209032953
time,rotation,2.0,1000,35,30887,0.11645964141823262
time,rotation,2.0,1000,36,30888,0.11892002141058354
time,rotation,2.0,1000,37,30889,0.12059307163420466
time,rotation,2.0,1000,38,30890,0.10104287201390277
time,rotation,2.0,1000,39,30891,0.11174317893157659
time,rotation,2.0,1000,40,30892,0.12871856861204944
time,rotation,2.0,1000,41,30893,0.10948205212409831
time,rotation,2.0,1000,42,30894,0.12333513460452794
time,rotation,2.0,1000,43,30895,0.11618534851295781
time,rotation,2.0,1000,44,30896,0.13510628855006993
time,rotation,2.0,1000,45,30897,0.12971395363791519
time,rotation,2.0,1000,46,30898,0.13926321033450148
time,rotation,2.0,1000,47,30899,0.09840333121210545
time,rotation,2.0,1000,48,30900,0.12302762734391838
time,rotation,2.0,1000,49,30901,0.15175646137269352
time,rotation,2.0,1000,50,30902,0.12138972989193862
time,rotation,2.0,1000,51,30903,0.13335684294499292
time,rotation,2.0,1000,52,30904,0.14070944346636124
time,rotation,2.0,1000,53,30905,0.12737259409530852
time,rotation,2.0,1000,54,30906,0.10950494639434405
time,rotation,2.0,1000,55,30907,0.10832351228929774
time,rotation,2.0,1000,56,30908,0.13934719181970937
time,rotation,2.0,1000,57,30909,0.15023958601721113
time,rotation,2.0,1000,58,30910,0.12494143952978727
time,rotation,2.0,1000,59,30911,0.1299988187549328
time,rotation,2.0,1000,60,30912,0.0958425314684722
time,rotation,2.0,1000,61,30913,0.10845803950514105
time,rotation,2.0,1000,62,30914,0.11905573690993469
time,rotation,2.0,1000,63,30915,0.10761911615261237
time,rotation,2.0,1000,64,30916,0.11382354980345614
time,rotation,2.0,1000,65,30917,0.14590931825439804
time,rotation,2.0,1000,66,30918,0.11097069669188628
time,rotation,2.0,1000,67,30919,0.10420721896111959
time,rotation,2.0,1000,68,30920,0.11274222895158664
time,rotation,2.0,1000,69,30921,0.13848095884211767
time,rotation,2.0,1000,70,30922,0.11092391380062154
time,rotation,2.0,1000,71,30923,0.12341960550769747
time,rotation,2.0,1000,72,30924,0.140538334440566
time,rotation,2.0,1000,73,30925,0.12590531037874386
time,rotation,2.0,1000,74,30926,0.10314142087023903
time,rotation,2.0,1000,75,30927,0.11137826956935636
time,rotation,2.0,1000,76,30928,0.13365835204701831
time,rotation,2.0,1000,77,30929,0.12124315660076997
time,rotation,2.0,1000,78,30930,0.128237848968385
time,rotation,2.0,1000,79,30931,0.1307835103686011
time,rotation,2.0,1000,80,30932,0.11118188936554954
time,rotation,2.0,1000,81,30933,0.10233442427520215
time,rotation,2.0,1000,82,30934,0.12715005913696967
time,rotation,2.0,1000,83,30935,0.10582132139932558
time,rotation,2.0,1000,84,30936,0.11796633322142484
time,rotation,2.0,1000,85,30937,0.113639852630205
time,rotation,2.0,1000,86,30938,0.1271843215639008
time,rotation,2.0,1000,87,30939,0.127891793546945
time,rotation,2.0,1000,88,30940,0.09899256260699713
time,rotation,2.0,1000,89,30941,0.10700748550618332
time,rotation,2.0,1000,90,30942,0.12664257862739067
time,rotation,2.0,1000,91,30943,0.15807416771559704
time,rotation,2.0,1000,92,30944,0.1204753565953604
time,rotation,2.0,1000,93,30945,0.1262721139062107
time,rotation,2.0,1000,94,30946,0.13566505609421048
time,rotation,2.0,1000,95,30947,0.104305829608721
time,rotation,2.0,1000,96,30948,0.12070017395584984
time,rotation,2.0,1000,97,30949,0.11545394697363948
time,rotation,2.0,1000,98,30950,0.11414522874302001
time,rotation,2.0,1000,99,30951,0.1140413103237951
time,rotation,2.0,1000,100,30952,0.1118159274350567
time,rotation,2.0,1000,101,30953,0.10993665339416189
time,rotation,2.0,1000,102,30954,0.15310944943357388
time,rotation,2.0,1000,103,30955,0.1075381149665021
time,rotation,2.0,1000,104,30956,0.10130044087432581
time,rotation,2.0,1000,105,30957,0.1612301045829067
time,rotation,2.0,1000,106,30958,0.10030443840142349
time,rotation,2.0,1000,107,30959,0.12665094848768474
time,rotation,2.0,1000,108,30960,0.13627411473347556
time,rotation,2.0,1000,109,30961,0.11675745667796013
time,rotation,2.0,1000,110,30962,0.09253853575881245
time,rotation,2.0,1000,111,30963,0.12092885573716844
time,rotation,2.0,1000,112,30964,0.10943944099421729
time,rotation,2.0,1000,113,30965,0.14247580234666798
time,rotation,2.0,1000,114,30966,0.14908797923046563
time,rotation,2.0,1000,115,30967,0.1116948858454095
time,rotation,2.0,1000,116,30968,0.1055495612843975
time,rotation,2.0,1000,117,30969,0.10106584104344199
time,rotation,2.0,1000,118,30970,0.11693208867894148
time,rotation,2.0,1000,119,30971,0.11332145423631869
time,rotation,2.0,1000,120,30972,0.18639199205230356
time,rotation,2.0,1000,121,30973,0.16795849675663727
time,rotation,2.0,1000,122,30974,0.11139642152408927
time,rotation,2.0,1000,123,30975,0.10108233634408888
time,rotation,2.0,1000,124,30976,0.15707826778390405
time,rotation,2.0,1000,125,30977,0.1672609978076968
time,rotation,2.0,1000,126,30978,0.12265434035337684
time,rotation,2.0,1000,127,30979,0.13229115100103922
time,rotation,2.0,1000,128,30980,0.11016624453520008
time,rotation,2.0,1000,129,30981,0.11083323832370745
time,rotation,2.0,1000,130,30982,0.13023329498345382
time,rotation,2.0,1000,131,30983,0.151361050067182
time,rotation,2.0,1000,132,30984,0.12589695941141235
time,rotation,2.0,1000,133,30985,0.10435118653814081
time,rotation,2.0,1000,134,30986,0.13591687707260167
time,rotation,2.0,1000,135,30987,0.10019621420737501
time,rotation,2.0,1000,136,30988,0.11968430135841719
time,rotation,2.0,1000,137,30989,0.12241399507734178
time,rotation,2.0,1000,138,30990,0.10181132613940652
time,rotation,2.0,1000,139,30991,0.1404195852019936
time,rotation,2.0,1000,140,30992,0.10873300733250019
time,rotation,2.0,1000,141,30993,0.10842638632097479
time,rotation,2.0,1000,142,30994,0.10593010872899694
time,rotation,2.0,1000,143,30995,0.10037565187640046
time,rotation,2.0,1000,144,30996,0.12888063485293774
time,rotation,2.0,1000,145,30997,0.12097146272509053
time,rotation,2.0,1000,146,30998,0.09806367942348244
time,rotation,2.0,1000,147,30999,0.11611796589802406
time,rotation,2.0,1000,148,31000,0.1480177149317594
time,rotation,2.0,1000,149,31001,0.10313888220727065
time,rotation,2.0,1000,150,31002,0.1142046896178177
time,rotation,2.0,1000,151,31003,0.09937934218207592
time,rotation,2.0,1000,152,31004,0.10592584208969504
time,rotation,2.0,1000,153,31005,0.11120821285230878
time,rotation,2.0,1000,154,31006,0.12755494273544954
time,rotation,2.0,1000,155,31007,0.12229580226793225
time,rotation,2.0,1000,156,31008,0.11153939152723344
time,rotation,2.0,1000,157,31009,0.10483091601984346
time,rotation,2.0,1000,158,31010,0.13308930220365803
time,rotation,2.0,1000,159,31011,0.11423376219580146
time,rotation,2.0,1000,160,31012,0.1133147545932749
time,rotation,2.0,1000,161,31013,0.13808068181423394
time,rotation,2.0,1000,162,31014,0.1108192856304257
time,rotation,2.0,1000,163,31015,0.1274031796262815
time,rotation,2.0,1000,164,31016,0.10036778433694514
time,rotation,2.0,1000,165,31017,0.10780813733476109
time,rotation,2.0,1000,166,31018,0.11458127536205052
time,rotation,2.0,1000,167,31019,0.10723618991081346
time,rotation,2.0,1000,168,31020,0.10999327461750279
time,rotation,2.0,1000,169,31021,0.11922112233174237
time,rotation,2.0,1000,170,31022,0.11064897499268132
time,rotation,2.0,1000,171,31023,0.14058767563845836
time,rotation,2.0,1000,172,31024,0.10082862404023878
time,rotation,2.0,1000,173,31025,0.1112721716989554
time,rotation,2.0,1000,174,31026,0.08766290192728245
time,rotation,2.0,1000,175,31027,0.1102460885202022
time,rotation,2.0,1000,176,31028,0.1099839677512724
time,rotation,2.0,1000,177,31029,0.09999038571259598
time,rotation,2.0,1000,178,31030,0.1054695264172586
time,rotation,2.0,1000,179,31031,0.10706383425487451
time,rotation,2.0,1000,180,31032,0.1182127930682075
time,rotation,2.0,1000,181,31033,0.15667649172991643
time,rotation,2.0,1000,182,31034,0.10904700290872887
time,rotation,2.0,1000,183,31035,0.1255986679322643
time,rotation,2.0,1000,184,31036,0.13025663421368952
time,rotation,2.0,1000,185,31037,0.11813623773596757
time,rotation,2.0,1000,186,31038,0.12631047987710126
time,rotation,2.0,1000,187,31039,0.147097828732633
time,rotation,2.0,1000,188,31040,0.11452975761458986
time,rotation,2.0,1000,189,31041,0.131978230299637
time,rotation,2.0,1000,190,31042,0.10124841557475851
time,rotation,2.0,1000,191,31043,0.10301701758653198
time,rotation,2.0,1000,192,31044,0.1452875166696457
time,rotation,2.0,1000,193,31045,0.12250752707822386
time,rotation,2.0,1000,194,31046,0.09998246815884816
time,rotation,2.0,1000,195,31047,0.12455012527857966
time,rotation,2.0,1000,196,31048,0.12763313199317053
time,rotation,2.0,1000,197,31049,0.16440020206103978
time,rotation,2.0,1000,198,31050,0.16716318978665765
time,rotation,2.0,1000,199,31051,0.1208598547818955
sample,rotation,1.0,1000,0,40955,0.09689079596052573
sample,rotation,1.0,1000,1,40956,0.11939898655294531
sample,rotation,1.0,1000,2,40957,0.13534167573953024
sample,rotation,1.0,1000,3,40958,0.11090477990234109
sample,rotation,1.0,1000,4,40959,0.11856327675971844
sample,rotation,1.0,1000,5,40960,0.11284580711158403
sample,rotation,1.0,1000,6,40961,0.11128672670943905
sample,rotation,1.0,1000,7,40962,0.1249937573009314
sample,rotation,1.0,1000,8,40963,0.10734379020404246
sample,rotation,1.0,1000,9,40964,0.1389002781853452
sample,rotation,1.0,1000,10,40965,0.11232019725542472
sample,rotation,1.0,1000,11,40966,0.09869521255489429
sample,rotation,1.0,1000,12,40967,0.1151792380193302
sample,rotation,1.0,1000,13,40968,0.11429712471668019
sample,rotation,1.0,1000,14,40969,0.1656819181543195
sample,rotation,1.0,1000,15,40970,0.12848333628070133
sample,rotation,1.0,1000,16,40971,0.11929821691684604
sample,rotation,1.0,1000,17,40972,0.14313106440634546
sample,rotation,1.0,1000,18,40973,0.10960105723543893
sample,rotation,1.0,1000,19,40974,0.11017399737679144
sample,rotation,1.0,1000,20,40975,0.11034990058032763
sample,rotation,1.0,1000,21,40976,0.11759545581252613
sample,rotation,1.0,1000,22,40977,0.10341733147202424
sample,rotation,1.0,1000,23,40978,0.13374655522388593
sample,rotation,1.0,1000,24,40979,0.12252003693559395
sample,rotation,1.0,1000,25,40980,0.098369643388999
sample,rotation,1.0,1000,26,40981,0.11688294891998915
sample,rotation,1.0,1000,27,40982,0.14671476532570307
sample,rotation,1.0,1000,28,40983,0.11043829420137212
sample,rotation,1.0,1000,29,40984,0.12362797431386706
sample,rotation,1.0,1000,30,40985,0.09857746970528675
sample,rotation,1.0,1000,31,40986,0.11553531601771917
sample,rotation,1.0,1000,32,40987,0.13581980730280122
sample,rotation,1.0,1000,33,40988,0.14432443783778132
sample,rotation,1.0,1000,34,40989,0.12336148743122406
sample,rotation,1.0,1000,35,40990,0.1328692293377081
sample,rotation,1.0,1000,36,40991,0.12241894864701976
sample,rotation,1.0,1000,37,40992,0.10579198763598603
sample,rotation,1.0,1000,38,40993,0.13690057303734865
sample,rotation,1.0,1000,39,40994,0.10682320367592286
sample,rotation,1.0,1000,40,40995,0.12136141933663604
sample,rotation,1.0,1000,41,40996,0.11954605641347964
sample,rotation,1.0,1000,42,40997,0.141122314448988
sample,rotation,1.0,1000,43,40998,0.13029864425832724
sample,rotation,1.0,1000,44,40999,0.1909098455537056
sample,rotation,1.0,1000,45,41000,0.12117210673971238
sample,rotation,1.0,1000,46,41001,0.1365799775047503
sample,rotation,1.0,1000,47,41002,0.1376957389625141
sample,rotation,1.0,1000,48,41003,0.1142097097044032
sample,rotation,1.0,1000,49,41004,0.10075472575711628
sample,rotation,1.0,1000,50,41005,0.10026345849205964
sample,rotation,1.0,1000,51,41006,0.11547579995649367
sample,rotation,1.0,1000,52,41007,0.10265601884869012
sample,rotation,1.0,1000,53,41008,0.11778913320416716
sample,rotation,1.0,1000,54,41009,0.12456151588120498
sample,rotation,1.0,1000,55,41010,0.1159309567293867
sample,rotation,1.0,1000,56,41011,0.1288461488570943
sample,rotation,1.0,1000,57,41012,0.1141282919936272
sample,rotation,1.0,1000,58,41013,0.17929604557317666
sample,rotation,1.0,1000,59,41014,0.11379357883726732
sample,rotation,1.0,1000,60,41015,0.11628109701952384
sample,rotation,1.0,1000,61,41016,0.14321212654634122
sample,rotation,1.0,1000,62,41017,0.10389496802162336
sample,rotation,1.0,1000,63,41018,0.19443303909518767
sample,rotation,1.0,1000,64,41019,0.10668896804428958
sample,rotation,1.0,1000,65,41020,0.13606677091523067
sample,rotation,1.0,1000,66,41021,0.12797187336355517
sample,rotation,1.0,1000,67,41022,0.10573085325277014
sample,rotation,1.0,1000,68,41023,0.16298702366765483
sample,rotation,1.0,1000,69,41024,0.10458827855658971
sample,rotation,1.0,1000,70,41025,0.10776540803685623
sample,rotation,1.0,1000,71,41026,0.10284406556927289
sample,rotation,1.0,1000,72,41027,0.15552206140589037
sample,rotation,1.0,1000,73,41028,0.10666319293589184
sample,rotation,1.0,1000,74,41029,0.10493833888275944
sample,rotation,1.0,1000,75,41030,0.1145832638173287
sample,rotation,1.0,1000,76,41031,0.1257478513553099
sample,rotation,1.0,1000,77,41032,0.1118024913625333
sample,rotation,1.0,1000,78,41033,0.13909845358766354
sample,rotation,1.0,1000,79,41034,0.11908957465031482
sample,rotation,1.0,1000,80,41035,0.12529327278155286
sample,rotation,1.0,1000,81,41036,0.14757145212419953
sample,rotation,1.0,1000,82,41037,0.11846824807478488
sample,rotation,1.0,1000,83,41038,0.1081306301292971
sample,rotation,1.0,1000,84,41039,0.09687409808914355
sample,rotation,1.0,1000,85,41040,0.11053722716769183
sample,rotation,1.0,1000,86,41041,0.11674219318209358
sample,rotation,1.0,1000,87,41042,0.20587504342787621
sample,rotation,1.0,1000,88,41043,0.1451804248474174
sample,rotation,1.0,1000,89,41044,0.11669093769337176
sample,rotation,1.0,1000,90,41045,0.11639378722254072
sample,rotation,1.0,1000,91,41046,0.10661996779107732
sample,rotation,1.0,1000,92,41047,0.10564696462977571
sample,rotation,1.0,1000,93,41048,0.10863406207153059
sample,rotation,1.0,1000,94,41049,0.11458350678925182
sample,rotation,1.0,1000,95,41050,0.10807575725466037
sample,rotation,1.0,1000,96,41051,0.10943552990512641
sample,rotation,1.0,1000,97,41052,0.12521362490276405
sample,rotation,1.0,1000,98,41053,0.10313135982754919
sample,rotation,1.0,1000,99,41054,0.13712522556064893
sample,rotation,1.0,1000,100,41055,0.11781625050483482
sample,rotation,1.0,1000,101,41056,0.11527089098026902
sample,rotation,1.0,1000,102,41057,0.13279066290293626
sample,rotation,1.0,1000,103,41058,0.14881701193745217
sample,rotation,1.0,1000,104,41059,0.10859990412645525
sample,rotation,1.0,1000,105,41060,0.12775245851463396
sample,rotation,1.0,1000,106,41061,0.10651113621827797
sample,rotation,1.0,1000,107,41062,0.13395204933175203
sample,rotation,1.0,1000,108,41063,0.09500396435233222
sample,rotation,1.0,1000,109,41064,0.11239637963757057
sample,rotation,1.0,1000,110,41065,0.13067052224240083
sample,rotation,1.0,1000,111,41066,0.11617996368529479
sample,rotation,1.0,1000,112,41067,0.11357811083629035
sample,rotation,1.0,1000,113,41068,0.12612267323104498
sample,rotation,1.0,1000,114,41069,0.10955928132272535
sample,rotation,1.0,1000,115,41070,0.12219236521809825
sample,rotation,1.0,1000,116,41071,0.11172634395155855
sample,rotation,1.0,1000,117,41072,0.10166241193929142
sample,rotation,1.0,1000,118,41073,0.10888634354046851
sample,rotation,1.0,1000,119,41074,0.10527402226135188
sample,rotation,1.0,1000,120,41075,0.14746479283243386
sample,rotation,1.0,1000,121,41076,0.11540074597285606
sample,rotation,1.0,1000,122,41077,0.09163240874992248
sample,rotation,1.0,1000,123,41078,0.11450662798616575
sample,rotation,1.0,1000,124,41079,0.09230440132520505
sample,rotation,1.0,1000,125,41080,0.1601514320253511
sample,rotation,1.0,1000,126,41081,0.10278945845488713
sample,rotation,1.0,1000,127,41082,0.11089574362465979
sample,rotation,1.0,1000,128,41083,0.09990213697854256
sample,rotation,1.0,1000,129,41084,0.11239558055724665
sample,rotation,1.0,1000,130,41085,0.1341492310058163
sample,rotation,1.0,1000,131,41086,0.1254695973253189
sample,rotation,1.0,1000,132,41087,0.10947661202168908
sample,rotation,1.0,1000,133,41088,0.1169599916954699
sample,rotation,1.0,1000,134,41089,0.12455478631342902
sample,rotation,1.0,1000,135,41090,0.11468895359165379
sample,rotation,1.0,1000,136,41091,0.13702777254295895
sample,rotation,1.0,1000,137,41092,0.1059236079526797
sample,rotation,1.0,1000,138,41093,0.12498613516318725
sample,rotation,1.0,1000,139,41094,0.1015550783295664
sample,rotation,1.0,1000,140,41095,0.10637815972962172
sample,rotation,1.0,1000,141,41096,0.13492579699675727
sample,rotation,1.0,1000,142,41097,0.1421283383133654
sample,rotation,1.0,1000,143,41098,0.10415623177194583
sample,rotation,1.0,1000,144,41099,0.1638806851142805
sample,rotation,1.0,1000,145,41100,0.11251912672047468
sample,rotation,1.0,1000,146,41101,0.11586635929950823
sample,rotation,1.0,1000,147,41102,0.1103637190501094
sample,rotation,1.0,1000,148,41103,0.12243170217714942
sample,rotation,1.0,1000,149,41104,0.14106927848876213
sample,rotation,1.0,1000,150,41105,0.11241447644962704
sample,rotation,1.0,1000,151,41106,0.10344294035675168
sample,rotation,1.0,1000,152,41107,0.11534844883949906
sample,rotation,1.0,1000,153,41108,0.11928347172161408
sample,rotation,1.0,1000,154,41109,0.09209051487315499
sample,rotation,1.0,1000,155,41110,0.0991615414508684
sample,rotation,1.0,1000,156,41111,0.10277030327432327
sample,rotation,1.0,1000,157,41112,0.09725487824656878
sample,rotation,1.0,1000,158,41113,0.12361622255018831
sample,rotation,1.0,1000,159,41114,0.10965463476643272
sample,rotation,1.0,1000,160,41115,0.10497389788403469
sample,rotation,1.0,1000,161,41116,0.12204180518940026
sample,rotation,1.0,1000,162,41117,0.09212132544343918
sample,rotation,1.0,1000,163,41118,0.1095404503654142
sample,rotation,1.0,1000,164,41119,0.12138747595311926
sample,rotation,1.0,1000,165,41120,0.1402555613177953
sample,rotation,1.0,1000,166,41121,0.12951687765568226
sample,rotation,1.0,1000,167,41122,0.10170496298086207
sample,rotation,1.0,1000,168,41123,0.1102761691385236
sample,rotation,1.0,1000,169,41124,0.10403116253692192
sample,rotation,1.0,1000,170,41125,0.09969612856279665
sample,rotation,1.0,1000,171,41126,0.13224710285090605
sample,rotation,1.0,1000,172,41127,0.10231261917339325
sample,rotation,1.0,1000,173,41128,0.11649280283215839
sample,rotation,1.0,1000,174,41129,0.11346864367441047
sample,rotation,1.0,1000,175,41130,0.0955139466849671
sample,rotation,1.0,1000,176,41131,0.11958398818759124
sample,rotation,1.0,1000,177,41132,0.11433159653512932
sample,rotation,1.0,1000,178,41133,0.11584180397521057
sample,rotation,1.0,1000,179,41134,0.10144787203583616
sample,rotation,1.0,1000,180,41135,0.10047599444331064
sample,rotation,1.0,1000,181,41136,0.1111477868527411
sample,rotation,1.0,1000,182,41137,0.11852656551246665
sample,rotation,1.0,1000,183,41138,0.13761732391712314
sample,rotation,1.0,1000,184,41139,0.11144389807611471
sample,rotation,1.0,1000,185,41140,0.09840839015588478
sample,rotation,1.0,1000,186,41141,0.12261479873617141
sample,rotation,1.0,1000,187,41142,0.1334633942541942
sample,rotation,1.0,1000,188,41143,0.13004247509442593
sample,rotation,1.0,1000,189,41144,0.11831865960440881
sample,rotation,1.0,1000,190,41145,0.106413517993386
sample,rotation,1.0,1000,191,41146,0.14346920167776323
sample,rotation,1.0,1000,192,41147,0.13262392523713895
sample,rotation,1.0,1000,193,41148,0.16765934640011204
sample,rotation,1.0,1000,194,41149,0.11887231931004551
sample,rotation,1.0,1000,195,41150,0.1264344096499045
sample,rotation,1.0,1000,196,41151,0.12151409328416254
sample,rotation,1.0,1000,197,41152,0.15374278873086036
sample,rotation,1.0,1000,198,41153,0.10326379529299996
sample,rotation,1.0,1000,199,41154,0.13207116239619318
time,sink,0.0,1000,0,21918,0.11841480361441926
time,sink,0.0,1000,1,21919,0.10705500102979522
time,sink,0.0,1000,2,21920,0.10475600507367237
time,sink,0.0,1000,3,21921,0.12931982682730703
time,sink,0.0,1000,4,21922,0.17339753470116498
time,sink,0.0,1000,5,21923,0.16056291329355915
time,sink,0.0,1000,6,21924,0.110914139315448
time,sink,0.0,1000,7,21925,0.12120478706758493
time,sink,0.0,1000,8,21926,0.0993682346419145
time,sink,0.0,1000,9,21927,0.11827545501357667
time,sink,0.0,1000,10,21928,0.11276398585944375
time,sink,0.0,1000,11,21929,0.1546639863289906
time,sink,0.0,1000,12,21930,0.1242858078186447
time,sink,0.0,1000,13,21931,0.11000727377924602
time,sink,0.0,1000,14,21932,0.1387205643038602
time,sink,0.0,1000,15,21933,0.10034198832892069
time,sink,0.0,1000,16,21934,0.13124428344768266
time,sink,0.0,1000,17,21935,0.12640390391333728
time,sink,0.0,1000,18,21936,0.10922089894509254
time,sink,0.0,1000,19,21937,0.12950469750863206
time,sink,0.0,1000,20,21938,0.14659677823474795
time,sink,0.0,1000,21,21939,0.11789689843953474
time,sink,0.0,1000,22,21940,0.1346559660845756
time,sink,0.0,1000,23,21941,0.09920067268685281
time,sink,0.0,1000,24,21942,0.11316997460334782
time,sink,0.0,1000,25,21943,0.10881712418051236
time,sink,0.0,1000,26,21944,0.11138255295665507
time,sink,0.0,1000,27,21945,0.1121526286823428
time,sink,0.0,1000,28,21946,0.15312447788426042
time,sink,0.0,1000,29,21947,0.11594382173257961
time,sink,0.0,1000,30,21948,0.1012402204707566
time,sink,0.0,1000,31,21949,0.12092637503268273
time,sink,0.0,1000,32,21950,0.11864279147417521
time,sink,0.0,1000,33,21951,0.09958758653200184
time,sink,0.0,1000,34,21952,0.09694646553164413
time,sink,0.0,1000,35,21953,0.11689866490477449
time,sink,0.0,1000,36,21954,0.11298280326692527
time,sink,0.0,1000,37,21955,0.10807615840618971
time,sink,0.0,1000,38,21956,0.12622761382217507
time,sink,0.0,1000,39,21957,0.10687609536664014
time,sink,0.0,1000,40,21958,0.13698225793254665
time,sink,0.0,1000,41,21959,0.12393178048615923
time,sink,0.0,1000,42,21960,0.09921881076584632
time,sink,0.0,1000,43,21961,0.09652003966700821
time,sink,0.0,1000,44,21962,0.22092532908785575
time,sink,0.0,1000,45,21963,0.11118759506430265
time,sink,0.0,1000,46,21964,0.13045779711820832
time,sink,0.0,1000,47,21965,0.11533820098629072
time,sink,0.0,1000,48,21966,0.11550426854641396
time,sink,0.0,1000,49,21967,0.12758509421169764
time,sink,0.0,1000,50,21968,0.11925155246662492
time,sink,0.0,1000,51,21969,0.13360528055216597
time,sink,0.0,1000,52,21970,0.11425139781520532
time,sink,0.0,1000,53,21971,0.11029403734189695
time,sink,0.0,1000,54,21972,0.10055646108838427
time,sink,0.0,1000,55,21973,0.10163713812152095
time,sink,0.0,1000,56,21974,0.11848200616374238
time,sink,0.0,1000,57,21975,0.10110262417506712
time,sink,0.0,1000,58,21976,0.12557253168183788
time,sink,0.0,1000,59,21977,0.11900192288971956
time,sink,0.0,1000,60,21978,0.140538218353106
time,sink,0.0,1000,61,21979,0.11361539905676565
time,sink,0.0,1000,62,21980,0.13612079823425283
time,sink,0.0,1000,63,21981,0.09843385085565176
time,sink,0.0,1000,64,21982,0.15021048426192982
time,sink,0.0,1000,65,21983,0.12772906529543746
time,sink,0.0,1000,66,21984,0.0943814926619489
time,sink,0.0,1000,67,21985,0.09556129298909045
time,sink,0.0,1000,68,21986,0.11144934939352212
time,sink,0.0,1000,69,21987,0.12978294628095288
time,sink,0.0,1000,70,21988,0.16845072882574616
time,sink,0.0,1000,71,21989,0.0991480123438297
time,sink,0.0,1000,72,21990,0.09905413011520563
time,sink,0.0,1000,73,21991,0.11558572620984041
time,sink,0.0,1000,74,21992,0.14336554804991816
time,sink,0.0,1000,75,21993,0.11898313063377171
time,sink,0.0,1000,76,21994,0.09621346589223154
time,sink,0.0,1000,77,21995,0.1135094597414875
time,sink,0.0,1000,78,21996,0.10544124576089846
time,sink,0.0,1000,79,21997,0.1124867713798371
time,sink,0.0,1000,80,21998,0.1557182842187299
time,sink,0.0,1000,81,21999,0.1072610670597913
time,sink,0.0,1000,82,22000,0.11076705047418382
time,sink,0.0,1000,83,22001,0.11972538780591677
time,sink,0.0,1000,84,22002,0.16215827408798938
time,sink,0.0,1000,85,22003,0.10415405032232171
time,sink,0.0,1000,86,22004,0.1275065273093523
time,sink,0.0,1000,87,22005,0.09971644911558604
time,sink,0.0,1000,88,22006,0.1334693435887998
time,sink,0.0,1000,89,22007,0.12773566712037765
time,sink,0.0,1000,90,22008,0.13076351740515277
time,sink,0.0,1000,91,22009,0.098732976398755
time,sink,0.0,1000,92,22010,0.10796178061059376
time,sink,0.0,1000,93,22011,0.10103504094752067
time,sink,0.0,1000,94,22012,0.1256803953620775
time,sink,0.0,1000,95,22013,0.10632377474584706
time,sink,0.0,1000,96,22014,0.10597136146001442
time,sink,0.0,1000,97,22015,0.11340624770775053
time,sink,0.0,1000,98,22016,0.10597102674022128
time,sink,0.0,1000,99,22017,0.10905727824585341
time,sink,0.0,1000,100,22018,0.1357415577396252
time,sink,0.0,1000,101,22019,0.11860808497036932
time,sink,0.0,1000,102,22020,0.10802038436130032
time,sink,0.0,1000,103,22021,0.11363636929836399
time,sink,0.0,1000,104,22022,0.13994734165441575
time,sink,0.0,1000,105,22023,0.11534956702845788
time,sink,0.0,1000,106,22024,0.09462048047937217
time,sink,0.0,1000,107,22025,0.11992494489572499
time,sink,0.0,1000,108,22026,0.10960206171022208
time,sink,0.0,1000,109,22027,0.11974191844036702
time,sink,0.0,1000,110,22028,0.11622208627365398
time,sink,0.0,1000,111,22029,0.11589074057072624
time,sink,0.0,1000,112,22030,0.18350822445266862
time,sink,0.0,1000,113,22031,0.10115344345538364
time,sink,0.0,1000,114,22032,0.12028563179671606
time,sink,0.0,1000,115,22033,0.14351524950523384
time,sink,0.0,1000,116,22034,0.12483812547731736
time,sink,0.0,1000,117,22035,0.10464624844782279
time,sink,0.0,1000,118,22036,0.1528308024663738
time,sink,0.0,1000,119,22037,0.13192646619795748
time,sink,0.0,1000,120,22038,0.11333696186329131
time,sink,0.0,1000,121,22039,0.11568022837970636
time,sink,0.0,1000,122,22040,0.099918747293009
time,sink,0.0,1000,123,22041,0.10813198311767225
time,sink,0.0,1000,124,22042,0.10652676431359129
time,sink,0.0,1000,125,22043,0.09957757711621056
time,sink,0.0,1000,126,22044,0.10450276577362003
time,sink,0.0,1000,127,22045,0.11989154826292436
time,sink,0.0,1000,128,22046,0.16974822247889473
time,sink,0.0,1000,129,22047,0.10959928597522452
time,sink,0.0,1000,130,22048,0.10417997516216902
time,sink,0.0,1000,131,22049,0.12725555898448546
time,sink,0.0,1000,132,22050,0.10561360143993688
time,sink,0.0,1000,133,22051,0.10659733900877373
time,sink,0.0,1000,134,22052,0.16736531683142927
time,sink,0.0,1000,135,22053,0.10311269274376185
time,sink,0.0,1000,136,22054,0.09909642285053025
time,sink,0.0,1000,137,22055,0.12207570097302572
time,sink,0.0,1000,138,22056,0.10982375325906384
time,sink,0.0,1000,139,22057,0.13876891742485162
time,sink,0.0,1000,140,22058,0.1257240510940679
time,sink,0.0,1000,141,22059,0.1056070203584681
time,sink,0.0,1000,142,22060,0.10778448910160988
time,sink,0.0,1000,143,22061,0.10374682178227684
time,sink,0.0,1000,144,22062,0.11414475324051923
time,sink,0.0,1000,145,22063,0.23137850121218878
time,sink,0.0,1000,146,22064,0.11033174678188201
time,sink,0.0,1000,147,22065,0.11270810556124124
time,sink,0.0,1000,148,22066,0.11849113141481017
time,sink,0.0,1000,149,22067,0.1150586617624905
time,sink,0.0,1000,150,22068,0.09910014634145162
time,sink,0.0,1000,151,22069,0.11295150132174392
time,sink,0.0,1000,152,22070,0.1572850044891057
time,sink,0.0,1000,153,22071,0.1176520001255036
time,sink,0.0,1000,154,22072,0.13015186872636503
time,sink,0.0,1000,155,22073,0.11126880664160217
time,sink,0.0,1000,156,22074,0.10336646512977521
time,sink,0.0,1000,157,22075,0.11105244675705409
time,sink,0.0,1000,158,22076,0.10766697098382319
time,sink,0.0,1000,159,22077,0.12375903105787175
time,sink,0.0,1000,160,22078,0.10561545612343434
time,sink,0.0,1000,161,22079,0.10560193496712734
time,sink,0.0,1000,162,22080,0.12071729076417252
time,sink,0.0,1000,163,22081,0.11173150031047901
time,sink,0.0,1000,164,22082,0.16941561433176858
time,sink,0.0,1000,165,22083,0.1035724231883637
time,sink,0.0,1000,166,22084,0.09573449753860062
time,sink,0.0,1000,167,22085,0.11023446602067037
time,sink,0.0,1000,168,22086,0.18205614418326968
time,sink,0.0,1000,169,22087,0.11397976683303726
time,sink,0.0,1000,170,22088,0.09901426409713779
time,sink,0.0,1000,171,22089,0.09818563604777744
time,sink,0.0,1000,172,22090,0.11456787257408751
time,sink,0.0,1000,173,22091,0.15949964240458492
time,sink,0.0,1000,174,22092,0.11955306098848331
time,sink,0.0,1000,175,22093,0.11693711231690253
time,sink,0.0,1000,176,22094,0.10638620610347531
time,sink,0.0,1000,177,22095,0.11878900417050255
time,sink,0.0,1000,178,22096,0.12203141432687666
time,sink,0.0,1000,179,22097,0.12994981915646073
time,sink,0.0,1000,180,22098,0.14593084095110437
time,sink,0.0,1000,181,22099,0.12082455721209151
time,sink,0.0,1000,182,22100,0.10964676524823093
time,sink,0.0,1000,183,22101,0.12552236808803152
time,sink,0.0,1000,184,22102,0.1298594806151678
time,sink,0.0,1000,185,22103,0.1375957983201675
time,sink,0.0,1000,186,22104,0.1934851248522244
time,sink,0.0,1000,187,22105,0.13173118261970188
time,sink,0.0,1000,188,22106,0.10763885713517206
time,sink,0.0,1000,189,22107,0.1050975741743137
time,sink,0.0,1000,190,22108,0.12736431015997218
time,sink,0.0,1000,191,22109,0.11635966976138518
time,sink,0.0,1000,192,22110,0.12928042196027406
time,sink,0.0,1000,193,22111,0.12056550421232025
time,sink,0.0,1000,194,22112,0.09589754984956422
time,sink,0.0,1000,195,22113,0.14585814872830355
time,sink,0.0,1000,196,22114,0.09629327775244706
time,sink,0.0,1000,197,22115,0.11673072558645692
time,sink,0.0,1000,198,22116,0.1072925343735114
time,sink,0.0,1000,199,22117,0.12425875265266192
time,sink,0.16666666666666666,1000,0,22841,0.08834378206897099
time,sink,0.16666666666666666,1000,1,22842,0.08852752965676208
time,sink,0.16666666666666666,1000,2,22843,0.11185498114243708
time,sink,0.16666666666666666,1000,3,22844,0.11986457413290331
time,sink,0.16666666666666666,1000,4,22845,0.09511382142697045
time,sink,0.16666666666666666,1000,5,22846,0.09243953655837274
time,sink,0.16666666666666666,1000,6,22847,0.09751656538873546
time,sink,0.16666666666666666,1000,7,22848,0.11741099873654325
time,sink,0.16666666666666666,1000,8,22849,0.10684241808900502
time,sink,0.16666666666666666,1000,9,22850,0.09899001035963675
time,sink,0.16666666666666666,1000,10,22851,0.09231353539869117
time,sink,0.16666666666666666,1000,11,22852,0.08193802265689172
time,sink,0.16666666666666666,1000,12,22853,0.08476050007860883
time,sink,0.16666666666666666,1000,13,22854,0.08863813919976633
time,sink,0.16666666666666666,1000,14,22855,0.17240006381396525
time,sink,0.16666666666666666,1000,15,22856,0.1059847093903525
time,sink,0.16666666666666666,1000,16,22857,0.11676305315464566
time,sink,0.16666666666666666,1000,17,22858,0.0883570114034947
time,sink,0.16666666666666666,1000,18,22859,0.10266106953231142
time,sink,0.16666666666666666,1000,19,22860,0.08754907156454995
time,sink,0.16666666666666666,1000,20,22861,0.0974396894319965
time,sink,0.16666666666666666,1000,21,22862,0.10430310006739503
time,sink,0.16666666666666666,1000,22,22863,0.1039368049919206
time,sink,0.16666666666666666,1000,23,22864,0.09600751388350448
time,sink,0.16666666666666666,1000,24,22865,0.0892051284840091
time,sink,0.16666666666666666,1000,25,22866,0.09568112802334643
time,sink,0.16666666666666666,1000,26,22867,0.08947904742209023
time,sink,0.16666666666666666,1000,27,22868,0.08759496023542801
time,sink,0.16666666666666666,1000,28,22869,0.0941237564083022
time,sink,0.16666666666666666,1000,29,22870,0.09665358205537952
time,sink,0.16666666666666666,1000,30,22871,0.09014120085332891
time,sink,0.16666666666666666,1000,31,22872,0.09403058982491412
time,sink,0.16666666666666666,1000,32,22873,0.09251523760898565
time,sink,0.16666666666666666,1000,33,22874,0.08942907875287888
time,sink,0.16666666666666666,1000,34,22875,0.12699797819245068
time,sink,0.16666666666666666,1000,35,22876,0.09656308220034662
time,sink,0.16666666666666666,1000,36,22877,0.11617609850754361
time,sink,0.16666666666666666,1000,37,22878,0.08668507327240187
time,sink,0.16666666666666666,1000,38,22879,0.10607807564064098
time,sink,0.16666666666666666,1000,39,22880,0.09978012627594725
time,sink,0.16666666666666666,1000,40,22881,0.09362786949387514
time,sink,0.16666666666666666,1000,41,22882,0.07931373926090406
time,sink,0.16666666666666666,1000,42,22883,0.14630058420715103
time,sink,0.16666666666666666,1000,43,22884,0.11981998242282461
time,sink,0.16666666666666666,1000,44,22885,0.10459642824544327
time,sink,0.16666666666666666,1000,45,22886,0.1033240205122408
time,sink,0.16666666666666666,1000,46,22887,0.0860871119710597
time,sink,0.16666666666666666,1000,47,22888,0.09995542989585533
time,sink,0.16666666666666666,1000,48,22889,0.0905248713238682
time,sink,0.16666666666666666,1000,49,22890,0.08542502146314047
time,sink,0.16666666666666666,1000,50,22891,0.08490270493315107
time,sink,0.16666666666666666,1000,51,22892,0.10677924800146718
time,sink,0.16666666666666666,1000,52,22893,0.09293437016849856
time,sink,0.16666666666666666,1000,53,22894,0.11673737321373799
time,sink,0.16666666666666666,1000,54,22895,0.11965043814224426
time,sink,0.16666666666666666,1000,55,22896,0.0899286304457859
time,sink,0.16666666666666666,1000,56,22897,0.16576901424925522
time,sink,0.16666666666666666,1000,57,22898,0.0985127898865584
time,sink,0.16666666666666666,1000,58,22899,0.10258003559990665
time,sink,0.16666666666666666,1000,59,22900,0.088415680503651
time,sink,0.16666666666666666,1000,60,22901,0.10036831332599108
time,sink,0.16666666666666666,1000,61,22902,0.09609561427150326
time,sink,0.16666666666666666,1000,62,22903,0.0915172050386895
time,sink,0.16666666666666666,1000,63,22904,0.08721558770653527
time,sink,0.16666666666666666,1000,64,22905,0.11990192637169682
time,sink,0.16666666666666666,1000,65,22906,0.0778380980951732
time,sink,0.16666666666666666,1000,66,22907,0.12831289809198215
time,sink,0.16666666666666666,1000,67,22908,0.1028036916866754
time,sink,0.16666666666666666,1000,68,22909,0.11737745968006154
time,sink,0.16666666666666666,1000,69,22910,0.11900647275814302
time,sink,0.16666666666666666,1000,70,22911,0.09927708481234138
time,sink,0.16666666666666666,1000,71,22912,0.1044806372937595
time,sink,0.16666666666666666,1000,72,22913,0.09013396024087553
time,sink,0.16666666666666666,1000,73,22914,0.09240587865583834
time,sink,0.16666666666666666,1000,74,22915,0.09279605478461066
time,sink,0.16666666666666666,1000,75,22916,0.0910231040611043
time,sink,0.16666666666666666,1000,76,22917,0.08884305246356897
time,sink,0.16666666666666666,1000,77,22918,0.08603714641943241
time,sink,0.16666666666666666,1000,78,22919,0.08209786885450968
time,sink,0.16666666666666666,1000,79,22920,0.10251008890232968
time,sink,0.16666666666666666,1000,80,22921,0.10452752499506822
time,sink,0.16666666666666666,1000,81,22922,0.11262010118344155
time,sink,0.16666666666666666,1000,82,22923,0.10880665991552475
time,sink,0.16666666666666666,1000,83,22924,0.10101969841238695
time,sink,0.16666666666666666,1000,84,22925,0.08861516387857712
time,sink,0.16666666666666666,1000,85,22926,0.10535985609043594
time,sink,0.16666666666666666,1000,86,22927,0.11230838914744613
time,sink,0.16666666666666666,1000,87,22928,0.1387084876777552
time,sink,0.16666666666666666,1000,88,22929,0.08838178446211646
time,sink,0.16666666666666666,1000,89,22930,0.08895605449788652
time,sink,0.16666666666666666,1000,90,22931,0.09011867969735433
time,sink,0.16666666666666666,1000,91,22932,0.0768620028162499
time,sink,0.16666666666666666,1000,92,22933,0.10343302361609591
time,sink,0.16666666666666666,1000,93,22934,0.14962629920892803
time,sink,0.16666666666666666,1000,94,22935,0.11121380427811918
time,sink,0.16666666666666666,1000,95,22936,0.0950622472207065
time,sink,0.16666666666666666,1000,96,22937,0.10955529834116808
time,sink,0.16666666666666666,1000,97,22938,0.09194860063180033
time,sink,0.16666666666666666,1000,98,22939,0.09781152683261202
time,sink,0.16666666666666666,1000,99,22940,0.08791363298631703
time,sink,0.16666666666666666,1000,100,22941,0.1236868975914767
time,sink,0.16666666666666666,1000,101,22942,0.09583937897152107
time,sink,0.16666666666666666,1000,102,22943,0.10196653604277443
time,sink,0.16666666666666666,1000,103,22944,0.1231175644689557
time,sink,0.16666666666666666,1000,104,22945,0.11141136393745057
time,sink,0.16666666666666666,1000,105,22946,0.12896256838132228
time,sink,0.16666666666666666,1000,106,22947,0.09792563897194702
time,sink,0.16666666666666666,1000,107,22948,0.16108041909162327
time,sink,0.16666666666666666,1000,108,22949,0.1089934531421947
time,sink,0.16666666666666666,1000,109,22950,0.09156123595024276
time,sink,0.16666666666666666,1000,110,22951,0.1255477043202332
time,sink,0.16666666666666666,1000,111,22952,0.09718355335219372
time,sink,0.16666666666666666,1000,112,22953,0.10347679660122554
time,sink,0.16666666666666666,1000,113,22954,0.1226780434008979
time,sink,0.16666666666666666,1000,114,22955,0.08785587001428886
time,sink,0.16666666666666666,1000,115,22956,0.10108492157226846
time,sink,0.16666666666666666,1000,116,22957,0.12218436499280363
time,sink,0.16666666666666666,1000,117,22958,0.10885268575050938
time,sink,0.16666666666666666,1000,118,22959,0.08638855531789533
time,sink,0.16666666666666666,1000,119,22960,0.08756163447672331
time,sink,0.16666666666666666,1000,120,22961,0.08676311232891293
time,sink,0.16666666666666666,1000,121,22962,0.10405549820795101
time,sink,0.16666666666666666,1000,122,22963,0.09345762877980412
time,sink,0.16666666666666666,1000,123,22964,0.0910175832084348
time,sink,0.16666666666666666,1000,124,22965,0.09892532749812555
time,sink,0.16666666666666666,1000,125,22966,0.12221219014523545
time,sink,0.16666666666666666,1000,126,22967,0.10327408362242607
time,sink,0.16666666666666666,1000,127,22968,0.09395419510934049
time,sink,0.16666666666666666,1000,128,22969,0.11200224850846928
time,sink,0.16666666666666666,1000,129,22970,0.11275007092683124
time,sink,0.16666666666666666,1000,130,22971,0.10186133409551053
time,sink,0.16666666666666666,1000,131,22972,0.09883188245641633
time,sink,0.16666666666666666,1000,132,22973,0.10841314376459278
time,sink,0.16666666666666666,1000,133,22974,0.11859859824336401
time,sink,0.16666666666666666,1000,134,22975,0.08396069103918906
time,sink,0.16666666666666666,1000,135,22976,0.1260956798634356
time,sink,0.16666666666666666,1000,136,22977,0.08569142216254144
time,sink,0.16666666666666666,1000,137,22978,0.13090046937605423
time,sink,0.16666666666666666,1000,138,22979,0.09452030995387464
time,sink,0.16666666666666666,1000,139,22980,0.09296311052975242
time,sink,0.16666666666666666,1000,140,22981,0.08726584207175798
time,sink,0.16666666666666666,1000,141,22982,0.09925088155667135
time,sink,0.16666666666666666,1000,142,22983,0.0890162235569457
time,sink,0.16666666666666666,1000,143,22984,0.08450143411400082
time,sink,0.16666666666666666,1000,144,22985,0.08215111502371765
time,sink,0.16666666666666666,1000,145,22986,0.09551420257171025
time,sink,0.16666666666666666,1000,146,22987,0.13632034399369533
time,sink,0.16666666666666666,1000,147,22988,0.09140229856945385
time,sink,0.16666666666666666,1000,148,22989,0.1001574652455154
time,sink,0.16666666666666666,1000,149,22990,0.08988673605154948
time,sink,0.16666666666666666,1000,150,22991,0.1113459484337001
time,sink,0.16666666666666666,1000,151,22992,0.10893425613919169
time,sink,0.16666666666666666,1000,152,22993,0.09299310251668683
time,sink,0.16666666666666666,1000,153,22994,0.09835293562539354
time,sink,0.16666666666666666,1000,154,22995,0.0910605296650074
time,sink,0.16666666666666666,1000,155,22996,0.08683775543259124
time,sink,0.16666666666666666,1000,156,22997,0.0927268186077516
time,sink,0.16666666666666666,1000,157,22998,0.1037928967155653
time,sink,0.16666666666666666,1000,158,22999,0.1320031426609449
time,sink,0.16666666666666666,1000,159,23000,0.08772114397148788
time,sink,0.16666666666666666,1000,160,23001,0.09011554863624315
time,sink,0.16666666666666666,1000,161,23002,0.08177710375898328
time,sink,0.16666666666666666,1000,162,23003,0.09378028568287036
time,sink,0.16666666666666666,1000,163,23004,0.11119967851479096
time,sink,0.16666666666666666,1000,164,23005,0.10090154948716736
time,sink,0.16666666666666666,1000,165,23006,0.0981799116477817
time,sink,0.16666666666666666,1000,166,23007,0.09923037344273514
time,sink,0.16666666666666666,1000,167,23008,0.12530451681823795
time,sink,0.16666666666666666,1000,168,23009,0.13015229236164896
time,sink,0.16666666666666666,1000,169,23010,0.09967392001723283
time,sink,0.16666666666666666,1000,170,23011,0.0980289958237103
time,sink,0.16666666666666666,1000,171,23012,0.0903835272123793
time,sink,0.16666666666666666,1000,172,23013,0.1067437114341618
time,sink,0.16666666666666666,1000,173,23014,0.11079652025657999
time,sink,0.16666666666666666,1000,174,23015,0.08948231326940717
time,sink,0.16666666666666666,1000,175,23016,0.15068102023327123
time,sink,0.16666666666666666,1000,176,23017,0.0859829596688941
time,sink,0.16666666666666666,1000,177,23018,0.11418690553367203
time,sink,0.16666666666666666,1000,178,23019,0.0869169276708599
time,sink,0.16666666666666666,1000,179,23020,0.10092494126262098
time,sink,0.16666666666666666,1000,180,23021,0.11012060874654347
time,sink,0.16666666666666666,1000,181,23022,0.10576375952612188
time,sink,0.16666666666666666,1000,182,23023,0.100383927300554
time,sink,0.16666666666666666,1000,183,23024,0.1581329307312822
time,sink,0.16666666666666666,1000,184,23025,0.13287684275713557
time,sink,0.16666666666666666,1000,185,23026,0.08896055966642252
time,sink,0.16666666666666666,1000,186,23027,0.09095517255087372
time,sink,0.16666666666666666,1000,187,23028,0.09374199405119837
time,sink,0.16666666666666666,1000,188,23029,0.09377087197158133
time,sink,0.16666666666666666,1000,189,23030,0.1078284874374024
time,sink,0.16666666666666666,1000,190,23031,0.08893342201661696
time,sink,0.16666666666666666,1000,191,23032,0.09490493082417237
time,sink,0.16666666666666666,1000,192,23033,0.10122661301590559
time,sink,0.16666666666666666,1000,193,23034,0.10099818129141455
time,sink,0.16666666666666666,1000,194,23035,0.08585568171743228
time,sink,0.16666666666666666,1000,195,23036,0.11351043130993167
time,sink,0.16666666666666666,1000,196,23037,0.11648861934007035
time,sink,0.16666666666666666,1000,197,23038,0.0885145451623346
time,sink,0.16666666666666666,1000,198,23039,0.10278463092958369
time,sink,0.16666666666666666,1000,199,23040,0.10950013609480602
time,sink,0.3333333333333333,1000,0,22410,0.09766661041080102
time,sink,0.3333333333333333,1000,1,22411,0.09787784236496075
time,sink,0.3333333333333333,1000,2,22412,0.08931057882188433
time,sink,0.3333333333333333,1000,3,22413,0.06889410571728985
time,sink,0.3333333333333333,1000,4,22414,0.08712814145833914
time,sink,0.3333333333333333,1000,5,22415,0.0750724896827006
time,sink,0.3333333333333333,1000,6,22416,0.0776372126658166
time,sink,0.3333333333333333,1000,7,22417,0.08501235861600444
time,sink,0.3333333333333333,1000,8,22418,0.07686354909243943
time,sink,0.3333333333333333,1000,9,22419,0.07731477022822084
time,sink,0.3333333333333333,1000,10,22420,0.0782729706345299
time,sink,0.3333333333333333,1000,11,22421,0.10684991564077405
time,sink,0.3333333333333333,1000,12,22422,0.07889535004851593
time,sink,0.3333333333333333,1000,13,22423,0.08589563019753094
time,sink,0.3333333333333333,1000,14,22424,0.11831680653486322
time,sink,0.3333333333333333,1000,15,22425,0.06619435088631531
time,sink,0.3333333333333333,1000,16,22426,0.08663459809334133
time,sink,0.3333333333333333,1000,17,22427,0.07496743577534733
time,sink,0.3333333333333333,1000,18,22428,0.0818398162453795
time,sink,0.3333333333333333,1000,19,22429,0.08901596759572697
time,sink,0.3333333333333333,1000,20,22430,0.08651147405108141
time,sink,0.3333333333333333,1000,21,22431,0.12551838426003223
time,sink,0.3333333333333333,1000,22,22432,0.0854024280789805
time,sink,0.3333333333333333,1000,23,22433,0.072605777006394
time,sink,0.3333333333333333,1000,24,22434,0.09014232735151766
time,sink,0.3333333333333333,1000,25,22435,0.08264426123427059
time,sink,0.3333333333333333,1000,26,22436,0.07934937993631772
time,sink,0.3333333333333333,1000,27,22437,0.07731595199523203
time,sink,0.3333333333333333,1000,28,22438,0.08925160740942518
time,sink,0.3333333333333333,1000,29,22439,0.06731343240392841
time,sink,0.3333333333333333,1000,30,22440,0.08351815768723315
time,sink,0.3333333333333333,1000,31,22441,0.0748303409749404
time,sink,0.3333333333333333,1000,32,22442,0.0903939569547825
time,sink,0.3333333333333333,1000,33,22443,0.08338817610712843
time,sink,0.3333333333333333,1000,34,22444,0.10047179227199378
time,sink,0.3333333333333333,1000,35,22445,0.09559622235852853
time,sink,0.3333333333333333,1000,36,22446,0.08263714985853234
time,sink,0.3333333333333333,1000,37,22447,0.13434957578507425
time,sink,0.3333333333333333,1000,38,22448,0.08231520648603649
time,sink,0.3333333333333333,1000,39,22449,0.07336316189063975
time,sink,0.3333333333333333,1000,40,22450,0.07025318926278841
time,sink,0.3333333333333333,1000,41,22451,0.07992312406538363
time,sink,0.3333333333333333,1000,42,22452,0.0843794053189693
time,sink,0.3333333333333333,1000,43,22453,0.0738138271895566
time,sink,0.3333333333333333,1000,44,22454,0.07555885200617064
time,sink,0.3333333333333333,1000,45,22455,0.10766317501898454
time,sink,0.3333333333333333,1000,46,22456,0.08768413579400566
time,sink,0.3333333333333333,1000,47,22457,0.06890903936633584
time,sink,0.3333333333333333,1000,48,22458,0.07093912362922226
time,sink,0.3333333333333333,1000,49,22459,0.10833405214016975
time,sink,0.3333333333333333,1000,50,22460,0.10319223342542255
time,sink,0.3333333333333333,1000,51,22461,0.09384619805633342
time,sink,0.3333333333333333,1000,52,22462,0.08746782887685656
time,sink,0.3333333333333333,1000,53,22463,0.09644354619053837
time,sink,0.3333333333333333,1000,54,22464,0.10312712887856405
time,sink,0.3333333333333333,1000,55,22465,0.08216100614656051
time,sink,0.3333333333333333,1000,56,22466,0.09435527460975457
time,sink,0.3333333333333333,1000,57,22467,0.07929174361766807
time,sink,0.3333333333333333,1000,58,22468,0.09287845128825833
time,sink,0.3333333333333333,1000,59,22469,0.07931443241108393
time,sink,0.3333333333333333,1000,60,22470,0.06784773355225164
time,sink,0.3333333333333333,1000,61,22471,0.09642970023984755
time,sink,0.3333333333333333,1000,62,22472,0.08134731484550088
time,sink,0.3333333333333333,1000,63,22473,0.07028065593541971
time,sink,0.3333333333333333,1000,64,22474,0.076464440875809
time,sink,0.3333333333333333,1000,65,22475,0.0660908491560591
time,sink,0.3333333333333333,1000,66,22476,0.08040617324672916
time,sink,0.3333333333333333,1000,67,22477,0.14373403288441738
time,sink,0.3333333333333333,1000,68,22478,0.07964741160399068
time,sink,0.3333333333333333,1000,69,22479,0.07742524024635533
time,sink,0.3333333333333333,1000,70,22480,0.07890135271798891
time,sink,0.3333333333333333,1000,71,22481,0.0745482531349524
time,sink,0.3333333333333333,1000,72,22482,0.07346114272305812
time,sink,0.3333333333333333,1000,73,22483,0.08915076189689863
time,sink,0.3333333333333333,1000,74,22484,0.0787452501491525
time,sink,0.3333333333333333,1000,75,22485,0.0872294970713296
time,sink,0.3333333333333333,1000,76,22486,0.09370379857325623
time,sink,0.3333333333333333,1000,77,22487,0.0801701508361057
time,sink,0.3333333333333333,1000,78,22488,0.08942125353495607
time,sink,0.3333333333333333,1000,79,22489,0.07650078654964336
time,sink,0.3333333333333333,1000,80,22490,0.07211419734711681
time,sink,0.3333333333333333,1000,81,22491,0.07708104505989728
time,sink,0.3333333333333333,1000,82,22492,0.09226260002993807
time,sink,0.3333333333333333,1000,83,22493,0.07257646728656311
time,sink,0.3333333333333333,1000,84,22494,0.08500423939872838
time,sink,0.3333333333333333,1000,85,22495,0.08361885101908907
time,sink,0.3333333333333333,1000,86,22496,0.07709456256510751
time,sink,0.3333333333333333,1000,87,22497,0.0817568624658443
time,sink,0.3333333333333333,1000,88,22498,0.07197161613956736
time,sink,0.3333333333333333,1000,89,22499,0.08930285159405828
time,sink,0.3333333333333333,1000,90,22500,0.0777768543567722
time,sink,0.3333333333333333,1000,91,22501,0.07553456684012569
time,sink,0.3333333333333333,1000,92,22502,0.0801236470488709
time,sink,0.3333333333333333,1000,93,22503,0.07656569328040497
time,sink,0.3333333333333333,1000,94,22504,0.07310484901755852
time,sink,0.3333333333333333,1000,95,22505,0.06949929742473304
time,sink,0.3333333333333333,1000,96,22506,0.06412529013871288
time,sink,0.3333333333333333,1000,97,22507,0.09976432320390742
time,sink,0.3333333333333333,1000,98,22508,0.07760005666611298
time,sink,0.3333333333333333,1000,99,22509,0.07174519838651064
time,sink,0.3333333333333333,1000,100,22510,0.07094388314024266
time,sink,0.3333333333333333,1000,101,22511,0.08302181407697215
time,sink,0.3333333333333333,1000,102,22512,0.1278827839617433
time,sink,0.3333333333333333,1000,103,22513,0.08953828277734757
time,sink,0.3333333333333333,1000,104,22514,0.07541794106630456
time,sink,0.3333333333333333,1000,105,22515,0.10097707946806539
time,sink,0.3333333333333333,1000,106,22516,0.08852333774227895
time,sink,0.3333333333333333,1000,107,22517,0.09699431155186236
time,sink,0.3333333333333333,1000,108,22518,0.0724640225740934
time,sink,0.3333333333333333,1000,109,22519,0.08326605591275851
time,sink,0.3333333333333333,1000,110,22520,0.06984138854720345
time,sink,0.3333333333333333,1000,111,22521,0.096706344759473
time,sink,0.3333333333333333,1000,112,22522,0.09265190125812357
time,sink,0.3333333333333333,1000,113,22523,0.07512231822940786
time,sink,0.3333333333333333,1000,114,22524,0.0805154179907019
time,sink,0.3333333333333333,1000,115,22525,0.08153158883590886
time,sink,0.3333333333333333,1000,116,22526,0.09191486430980275
time,sink,0.3333333333333333,1000,117,22527,0.07939077157375381
time,sink,0.3333333333333333,1000,118,22528,0.07960161481392433
time,sink,0.3333333333333333,1000,119,22529,0.07919756256140478
time,sink,0.3333333333333333,1000,120,22530,0.08309867703939094
time,sink,0.3333333333333333,1000,121,22531,0.09401309441474541
time,sink,0.3333333333333333,1000,122,22532,0.08433387812663531
time,sink,0.3333333333333333,1000,123,22533,0.0778272269338334
time,sink,0.3333333333333333,1000,124,22534,0.08122183221583591
time,sink,0.3333333333333333,1000,125,22535,0.08973874861630496
time,sink,0.3333333333333333,1000,126,22536,0.1253284399071996
time,sink,0.3333333333333333,1000,127,22537,0.07196786382696327
time,sink,0.3333333333333333,1000,128,22538,0.0755552461299323
time,sink,0.3333333333333333,1000,129,22539,0.08454013276048883
time,sink,0.3333333333333333,1000,130,22540,0.0945943948786562
time,sink,0.3333333333333333,1000,131,22541,0.08271011610414887
time,sink,0.3333333333333333,1000,132,22542,0.08400044042262379
time,sink,0.3333333333333333,1000,133,22543,0.1053492746391749
time,sink,0.3333333333333333,1000,134,22544,0.08120153643664363
time,sink,0.3333333333333333,1000,135,22545,0.07162617405982004
time,sink,0.3333333333333333,1000,136,22546,0.09115904620944561
time,sink,0.3333333333333333,1000,137,22547,0.09048910622348788
time,sink,0.3333333333333333,1000,138,22548,0.08045006669282798
time,sink,0.3333333333333333,1000,139,22549,0.1059200585344901
time,sink,0.3333333333333333,1000,140,22550,0.08765944984060585
time,sink,0.3333333333333333,1000,141,22551,0.1248991703066564
time,sink,0.3333333333333333,1000,142,22552,0.07791656786508193
time,sink,0.3333333333333333,1000,143,22553,0.09403299547302703
time,sink,0.3333333333333333,1000,144,22554,0.08095662834510403
time,sink,0.3333333333333333,1000,145,22555,0.12514598272931107
time,sink,0.3333333333333333,1000,146,22556,0.08327188967630107
time,sink,0.3333333333333333,1000,147,22557,0.07088829565712206
time,sink,0.3333333333333333,1000,148,22558,0.08568205870469842
time,sink,0.3333333333333333,1000,149,22559,0.07236931868153655
time,sink,0.3333333333333333,1000,150,22560,0.08669189487730776
time,sink,0.3333333333333333,1000,151,22561,0.08290850321960946
time,sink,0.3333333333333333,1000,152,22562,0.08723547432071282
time,sink,0.3333333333333333,1000,153,22563,0.07816851954343004
time,sink,0.3333333333333333,1000,154,22564,0.08409566642541311
time,sink,0.3333333333333333,1000,155,22565,0.07691367777272312
time,sink,0.3333333333333333,1000,156,22566,0.0808317330857039
time,sink,0.3333333333333333,1000,157,22567,0.07615850322075604
time,sink,0.3333333333333333,1000,158,22568,0.10078573743646994
time,sink,0.3333333333333333,1000,159,22569,0.09013437153851428
time,sink,0.3333333333333333,1000,160,22570,0.08165655571041816
time,sink,0.3333333333333333,1000,161,22571,0.0920418930112472
time,sink,0.3333333333333333,1000,162,22572,0.0863502612998518
time,sink,0.3333333333333333,1000,163,22573,0.13113266940705487
time,sink,0.3333333333333333,1000,164,22574,0.07725760197036571
time,sink,0.3333333333333333,1000,165,22575,0.08032172319610245
time,sink,0.3333333333333333,1000,166,22576,0.0950612323684929
time,sink,0.3333333333333333,1000,167,22577,0.07919969316834762
time,sink,0.3333333333333333,1000,168,22578,0.1219442981581749
time,sink,0.3333333333333333,1000,169,22579,0.0777057705032677
time,sink,0.3333333333333333,1000,170,22580,0.08917248206849214
time,sink,0.3333333333333333,1000,171,22581,0.07468814298107379
time,sink,0.3333333333333333,1000,172,22582,0.08071293150650587
time,sink,0.3333333333333333,1000,173,22583,0.09235688455192023
time,sink,0.3333333333333333,1000,174,22584,0.08507966920770743
time,sink,0.3333333333333333,1000,175,22585,0.07744679074779331
time,sink,0.3333333333333333,1000,176,22586,0.07672824614609605
time,sink,0.3333333333333333,1000,177,22587,0.06637516989996661
time,sink,0.3333333333333333,1000,178,22588,0.07454103601199495
time,sink,0.3333333333333333,1000,179,22589,0.07705906402325542
time,sink,0.3333333333333333,1000,180,22590,0.11632893598113027
time,sink,0.3333333333333333,1000,181,22591,0.07176016391736229
time,sink,0.3333333333333333,1000,182,22592,0.08679344904531151
time,sink,0.3333333333333333,1000,183,22593,0.09299281618337593
time,sink,0.3333333333333333,1000,184,22594,0.08679088535289095
time,sink,0.3333333333333333,1000,185,22595,0.09538948443542554
time,sink,0.3333333333333333,1000,186,22596,0.0829398327750584
time,sink,0.3333333333333333,1000,187,22597,0.07824687548151225
time,sink,0.3333333333333333,1000,188,22598,0.10567070604686765
time,sink,0.3333333333333333,1000,189,22599,0.09967576264521753
time,sink,0.3333333333333333,1000,190,22600,0.0789074453941627
time,sink,0.3333333333333333,1000,191,22601,0.07941905842470623
time,sink,0.3333333333333333,1000,192,22602,0.11403800744238234
time,sink,0.3333333333333333,1000,193,22603,0.07844551244879779
time,sink,0.3333333333333333,1000,194,22604,0.07405448757212478
time,sink,0.3333333333333333,1000,195,22605,0.07033259964527357
time,sink,0.3333333333333333,1000,196,22606,0.0754398782868713
time,sink,0.3333333333333333,1000,197,22607,0.07427478492812613
time,sink,0.3333333333333333,1000,198,22608,0.08095718987242942
time,sink,0.3333333333333333,1000,199,22609,0.07282635337856426
time,sink,0.5,1000,0,22003,0.06317262485374055
time,sink,0.5,1000,1,22004,0.0773366181266082
time,sink,0.5,1000,2,22005,0.06048108366627762
time,sink,0.5,1000,3,22006,0.08095324901832684
time,sink,0.5,1000,4,22007,0.07747559844735588
time,sink,0.5,1000,5,22008,0.07931208247809172
time,sink,0.5,1000,6,22009,0.05988457731052855
time,sink,0.5,1000,7,22010,0.06548213001749408
time,sink,0.5,1000,8,22011,0.06128085003999264
time,sink,0.5,1000,9,22012,0.07622901311190547
time,sink,0.5,1000,10,22013,0.06448862923973593
time,sink,0.5,1000,11,22014,0.06427487977698848
time,sink,0.5,1000,12,22015,0.0687843662377163
time,sink,0.5,1000,13,22016,0.06427467675917138
time,sink,0.5,1000,14,22017,0.06614658292092171
time,sink,0.5,1000,15,22018,0.0823314165662354
time,sink,0.5,1000,16,22019,0.07193944002433017
time,sink,0.5,1000,17,22020,0.0655176749890717
time,sink,0.5,1000,18,22021,0.06892394203788535
time,sink,0.5,1000,19,22022,0.08488235345868213
time,sink,0.5,1000,20,22023,0.06996304898733696
time,sink,0.5,1000,21,22024,0.05739022244748
time,sink,0.5,1000,22,22025,0.07273815594360522
time,sink,0.5,1000,23,22026,0.0664770107949658
time,sink,0.5,1000,24,22027,0.07262714478689225
time,sink,0.5,1000,25,22028,0.07049225866073806
time,sink,0.5,1000,26,22029,0.07029128733294818
time,sink,0.5,1000,27,22030,0.1113033644399713
time,sink,0.5,1000,28,22031,0.061352664791198455
time,sink,0.5,1000,29,22032,0.0729569236076133
time,sink,0.5,1000,30,22033,0.08704639896123287
time,sink,0.5,1000,31,22034,0.07571815060304586
time,sink,0.5,1000,32,22035,0.06347115810751003
time,sink,0.5,1000,33,22036,0.09269656744434096
time,sink,0.5,1000,34,22037,0.08001744657660367
time,sink,0.5,1000,35,22038,0.06874234224876764
time,sink,0.5,1000,36,22039,0.0701636052348514
time,sink,0.5,1000,37,22040,0.06060378371328877
time,sink,0.5,1000,38,22041,0.06558536305639706
time,sink,0.5,1000,39,22042,0.06461174863617473
time,sink,0.5,1000,40,22043,0.0603968535408808
time,sink,0.5,1000,41,22044,0.06338413146646862
time,sink,0.5,1000,42,22045,0.07271789986188054
time,sink,0.5,1000,43,22046,0.10295750136517087
time,sink,0.5,1000,44,22047,0.0664753272265864
time,sink,0.5,1000,45,22048,0.06318834906395616
time,sink,0.5,1000,46,22049,0.0771843981429599
time,sink,0.5,1000,47,22050,0.06405788735599185
time,sink,0.5,1000,48,22051,0.06465455435260278
time,sink,0.5,1000,49,22052,0.10151219603078068
time,sink,0.5,1000,50,22053,0.06254100955461975
time,sink,0.5,1000,51,22054,0.060105018726694145
time,sink,0.5,1000,52,22055,0.07404265544605144
time,sink,0.5,1000,53,22056,0.06661147351633732
time,sink,0.5,1000,54,22057,0.08416760303330323
time,sink,0.5,1000,55,22058,0.07625549165182989
time,sink,0.5,1000,56,22059,0.06405389572830714
time,sink,0.5,1000,57,22060,0.06537459728158858
time,sink,0.5,1000,58,22061,0.06292562825869329
time,sink,0.5,1000,59,22062,0.06923229248570788
time,sink,0.5,1000,60,22063,0.14033815498354923
time,sink,0.5,1000,61,22064,0.066919587162862
time,sink,0.5,1000,62,22065,0.06836092162102086
time,sink,0.5,1000,63,22066,0.07186850410712109
time,sink,0.5,1000,64,22067,0.06978660602445609
time,sink,0.5,1000,65,22068,0.06010727713809903
time,sink,0.5,1000,66,22069,0.06850854861220976
time,sink,0.5,1000,67,22070,0.09539817753568186
time,sink,0.5,1000,68,22071,0.0713595452526325
time,sink,0.5,1000,69,22072,0.07894109880143425
time,sink,0.5,1000,70,22073,0.06748794269776852
time,sink,0.5,1000,71,22074,0.06269493028732548
time,sink,0.5,1000,72,22075,0.06735671379425802
time,sink,0.5,1000,73,22076,0.06530331894007928
time,sink,0.5,1000,74,22077,0.07506364675292726
time,sink,0.5,1000,75,22078,0.06405901227839708
time,sink,0.5,1000,76,22079,0.0640508112825423
time,sink,0.5,1000,77,22080,0.07321873800591516
time,sink,0.5,1000,78,22081,0.06776858059399696
time,sink,0.5,1000,79,22082,0.10275576432626872
time,sink,0.5,1000,80,22083,0.06281985016447444
time,sink,0.5,1000,81,22084,0.05806590794934489
time,sink,0.5,1000,82,22085,0.06686058339858708
time,sink,0.5,1000,83,22086,0.1104226332362169
time,sink,0.5,1000,84,22087,0.06913222317113432
time,sink,0.5,1000,85,22088,0.060055186923798055
time,sink,0.5,1000,86,22089,0.05955259860636311
time,sink,0.5,1000,87,22090,0.06948892733423429
time,sink,0.5,1000,88,22091,0.09674142333158182
time,sink,0.5,1000,89,22092,0.07251259695200944
time,sink,0.5,1000,90,22093,0.07092594387846127
time,sink,0.5,1000,91,22094,0.06452649577226512
time,sink,0.5,1000,92,22095,0.0720491730661415
time,sink,0.5,1000,93,22096,0.07401579423734621
time,sink,0.5,1000,94,22097,0.0788185495425058
time,sink,0.5,1000,95,22098,0.08851152923449274
time,sink,0.5,1000,96,22099,0.07328379839533655
time,sink,0.5,1000,97,22100,0.06650412486136581
time,sink,0.5,1000,98,22101,0.07613316472512578
time,sink,0.5,1000,99,22102,0.07876375644745764
time,sink,0.5,1000,100,22103,0.08345607032881762
time,sink,0.5,1000,101,22104,0.11735466042120095
time,sink,0.5,1000,102,22105,0.0798990010990531
time,sink,0.5,1000,103,22106,0.06528626702890959
time,sink,0.5,1000,104,22107,0.06374490099814391
time,sink,0.5,1000,105,22108,0.07725035906517248
time,sink,0.5,1000,106,22109,0.07057570726431708
time,sink,0.5,1000,107,22110,0.07841253961949247
time,sink,0.5,1000,108,22111,0.07312667480848489
time,sink,0.5,1000,109,22112,0.05816480417508152
time,sink,0.5,1000,110,22113,0.08846743917264159
time,sink,0.5,1000,111,22114,0.05840482528108339
time,sink,0.5,1000,112,22115,0.07080076399868812
time,sink,0.5,1000,113,22116,0.06507621165580628
time,sink,0.5,1000,114,22117,0.07536674322148798
time,sink,0.5,1000,115,22118,0.07222187469435618
time,sink,0.5,1000,116,22119,0.06164347537221849
time,sink,0.5,1000,117,22120,0.07114419889061073
time,sink,0.5,1000,118,22121,0.06567852003060853
time,sink,0.5,1000,119,22122,0.07834652342707546
time,sink,0.5,1000,120,22123,0.0796075899735593
time,sink,0.5,1000,121,22124,0.0796110142425876
time,sink,0.5,1000,122,22125,0.06634156200012707
time,sink,0.5,1000,123,22126,0.07312995032285598
time,sink,0.5,1000,124,22127,0.06488413554646441
time,sink,0.5,1000,125,22128,0.07057055481058515
time,sink,0.5,1000,126,22129,0.08702496151019556
time,sink,0.5,1000,127,22130,0.06563490031423859
time,sink,0.5,1000,128,22131,0.06489768441557867
time,sink,0.5,1000,129,22132,0.060834946420047525
time,sink,0.5,1000,130,22133,0.07052667023341969
time,sink,0.5,1000,131,22134,0.06559481808235905
time,sink,0.5,1000,132,22135,0.06229574076117769
time,sink,0.5,1000,133,22136,0.07257083861100297
time,sink,0.5,1000,134,22137,0.07193052987175592
time,sink,0.5,1000,135,22138,0.08912067034573595
time,sink,0.5,1000,136,22139,0.06588724246782354
time,sink,0.5,1000,137,22140,0.07041868569511864
time,sink,0.5,1000,138,22141,0.06709890642682177
time,sink,0.5,1000,139,22142,0.08264715089931914
time,sink,0.5,1000,140,22143,0.07711120263514765
time,sink,0.5,1000,141,22144,0.07683129532420313
time,sink,0.5,1000,142,22145,0.06727308178548339
time,sink,0.5,1000,143,22146,0.06479155270035551
time,sink,0.5,1000,144,22147,0.07162545920785081
time,sink,0.5,1000,145,22148,0.06175652813620587
time,sink,0.5,1000,146,22149,0.060336055530798606
time,sink,0.5,1000,147,22150,0.06632562384047919
time,sink,0.5,1000,148,22151,0.054680707741931234
time,sink,0.5,1000,149,22152,0.07970564247554053
time,sink,0.5,1000,150,22153,0.06419708150989423
time,sink,0.5,1000,151,22154,0.0678639650491644
time,sink,0.5,1000,152,22155,0.06576090387548704
time,sink,0.5,1000,153,22156,0.08355614590829118
time,sink,0.5,1000,154,22157,0.07372253214981833
time,sink,0.5,1000,155,22158,0.06599349394431937
time,sink,0.5,1000,156,22159,0.06680417225452796
time,sink,0.5,1000,157,22160,0.07522620828947009
time,sink,0.5,1000,158,22161,0.07610067313806385
time,sink,0.5,1000,159,22162,0.07063546199012521
time,sink,0.5,1000,160,22163,0.08709597243691296
time,sink,0.5,1000,161,22164,0.09341881165933336
time,sink,0.5,1000,162,22165,0.07128144943654868
time,sink,0.5,1000,163,22166,0.07202895223517891
time,sink,0.5,1000,164,22167,0.11626642340111741
time,sink,0.5,1000,165,22168,0.10032732695341282
time,sink,0.5,1000,166,22169,0.07144995750884998
time,sink,0.5,1000,167,22170,0.06592715143083712
time,sink,0.5,1000,168,22171,0.06558702550635583
time,sink,0.5,1000,169,22172,0.10162047889757252
time,sink,0.5,1000,170,22173,0.10673511988516964
time,sink,0.5,1000,171,22174,0.07772933678738472
time,sink,0.5,1000,172,22175,0.10109721972949216
time,sink,0.5,1000,173,22176,0.06384994678299348
time,sink,0.5,1000,174,22177,0.08098613574491045
time,sink,0.5,1000,175,22178,0.09110046163222658
time,sink,0.5,1000,176,22179,0.061166364430148036
time,sink,0.5,1000,177,22180,0.06692494699679086
time,sink,0.5,1000,178,22181,0.07153594972200167
time,sink,0.5,1000,179,22182,0.10517917110347645
time,sink,0.5,1000,180,22183,0.06535806578835195
time,sink,0.5,1000,181,22184,0.08100365743602948
time,sink,0.5,1000,182,22185,0.06211503288805285
time,sink,0.5,1000,183,22186,0.06747130043771063
time,sink,0.5,1000,184,22187,0.06964108283896384
time,sink,0.5,1000,185,22188,0.07736517926086876
time,sink,0.5,1000,186,22189,0.064989421527263
time,sink,0.5,1000,187,22190,0.08007945477797214
time,sink,0.5,1000,188,22191,0.06672790177933179
time,sink,0.5,1000,189,22192,0.1052748984781745
time,sink,0.5,1000,190,22193,0.07689540734843432
time,sink,0.5,1000,191,22194,0.06983639276921313
time,sink,0.5,1000,192,22195,0.06438371647197956
time,sink,0.5,1000,193,22196,0.06317156875786653
time,sink,0.5,1000,194,22197,0.0658732083759291
time,sink,0.5,1000,195,22198,0.07013248293359502
time,sink,0.5,1000,196,22199,0.06422250525792732
time,sink,0.5,1000,197,22200,0.06711098004581696
time,sink,0.5,1000,198,22201,0.12724782671469023
time,sink,0.5,1000,199,22202,0.06539634267107798
time,sink,0.6666666666666666,1000,0,22926,0.06390398302176026
time,sink,0.6666666666666666,1000,1,22927,0.0681184813608636
time,sink,0.6666666666666666,1000,2,22928,0.08413095053893037
time,sink,0.6666666666666666,1000,3,22929,0.05360626203638737
time,sink,0.6666666666666666,1000,4,22930,0.05395457442003599
time,sink,0.6666666666666666,1000,5,22931,0.05465974224926791
time,sink,0.6666666666666666,1000,6,22932,0.04661916127497437
time,sink,0.6666666666666666,1000,7,22933,0.06273530004994306
time,sink,0.6666666666666666,1000,8,22934,0.090752937969551
time,sink,0.6666666666666666,1000,9,22935,0.06745458207795939
time,sink,0.6666666666666666,1000,10,22936,0.057658167520540586
time,sink,0.6666666666666666,1000,11,22937,0.06644864737788309
time,sink,0.6666666666666666,1000,12,22938,0.05576964540085946
time,sink,0.6666666666666666,1000,13,22939,0.05932568989728421
time,sink,0.6666666666666666,1000,14,22940,0.05332231381292509
time,sink,0.6666666666666666,1000,15,22941,0.07501989559396732
time,sink,0.6666666666666666,1000,16,22942,0.05812952175404577
time,sink,0.6666666666666666,1000,17,22943,0.06184583037463594
time,sink,0.6666666666666666,1000,18,22944,0.07467457759956833
time,sink,0.6666666666666666,1000,19,22945,0.06757440806846586
time,sink,0.6666666666666666,1000,20,22946,0.07821975167855881
time,sink,0.6666666666666666,1000,21,22947,0.0593949024084362
time,sink,0.6666666666666666,1000,22,22948,0.09770021285842971
time,sink,0.6666666666666666,1000,23,22949,0.06610787103869338
time,sink,0.6666666666666666,1000,24,22950,0.05553469684500481
time,sink,0.6666666666666666,1000,25,22951,0.07614853192675758
time,sink,0.6666666666666666,1000,26,22952,0.05894480472792377
time,sink,0.6666666666666666,1000,27,22953,0.06276184970749102
time,sink,0.6666666666666666,1000,28,22954,0.07440799459620177
time,sink,0.6666666666666666,1000,29,22955,0.05328727879939386
time,sink,0.6666666666666666,1000,30,22956,0.0613111041682276
time,sink,0.6666666666666666,1000,31,22957,0.07410856350565431
time,sink,0.6666666666666666,1000,32,22958,0.06602249129974841
time,sink,0.6666666666666666,1000,33,22959,0.05239730744858431
time,sink,0.6666666666666666,1000,34,22960,0.05310881592468344
time,sink,0.6666666666666666,1000,35,22961,0.05262448775957681
time,sink,0.6666666666666666,1000,36,22962,0.06311284997479515
time,sink,0.6666666666666666,1000,37,22963,0.05668491723899323
time,sink,0.6666666666666666,1000,38,22964,0.05520495478886134
time,sink,0.6666666666666666,1000,39,22965,0.06000124414972627
time,sink,0.6666666666666666,1000,40,22966,0.07412544031371535
time,sink,0.6666666666666666,1000,41,22967,0.06263889807072782
time,sink,0.6666666666666666,1000,42,22968,0.05698609994243782
time,sink,0.6666666666666666,1000,43,22969,0.06793279767714007
time,sink,0.6666666666666666,1000,44,22970,0.06838637490189708
time,sink,0.6666666666666666,1000,45,22971,0.06178202216815926
time,sink,0.6666666666666666,1000,46,22972,0.05994456686693161
time,sink,0.6666666666666666,1000,47,22973,0.06575589560905878
time,sink,0.6666666666666666,1000,48,22974,0.07193368603354158
time,sink,0.6666666666666666,1000,49,22975,0.05092473332592783
time,sink,0.6666666666666666,1000,50,22976,0.07648089589448263
time,sink,0.6666666666666666,1000,51,22977,0.05197447481595981
time,sink,0.6666666666666666,1000,52,22978,0.07939514804735141
time,sink,0.6666666666666666,1000,53,22979,0.05732946595256644
time,sink,0.6666666666666666,1000,54,22980,0.05638497675854923
time,sink,0.6666666666666666,1000,55,22981,0.052929408762161796
time,sink,0.6666666666666666,1000,56,22982,0.06019870266762817
time,sink,0.6666666666666666,1000,57,22983,0.05399106879912146
time,sink,0.6666666666666666,1000,58,22984,0.05125271057982844
time,sink,0.6666666666666666,1000,59,22985,0.04982716999146391
time,sink,0.6666666666666666,1000,60,22986,0.05793229229774579
time,sink,0.6666666666666666,1000,61,22987,0.0826824681747491
time,sink,0.6666666666666666,1000,62,22988,0.05543829645058188
time,sink,0.6666666666666666,1000,63,22989,0.06074857347050747
time,sink,0.6666666666666666,1000,64,22990,0.05451906131676167
time,sink,0.6666666666666666,1000,65,22991,0.0675347315598211
time,sink,0.6666666666666666,1000,66,22992,0.06607196624140885
time,sink,0.6666666666666666,1000,67,22993,0.05640316781817072
time,sink,0.6666666666666666,1000,68,22994,0.059654070929544056
time,sink,0.6666666666666666,1000,69,22995,0.055231003131498715
time,sink,0.6666666666666666,1000,70,22996,0.05266976109049391
time,sink,0.6666666666666666,1000,71,22997,0.05624165846321327
time,sink,0.6666666666666666,1000,72,22998,0.06295357411837692
time,sink,0.6666666666666666,1000,73,22999,0.08006395320228368
time,sink,0.6666666666666666,1000,74,23000,0.05320556332377345
time,sink,0.6666666666666666,1000,75,23001,0.05465784316470635
time,sink,0.6666666666666666,1000,76,23002,0.04960032069232456
time,sink,0.6666666666666666,1000,77,23003,0.056880618543270506
time,sink,0.6666666666666666,1000,78,23004,0.0674460143694089
time,sink,0.6666666666666666,1000,79,23005,0.06119988337647844
time,sink,0.6666666666666666,1000,80,23006,0.05954912658225702
time,sink,0.6666666666666666,1000,81,23007,0.06018626386775344
time,sink,0.6666666666666666,1000,82,23008,0.0760010312507385
time,sink,0.6666666666666666,1000,83,23009,0.07894135574922286
time,sink,0.6666666666666666,1000,84,23010,0.06045528846419663
time,sink,0.6666666666666666,1000,85,23011,0.059457591507921834
time,sink,0.6666666666666666,1000,86,23012,0.0548203803872792
time,sink,0.6666666666666666,1000,87,23013,0.0647433337163369
time,sink,0.6666666666666666,1000,88,23014,0.06720148652508759
time,sink,0.6666666666666666,1000,89,23015,0.05427376649990621
time,sink,0.6666666666666666,1000,90,23016,0.09139265860825864
time,sink,0.6666666666666666,1000,91,23017,0.052151301252019104
time,sink,0.6666666666666666,1000,92,23018,0.06925785914388215
time,sink,0.6666666666666666,1000,93,23019,0.052717781480401835
time,sink,0.6666666666666666,1000,94,23020,0.06121407120547631
time,sink,0.6666666666666666,1000,95,23021,0.06679152547099784
time,sink,0.6666666666666666,1000,96,23022,0.06414896283906703
time,sink,0.6666666666666666,1000,97,23023,0.060885929650150016
time,sink,0.6666666666666666,1000,98,23024,0.09591247079873681
time,sink,0.6666666666666666,1000,99,23025,0.0805938790980176
time,sink,0.6666666666666666,1000,100,23026,0.05395730694288027
time,sink,0.6666666666666666,1000,101,23027,0.05516710081155778
time,sink,0.6666666666666666,1000,102,23028,0.05685739349465117
time,sink,0.6666666666666666,1000,103,23029,0.05687490883875204
time,sink,0.6666666666666666,1000,104,23030,0.06540128362122301
time,sink,0.6666666666666666,1000,105,23031,0.05394084712624068
time,sink,0.6666666666666666,1000,106,23032,0.057562750302767064
time,sink,0.6666666666666666,1000,107,23033,0.06139704437301254
time,sink,0.6666666666666666,1000,108,23034,0.06125849352845785
time,sink,0.6666666666666666,1000,109,23035,0.05207410327215227
time,sink,0.6666666666666666,1000,110,23036,0.06884755678667832
time,sink,0.6666666666666666,1000,111,23037,0.07065391913734656
time,sink,0.6666666666666666,1000,112,23038,0.053686785471474326
time,sink,0.6666666666666666,1000,113,23039,0.062342030006040015
time,sink,0.6666666666666666,1000,114,23040,0.06641518978420592
time,sink,0.6666666666666666,1000,115,23041,0.06109515795319748
time,sink,0.6666666666666666,1000,116,23042,0.05339080718036719
time,sink,0.6666666666666666,1000,117,23043,0.07911462742689093
time,sink,0.6666666666666666,1000,118,23044,0.05490630318442626
time,sink,0.6666666666666666,1000,119,23045,0.06972329501871576
time,sink,0.6666666666666666,1000,120,23046,0.057724586613199624
time,sink,0.6666666666666666,1000,121,23047,0.06253035867167332
time,sink,0.6666666666666666,1000,122,23048,0.0586987467138667
time,sink,0.6666666666666666,1000,123,23049,0.05399630188937042
time,sink,0.6666666666666666,1000,124,23050,0.06922675622639618
time,sink,0.6666666666666666,1000,125,23051,0.05468517486861547
time,sink,0.6666666666666666,1000,126,23052,0.06266596651718867
time,sink,0.6666666666666666,1000,127,23053,0.0624638807982776
time,sink,0.6666666666666666,1000,128,23054,0.0567056205928074
time,sink,0.6666666666666666,1000,129,23055,0.06699127243711805
time,sink,0.6666666666666666,1000,130,23056,0.052309821398264324
time,sink,0.6666666666666666,1000,131,23057,0.05804782588616216
time,sink,0.6666666666666666,1000,132,23058,0.06325405713327896
time,sink,0.6666666666666666,1000,133,23059,0.05351570407352812
time,sink,0.6666666666666666,1000,134,23060,0.06925683191322472
time,sink,0.6666666666666666,1000,135,23061,0.07480973577395397
time,sink,0.6666666666666666,1000,136,23062,0.0580341483503686
time,sink,0.6666666666666666,1000,137,23063,0.06067383242088724
time,sink,0.6666666666666666,1000,138,23064,0.061727681588815884
time,sink,0.6666666666666666,1000,139,23065,0.05592654224730445
time,sink,0.6666666666666666,1000,140,23066,0.05159788710215052
time,sink,0.6666666666666666,1000,141,23067,0.05295206638761771
time,sink,0.6666666666666666,1000,142,23068,0.08600214130677158
time,sink,0.6666666666666666,1000,143,23069,0.061807114640720674
time,sink,0.6666666666666666,1000,144,23070,0.051934901858712676
time,sink,0.6666666666666666,1000,145,23071,0.06468900924019977
time,sink,0.6666666666666666,1000,146,23072,0.07139631077972962
time,sink,0.6666666666666666,1000,147,23073,0.05402107664748876
time,sink,0.6666666666666666,1000,148,23074,0.057722563109572265
time,sink,0.6666666666666666,1000,149,23075,0.06265370685075765
time,sink,0.6666666666666666,1000,150,23076,0.06474579020356476
time,sink,0.6666666666666666,1000,151,23077,0.05687040600987731
time,sink,0.6666666666666666,1000,152,23078,0.049848960118855416
time,sink,0.6666666666666666,1000,153,23079,0.05834101785876165
time,sink,0.6666666666666666,1000,154,23080,0.0591163408688722
time,sink,0.6666666666666666,1000,155,23081,0.06203966031550261
time,sink,0.6666666666666666,1000,156,23082,0.060178364031059924
time,sink,0.6666666666666666,1000,157,23083,0.06594150854877276
time,sink,0.6666666666666666,1000,158,23084,0.05443516947026009
time,sink,0.6666666666666666,1000,159,23085,0.05654574920649316
time,sink,0.6666666666666666,1000,160,23086,0.06446941122631095
time,sink,0.6666666666666666,1000,161,23087,0.06498767144993697
time,sink,0.6666666666666666,1000,162,23088,0.06744819040982764
time,sink,0.6666666666666666,1000,163,23089,0.05670793636713602
time,sink,0.6666666666666666,1000,164,23090,0.06302438378728217
time,sink,0.6666666666666666,1000,165,23091,0.06912478807601048
time,sink,0.6666666666666666,1000,166,23092,0.07594939350158728
time,sink,0.6666666666666666,1000,167,23093,0.0797326341134416
time,sink,0.6666666666666666,1000,168,23094,0.07152415537733088
time,sink,0.6666666666666666,1000,169,23095,0.05984906290390964
time,sink,0.6666666666666666,1000,170,23096,0.05780569780133362
time,sink,0.6666666666666666,1000,171,23097,0.05714879681177359
time,sink,0.6666666666666666,1000,172,23098,0.07409725115906501
time,sink,0.6666666666666666,1000,173,23099,0.07477260417906861
time,sink,0.6666666666666666,1000,174,23100,0.07476172010754507
time,sink,0.6666666666666666,1000,175,23101,0.05342302155815182
time,sink,0.6666666666666666,1000,176,23102,0.05984279475199387
time,sink,0.6666666666666666,1000,177,23103,0.05499989176594814
time,sink,0.6666666666666666,1000,178,23104,0.07019518393152932
time,sink,0.6666666666666666,1000,179,23105,0.06045592537111806
time,sink,0.6666666666666666,1000,180,23106,0.05780099421533595
time,sink,0.6666666666666666,1000,181,23107,0.04986384910967412
time,sink,0.6666666666666666,1000,182,23108,0.07901368814710438
time,sink,0.6666666666666666,1000,183,23109,0.05992267628091489
time,sink,0.6666666666666666,1000,184,23110,0.06712807216412425
time,sink,0.6666666666666666,1000,185,23111,0.07143962988388282
time,sink,0.6666666666666666,1000,186,23112,0.0774994421398314
time,sink,0.6666666666666666,1000,187,23113,0.07850544342899633
time,sink,0.6666666666666666,1000,188,23114,0.06048070289578515
time,sink,0.6666666666666666,1000,189,23115,0.06041306571818097
time,sink,0.6666666666666666,1000,190,23116,0.0621918756688399
time,sink,0.6666666666666666,1000,191,23117,0.08162480338938886
time,sink,0.6666666666666666,1000,192,23118,0.06677179688915359
time,sink,0.6666666666666666,1000,193,23119,0.060353897828401525
time,sink,0.6666666666666666,1000,194,23120,0.05415959472798989
time,sink,0.6666666666666666,1000,195,23121,0.06657661963755028
time,sink,0.6666666666666666,1000,196,23122,0.056290799544387315
time,sink,0.6666666666666666,1000,197,23123,0.06519996368450696
time,sink,0.6666666666666666,1000,198,23124,0.0587682723124008
time,sink,0.6666666666666666,1000,199,23125,0.06202283423434374
time,sink,0.8333333333333333,1000,0,22495,0.050717396873020515
time,sink,0.8333333333333333,1000,1,22496,0.0467602158928716
time,sink,0.8333333333333333,1000,2,22497,0.04958804372744338
time,sink,0.8333333333333333,1000,3,22498,0.04365299181771625
time,sink,0.8333333333333333,1000,4,22499,0.05416491749156367
time,sink,0.8333333333333333,1000,5,22500,0.04717404678338645
time,sink,0.8333333333333333,1000,6,22501,0.04581403065664947
time,sink,0.8333333333333333,1000,7,22502,0.04859744850313366
time,sink,0.8333333333333333,1000,8,22503,0.04643944045671946
time,sink,0.8333333333333333,1000,9,22504,0.04434033230281215
time,sink,0.8333333333333333,1000,10,22505,0.042153454716588
time,sink,0.8333333333333333,1000,11,22506,0.03889395453209748
time,sink,0.8333333333333333,1000,12,22507,0.060510120768650415
time,sink,0.8333333333333333,1000,13,22508,0.04706681356343536
time,sink,0.8333333333333333,1000,14,22509,0.043515662508584074
time,sink,0.8333333333333333,1000,15,22510,0.04302964024362747
time,sink,0.8333333333333333,1000,16,22511,0.05035527566264563
time,sink,0.8333333333333333,1000,17,22512,0.07756482932220446
time,sink,0.8333333333333333,1000,18,22513,0.05430771372248103
time,sink,0.8333333333333333,1000,19,22514,0.04574329354911433
time,sink,0.8333333333333333,1000,20,22515,0.0612456946256207
time,sink,0.8333333333333333,1000,21,22516,0.0536921184407888
time,sink,0.8333333333333333,1000,22,22517,0.058830023773923566
time,sink,0.8333333333333333,1000,23,22518,0.04395165141729603
time,sink,0.8333333333333333,1000,24,22519,0.05050341582443438
time,sink,0.8333333333333333,1000,25,22520,0.0423609434707814
time,sink,0.8333333333333333,1000,26,22521,0.058655363085360346
time,sink,0.8333333333333333,1000,27,22522,0.0561962187937196
time,sink,0.8333333333333333,1000,28,22523,0.04556398923482507
time,sink,0.8333333333333333,1000,29,22524,0.048835069590938904
time,sink,0.8333333333333333,1000,30,22525,0.04945140836406311
time,sink,0.8333333333333333,1000,31,22526,0.05574918328722189
time,sink,0.8333333333333333,1000,32,22527,0.048152937057723874
time,sink,0.8333333333333333,1000,33,22528,0.04828081994728044
time,sink,0.8333333333333333,1000,34,22529,0.048035749868001486
time,sink,0.8333333333333333,1000,35,22530,0.050401895405948735
time,sink,0.8333333333333333,1000,36,22531,0.05702182417700162
time,sink,0.8333333333333333,1000,37,22532,0.051151082736273036
time,sink,0.8333333333333333,1000,38,22533,0.04720459929578281
time,sink,0.8333333333333333,1000,39,22534,0.04926353147693966
time,sink,0.8333333333333333,1000,40,22535,0.05442930240003371
time,sink,0.8333333333333333,1000,41,22536,0.07601554133766894
time,sink,0.8333333333333333,1000,42,22537,0.04365071592507687
time,sink,0.8333333333333333,1000,43,22538,0.045826573279938145
time,sink,0.8333333333333333,1000,44,22539,0.05127618249541287
time,sink,0.8333333333333333,1000,45,22540,0.05737440073086873
time,sink,0.8333333333333333,1000,46,22541,0.05016622128555791
time,sink,0.8333333333333333,1000,47,22542,0.05094884254568588
time,sink,0.8333333333333333,1000,48,22543,0.0638975650471461
time,sink,0.8333333333333333,1000,49,22544,0.049251221464596796
time,sink,0.8333333333333333,1000,50,22545,0.04344347060519454
time,sink,0.8333333333333333,1000,51,22546,0.05529075643618936
time,sink,0.8333333333333333,1000,52,22547,0.05488441729453875
time,sink,0.8333333333333333,1000,53,22548,0.04879543202512635
time,sink,0.8333333333333333,1000,54,22549,0.06424376297972514
time,sink,0.8333333333333333,1000,55,22550,0.05316814394186926
time,sink,0.8333333333333333,1000,56,22551,0.07575517616365697
time,sink,0.8333333333333333,1000,57,22552,0.047258787309752505
time,sink,0.8333333333333333,1000,58,22553,0.05703389477901008
time,sink,0.8333333333333333,1000,59,22554,0.049102677198266435
time,sink,0.8333333333333333,1000,60,22555,0.07590487546519499
time,sink,0.8333333333333333,1000,61,22556,0.050506954180884564
time,sink,0.8333333333333333,1000,62,22557,0.04299592473081858
time,sink,0.8333333333333333,1000,63,22558,0.051968795591697384
time,sink,0.8333333333333333,1000,64,22559,0.04389421060286612
time,sink,0.8333333333333333,1000,65,22560,0.05258129219167182
time,sink,0.8333333333333333,1000,66,22561,0.050286549153576346
time,sink,0.8333333333333333,1000,67,22562,0.05291098979008656
time,sink,0.8333333333333333,1000,68,22563,0.04741160372743645
time,sink,0.8333333333333333,1000,69,22564,0.05100660003597936
time,sink,0.8333333333333333,1000,70,22565,0.04665050372041447
time,sink,0.8333333333333333,1000,71,22566,0.049026924394187515
time,sink,0.8333333333333333,1000,72,22567,0.04619246720121173
time,sink,0.8333333333333333,1000,73,22568,0.06112963981696645
time,sink,0.8333333333333333,1000,74,22569,0.054669259832038596
time,sink,0.8333333333333333,1000,75,22570,0.049527204604901266
time,sink,0.8333333333333333,1000,76,22571,0.05582623008931132
time,sink,0.8333333333333333,1000,77,22572,0.0523740809525573
time,sink,0.8333333333333333,1000,78,22573,0.0795359844853397
time,sink,0.8333333333333333,1000,79,22574,0.046859104290902016
time,sink,0.8333333333333333,1000,80,22575,0.04871758775938762
time,sink,0.8333333333333333,1000,81,22576,0.057657551981558086
time,sink,0.8333333333333333,1000,82,22577,0.04803704214643609
time,sink,0.8333333333333333,1000,83,22578,0.07396295561007209
time,sink,0.8333333333333333,1000,84,22579,0.04713093224682547
time,sink,0.8333333333333333,1000,85,22580,0.05408584437721548
time,sink,0.8333333333333333,1000,86,22581,0.0453006486350221
time,sink,0.8333333333333333,1000,87,22582,0.04895486759398155
time,sink,0.8333333333333333,1000,88,22583,0.05601728211627997
time,sink,0.8333333333333333,1000,89,22584,0.051603427892683365
time,sink,0.8333333333333333,1000,90,22585,0.04697385308488519
time,sink,0.8333333333333333,1000,91,22586,0.04653803375358493
time,sink,0.8333333333333333,1000,92,22587,0.040258575587964904
time,sink,0.8333333333333333,1000,93,22588,0.045211423748018606
time,sink,0.8333333333333333,1000,94,22589,0.04673868493886315
time,sink,0.8333333333333333,1000,95,22590,0.0705570662843037
time,sink,0.8333333333333333,1000,96,22591,0.0435247395618845
time,sink,0.8333333333333333,1000,97,22592,0.05264288790818798
time,sink,0.8333333333333333,1000,98,22593,0.056402994148238655
time,sink,0.8333333333333333,1000,99,22594,0.05264133295013261
time,sink,0.8333333333333333,1000,100,22595,0.05785664692426669
time,sink,0.8333333333333333,1000,101,22596,0.05030555148951166
time,sink,0.8333333333333333,1000,102,22597,0.04745912900625391
time,sink,0.8333333333333333,1000,103,22598,0.06409252305090624
time,sink,0.8333333333333333,1000,104,22599,0.060456406074563644
time,sink,0.8333333333333333,1000,105,22600,0.04785978491116005
time,sink,0.8333333333333333,1000,106,22601,0.04817009390009331
time,sink,0.8333333333333333,1000,107,22602,0.06916754788634212
time,sink,0.8333333333333333,1000,108,22603,0.047579608417064934
time,sink,0.8333333333333333,1000,109,22604,0.044916317201801795
time,sink,0.8333333333333333,1000,110,22605,0.04265887806215243
time,sink,0.8333333333333333,1000,111,22606,0.045756599145976774
time,sink,0.8333333333333333,1000,112,22607,0.045049934302470326
time,sink,0.8333333333333333,1000,113,22608,0.04910301778180566
time,sink,0.8333333333333333,1000,114,22609,0.04417141615916595
time,sink,0.8333333333333333,1000,115,22610,0.06516888404716294
time,sink,0.8333333333333333,1000,116,22611,0.0468176311319185
time,sink,0.8333333333333333,1000,117,22612,0.05607887900592602
time,sink,0.8333333333333333,1000,118,22613,0.05890654597736718
time,sink,0.8333333333333333,1000,119,22614,0.08339145831829158
time,sink,0.8333333333333333,1000,120,22615,0.049434597989775425
time,sink,0.8333333333333333,1000,121,22616,0.06094215992121795
time,sink,0.8333333333333333,1000,122,22617,0.05040331802653075
time,sink,0.8333333333333333,1000,123,22618,0.05858954344431549
time,sink,0.8333333333333333,1000,124,22619,0.050893660799810427
time,sink,0.8333333333333333,1000,125,22620,0.047777169993270474
time,sink,0.8333333333333333,1000,126,22621,0.0496195984996206
time,sink,0.8333333333333333,1000,127,22622,0.06458965487941794
time,sink,0.8333333333333333,1000,128,22623,0.047474932552881266
time,sink,0.8333333333333333,1000,129,22624,0.050655041391844166
time,sink,0.8333333333333333,1000,130,22625,0.05259950029443894
time,sink,0.8333333333333333,1000,131,22626,0.048184698002912814
time,sink,0.8333333333333333,1000,132,22627,0.04834066718078598
time,sink,0.8333333333333333,1000,133,22628,0.045717735273132054
time,sink,0.8333333333333333,1000,134,22629,0.06629387204001637
time,sink,0.8333333333333333,1000,135,22630,0.044002585254382366
time,sink,0.8333333333333333,1000,136,22631,0.04632113521768855
time,sink,0.8333333333333333,1000,137,22632,0.05531643348525335
time,sink,0.8333333333333333,1000,138,22633,0.045362467233699875
time,sink,0.8333333333333333,1000,139,22634,0.056507427348455014
time,sink,0.8333333333333333,1000,140,22635,0.04961867787327993
time,sink,0.8333333333333333,1000,141,22636,0.044062712518247456
time,sink,0.8333333333333333,1000,142,22637,0.044640764022856154
time,sink,0.8333333333333333,1000,143,22638,0.058035191212388794
time,sink,0.8333333333333333,1000,144,22639,0.0474264451034989
time,sink,0.8333333333333333,1000,145,22640,0.04451136488370915
time,sink,0.8333333333333333,1000,146,22641,0.04910644730313713
time,sink,0.8333333333333333,1000,147,22642,0.050923216001299544
time,sink,0.8333333333333333,1000,148,22643,0.0485636733776381
time,sink,0.8333333333333333,1000,149,22644,0.04995297195962624
time,sink,0.8333333333333333,1000,150,22645,0.049922024561164215
time,sink,0.8333333333333333,1000,151,22646,0.06022968176547848
time,sink,0.8333333333333333,1000,152,22647,0.04770709465515134
time,sink,0.8333333333333333,1000,153,22648,0.05290676317009303
time,sink,0.8333333333333333,1000,154,22649,0.04438898059079787
time,sink,0.8333333333333333,1000,155,22650,0.04823733525946515
time,sink,0.8333333333333333,1000,156,22651,0.04868809507102415
time,sink,0.8333333333333333,1000,157,22652,0.04677543798420218
time,sink,0.8333333333333333,1000,158,22653,0.05289566449618093
time,sink,0.8333333333333333,1000,159,22654,0.05007699631948841
time,sink,0.8333333333333333,1000,160,22655,0.05092604220519702
time,sink,0.8333333333333333,1000,161,22656,0.060246834365950776
time,sink,0.8333333333333333,1000,162,22657,0.04726559509507261
time,sink,0.8333333333333333,1000,163,22658,0.06226896889307278
time,sink,0.8333333333333333,1000,164,22659,0.05718409770321228
time,sink,0.8333333333333333,1000,165,22660,0.04797155169266456
time,sink,0.8333333333333333,1000,166,22661,0.05517207522127954
time,sink,0.8333333333333333,1000,167,22662,0.057371541747400445
time,sink,0.8333333333333333,1000,168,22663,0.06620880946463878
time,sink,0.8333333333333333,1000,169,22664,0.04766241230508084
time,sink,0.8333333333333333,1000,170,22665,0.054220765903666
time,sink,0.8333333333333333,1000,171,22666,0.053697822297509544
time,sink,0.8333333333333333,1000,172,22667,0.053593340627615234
time,sink,0.8333333333333333,1000,173,22668,0.054467560726660764
time,sink,0.8333333333333333,1000,174,22669,0.08208227568617577
time,sink,0.8333333333333333,1000,175,22670,0.044986355797690364
time,sink,0.8333333333333333,1000,176,22671,0.04504098642200029
time,sink,0.8333333333333333,1000,177,22672,0.04275116306828619
time,sink,0.8333333333333333,1000,178,22673,0.054455210406442155
time,sink,0.8333333333333333,1000,179,22674,0.05643895143572851
time,sink,0.8333333333333333,1000,180,22675,0.06166205835020653
time,sink,0.8333333333333333,1000,181,22676,0.05136905596651553
time,sink,0.8333333333333333,1000,182,22677,0.060761373488014185
time,sink,0.8333333333333333,1000,183,22678,0.04765465061880509
time,sink,0.8333333333333333,1000,184,22679,0.06448717137362664
time,sink,0.8333333333333333,1000,185,22680,0.0489204013504139
time,sink,0.8333333333333333,1000,186,22681,0.0591270510361657
time,sink,0.8333333333333333,1000,187,22682,0.05119713641264055
time,sink,0.8333333333333333,1000,188,22683,0.07365463080844123
time,sink,0.8333333333333333,1000,189,22684,0.04210713332682246
time,sink,0.8333333333333333,1000,190,22685,0.046368361807193545
time,sink,0.8333333333333333,1000,191,22686,0.05549874278305671
time,sink,0.8333333333333333,1000,192,22687,0.042871659273458734
time,sink,0.8333333333333333,1000,193,22688,0.057380991811072084
time,sink,0.8333333333333333,1000,194,22689,0.044002632269880416
time,sink,0.8333333333333333,1000,195,22690,0.046998873686792765
time,sink,0.8333333333333333,1000,196,22691,0.04220986115541789
time,sink,0.8333333333333333,1000,197,22692,0.04302385826157811
time,sink,0.8333333333333333,1000,198,22693,0.048892942161082954
time,sink,0.8333333333333333,1000,199,22694,0.053637813536510794
time,sink,1.0,1000,0,21933,0.036913754592474764
time,sink,1.0,1000,1,21934,0.04828207365167989
time,sink,1.0,1000,2,21935,0.046501397533527195
time,sink,1.0,1000,3,21936,0.04018012326816324
time,sink,1.0,1000,4,21937,0.04764211574855227
time,sink,1.0,1000,5,21938,0.05392994085453293
time,sink,1.0,1000,6,21939,0.04337184511378234
time,sink,1.0,1000,7,21940,0.04953716155359434
time,sink,1.0,1000,8,21941,0.03649388803187061
time,sink,1.0,1000,9,21942,0.04163290701446601
time,sink,1.0,1000,10,21943,0.040031582833410226
time,sink,1.0,1000,11,21944,0.04097535133794284
time,sink,1.0,1000,12,21945,0.04125864636556851
time,sink,1.0,1000,13,21946,0.05633134735373057
time,sink,1.0,1000,14,21947,0.042653348346262686
time,sink,1.0,1000,15,21948,0.03724419573085557
time,sink,1.0,1000,16,21949,0.04448632726991151
time,sink,1.0,1000,17,21950,0.043646243826539526
time,sink,1.0,1000,18,21951,0.036636225681005476
time,sink,1.0,1000,19,21952,0.03566461156332785
time,sink,1.0,1000,20,21953,0.043004615518856135
time,sink,1.0,1000,21,21954,0.041564050527819446
time,sink,1.0,1000,22,21955,0.039758996758425195
time,sink,1.0,1000,23,21956,0.0464365440333063
time,sink,1.0,1000,24,21957,0.03931751823806526
time,sink,1.0,1000,25,21958,0.05039295649862764
time,sink,1.0,1000,26,21959,0.04559195414863017
time,sink,1.0,1000,27,21960,0.03650056065823473
time,sink,1.0,1000,28,21961,0.03550773825454448
time,sink,1.0,1000,29,21962,0.08127388660545738
time,sink,1.0,1000,30,21963,0.040903630337452264
time,sink,1.0,1000,31,21964,0.04799274150030388
time,sink,1.0,1000,32,21965,0.04243055292455626
time,sink,1.0,1000,33,21966,0.042491645765771004
time,sink,1.0,1000,34,21967,0.046935933160404904
time,sink,1.0,1000,35,21968,0.04387019448024876
time,sink,1.0,1000,36,21969,0.04915063594708451
time,sink,1.0,1000,37,21970,0.04203074038131386
time,sink,1.0,1000,38,21971,0.04057490882187926
time,sink,1.0,1000,39,21972,0.03699265471137269
time,sink,1.0,1000,40,21973,0.037390213574409886
time,sink,1.0,1000,41,21974,0.043587094216388914
time,sink,1.0,1000,42,21975,0.037193576882490066
time,sink,1.0,1000,43,21976,0.04619555278159779
time,sink,1.0,1000,44,21977,0.04377836089099702
time,sink,1.0,1000,45,21978,0.051701121230970606
time,sink,1.0,1000,46,21979,0.0417967695134734
time,sink,1.0,1000,47,21980,0.050076043186227534
time,sink,1.0,1000,48,21981,0.036211790045130275
time,sink,1.0,1000,49,21982,0.055259349008370484
time,sink,1.0,1000,50,21983,0.046988897162236205
time,sink,1.0,1000,51,21984,0.03472101077740436
time,sink,1.0,1000,52,21985,0.035155035062447104
time,sink,1.0,1000,53,21986,0.04099992437380973
time,sink,1.0,1000,54,21987,0.047744477751420204
time,sink,1.0,1000,55,21988,0.06196955998533771
time,sink,1.0,1000,56,21989,0.03647451537430737
time,sink,1.0,1000,57,21990,0.03643997803250518
time,sink,1.0,1000,58,21991,0.04252161236547125
time,sink,1.0,1000,59,21992,0.05274123769984141
time,sink,1.0,1000,60,21993,0.04377144760638051
time,sink,1.0,1000,61,21994,0.03539495606560177
time,sink,1.0,1000,62,21995,0.04175779661737057
time,sink,1.0,1000,63,21996,0.038789666566939995
time,sink,1.0,1000,64,21997,0.04138157059439422
time,sink,1.0,1000,65,21998,0.05728555537856212
time,sink,1.0,1000,66,21999,0.03945914140940865
time,sink,1.0,1000,67,22000,0.040748920628651826
time,sink,1.0,1000,68,22001,0.04404450876007483
time,sink,1.0,1000,69,22002,0.05965469525281512
time,sink,1.0,1000,70,22003,0.03831613382831796
time,sink,1.0,1000,71,22004,0.04690703001227583
time,sink,1.0,1000,72,22005,0.036683631576242354
time,sink,1.0,1000,73,22006,0.04910062753296682
time,sink,1.0,1000,74,22007,0.046991325837905884
time,sink,1.0,1000,75,22008,0.04810520970861979
time,sink,1.0,1000,76,22009,0.036321832182767105
time,sink,1.0,1000,77,22010,0.03971691951889913
time,sink,1.0,1000,78,22011,0.037168714402507706
time,sink,1.0,1000,79,22012,0.04623523361200697
time,sink,1.0,1000,80,22013,0.0391143308367405
time,sink,1.0,1000,81,22014,0.038984685234087046
time,sink,1.0,1000,82,22015,0.04171982703207737
time,sink,1.0,1000,83,22016,0.03898456209755666
time,sink,1.0,1000,84,22017,0.040119930576763066
time,sink,1.0,1000,85,22018,0.049936528404994296
time,sink,1.0,1000,86,22019,0.04363347601731444
time,sink,1.0,1000,87,22020,0.039738478633959566
time,sink,1.0,1000,88,22021,0.04180448403423385
time,sink,1.0,1000,89,22022,0.05148374984125548
time,sink,1.0,1000,90,22023,0.042434734257796966
time,sink,1.0,1000,91,22024,0.0348089294821248
time,sink,1.0,1000,92,22025,0.04411792171075521
time,sink,1.0,1000,93,22026,0.040320345213194456
time,sink,1.0,1000,94,22027,0.04405059004063873
time,sink,1.0,1000,95,22028,0.04275571615013097
time,sink,1.0,1000,96,22029,0.04263382087810324
time,sink,1.0,1000,97,22030,0.06750890306201113
time,sink,1.0,1000,98,22031,0.037212272250933584
time,sink,1.0,1000,99,22032,0.04425061100632977
time,sink,1.0,1000,100,22033,0.0527963097875654
time,sink,1.0,1000,101,22034,0.04592537983748593
time,sink,1.0,1000,102,22035,0.03849720339967305
time,sink,1.0,1000,103,22036,0.056223310205112544
time,sink,1.0,1000,104,22037,0.04853303466062775
time,sink,1.0,1000,105,22038,0.041694338194336496
time,sink,1.0,1000,106,22039,0.042556377770911216
time,sink,1.0,1000,107,22040,0.03675805291670262
time,sink,1.0,1000,108,22041,0.039779533522089044
time,sink,1.0,1000,109,22042,0.039189006525485896
time,sink,1.0,1000,110,22043,0.036632543422717614
time,sink,1.0,1000,111,22044,0.038444419073669474
time,sink,1.0,1000,112,22045,0.044105635776143626
time,sink,1.0,1000,113,22046,0.06244688122538147
time,sink,1.0,1000,114,22047,0.04031932407735469
time,sink,1.0,1000,115,22048,0.03832567104391345
time,sink,1.0,1000,116,22049,0.04681470392517196
time,sink,1.0,1000,117,22050,0.03885307267782746
time,sink,1.0,1000,118,22051,0.03921496950491048
time,sink,1.0,1000,119,22052,0.061570259227427586
time,sink,1.0,1000,120,22053,0.037933039784257765
time,sink,1.0,1000,121,22054,0.03645553666034203
time,sink,1.0,1000,122,22055,0.04490914065456873
time,sink,1.0,1000,123,22056,0.04040190097629477
time,sink,1.0,1000,124,22057,0.051050231794220476
time,sink,1.0,1000,125,22058,0.04625129365829545
time,sink,1.0,1000,126,22059,0.03885065163325439
time,sink,1.0,1000,127,22060,0.03965169761764967
time,sink,1.0,1000,128,22061,0.03816632282057718
time,sink,1.0,1000,129,22062,0.04199150803477433
time,sink,1.0,1000,130,22063,0.08511939372502589
time,sink,1.0,1000,131,22064,0.040588781349587835
time,sink,1.0,1000,132,22065,0.04146299488936123
time,sink,1.0,1000,133,22066,0.04359045120865226
time,sink,1.0,1000,134,22067,0.04232771619111903
time,sink,1.0,1000,135,22068,0.036456906456101446
time,sink,1.0,1000,136,22069,0.041552535185718595
time,sink,1.0,1000,137,22070,0.057861919556099844
time,sink,1.0,1000,138,22071,0.04328175205887277
time,sink,1.0,1000,139,22072,0.04788019673447403
time,sink,1.0,1000,140,22073,0.04093350640712591
time,sink,1.0,1000,141,22074,0.038026397427809146
time,sink,1.0,1000,142,22075,0.040853912053706386
time,sink,1.0,1000,143,22076,0.039608465118150804
time,sink,1.0,1000,144,22077,0.04552840318548903
time,sink,1.0,1000,145,22078,0.03885375497775596
time,sink,1.0,1000,146,22079,0.038848780822329725
time,sink,1.0,1000,147,22080,0.04440940946605427
time,sink,1.0,1000,148,22081,0.04110372189546587
time,sink,1.0,1000,149,22082,0.06232452152608755
time,sink,1.0,1000,150,22083,0.03810216516330738
time,sink,1.0,1000,151,22084,0.0352187534553292
time,sink,1.0,1000,152,22085,0.04055299375751659
time,sink,1.0,1000,153,22086,0.06697471258396878
time,sink,1.0,1000,154,22087,0.041930812927389025
time,sink,1.0,1000,155,22088,0.03642531214405661
time,sink,1.0,1000,156,22089,0.03612047692031904
time,sink,1.0,1000,157,22090,0.04214716493875641
time,sink,1.0,1000,158,22091,0.05867663931484364
time,sink,1.0,1000,159,22092,0.043981113266778483
time,sink,1.0,1000,160,22093,0.04301875953134422
time,sink,1.0,1000,161,22094,0.039137298049696366
time,sink,1.0,1000,162,22095,0.04370003247155655
time,sink,1.0,1000,163,22096,0.044892848507932126
time,sink,1.0,1000,164,22097,0.04780586685160869
time,sink,1.0,1000,165,22098,0.05368495621877088
time,sink,1.0,1000,166,22099,0.044448870586971286
time,sink,1.0,1000,167,22100,0.0403367907257755
time,sink,1.0,1000,168,22101,0.04617709862674113
time,sink,1.0,1000,169,22102,0.047772633159521606
time,sink,1.0,1000,170,22103,0.05061866539356175
time,sink,1.0,1000,171,22104,0.07117919960562305
time,sink,1.0,1000,172,22105,0.048461193846989124
time,sink,1.0,1000,173,22106,0.03959812261121989
time,sink,1.0,1000,174,22107,0.03866323685572074
time,sink,1.0,1000,175,22108,0.04685471124683674
time,sink,1.0,1000,176,22109,0.04280633028671191
time,sink,1.0,1000,177,22110,0.04755960938515393
time,sink,1.0,1000,178,22111,0.04435357031418149
time,sink,1.0,1000,179,22112,0.035278737048368314
time,sink,1.0,1000,180,22113,0.05365821424446922
time,sink,1.0,1000,181,22114,0.03542431720813655
time,sink,1.0,1000,182,22115,0.04294283409628274
time,sink,1.0,1000,183,22116,0.039470717587195114
time,sink,1.0,1000,184,22117,0.045712240486521734
time,sink,1.0,1000,185,22118,0.04380478130405102
time,sink,1.0,1000,186,22119,0.03738865778449115
time,sink,1.0,1000,187,22120,0.043151137887848655
time,sink,1.0,1000,188,22121,0.03983603608311437
time,sink,1.0,1000,189,22122,0.047519568540415474
time,sink,1.0,1000,190,22123,0.04828444406479564
time,sink,1.0,1000,191,22124,0.048286520988948485
time,sink,1.0,1000,192,22125,0.04023819136630358
time,sink,1.0,1000,193,22126,0.04435555701407397
time,sink,1.0,1000,194,22127,0.03935421753788093
time,sink,1.0,1000,195,22128,0.042803205165550896
time,sink,1.0,1000,196,22129,0.05278330731624539
time,sink,1.0,1000,197,22130,0.03980957938776813
time,sink,1.0,1000,198,22131,0.039362435342403225
time,sink,1.0,1000,199,22132,0.03689826018573416
time,sink,1.1666666666666665,1000,0,22856,0.03898959566324064
time,sink,1.1666666666666665,1000,1,22857,0.04295472674400241
time,sink,1.1666666666666665,1000,2,22858,0.03250472797869631
time,sink,1.1666666666666665,1000,3,22859,0.03776689688960929
time,sink,1.1666666666666665,1000,4,22860,0.032207503522245266
time,sink,1.1666666666666665,1000,5,22861,0.035846058496161765
time,sink,1.1666666666666665,1000,6,22862,0.03837096616524234
time,sink,1.1666666666666665,1000,7,22863,0.038236213737572966
time,sink,1.1666666666666665,1000,8,22864,0.03531919055572317
time,sink,1.1666666666666665,1000,9,22865,0.03281673281632392
time,sink,1.1666666666666665,1000,10,22866,0.03519911990788202
time,sink,1.1666666666666665,1000,11,22867,0.03291750196219152
time,sink,1.1666666666666665,1000,12,22868,0.03222438502084398
time,sink,1.1666666666666665,1000,13,22869,0.034626194908443216
time,sink,1.1666666666666665,1000,14,22870,0.03555686575375123
time,sink,1.1666666666666665,1000,15,22871,0.03316109459644532
time,sink,1.1666666666666665,1000,16,22872,0.03459192083781068
time,sink,1.1666666666666665,1000,17,22873,0.03403445391143694
time,sink,1.1666666666666665,1000,18,22874,0.032899119516086005
time,sink,1.1666666666666665,1000,19,22875,0.04671994524734202
time,sink,1.1666666666666665,1000,20,22876,0.03552357271765549
time,sink,1.1666666666666665,1000,21,22877,0.0427387981964336
time,sink,1.1666666666666665,1000,22,22878,0.031889656313356746
time,sink,1.1666666666666665,1000,23,22879,0.039023943187221
time,sink,1.1666666666666665,1000,24,22880,0.036707057094411306
time,sink,1.1666666666666665,1000,25,22881,0.034443768307479423
time,sink,1.1666666666666665,1000,26,22882,0.02917789407651882
time,sink,1.1666666666666665,1000,27,22883,0.05382097716118228
time,sink,1.1666666666666665,1000,28,22884,0.04407930817488084
time,sink,1.1666666666666665,1000,29,22885,0.03847887557146257
time,sink,1.1666666666666665,1000,30,22886,0.03801078292562981
time,sink,1.1666666666666665,1000,31,22887,0.03166967864397678
time,sink,1.1666666666666665,1000,32,22888,0.03677154769213851
time,sink,1.1666666666666665,1000,33,22889,0.03330223907474138
time,sink,1.1666666666666665,1000,34,22890,0.031426109157918554
time,sink,1.1666666666666665,1000,35,22891,0.031233959644751456
time,sink,1.1666666666666665,1000,36,22892,0.039281890083486655
time,sink,1.1666666666666665,1000,37,22893,0.0341886441632074
time,sink,1.1666666666666665,1000,38,22894,0.04294527962169188
time,sink,1.1666666666666665,1000,39,22895,0.04401693631968706
time,sink,1.1666666666666665,1000,40,22896,0.03308289431370895
time,sink,1.1666666666666665,1000,41,22897,0.06098301232555688
time,sink,1.1666666666666665,1000,42,22898,0.036240830091706755
time,sink,1.1666666666666665,1000,43,22899,0.03773708617184039
time,sink,1.1666666666666665,1000,44,22900,0.03252631113447592
time,sink,1.1666666666666665,1000,45,22901,0.036923439017685855
time,sink,1.1666666666666665,1000,46,22902,0.0353516008772272
time,sink,1.1666666666666665,1000,47,22903,0.03366729824720546
time,sink,1.1666666666666665,1000,48,22904,0.03208482166691917
time,sink,1.1666666666666665,1000,49,22905,0.044109453668999286
time,sink,1.1666666666666665,1000,50,22906,0.028635036029100315
time,sink,1.1666666666666665,1000,51,22907,0.04720367724516662
time,sink,1.1666666666666665,1000,52,22908,0.03781936464805551
time,sink,1.1666666666666665,1000,53,22909,0.04318075427322453
time,sink,1.1666666666666665,1000,54,22910,0.043780034694050216
time,sink,1.1666666666666665,1000,55,22911,0.036521998481894115
time,sink,1.1666666666666665,1000,56,22912,0.03843627846086446
time,sink,1.1666666666666665,1000,57,22913,0.03315843092398221
time,sink,1.1666666666666665,1000,58,22914,0.03399422300086588
time,sink,1.1666666666666665,1000,59,22915,0.034137760777077156
time,sink,1.1666666666666665,1000,60,22916,0.033485528655689115
time,sink,1.1666666666666665,1000,61,22917,0.032683532492262794
time,sink,1.1666666666666665,1000,62,22918,0.03165129734476636
time,sink,1.1666666666666665,1000,63,22919,0.030202118115563382
time,sink,1.1666666666666665,1000,64,22920,0.03771135421982393
time,sink,1.1666666666666665,1000,65,22921,0.038453527482219675
time,sink,1.1666666666666665,1000,66,22922,0.0414306198880359
time,sink,1.1666666666666665,1000,67,22923,0.04002773324545442
time,sink,1.1666666666666665,1000,68,22924,0.037163070199256555
time,sink,1.1666666666666665,1000,69,22925,0.032599696966966726
time,sink,1.1666666666666665,1000,70,22926,0.038759724980453145
time,sink,1.1666666666666665,1000,71,22927,0.04131594743842736
time,sink,1.1666666666666665,1000,72,22928,0.05102800093262841
time,sink,1.1666666666666665,1000,73,22929,0.032513841477658234
time,sink,1.1666666666666665,1000,74,22930,0.032725103617498884
time,sink,1.1666666666666665,1000,75,22931,0.03315280952617091
time,sink,1.1666666666666665,1000,76,22932,0.028275950643359814
time,sink,1.1666666666666665,1000,77,22933,0.03805088292656199
time,sink,1.1666666666666665,1000,78,22934,0.05504443933753148
time,sink,1.1666666666666665,1000,79,22935,0.0409132721683848
time,sink,1.1666666666666665,1000,80,22936,0.03497144638405492
time,sink,1.1666666666666665,1000,81,22937,0.04030314193111955
time,sink,1.1666666666666665,1000,82,22938,0.03382599981692294
time,sink,1.1666666666666665,1000,83,22939,0.0359828498313068
time,sink,1.1666666666666665,1000,84,22940,0.03234161817435752
time,sink,1.1666666666666665,1000,85,22941,0.04550186676618191
time,sink,1.1666666666666665,1000,86,22942,0.03525733717826128
time,sink,1.1666666666666665,1000,87,22943,0.03751139229760355
time,sink,1.1666666666666665,1000,88,22944,0.045292420815228496
time,sink,1.1666666666666665,1000,89,22945,0.04098595030545735
time,sink,1.1666666666666665,1000,90,22946,0.04744267758815465
time,sink,1.1666666666666665,1000,91,22947,0.036024829341356326
time,sink,1.1666666666666665,1000,92,22948,0.05925817455908812
time,sink,1.1666666666666665,1000,93,22949,0.040096450633296386
time,sink,1.1666666666666665,1000,94,22950,0.03368349631434202
time,sink,1.1666666666666665,1000,95,22951,0.04618641930568485
time,sink,1.1666666666666665,1000,96,22952,0.03575183129826019
time,sink,1.1666666666666665,1000,97,22953,0.038066986107869794
time,sink,1.1666666666666665,1000,98,22954,0.04513073005032832
time,sink,1.1666666666666665,1000,99,22955,0.03232036836448746
time,sink,1.1666666666666665,1000,100,22956,0.03718706445886507
time,sink,1.1666666666666665,1000,101,22957,0.04494911591344015
time,sink,1.1666666666666665,1000,102,22958,0.040044665203908085
time,sink,1.1666666666666665,1000,103,22959,0.031780573453955574
time,sink,1.1666666666666665,1000,104,22960,0.03221212515935507
time,sink,1.1666666666666665,1000,105,22961,0.03191836527785561
time,sink,1.1666666666666665,1000,106,22962,0.03827987853155698
time,sink,1.1666666666666665,1000,107,22963,0.03438114024872251
time,sink,1.1666666666666665,1000,108,22964,0.033483497647494205
time,sink,1.1666666666666665,1000,109,22965,0.03639259419771234
time,sink,1.1666666666666665,1000,110,22966,0.0449593522149673
time,sink,1.1666666666666665,1000,111,22967,0.0379924121705108
time,sink,1.1666666666666665,1000,112,22968,0.03456381679253688
time,sink,1.1666666666666665,1000,113,22969,0.04120332459124064
time,sink,1.1666666666666665,1000,114,22970,0.04147843308460318
time,sink,1.1666666666666665,1000,115,22971,0.037472690664034074
time,sink,1.1666666666666665,1000,116,22972,0.03635821768798815
time,sink,1.1666666666666665,1000,117,22973,0.03988296674375749
time,sink,1.1666666666666665,1000,118,22974,0.04362998604548525
time,sink,1.1666666666666665,1000,119,22975,0.03088741209986497
time,sink,1.1666666666666665,1000,120,22976,0.04638800824229379
time,sink,1.1666666666666665,1000,121,22977,0.03152411249834186
time,sink,1.1666666666666665,1000,122,22978,0.04815559152314203
time,sink,1.1666666666666665,1000,123,22979,0.03477207880518311
time,sink,1.1666666666666665,1000,124,22980,0.03419921715124441
time,sink,1.1666666666666665,1000,125,22981,0.0321033092147137
time,sink,1.1666666666666665,1000,126,22982,0.036512358842841236
time,sink,1.1666666666666665,1000,127,22983,0.032747238577321335
time,sink,1.1666666666666665,1000,128,22984,0.0310863403600442
time,sink,1.1666666666666665,1000,129,22985,0.030221706286536063
time,sink,1.1666666666666665,1000,130,22986,0.03513771146601689
time,sink,1.1666666666666665,1000,131,22987,0.05014945196869945
time,sink,1.1666666666666665,1000,132,22988,0.033625026519516085
time,sink,1.1666666666666665,1000,133,22989,0.03684587234366833
time,sink,1.1666666666666665,1000,134,22990,0.03306748222736896
time,sink,1.1666666666666665,1000,135,22991,0.040961885286493915
time,sink,1.1666666666666665,1000,136,22992,0.0400746732729126
time,sink,1.1666666666666665,1000,137,22993,0.03421025058663741
time,sink,1.1666666666666665,1000,138,22994,0.03618202299544056
time,sink,1.1666666666666665,1000,139,22995,0.03349929676593845
time,sink,1.1666666666666665,1000,140,22996,0.03194582494112408
time,sink,1.1666666666666665,1000,141,22997,0.03411229021102536
time,sink,1.1666666666666665,1000,142,22998,0.03818327284128732
time,sink,1.1666666666666665,1000,143,22999,0.04856124235498257
time,sink,1.1666666666666665,1000,144,23000,0.0322708054231506
time,sink,1.1666666666666665,1000,145,23001,0.03315165767315903
time,sink,1.1666666666666665,1000,146,23002,0.03008411523147395
time,sink,1.1666666666666665,1000,147,23003,0.03449983908991262
time,sink,1.1666666666666665,1000,148,23004,0.04090807559046534
time,sink,1.1666666666666665,1000,149,23005,0.03711960563867172
time,sink,1.1666666666666665,1000,150,23006,0.03611837103124751
time,sink,1.1666666666666665,1000,151,23007,0.036504814329346914
time,sink,1.1666666666666665,1000,152,23008,0.04609695562335098
time,sink,1.1666666666666665,1000,153,23009,0.047880352581185656
time,sink,1.1666666666666665,1000,154,23010,0.03666798599530651
time,sink,1.1666666666666665,1000,155,23011,0.03606285220222411
time,sink,1.1666666666666665,1000,156,23012,0.03325024148199397
time,sink,1.1666666666666665,1000,157,23013,0.0392688169109652
time,sink,1.1666666666666665,1000,158,23014,0.04075976195573105
time,sink,1.1666666666666665,1000,159,23015,0.0329187034002775
time,sink,1.1666666666666665,1000,160,23016,0.05543244951855865
time,sink,1.1666666666666665,1000,161,23017,0.031631363153259394
time,sink,1.1666666666666665,1000,162,23018,0.04200701499682353
time,sink,1.1666666666666665,1000,163,23019,0.03197495077989457
time,sink,1.1666666666666665,1000,164,23020,0.03712821099195365
time,sink,1.1666666666666665,1000,165,23021,0.040511108007137496
time,sink,1.1666666666666665,1000,166,23022,0.03890831275066064
time,sink,1.1666666666666665,1000,167,23023,0.03692918307792256
time,sink,1.1666666666666665,1000,168,23024,0.05817385418822647
time,sink,1.1666666666666665,1000,169,23025,0.04888265865812085
time,sink,1.1666666666666665,1000,170,23026,0.03272676097638226
time,sink,1.1666666666666665,1000,171,23027,0.03346053804966754
time,sink,1.1666666666666665,1000,172,23028,0.034485752385851595
time,sink,1.1666666666666665,1000,173,23029,0.03449637597906415
time,sink,1.1666666666666665,1000,174,23030,0.03966788370083355
time,sink,1.1666666666666665,1000,175,23031,0.032716777592937105
time,sink,1.1666666666666665,1000,176,23032,0.034913572916010924
time,sink,1.1666666666666665,1000,177,23033,0.03723918982796928
time,sink,1.1666666666666665,1000,178,23034,0.037155154492817644
time,sink,1.1666666666666665,1000,179,23035,0.03158454021160223
time,sink,1.1666666666666665,1000,180,23036,0.04175815403742701
time,sink,1.1666666666666665,1000,181,23037,0.042853768185657864
time,sink,1.1666666666666665,1000,182,23038,0.03256268140986388
time,sink,1.1666666666666665,1000,183,23039,0.037812352587388215
time,sink,1.1666666666666665,1000,184,23040,0.040282848874754085
time,sink,1.1666666666666665,1000,185,23041,0.03705608645860038
time,sink,1.1666666666666665,1000,186,23042,0.032383161501698135
time,sink,1.1666666666666665,1000,187,23043,0.047985447166151336
time,sink,1.1666666666666665,1000,188,23044,0.0333023562928319
time,sink,1.1666666666666665,1000,189,23045,0.042289316125040284
time,sink,1.1666666666666665,1000,190,23046,0.03501173160014301
time,sink,1.1666666666666665,1000,191,23047,0.037926579697197774
time,sink,1.1666666666666665,1000,192,23048,0.03560258956866643
time,sink,1.1666666666666665,1000,193,23049,0.032750412607002365
time,sink,1.1666666666666665,1000,194,23050,0.041988150123761746
time,sink,1.1666666666666665,1000,195,23051,0.03316823518956179
time,sink,1.1666666666666665,1000,196,23052,0.0380088300132002
time,sink,1.1666666666666665,1000,197,23053,0.03788625882879061
time,sink,1.1666666666666665,1000,198,23054,0.0343936974675697
time,sink,1.1666666666666665,1000,199,23055,0.04063226066627396
time,sink,1.3333333333333333,1000,0,22425,0.024351540812764007
time,sink,1.3333333333333333,1000,1,22426,0.03187108753269095
time,sink,1.3333333333333333,1000,2,22427,0.02757897837909075
time,sink,1.3333333333333333,1000,3,22428,0.03010718586592369
time,sink,1.3333333333333333,1000,4,22429,0.032747144414451396
time,sink,1.3333333333333333,1000,5,22430,0.031825792728829544
time,sink,1.3333333333333333,1000,6,22431,0.04617563305832299
time,sink,1.3333333333333333,1000,7,22432,0.03141779751637965
time,sink,1.3333333333333333,1000,8,22433,0.02671017267093057
time,sink,1.3333333333333333,1000,9,22434,0.03316150901196956
time,sink,1.3333333333333333,1000,10,22435,0.03040312463889009
time,sink,1.3333333333333333,1000,11,22436,0.02919100554827309
time,sink,1.3333333333333333,1000,12,22437,0.028442949213644146
time,sink,1.3333333333333333,1000,13,22438,0.03283383145743227
time,sink,1.3333333333333333,1000,14,22439,0.024763227896088754
time,sink,1.3333333333333333,1000,15,22440,0.03072461317764761
time,sink,1.3333333333333333,1000,16,22441,0.02752854402052961
time,sink,1.3333333333333333,1000,17,22442,0.0332540783698008
time,sink,1.3333333333333333,1000,18,22443,0.03067679562659628
time,sink,1.3333333333333333,1000,19,22444,0.03696150679451435
time,sink,1.3333333333333333,1000,20,22445,0.03516788485935644
time,sink,1.3333333333333333,1000,21,22446,0.03040050850995759
time,sink,1.3333333333333333,1000,22,22447,0.04942444686143352
time,sink,1.3333333333333333,1000,23,22448,0.030282072161995
time,sink,1.3333333333333333,1000,24,22449,0.02698879899889871
time,sink,1.3333333333333333,1000,25,22450,0.025844704006506194
time,sink,1.3333333333333333,1000,26,22451,0.02940207421784924
time,sink,1.3333333333333333,1000,27,22452,0.03104144847512106
time,sink,1.3333333333333333,1000,28,22453,0.027154589497219373
time,sink,1.3333333333333333,1000,29,22454,0.027796548251585753
time,sink,1.3333333333333333,1000,30,22455,0.03960706866072718
time,sink,1.3333333333333333,1000,31,22456,0.03225719087549972
time,sink,1.3333333333333333,1000,32,22457,0.02535021889374857
time,sink,1.3333333333333333,1000,33,22458,0.026097045157910094
time,sink,1.3333333333333333,1000,34,22459,0.03985387056116345
time,sink,1.3333333333333333,1000,35,22460,0.037962301165777514
time,sink,1.3333333333333333,1000,36,22461,0.03452408689702846
time,sink,1.3333333333333333,1000,37,22462,0.03217761600769722
time,sink,1.3333333333333333,1000,38,22463,0.035479597877167326
time,sink,1.3333333333333333,1000,39,22464,0.03793835054146148
time,sink,1.3333333333333333,1000,40,22465,0.030225345027280085
time,sink,1.3333333333333333,1000,41,22466,0.03471136569501449
time,sink,1.3333333333333333,1000,42,22467,0.02916980233157695
time,sink,1.3333333333333333,1000,43,22468,0.03416807275679337
time,sink,1.3333333333333333,1000,44,22469,0.029178149072219717
time,sink,1.3333333333333333,1000,45,22470,0.02495978630395128
time,sink,1.3333333333333333,1000,46,22471,0.03547450423656464
time,sink,1.3333333333333333,1000,47,22472,0.0299260047261602
time,sink,1.3333333333333333,1000,48,22473,0.025854808430684585
time,sink,1.3333333333333333,1000,49,22474,0.0281296957788794
time,sink,1.3333333333333333,1000,50,22475,0.024313464654077133
time,sink,1.3333333333333333,1000,51,22476,0.02957977808074096
time,sink,1.3333333333333333,1000,52,22477,0.05287679569483705
time,sink,1.3333333333333333,1000,53,22478,0.029300645271627953
time,sink,1.3333333333333333,1000,54,22479,0.028483154114393828
time,sink,1.3333333333333333,1000,55,22480,0.02902618554556465
time,sink,1.3333333333333333,1000,56,22481,0.02742476970359349
time,sink,1.3333333333333333,1000,57,22482,0.027024844132774173
time,sink,1.3333333333333333,1000,58,22483,0.032796732466639465
time,sink,1.3333333333333333,1000,59,22484,0.028968758619775613
time,sink,1.3333333333333333,1000,60,22485,0.032089938636266725
time,sink,1.3333333333333333,1000,61,22486,0.034471701054770994
time,sink,1.3333333333333333,1000,62,22487,0.029492950288216826
time,sink,1.3333333333333333,1000,63,22488,0.03289624077928944
time,sink,1.3333333333333333,1000,64,22489,0.02814306660505834
time,sink,1.3333333333333333,1000,65,22490,0.026529330620584442
time,sink,1.3333333333333333,1000,66,22491,0.028356531781545898
time,sink,1.3333333333333333,1000,67,22492,0.03394151374003792
time,sink,1.3333333333333333,1000,68,22493,0.02669939022757831
time,sink,1.3333333333333333,1000,69,22494,0.03127131208720755
time,sink,1.3333333333333333,1000,70,22495,0.030761656184300563
time,sink,1.3333333333333333,1000,71,22496,0.028361504593808647
time,sink,1.3333333333333333,1000,72,22497,0.030076668875865117
time,sink,1.3333333333333333,1000,73,22498,0.026476877925629663
time,sink,1.3333333333333333,1000,74,22499,0.0328526831394384
time,sink,1.3333333333333333,1000,75,22500,0.02861250571684204
time,sink,1.3333333333333333,1000,76,22501,0.02778761423827244
time,sink,1.3333333333333333,1000,77,22502,0.029475842500956497
time,sink,1.3333333333333333,1000,78,22503,0.02816694445689951
time,sink,1.3333333333333333,1000,79,22504,0.026893771003502046
time,sink,1.3333333333333333,1000,80,22505,0.025567362698418694
time,sink,1.3333333333333333,1000,81,22506,0.02359037590118622
time,sink,1.3333333333333333,1000,82,22507,0.036701243469100676
time,sink,1.3333333333333333,1000,83,22508,0.028547465481202003
time,sink,1.3333333333333333,1000,84,22509,0.026393583489163815
time,sink,1.3333333333333333,1000,85,22510,0.026098796084164592
time,sink,1.3333333333333333,1000,86,22511,0.030542018567675976
time,sink,1.3333333333333333,1000,87,22512,0.04704544709929443
time,sink,1.3333333333333333,1000,88,22513,0.03293929343158118
time,sink,1.3333333333333333,1000,89,22514,0.027744710013773044
time,sink,1.3333333333333333,1000,90,22515,0.037147391565836185
time,sink,1.3333333333333333,1000,91,22516,0.03256591601926048
time,sink,1.3333333333333333,1000,92,22517,0.035682213130507845
time,sink,1.3333333333333333,1000,93,22518,0.026658024129592263
time,sink,1.3333333333333333,1000,94,22519,0.03063187011773569
time,sink,1.3333333333333333,1000,95,22520,0.02569321098938274
time,sink,1.3333333333333333,1000,96,22521,0.03557627606784756
time,sink,1.3333333333333333,1000,97,22522,0.034084729658310234
time,sink,1.3333333333333333,1000,98,22523,0.02763595644973785
time,sink,1.3333333333333333,1000,99,22524,0.029619966976104566
time,sink,1.3333333333333333,1000,100,22525,0.029993795338774044
time,sink,1.3333333333333333,1000,101,22526,0.03381358891763922
time,sink,1.3333333333333333,1000,102,22527,0.029206232680722307
time,sink,1.3333333333333333,1000,103,22528,0.02928379757409088
time,sink,1.3333333333333333,1000,104,22529,0.02913515505722992
time,sink,1.3333333333333333,1000,105,22530,0.03057029487133718
time,sink,1.3333333333333333,1000,106,22531,0.0345854846360946
time,sink,1.3333333333333333,1000,107,22532,0.03102469995704718
time,sink,1.3333333333333333,1000,108,22533,0.028631036752341753
time,sink,1.3333333333333333,1000,109,22534,0.02987984224648237
time,sink,1.3333333333333333,1000,110,22535,0.03301304069239069
time,sink,1.3333333333333333,1000,111,22536,0.04610575643594934
time,sink,1.3333333333333333,1000,112,22537,0.026475497526965715
time,sink,1.3333333333333333,1000,113,22538,0.027795221723850357
time,sink,1.3333333333333333,1000,114,22539,0.031100576796488116
time,sink,1.3333333333333333,1000,115,22540,0.034799333125910714
time,sink,1.3333333333333333,1000,116,22541,0.030427351291619397
time,sink,1.3333333333333333,1000,117,22542,0.030902035080829955
time,sink,1.3333333333333333,1000,118,22543,0.03875583228207631
time,sink,1.3333333333333333,1000,119,22544,0.029872375846574914
time,sink,1.3333333333333333,1000,120,22545,0.02634979688637504
time,sink,1.3333333333333333,1000,121,22546,0.0335355389772525
time,sink,1.3333333333333333,1000,122,22547,0.03328908182960013
time,sink,1.3333333333333333,1000,123,22548,0.02959592557716281
time,sink,1.3333333333333333,1000,124,22549,0.038965811942514736
time,sink,1.3333333333333333,1000,125,22550,0.032248109420758155
time,sink,1.3333333333333333,1000,126,22551,0.045947836975189595
time,sink,1.3333333333333333,1000,127,22552,0.028663903444203002
time,sink,1.3333333333333333,1000,128,22553,0.0345928058262939
time,sink,1.3333333333333333,1000,129,22554,0.02978227919472095
time,sink,1.3333333333333333,1000,130,22555,0.046038634191309886
time,sink,1.3333333333333333,1000,131,22556,0.03063401623940763
time,sink,1.3333333333333333,1000,132,22557,0.026078346591938143
time,sink,1.3333333333333333,1000,133,22558,0.031520667874703194
time,sink,1.3333333333333333,1000,134,22559,0.026623184514521694
time,sink,1.3333333333333333,1000,135,22560,0.031892165841557414
time,sink,1.3333333333333333,1000,136,22561,0.030500333832790532
time,sink,1.3333333333333333,1000,137,22562,0.03209213754342966
time,sink,1.3333333333333333,1000,138,22563,0.028756591286836015
time,sink,1.3333333333333333,1000,139,22564,0.030937066769520974
time,sink,1.3333333333333333,1000,140,22565,0.028294960797469706
time,sink,1.3333333333333333,1000,141,22566,0.029736332796487863
time,sink,1.3333333333333333,1000,142,22567,0.028017147605305267
time,sink,1.3333333333333333,1000,143,22568,0.03707700076618028
time,sink,1.3333333333333333,1000,144,22569,0.03315858223192764
time,sink,1.3333333333333333,1000,145,22570,0.03003976808273341
time,sink,1.3333333333333333,1000,146,22571,0.03386032016533931
time,sink,1.3333333333333333,1000,147,22572,0.03176648587199748
time,sink,1.3333333333333333,1000,148,22573,0.04824101314078688
time,sink,1.3333333333333333,1000,149,22574,0.028421483439103886
time,sink,1.3333333333333333,1000,150,22575,0.02954871064330948
time,sink,1.3333333333333333,1000,151,22576,0.0349710730407898
time,sink,1.3333333333333333,1000,152,22577,0.029135938863721428
time,sink,1.3333333333333333,1000,153,22578,0.04486080026047318
time,sink,1.3333333333333333,1000,154,22579,0.028586355428538414
time,sink,1.3333333333333333,1000,155,22580,0.03280472287122738
time,sink,1.3333333333333333,1000,156,22581,0.027476232302010226
time,sink,1.3333333333333333,1000,157,22582,0.029692628137922235
time,sink,1.3333333333333333,1000,158,22583,0.033976199077295946
time,sink,1.3333333333333333,1000,159,22584,0.03129906116318254
time,sink,1.3333333333333333,1000,160,22585,0.028491082100819732
time,sink,1.3333333333333333,1000,161,22586,0.028226744314290685
time,sink,1.3333333333333333,1000,162,22587,0.024418060410459283
time,sink,1.3333333333333333,1000,163,22588,0.02742211467243297
time,sink,1.3333333333333333,1000,164,22589,0.028348445410069607
time,sink,1.3333333333333333,1000,165,22590,0.04279502396080674
time,sink,1.3333333333333333,1000,166,22591,0.026399089000290244
time,sink,1.3333333333333333,1000,167,22592,0.03192952553213139
time,sink,1.3333333333333333,1000,168,22593,0.034210145250499056
time,sink,1.3333333333333333,1000,169,22594,0.031928582402396016
time,sink,1.3333333333333333,1000,170,22595,0.03509183022773644
time,sink,1.3333333333333333,1000,171,22596,0.030511859332141365
time,sink,1.3333333333333333,1000,172,22597,0.02878541682555022
time,sink,1.3333333333333333,1000,173,22598,0.038874080288713246
time,sink,1.3333333333333333,1000,174,22599,0.03666866386025993
time,sink,1.3333333333333333,1000,175,22600,0.029028426915870674
time,sink,1.3333333333333333,1000,176,22601,0.029216638831643105
time,sink,1.3333333333333333,1000,177,22602,0.041952238450208276
time,sink,1.3333333333333333,1000,178,22603,0.02885849128207112
time,sink,1.3333333333333333,1000,179,22604,0.027243123504270793
time,sink,1.3333333333333333,1000,180,22605,0.025873917453638005
time,sink,1.3333333333333333,1000,181,22606,0.027752780266215752
time,sink,1.3333333333333333,1000,182,22607,0.027324166372488124
time,sink,1.3333333333333333,1000,183,22608,0.029782485769079735
time,sink,1.3333333333333333,1000,184,22609,0.026791318183460196
time,sink,1.3333333333333333,1000,185,22610,0.03952692623386172
time,sink,1.3333333333333333,1000,186,22611,0.028396328696625242
time,sink,1.3333333333333333,1000,187,22612,0.03401355947940933
time,sink,1.3333333333333333,1000,188,22613,0.035728626193045045
time,sink,1.3333333333333333,1000,189,22614,0.05057947622819176
time,sink,1.3333333333333333,1000,190,22615,0.02998359933136733
time,sink,1.3333333333333333,1000,191,22616,0.036963288461329076
time,sink,1.3333333333333333,1000,192,22617,0.030571157734337384
time,sink,1.3333333333333333,1000,193,22618,0.03553635443754261
time,sink,1.3333333333333333,1000,194,22619,0.030868565660099996
time,sink,1.3333333333333333,1000,195,22620,0.02897831843522105
time,sink,1.3333333333333333,1000,196,22621,0.030095807812650813
time,sink,1.3333333333333333,1000,197,22622,0.039175605984624724
time,sink,1.3333333333333333,1000,198,22623,0.02879500216111178
time,sink,1.3333333333333333,1000,199,22624,0.030723835673165976
time,sink,1.5,1000,0,22018,0.030288035517239964
time,sink,1.5,1000,1,22019,0.026465040994337073
time,sink,1.5,1000,2,22020,0.024102605661831897
time,sink,1.5,1000,3,22021,0.025355701280230056
time,sink,1.5,1000,4,22022,0.03122647275569681
time,sink,1.5,1000,5,22023,0.025737967364111856
time,sink,1.5,1000,6,22024,0.02111268296268368
time,sink,1.5,1000,7,22025,0.026758872160374706
time,sink,1.5,1000,8,22026,0.024455525581999975
time,sink,1.5,1000,9,22027,0.02671803343807932
time,sink,1.5,1000,10,22028,0.025932652723025005
time,sink,1.5,1000,11,22029,0.02585871950326635
time,sink,1.5,1000,12,22030,0.04094621951067798
time,sink,1.5,1000,13,22031,0.02257038403776483
time,sink,1.5,1000,14,22032,0.026839352286356297
time,sink,1.5,1000,15,22033,0.032022580605844696
time,sink,1.5,1000,16,22034,0.027855150930383585
time,sink,1.5,1000,17,22035,0.023349734175095085
time,sink,1.5,1000,18,22036,0.034101161429934995
time,sink,1.5,1000,19,22037,0.02943677353056671
time,sink,1.5,1000,20,22038,0.02528889445129267
time,sink,1.5,1000,21,22039,0.02581174788437078
time,sink,1.5,1000,22,22040,0.02229488608531956
time,sink,1.5,1000,23,22041,0.024127506710213516
time,sink,1.5,1000,24,22042,0.023769333981385622
time,sink,1.5,1000,25,22043,0.022218760729132654
time,sink,1.5,1000,26,22044,0.02331771886302167
time,sink,1.5,1000,27,22045,0.026751420364349503
time,sink,1.5,1000,28,22046,0.03787594806662707
time,sink,1.5,1000,29,22047,0.02445490623180543
time,sink,1.5,1000,30,22048,0.023245694542194214
time,sink,1.5,1000,31,22049,0.028394553255986162
time,sink,1.5,1000,32,22050,0.023565579803145553
time,sink,1.5,1000,33,22051,0.023785081324424147
time,sink,1.5,1000,34,22052,0.03734424994788953
time,sink,1.5,1000,35,22053,0.023007551645251464
time,sink,1.5,1000,36,22054,0.022111400700775333
time,sink,1.5,1000,37,22055,0.027238770708343043
time,sink,1.5,1000,38,22056,0.024504991652796574
time,sink,1.5,1000,39,22057,0.03096353076863137
time,sink,1.5,1000,40,22058,0.028052827655128714
time,sink,1.5,1000,41,22059,0.02356411136538347
time,sink,1.5,1000,42,22060,0.024049970314758907
time,sink,1.5,1000,43,22061,0.023149044959170143
time,sink,1.5,1000,44,22062,0.025469137070660064
time,sink,1.5,1000,45,22063,0.051627522030379354
time,sink,1.5,1000,46,22064,0.02461834032889735
time,sink,1.5,1000,47,22065,0.025148577643905927
time,sink,1.5,1000,48,22066,0.026438945128755127
time,sink,1.5,1000,49,22067,0.025673057625528527
time,sink,1.5,1000,50,22068,0.022112231523900988
time,sink,1.5,1000,51,22069,0.025202886578926338
time,sink,1.5,1000,52,22070,0.035095028240600616
time,sink,1.5,1000,53,22071,0.02625170962978669
time,sink,1.5,1000,54,22072,0.029040807312531215
time,sink,1.5,1000,55,22073,0.02482742664546533
time,sink,1.5,1000,56,22074,0.02306417591838384
time,sink,1.5,1000,57,22075,0.024779150229776364
time,sink,1.5,1000,58,22076,0.02402374847831679
time,sink,1.5,1000,59,22077,0.0276143724197574
time,sink,1.5,1000,60,22078,0.023565993638971328
time,sink,1.5,1000,61,22079,0.02356297666119924
time,sink,1.5,1000,62,22080,0.02693566842089436
time,sink,1.5,1000,63,22081,0.024930667557901496
time,sink,1.5,1000,64,22082,0.03780173315749209
time,sink,1.5,1000,65,22083,0.023110131372980527
time,sink,1.5,1000,66,22084,0.021361253767517432
time,sink,1.5,1000,67,22085,0.024596634057068842
time,sink,1.5,1000,68,22086,0.040622216607618576
time,sink,1.5,1000,69,22087,0.025432323627136304
time,sink,1.5,1000,70,22088,0.02209306860497327
time,sink,1.5,1000,71,22089,0.0219081766956161
time,sink,1.5,1000,72,22090,0.025563547755321027
time,sink,1.5,1000,73,22091,0.03558918075335234
time,sink,1.5,1000,74,22092,0.026675893644595355
time,sink,1.5,1000,75,22093,0.026092196598565293
time,sink,1.5,1000,76,22094,0.02373797120545233
time,sink,1.5,1000,77,22095,0.026505409524436693
time,sink,1.5,1000,78,22096,0.02722888902189535
time,sink,1.5,1000,79,22097,0.028995723959640625
time,sink,1.5,1000,80,22098,0.03256157191201493
time,sink,1.5,1000,81,22099,0.02695960280059707
time,sink,1.5,1000,82,22100,0.02446550028959504
time,sink,1.5,1000,83,22101,0.02800782609369264
time,sink,1.5,1000,84,22102,0.02897556670645429
time,sink,1.5,1000,85,22103,0.030701772514929993
time,sink,1.5,1000,86,22104,0.04317236689461575
time,sink,1.5,1000,87,22105,0.02939319987447614
time,sink,1.5,1000,88,22106,0.024017475430764868
time,sink,1.5,1000,89,22107,0.023450438556726058
time,sink,1.5,1000,90,22108,0.028418818923188875
time,sink,1.5,1000,91,22109,0.02596335174867626
time,sink,1.5,1000,92,22110,0.0288463612560526
time,sink,1.5,1000,93,22111,0.026901800263271217
time,sink,1.5,1000,94,22112,0.021397635655775328
time,sink,1.5,1000,95,22113,0.0325453520846999
time,sink,1.5,1000,96,22114,0.02148593448612077
time,sink,1.5,1000,97,22115,0.026046145494348534
time,sink,1.5,1000,98,22116,0.0239402003774925
time,sink,1.5,1000,99,22117,0.027725875379232618
time,sink,1.5,1000,100,22118,0.026568942902913725
time,sink,1.5,1000,101,22119,0.0226773672717973
time,sink,1.5,1000,102,22120,0.026172488130467873
time,sink,1.5,1000,103,22121,0.024161777245827635
time,sink,1.5,1000,104,22122,0.028822075256077846
time,sink,1.5,1000,105,22123,0.02928599571247828
time,sink,1.5,1000,106,22124,0.029287255430654833
time,sink,1.5,1000,107,22125,0.02440569675504731
time,sink,1.5,1000,108,22126,0.02690300525766763
time,sink,1.5,1000,109,22127,0.023869539525725493
time,sink,1.5,1000,110,22128,0.025961456266876768
time,sink,1.5,1000,111,22129,0.03201469420833698
time,sink,1.5,1000,112,22130,0.024145730448945465
time,sink,1.5,1000,113,22131,0.023874523876123748
time,sink,1.5,1000,114,22132,0.022379926092701712
time,sink,1.5,1000,115,22133,0.02594531203315303
time,sink,1.5,1000,116,22134,0.024130985019880643
time,sink,1.5,1000,117,22135,0.022917322298583096
time,sink,1.5,1000,118,22136,0.026697319553558627
time,sink,1.5,1000,119,22137,0.026461763132387225
time,sink,1.5,1000,120,22138,0.0327856624036137
time,sink,1.5,1000,121,22139,0.02423856193939027
time,sink,1.5,1000,122,22140,0.025905586741547602
time,sink,1.5,1000,123,22141,0.024684308199514074
time,sink,1.5,1000,124,22142,0.030404187687253375
time,sink,1.5,1000,125,22143,0.02836762613347593
time,sink,1.5,1000,126,22144,0.028264653988345885
time,sink,1.5,1000,127,22145,0.024748383733124338
time,sink,1.5,1000,128,22146,0.02383548020003684
time,sink,1.5,1000,129,22147,0.026349533907032093
time,sink,1.5,1000,130,22148,0.02271895705943586
time,sink,1.5,1000,131,22149,0.02219639439115925
time,sink,1.5,1000,132,22150,0.024399833433782873
time,sink,1.5,1000,133,22151,0.020115908206960634
time,sink,1.5,1000,134,22152,0.029322067212112578
time,sink,1.5,1000,135,22153,0.023616786470697478
time,sink,1.5,1000,136,22154,0.02496575753796489
time,sink,1.5,1000,137,22155,0.024192084568643153
time,sink,1.5,1000,138,22156,0.030738588263181682
time,sink,1.5,1000,139,22157,0.02712100392901884
time,sink,1.5,1000,140,22158,0.024277649673187157
time,sink,1.5,1000,141,22159,0.02457588155691654
time,sink,1.5,1000,142,22160,0.027674175466976786
time,sink,1.5,1000,143,22161,0.027995873106801506
time,sink,1.5,1000,144,22162,0.02598533428381387
time,sink,1.5,1000,145,22163,0.03204081766837487
time,sink,1.5,1000,146,22164,0.0343668602281358
time,sink,1.5,1000,147,22165,0.026222979784607976
time,sink,1.5,1000,148,22166,0.02649797069644213
time,sink,1.5,1000,149,22167,0.04277202686780538
time,sink,1.5,1000,150,22168,0.03690836097384604
time,sink,1.5,1000,151,22169,0.026284970440079002
time,sink,1.5,1000,152,22170,0.024253243626401466
time,sink,1.5,1000,153,22171,0.024128118291375313
time,sink,1.5,1000,154,22172,0.03738408498841331
time,sink,1.5,1000,155,22173,0.039265656256723035
time,sink,1.5,1000,156,22174,0.028595024979969904
time,sink,1.5,1000,157,22175,0.037191588698072035
time,sink,1.5,1000,158,22176,0.023489082741353955
time,sink,1.5,1000,159,22177,0.029793134360472314
time,sink,1.5,1000,160,22178,0.03351398691572383
time,sink,1.5,1000,161,22179,0.022501847965051582
time,sink,1.5,1000,162,22180,0.024620312101607648
time,sink,1.5,1000,163,22181,0.026316605207398407
time,sink,1.5,1000,164,22182,0.03869325468842244
time,sink,1.5,1000,165,22183,0.024043888718265297
time,sink,1.5,1000,166,22184,0.02979958023040949
time,sink,1.5,1000,167,22185,0.02285084358720264
time,sink,1.5,1000,168,22186,0.024821304300135513
time,sink,1.5,1000,169,22187,0.025619522637372116
time,sink,1.5,1000,170,22188,0.028461058912616903
time,sink,1.5,1000,171,22189,0.023908272073504815
time,sink,1.5,1000,172,22190,0.029459585073034086
time,sink,1.5,1000,173,22191,0.024547823217123507
time,sink,1.5,1000,174,22192,0.03872847082153116
time,sink,1.5,1000,175,22193,0.028288239483992318
time,sink,1.5,1000,176,22194,0.025691373145367544
time,sink,1.5,1000,177,22195,0.02368544563625244
time,sink,1.5,1000,178,22196,0.023239521412567306
time,sink,1.5,1000,179,22197,0.02423339908550675
time,sink,1.5,1000,180,22198,0.025800298629576668
time,sink,1.5,1000,181,22199,0.02362613934491627
time,sink,1.5,1000,182,22200,0.02468874983572284
time,sink,1.5,1000,183,22201,0.046811859382080864
time,sink,1.5,1000,184,22202,0.02405796999649233
time,sink,1.5,1000,185,22203,0.02333077085304646
time,sink,1.5,1000,186,22204,0.03138864761571446
time,sink,1.5,1000,187,22205,0.02525907729650715
time,sink,1.5,1000,188,22206,0.02555221538472667
time,sink,1.5,1000,189,22207,0.02482614876838211
time,sink,1.5,1000,190,22208,0.028337968326146854
time,sink,1.5,1000,191,22209,0.040680195614619365
time,sink,1.5,1000,192,22210,0.028203348309484746
time,sink,1.5,1000,193,22211,0.025403750188940085
time,sink,1.5,1000,194,22212,0.026863255382067016
time,sink,1.5,1000,195,22213,0.023187530556444815
time,sink,1.5,1000,196,22214,0.03411658032953936
time,sink,1.5,1000,197,22215,0.02479077288081672
time,sink,1.5,1000,198,22216,0.026391909894714235
time,sink,1.5,1000,199,22217,0.023644207951889134
time,sink,1.6666666666666665,1000,0,22941,0.027598277267848647
time,sink,1.6666666666666665,1000,1,22942,0.02138465597844156
time,sink,1.6666666666666665,1000,2,22943,0.022751809517004888
time,sink,1.6666666666666665,1000,3,22944,0.027471241877042706
time,sink,1.6666666666666665,1000,4,22945,0.02485923547771836
time,sink,1.6666666666666665,1000,5,22946,0.028775438536077252
time,sink,1.6666666666666665,1000,6,22947,0.021850163506447848
time,sink,1.6666666666666665,1000,7,22948,0.035941899708690106
time,sink,1.6666666666666665,1000,8,22949,0.02431972665474833
time,sink,1.6666666666666665,1000,9,22950,0.020430073240965928
time,sink,1.6666666666666665,1000,10,22951,0.02801347937124132
time,sink,1.6666666666666665,1000,11,22952,0.021684581823268396
time,sink,1.6666666666666665,1000,12,22953,0.023088794197277992
time,sink,1.6666666666666665,1000,13,22954,0.02737317147073837
time,sink,1.6666666666666665,1000,14,22955,0.019603294346267886
time,sink,1.6666666666666665,1000,15,22956,0.022555094739011756
time,sink,1.6666666666666665,1000,16,22957,0.027263016928478465
time,sink,1.6666666666666665,1000,17,22958,0.024288317204097847
time,sink,1.6666666666666665,1000,18,22959,0.019275892183073476
time,sink,1.6666666666666665,1000,19,22960,0.01953764152364957
time,sink,1.6666666666666665,1000,20,22961,0.0193594671489265
time,sink,1.6666666666666665,1000,21,22962,0.023217919979464718
time,sink,1.6666666666666665,1000,22,22963,0.0208532156767302
time,sink,1.6666666666666665,1000,23,22964,0.020308767917621057
time,sink,1.6666666666666665,1000,24,22965,0.022073224167392616
time,sink,1.6666666666666665,1000,25,22966,0.02726922555919671
time,sink,1.6666666666666665,1000,26,22967,0.023043562817854166
time,sink,1.6666666666666665,1000,27,22968,0.020964014601363955
time,sink,1.6666666666666665,1000,28,22969,0.02499107964667896
time,sink,1.6666666666666665,1000,29,22970,0.02515794138265067
time,sink,1.6666666666666665,1000,30,22971,0.02272833578966407
time,sink,1.6666666666666665,1000,31,22972,0.022052373760270996
time,sink,1.6666666666666665,1000,32,22973,0.024190242130388253
time,sink,1.6666666666666665,1000,33,22974,0.026462924219421178
time,sink,1.6666666666666665,1000,34,22975,0.018734162437747066
time,sink,1.6666666666666665,1000,35,22976,0.028135749241953546
time,sink,1.6666666666666665,1000,36,22977,0.01912034075047452
time,sink,1.6666666666666665,1000,37,22978,0.029207842695383575
time,sink,1.6666666666666665,1000,38,22979,0.02109033189728734
time,sink,1.6666666666666665,1000,39,22980,0.020742873740399927
time,sink,1.6666666666666665,1000,40,22981,0.01947164131695898
time,sink,1.6666666666666665,1000,41,22982,0.02214586509661282
time,sink,1.6666666666666665,1000,42,22983,0.019862204218069703
time,sink,1.6666666666666665,1000,43,22984,0.018854818526629014
time,sink,1.6666666666666665,1000,44,22985,0.01833039145161414
time,sink,1.6666666666666665,1000,45,22986,0.021312099316275278
time,sink,1.6666666666666665,1000,46,22987,0.030417180186802145
time,sink,1.6666666666666665,1000,47,22988,0.02039460951773679
time,sink,1.6666666666666665,1000,48,22989,0.022348151260292607
time,sink,1.6666666666666665,1000,49,22990,0.020056441810401834
time,sink,1.6666666666666665,1000,50,22991,0.024844639305890336
time,sink,1.6666666666666665,1000,51,22992,0.02430651801798791
time,sink,1.6666666666666665,1000,52,22993,0.020749565857247694
time,sink,1.6666666666666665,1000,53,22994,0.02194550627716229
time,sink,1.6666666666666665,1000,54,22995,0.02031835056735389
time,sink,1.6666666666666665,1000,55,22996,0.019376122276604294
time,sink,1.6666666666666665,1000,56,22997,0.020690149886001995
time,sink,1.6666666666666665,1000,57,22998,0.023159325666413495
time,sink,1.6666666666666665,1000,58,22999,0.029453882362032675
time,sink,1.6666666666666665,1000,59,23000,0.019573232902761573
time,sink,1.6666666666666665,1000,60,23001,0.020107496799068498
time,sink,1.6666666666666665,1000,61,23002,0.018246938258216716
time,sink,1.6666666666666665,1000,62,23003,0.020925210163184393
time,sink,1.6666666666666665,1000,63,23004,0.02481200207545921
time,sink,1.6666666666666665,1000,64,23005,0.02251417889629635
time,sink,1.6666666666666665,1000,65,23006,0.021906899409328207
time,sink,1.6666666666666665,1000,66,23007,0.022141289117865944
time,sink,1.6666666666666665,1000,67,23008,0.02795921690497511
time,sink,1.6666666666666665,1000,68,23009,0.029040901838340065
time,sink,1.6666666666666665,1000,69,23010,0.022240257736067054
time,sink,1.6666666666666665,1000,70,23011,0.02187322553733417
time,sink,1.6666666666666665,1000,71,23012,0.020167290901678157
time,sink,1.6666666666666665,1000,72,23013,0.023817741427142308
time,sink,1.6666666666666665,1000,73,23014,0.02472204530873946
time,sink,1.6666666666666665,1000,74,23015,0.019966202890254862
time,sink,1.6666666666666665,1000,75,23016,0.033621480175978595
time,sink,1.6666666666666665,1000,76,23017,0.019185391560956343
time,sink,1.6666666666666665,1000,77,23018,0.025478542518581847
time,sink,1.6666666666666665,1000,78,23019,0.01939378799080843
time,sink,1.6666666666666665,1000,79,23020,0.022519398306899478
time,sink,1.6666666666666665,1000,80,23021,0.024571229065258833
time,sink,1.6666666666666665,1000,81,23022,0.023599084600963653
time,sink,1.6666666666666665,1000,82,23023,0.022398681774900897
time,sink,1.6666666666666665,1000,83,23024,0.03528422615881159
time,sink,1.6666666666666665,1000,84,23025,0.02964883120441742
time,sink,1.6666666666666665,1000,85,23026,0.019849783925262807
time,sink,1.6666666666666665,1000,86,23027,0.020294842217604515
time,sink,1.6666666666666665,1000,87,23028,0.02091666614527709
time,sink,1.6666666666666665,1000,88,23029,0.020923109680276858
time,sink,1.6666666666666665,1000,89,23030,0.02405978767047058
time,sink,1.6666666666666665,1000,90,23031,0.019843728697115634
time,sink,1.6666666666666665,1000,91,23032,0.02117615241367322
time,sink,1.6666666666666665,1000,92,23033,0.022586710373522157
time,sink,1.6666666666666665,1000,93,23034,0.022535740366253533
time,sink,1.6666666666666665,1000,94,23035,0.01915699201126338
time,sink,1.6666666666666665,1000,95,23036,0.02532760071670239
time,sink,1.6666666666666665,1000,96,23037,0.025992124288819307
time,sink,1.6666666666666665,1000,97,23038,0.01975026463753717
time,sink,1.6666666666666665,1000,98,23039,0.02293435116011524
time,sink,1.6666666666666665,1000,99,23040,0.024432782903108994
time,sink,1.6666666666666665,1000,100,23041,0.022475652566103243
time,sink,1.6666666666666665,1000,101,23042,0.01964138030920569
time,sink,1.6666666666666665,1000,102,23043,0.02910464492629144
time,sink,1.6666666666666665,1000,103,23044,0.02019890013227639
time,sink,1.6666666666666665,1000,104,23045,0.0256497668081168
time,sink,1.6666666666666665,1000,105,23046,0.021235688665116388
time,sink,1.6666666666666665,1000,106,23047,0.02300363340438497
time,sink,1.6666666666666665,1000,107,23048,0.02159406213856142
time,sink,1.6666666666666665,1000,108,23049,0.01986412936438606
time,sink,1.6666666666666665,1000,109,23050,0.025467100394678227
time,sink,1.6666666666666665,1000,110,23051,0.020117551571028767
time,sink,1.6666666666666665,1000,111,23052,0.023053520742811657
time,sink,1.6666666666666665,1000,112,23053,0.022979177561469926
time,sink,1.6666666666666665,1000,113,23054,0.02086083201496181
time,sink,1.6666666666666665,1000,114,23055,0.024644711867530863
time,sink,1.6666666666666665,1000,115,23056,0.019243707863771428
time,sink,1.6666666666666665,1000,116,23057,0.021354601748218568
time,sink,1.6666666666666665,1000,117,23058,0.023269867190017123
time,sink,1.6666666666666665,1000,118,23059,0.01968732730846581
time,sink,1.6666666666666665,1000,119,23060,0.025478164621541587
time,sink,1.6666666666666665,1000,120,23061,0.027520963790705424
time,sink,1.6666666666666665,1000,121,23062,0.021349570063994183
time,sink,1.6666666666666665,1000,122,23063,0.022320655564725744
time,sink,1.6666666666666665,1000,123,23064,0.02270834500770235
time,sink,1.6666666666666665,1000,124,23065,0.02057422510858943
time,sink,1.6666666666666665,1000,125,23066,0.018981801872766314
time,sink,1.6666666666666665,1000,126,23067,0.019479976591549947
time,sink,1.6666666666666665,1000,127,23068,0.03163841968348258
time,sink,1.6666666666666665,1000,128,23069,0.02273756679444769
time,sink,1.6666666666666665,1000,129,23070,0.019105782673076888
time,sink,1.6666666666666665,1000,130,23071,0.023797756569218943
time,sink,1.6666666666666665,1000,131,23072,0.026265234911349526
time,sink,1.6666666666666665,1000,132,23073,0.01987324348855779
time,sink,1.6666666666666665,1000,133,23074,0.02123494425973269
time,sink,1.6666666666666665,1000,134,23075,0.023049010663576033
time,sink,1.6666666666666665,1000,135,23076,0.02381864511829082
time,sink,1.6666666666666665,1000,136,23077,0.020921453182106624
time,sink,1.6666666666666665,1000,137,23078,0.018338407591502102
time,sink,1.6666666666666665,1000,138,23079,0.021462461047254414
time,sink,1.6666666666666665,1000,139,23080,0.02174768644294121
time,sink,1.6666666666666665,1000,140,23081,0.022823115567333237
time,sink,1.6666666666666665,1000,141,23082,0.02213838293035797
time,sink,1.6666666666666665,1000,142,23083,0.024258525314924437
time,sink,1.6666666666666665,1000,143,23084,0.020025579724792013
time,sink,1.6666666666666665,1000,144,23085,0.020802018618705263
time,sink,1.6666666666666665,1000,145,23086,0.02371697097458725
time,sink,1.6666666666666665,1000,146,23087,0.023907628256036123
time,sink,1.6666666666666665,1000,147,23088,0.024812802595992448
time,sink,1.6666666666666665,1000,148,23089,0.020861683940727814
time,sink,1.6666666666666665,1000,149,23090,0.023185375087839872
time,sink,1.6666666666666665,1000,150,23091,0.025429588408497118
time,sink,1.6666666666666665,1000,151,23092,0.027940220438673894
time,sink,1.6666666666666665,1000,152,23093,0.02933199688077993
time,sink,1.6666666666666665,1000,153,23094,0.026312266310471906
time,sink,1.6666666666666665,1000,154,23095,0.022017239815724756
time,sink,1.6666666666666665,1000,155,23096,0.021265527803679903
time,sink,1.6666666666666665,1000,156,23097,0.02102386743473559
time,sink,1.6666666666666665,1000,157,23098,0.02725885534873685
time,sink,1.6666666666666665,1000,158,23099,0.027507303840329216
time,sink,1.6666666666666665,1000,159,23100,0.027503299814179455
time,sink,1.6666666666666665,1000,160,23101,0.019653231316502807
time,sink,1.6666666666666665,1000,161,23102,0.022014933891500884
time,sink,1.6666666666666665,1000,162,23103,0.020233329447346828
time,sink,1.6666666666666665,1000,163,23104,0.025823365037657645
time,sink,1.6666666666666665,1000,164,23105,0.022240492041029354
time,sink,1.6666666666666665,1000,165,23106,0.021263797451091592
time,sink,1.6666666666666665,1000,166,23107,0.018343884945124143
time,sink,1.6666666666666665,1000,167,23108,0.029067511440451426
time,sink,1.6666666666666665,1000,168,23109,0.022044320663720248
time,sink,1.6666666666666665,1000,169,23110,0.0246950376746542
time,sink,1.6666666666666665,1000,170,23111,0.026281171119177493
time,sink,1.6666666666666665,1000,171,23112,0.028510451465499742
time,sink,1.6666666666666665,1000,172,23113,0.028880538657575498
time,sink,1.6666666666666665,1000,173,23114,0.02224960718295752
time,sink,1.6666666666666665,1000,174,23115,0.022224724855858045
time,sink,1.6666666666666665,1000,175,23116,0.02287911246645667
time,sink,1.6666666666666665,1000,176,23117,0.030028087056617248
time,sink,1.6666666666666665,1000,177,23118,0.024563971325594892
time,sink,1.6666666666666665,1000,178,23119,0.022202958205630636
time,sink,1.6666666666666665,1000,179,23120,0.019924201442604667
time,sink,1.6666666666666665,1000,180,23121,0.024492169627345798
time,sink,1.6666666666666665,1000,181,23122,0.020708227879482906
time,sink,1.6666666666666665,1000,182,23123,0.023985726204654688
time,sink,1.6666666666666665,1000,183,23124,0.021619639176897104
time,sink,1.6666666666666665,1000,184,23125,0.022816925597999412
time,sink,1.6666666666666665,1000,185,23126,0.024117756626871753
time,sink,1.6666666666666665,1000,186,23127,0.0222461880124874
time,sink,1.6666666666666665,1000,187,23128,0.019023496831123546
time,sink,1.6666666666666665,1000,188,23129,0.02079090902902979
time,sink,1.6666666666666665,1000,189,23130,0.020720951730528975
time,sink,1.6666666666666665,1000,190,23131,0.024209109821139305
time,sink,1.6666666666666665,1000,191,23132,0.02495805847216221
time,sink,1.6666666666666665,1000,192,23133,0.02319699093790347
time,sink,1.6666666666666665,1000,193,23134,0.020306564786279117
time,sink,1.6666666666666665,1000,194,23135,0.020028199818438962
time,sink,1.6666666666666665,1000,195,23136,0.019745167783939137
time,sink,1.6666666666666665,1000,196,23137,0.02297083486464904
time,sink,1.6666666666666665,1000,197,23138,0.02272638089869612
time,sink,1.6666666666666665,1000,198,23139,0.020546488436091147
time,sink,1.6666666666666665,1000,199,23140,0.02338974060376576
time,sink,1.8333333333333333,1000,0,22510,0.015829720006633862
time,sink,1.8333333333333333,1000,1,22511,0.018524670670808055
time,sink,1.8333333333333333,1000,2,22512,0.028534506065610817
time,sink,1.8333333333333333,1000,3,22513,0.019978691375524955
time,sink,1.8333333333333333,1000,4,22514,0.016828017268189395
time,sink,1.8333333333333333,1000,5,22515,0.022531031913030065
time,sink,1.8333333333333333,1000,6,22516,0.019752226527308243
time,sink,1.8333333333333333,1000,7,22517,0.021642356270053717
time,sink,1.8333333333333333,1000,8,22518,0.01616890896195689
time,sink,1.8333333333333333,1000,9,22519,0.018579168390741977
time,sink,1.8333333333333333,1000,10,22520,0.015583720211526153
time,sink,1.8333333333333333,1000,11,22521,0.02157810219355036
time,sink,1.8333333333333333,1000,12,22522,0.02067343356578165
time,sink,1.8333333333333333,1000,13,22523,0.016762054897249065
time,sink,1.8333333333333333,1000,14,22524,0.017965418110683088
time,sink,1.8333333333333333,1000,15,22525,0.018192156474112292
time,sink,1.8333333333333333,1000,16,22526,0.020508978393467492
time,sink,1.8333333333333333,1000,17,22527,0.01771447557555914
time,sink,1.8333333333333333,1000,18,22528,0.017761521061504627
time,sink,1.8333333333333333,1000,19,22529,0.017671364817691493
time,sink,1.8333333333333333,1000,20,22530,0.018541821115921883
time,sink,1.8333333333333333,1000,21,22531,0.02097715681281161
time,sink,1.8333333333333333,1000,22,22532,0.018817431732334296
time,sink,1.8333333333333333,1000,23,22533,0.01736560160965449
time,sink,1.8333333333333333,1000,24,22534,0.018123040429868356
time,sink,1.8333333333333333,1000,25,22535,0.02002342135027577
time,sink,1.8333333333333333,1000,26,22536,0.027964554867646332
time,sink,1.8333333333333333,1000,27,22537,0.01605820098125068
time,sink,1.8333333333333333,1000,28,22538,0.016858654169025808
time,sink,1.8333333333333333,1000,29,22539,0.018863453361817353
time,sink,1.8333333333333333,1000,30,22540,0.021106862478418427
time,sink,1.8333333333333333,1000,31,22541,0.01845512145221396
time,sink,1.8333333333333333,1000,32,22542,0.01874303172403869
time,sink,1.8333333333333333,1000,33,22543,0.023506600521759936
time,sink,1.8333333333333333,1000,34,22544,0.018118511829406804
time,sink,1.8333333333333333,1000,35,22545,0.015981959688786948
time,sink,1.8333333333333333,1000,36,22546,0.02034033257969169
time,sink,1.8333333333333333,1000,37,22547,0.02019084876333517
time,sink,1.8333333333333333,1000,38,22548,0.017950836265122595
time,sink,1.8333333333333333,1000,39,22549,0.023633959623731906
time,sink,1.8333333333333333,1000,40,22550,0.01955946708145759
time,sink,1.8333333333333333,1000,41,22551,0.02786877187293029
time,sink,1.8333333333333333,1000,42,22552,0.017385536265951816
time,sink,1.8333333333333333,1000,43,22553,0.020981597339133063
time,sink,1.8333333333333333,1000,44,22554,0.018063865447719932
time,sink,1.8333333333333333,1000,45,22555,0.027923843168323838
time,sink,1.8333333333333333,1000,46,22556,0.018580470079335398
time,sink,1.8333333333333333,1000,47,22557,0.015817316762622914
time,sink,1.8333333333333333,1000,48,22558,0.01911825148062649
time,sink,1.8333333333333333,1000,49,22559,0.016147777667244012
time,sink,1.8333333333333333,1000,50,22560,0.01934357638754456
time,sink,1.8333333333333333,1000,51,22561,0.018499387601057994
time,sink,1.8333333333333333,1000,52,22562,0.019464865355804967
time,sink,1.8333333333333333,1000,53,22563,0.017441754284291202
time,sink,1.8333333333333333,1000,54,22564,0.018764279517291347
time,sink,1.8333333333333333,1000,55,22565,0.01716176123903238
time,sink,1.8333333333333333,1000,56,22566,0.01803599754848827
time,sink,1.8333333333333333,1000,57,22567,0.01699325902031202
time,sink,1.8333333333333333,1000,58,22568,0.02248833773487714
time,sink,1.8333333333333333,1000,59,22569,0.02011169675626672
time,sink,1.8333333333333333,1000,60,22570,0.018220040352834782
time,sink,1.8333333333333333,1000,61,22571,0.02053732232796422
time,sink,1.8333333333333333,1000,62,22572,0.019267347632694623
time,sink,1.8333333333333333,1000,63,22573,0.02925965352548727
time,sink,1.8333333333333333,1000,64,22574,0.017238501100331358
time,sink,1.8333333333333333,1000,65,22575,0.017922198960144204
time,sink,1.8333333333333333,1000,66,22576,0.02121102800228892
time,sink,1.8333333333333333,1000,67,22577,0.017671840220359905
time,sink,1.8333333333333333,1000,68,22578,0.027209450777221478
time,sink,1.8333333333333333,1000,69,22579,0.017338501016851228
time,sink,1.8333333333333333,1000,70,22580,0.01989707020477565
time,sink,1.8333333333333333,1000,71,22581,0.0166651773045558
time,sink,1.8333333333333333,1000,72,22582,0.01800948933309586
time,sink,1.8333333333333333,1000,73,22583,0.02060760644088006
time,sink,1.8333333333333333,1000,74,22584,0.01898384021569119
time,sink,1.8333333333333333,1000,75,22585,0.01728071482253702
time,sink,1.8333333333333333,1000,76,22586,0.017120385850486534
time,sink,1.8333333333333333,1000,77,22587,0.014810302289658801
time,sink,1.8333333333333333,1000,78,22588,0.016632353302986284
time,sink,1.8333333333333333,1000,79,22589,0.01719420129639713
time,sink,1.8333333333333333,1000,80,22590,0.02595649411536605
time,sink,1.8333333333333333,1000,81,22591,0.01601185686715864
time,sink,1.8333333333333333,1000,82,22592,0.019366236185314977
time,sink,1.8333333333333333,1000,83,22593,0.020749501967650193
time,sink,1.8333333333333333,1000,84,22594,0.019365664148214487
time,sink,1.8333333333333333,1000,85,22595,0.02128427093855266
time,sink,1.8333333333333333,1000,86,22596,0.018506378169782775
time,sink,1.8333333333333333,1000,87,22597,0.017459237857304032
time,sink,1.8333333333333333,1000,88,22598,0.023578321563235163
time,sink,1.8333333333333333,1000,89,22599,0.022240668881944245
time,sink,1.8333333333333333,1000,90,22600,0.017606630927702996
time,sink,1.8333333333333333,1000,91,22601,0.01772078722514223
time,sink,1.8333333333333333,1000,92,22602,0.02544531886362649
time,sink,1.8333333333333333,1000,93,22603,0.017503559755625907
time,sink,1.8333333333333333,1000,94,22604,0.01652378967167809
time,sink,1.8333333333333333,1000,95,22605,0.015693324222505314
time,sink,1.8333333333333333,1000,96,22606,0.01683291212372758
time,sink,1.8333333333333333,1000,97,22607,0.016572944656002963
time,sink,1.8333333333333333,1000,98,22608,0.018063990741402088
time,sink,1.8333333333333333,1000,99,22609,0.016249755892385195
time,sink,1.8333333333333333,1000,100,22610,0.023974292645036737
time,sink,1.8333333333333333,1000,101,22611,0.017223243977780887
time,sink,1.8333333333333333,1000,102,22612,0.020630266670220974
time,sink,1.8333333333333333,1000,103,22613,0.02167050721549371
time,sink,1.8333333333333333,1000,104,22614,0.030678003084604617
time,sink,1.8333333333333333,1000,105,22615,0.018185972283013486
time,sink,1.8333333333333333,1000,106,22616,0.02241936773559831
time,sink,1.8333333333333333,1000,107,22617,0.018542344468786616
time,sink,1.8333333333333333,1000,108,22618,0.02155388850078471
time,sink,1.8333333333333333,1000,109,22619,0.018722731494203126
time,sink,1.8333333333333333,1000,110,22620,0.01757623859787738
time,sink,1.8333333333333333,1000,111,22621,0.018254030167191727
time,sink,1.8333333333333333,1000,112,22622,0.023761206142496608
time,sink,1.8333333333333333,1000,113,22623,0.01746505165720587
time,sink,1.8333333333333333,1000,114,22624,0.01863494831974795
time,sink,1.8333333333333333,1000,115,22625,0.01935027477421531
time,sink,1.8333333333333333,1000,116,22626,0.017726159774326313
time,sink,1.8333333333333333,1000,117,22627,0.017783537628322278
time,sink,1.8333333333333333,1000,118,22628,0.016818614903903763
time,sink,1.8333333333333333,1000,119,22629,0.02438815259917231
time,sink,1.8333333333333333,1000,120,22630,0.01618764647348097
time,sink,1.8333333333333333,1000,121,22631,0.017040593338310116
time,sink,1.8333333333333333,1000,122,22632,0.020349778638152263
time,sink,1.8333333333333333,1000,123,22633,0.01668791909609138
time,sink,1.8333333333333333,1000,124,22634,0.020787920794985485
time,sink,1.8333333333333333,1000,125,22635,0.018253691487688035
time,sink,1.8333333333333333,1000,126,22636,0.01620976605771071
time,sink,1.8333333333333333,1000,127,22637,0.016422419322194466
time,sink,1.8333333333333333,1000,128,22638,0.021349953711491395
time,sink,1.8333333333333333,1000,129,22639,0.017447214121423252
time,sink,1.8333333333333333,1000,130,22640,0.016374816039197063
time,sink,1.8333333333333333,1000,131,22641,0.018065252391792942
time,sink,1.8333333333333333,1000,132,22642,0.018733604245210745
time,sink,1.8333333333333333,1000,133,22643,0.017865577023397895
time,sink,1.8333333333333333,1000,134,22644,0.01837667140935993
time,sink,1.8333333333333333,1000,135,22645,0.018365286497708126
time,sink,1.8333333333333333,1000,136,22646,0.022157261669818042
time,sink,1.8333333333333333,1000,137,22647,0.01755045932165028
time,sink,1.8333333333333333,1000,138,22648,0.019463310469203684
time,sink,1.8333333333333333,1000,139,22649,0.01632979337391271
time,sink,1.8333333333333333,1000,140,22650,0.017745523938851506
time,sink,1.8333333333333333,1000,141,22651,0.017911349206430418
time,sink,1.8333333333333333,1000,142,22652,0.01720772198617774
time,sink,1.8333333333333333,1000,143,22653,0.0194592274952471
time,sink,1.8333333333333333,1000,144,22654,0.018422297421557758
time,sink,1.8333333333333333,1000,145,22655,0.01873464394752118
time,sink,1.8333333333333333,1000,146,22656,0.022163571758894392
time,sink,1.8333333333333333,1000,147,22657,0.017388040710210953
time,sink,1.8333333333333333,1000,148,22658,0.022907473478705635
time,sink,1.8333333333333333,1000,149,22659,0.021036853906950845
time,sink,1.8333333333333333,1000,150,22660,0.017647747628824418
time,sink,1.8333333333333333,1000,151,22661,0.02029667220067312
time,sink,1.8333333333333333,1000,152,22662,0.021105810717177716
time,sink,1.8333333333333333,1000,153,22663,0.0243568598264777
time,sink,1.8333333333333333,1000,154,22664,0.017534021603676002
time,sink,1.8333333333333333,1000,155,22665,0.01994670506052825
time,sink,1.8333333333333333,1000,156,22666,0.01975432485893115
time,sink,1.8333333333333333,1000,157,22667,0.01971588820059782
time,sink,1.8333333333333333,1000,158,22668,0.020037495802095507
time,sink,1.8333333333333333,1000,159,22669,0.03019638170951054
time,sink,1.8333333333333333,1000,160,22670,0.016549555431194032
time,sink,1.8333333333333333,1000,161,22671,0.016569652914735954
time,sink,1.8333333333333333,1000,162,22672,0.015727273978990302
time,sink,1.8333333333333333,1000,163,22673,0.020032952373195207
time,sink,1.8333333333333333,1000,164,22674,0.02076272991447798
time,sink,1.8333333333333333,1000,165,22675,0.022684203567354812
time,sink,1.8333333333333333,1000,166,22676,0.018897619602466272
time,sink,1.8333333333333333,1000,167,22677,0.02235286012357993
time,sink,1.8333333333333333,1000,168,22678,0.01753116623886635
time,sink,1.8333333333333333,1000,169,22679,0.023723504567656806
time,sink,1.8333333333333333,1000,170,22680,0.017996809910672915
time,sink,1.8333333333333333,1000,171,22681,0.02175162649330005
time,sink,1.8333333333333333,1000,172,22682,0.018834373933060262
time,sink,1.8333333333333333,1000,173,22683,0.02709602442149818
time,sink,1.8333333333333333,1000,174,22684,0.015490348677602829
time,sink,1.8333333333333333,1000,175,22685,0.01705796702966554
time,sink,1.8333333333333333,1000,176,22686,0.020416846480748527
time,sink,1.8333333333333333,1000,177,22687,0.015771602055612417
time,sink,1.8333333333333333,1000,178,22688,0.0211092872013203
time,sink,1.8333333333333333,1000,179,22689,0.016187663769516126
time,sink,1.8333333333333333,1000,180,22690,0.01728991938758454
time,sink,1.8333333333333333,1000,181,22691,0.015528140133779317
time,sink,1.8333333333333333,1000,182,22692,0.01582759293430873
time,sink,1.8333333333333333,1000,183,22693,0.01798670823944682
time,sink,1.8333333333333333,1000,184,22694,0.01973224886946962
time,sink,1.8333333333333333,1000,185,22695,0.020695350111067407
time,sink,1.8333333333333333,1000,186,22696,0.021095184511214757
time,sink,1.8333333333333333,1000,187,22697,0.016663011500170254
time,sink,1.8333333333333333,1000,188,22698,0.02076641580684056
time,sink,1.8333333333333333,1000,189,22699,0.021835287911362734
time,sink,1.8333333333333333,1000,190,22700,0.01867066537425204
time,sink,1.8333333333333333,1000,191,22701,0.017546016865928948
time,sink,1.8333333333333333,1000,192,22702,0.02025464989286271
time,sink,1.8333333333333333,1000,193,22703,0.02497041202270517
time,sink,1.8333333333333333,1000,194,22704,0.020913177146292608
time,sink,1.8333333333333333,1000,195,22705,0.021130170580445886
time,sink,1.8333333333333333,1000,196,22706,0.020177577622458136
time,sink,1.8333333333333333,1000,197,22707,0.02084270449045821
time,sink,1.8333333333333333,1000,198,22708,0.02324447890409662
time,sink,1.8333333333333333,1000,199,22709,0.02004229434580001
time,sink,2.0,1000,0,21948,0.013701373912346942
time,sink,2.0,1000,1,21949,0.01636560521582498
time,sink,2.0,1000,2,21950,0.01605655578813989
time,sink,2.0,1000,3,21951,0.013477714230159133
time,sink,2.0,1000,4,21952,0.013120277371513575
time,sink,2.0,1000,5,21953,0.015820513924869557
time,sink,2.0,1000,6,21954,0.015290559680995831
time,sink,2.0,1000,7,21955,0.014626517509026733
time,sink,2.0,1000,8,21956,0.017083049868905884
time,sink,2.0,1000,9,21957,0.014464106637667467
time,sink,2.0,1000,10,21958,0.018538532675691943
time,sink,2.0,1000,11,21959,0.016772342614112076
time,sink,2.0,1000,12,21960,0.013427805857395676
time,sink,2.0,1000,13,21961,0.013062566906343562
time,sink,2.0,1000,14,21962,0.029898991986246824
time,sink,2.0,1000,15,21963,0.015047604670425211
time,sink,2.0,1000,16,21964,0.017655542923417276
time,sink,2.0,1000,17,21965,0.015609328098480998
time,sink,2.0,1000,18,21966,0.015631802898766697
time,sink,2.0,1000,19,21967,0.017266764861910006
time,sink,2.0,1000,20,21968,0.016138942629476464
time,sink,2.0,1000,21,21969,0.01808150848543449
time,sink,2.0,1000,22,21970,0.015462245283499787
time,sink,2.0,1000,23,21971,0.01492667478297518
time,sink,2.0,1000,24,21972,0.013608837142667958
time,sink,2.0,1000,25,21973,0.013755090875034856
time,sink,2.0,1000,26,21974,0.01603479586261217
time,sink,2.0,1000,27,21975,0.013682752278697518
time,sink,2.0,1000,28,21976,0.016994394141900127
time,sink,2.0,1000,29,21977,0.016105158939981736
time,sink,2.0,1000,30,21978,0.01901977958638653
time,sink,2.0,1000,31,21979,0.015376172211388177
time,sink,2.0,1000,32,21980,0.01842194678342642
time,sink,2.0,1000,33,21981,0.013321573085620127
time,sink,2.0,1000,34,21982,0.020328778432697033
time,sink,2.0,1000,35,21983,0.017286249229305817
time,sink,2.0,1000,36,21984,0.012773146041699143
time,sink,2.0,1000,37,21985,0.012932814653135474
time,sink,2.0,1000,38,21986,0.015083029266708537
time,sink,2.0,1000,39,21987,0.017564211794214833
time,sink,2.0,1000,40,21988,0.022797327097046214
time,sink,2.0,1000,41,21989,0.01341822433289933
time,sink,2.0,1000,42,21990,0.013405518754897644
time,sink,2.0,1000,43,21991,0.015642826994718313
time,sink,2.0,1000,44,21992,0.019402417051707865
time,sink,2.0,1000,45,21993,0.016102615684700432
time,sink,2.0,1000,46,21994,0.013021076657701353
time,sink,2.0,1000,47,21995,0.015361834884149175
time,sink,2.0,1000,48,21996,0.014269920859872465
time,sink,2.0,1000,49,21997,0.015223429065062376
time,sink,2.0,1000,50,21998,0.02107417809986119
time,sink,2.0,1000,51,21999,0.014516206890798168
time,sink,2.0,1000,52,22000,0.014990690149207843
time,sink,2.0,1000,53,22001,0.016203069269327068
time,sink,2.0,1000,54,22002,0.02194573595285834
time,sink,2.0,1000,55,22003,0.014095717900611851
time,sink,2.0,1000,56,22004,0.017256131987928098
time,sink,2.0,1000,57,22005,0.013495153884407106
time,sink,2.0,1000,58,22006,0.018063111417995017
time,sink,2.0,1000,59,22007,0.01728714268915398
time,sink,2.0,1000,60,22008,0.017696917665042097
time,sink,2.0,1000,61,22009,0.013362055325719274
time,sink,2.0,1000,62,22010,0.014611038157663772
time,sink,2.0,1000,63,22011,0.01367360588345547
time,sink,2.0,1000,64,22012,0.017008991903616235
time,sink,2.0,1000,65,22013,0.01438935817001501
time,sink,2.0,1000,66,22014,0.01434166421816051
time,sink,2.0,1000,67,22015,0.015347866654329901
time,sink,2.0,1000,68,22016,0.01434161891876248
time,sink,2.0,1000,69,22017,0.014759297640416655
time,sink,2.0,1000,70,22018,0.018370622163671177
time,sink,2.0,1000,71,22019,0.016051858773617173
time,sink,2.0,1000,72,22020,0.014618969312864358
time,sink,2.0,1000,73,22021,0.015379010224974399
time,sink,2.0,1000,74,22022,0.018939813121011378
time,sink,2.0,1000,75,22023,0.015610866325016992
time,sink,2.0,1000,76,22024,0.01280548952566022
time,sink,2.0,1000,77,22025,0.016230076384598138
time,sink,2.0,1000,78,22026,0.014833026064869572
time,sink,2.0,1000,79,22027,0.016205306447422456
time,sink,2.0,1000,80,22028,0.015728948964194998
time,sink,2.0,1000,81,22029,0.01568410619964007
time,sink,2.0,1000,82,22030,0.02483513753254978
time,sink,2.0,1000,83,22031,0.013689629920393034
time,sink,2.0,1000,84,22032,0.0162788900485035
time,sink,2.0,1000,85,22033,0.019422676940564015
time,sink,2.0,1000,86,22034,0.016895003070200552
time,sink,2.0,1000,87,22035,0.014162329673335035
time,sink,2.0,1000,88,22036,0.020683399939065525
time,sink,2.0,1000,89,22037,0.01785430566930598
time,sink,2.0,1000,90,22038,0.015338489834945714
time,sink,2.0,1000,91,22039,0.015655616472643612
time,sink,2.0,1000,92,22040,0.013522531965546866
time,sink,2.0,1000,93,22041,0.014634072562166811
time,sink,2.0,1000,94,22042,0.01441682982065976
time,sink,2.0,1000,95,22043,0.01347635960303799
time,sink,2.0,1000,96,22044,0.014142911404982233
time,sink,2.0,1000,97,22045,0.01622555664183889
time,sink,2.0,1000,98,22046,0.022972923768092776
time,sink,2.0,1000,99,22047,0.014832650409987554
time,sink,2.0,1000,100,22048,0.014099226446155423
time,sink,2.0,1000,101,22049,0.01722216711859879
time,sink,2.0,1000,102,22050,0.014293246664512583
time,sink,2.0,1000,103,22051,0.014426381067021647
time,sink,2.0,1000,104,22052,0.022650432557366918
time,sink,2.0,1000,105,22053,0.013954785477766801
time,sink,2.0,1000,106,22054,0.01341124245421165
time,sink,2.0,1000,107,22055,0.016521149567492486
time,sink,2.0,1000,108,22056,0.014863028753423282
time,sink,2.0,1000,109,22057,0.01878033074413042
time,sink,2.0,1000,110,22058,0.017014900064470043
time,sink,2.0,1000,111,22059,0.014292356011988012
time,sink,2.0,1000,112,22060,0.014587044361079965
time,sink,2.0,1000,113,22061,0.014040605510802814
time,sink,2.0,1000,114,22062,0.01544781250977896
time,sink,2.0,1000,115,22063,0.03131367499641451
time,sink,2.0,1000,116,22064,0.014931778200716204
time,sink,2.0,1000,117,22065,0.015253383389192618
time,sink,2.0,1000,118,22066,0.016036030831049982
time,sink,2.0,1000,119,22067,0.015571496578452285
time,sink,2.0,1000,120,22068,0.013411746373910146
time,sink,2.0,1000,121,22069,0.015286323423378878
time,sink,2.0,1000,122,22070,0.021286210631405077
time,sink,2.0,1000,123,22071,0.015922466760339
time,sink,2.0,1000,124,22072,0.01761414001785708
time,sink,2.0,1000,125,22073,0.015058595462241108
time,sink,2.0,1000,126,22074,0.0139891298355056
time,sink,2.0,1000,127,22075,0.015029314335984778
time,sink,2.0,1000,128,22076,0.014571140013323878
time,sink,2.0,1000,129,22077,0.016748963521305844
time,sink,2.0,1000,130,22078,0.014293497668629048
time,sink,2.0,1000,131,22079,0.014291667779110524
time,sink,2.0,1000,132,22080,0.016337308737125838
time,sink,2.0,1000,133,22081,0.015121214240970376
time,sink,2.0,1000,134,22082,0.022927910150294682
time,sink,2.0,1000,135,22083,0.014017003227699467
time,sink,2.0,1000,136,22084,0.01295625533990131
time,sink,2.0,1000,137,22085,0.01491861268134418
time,sink,2.0,1000,138,22086,0.024638619838008413
time,sink,2.0,1000,139,22087,0.015425484027592183
time,sink,2.0,1000,140,22088,0.013400123476050886
time,sink,2.0,1000,141,22089,0.013287980864292956
time,sink,2.0,1000,142,22090,0.015505075484630282
time,sink,2.0,1000,143,22091,0.021585929280962944
time,sink,2.0,1000,144,22092,0.016179747370680366
time,sink,2.0,1000,145,22093,0.01582571721627959
time,sink,2.0,1000,146,22094,0.014397807335482503
time,sink,2.0,1000,147,22095,0.016076343524810147
time,sink,2.0,1000,148,22096,0.016515156021692293
time,sink,2.0,1000,149,22097,0.017586795582086236
time,sink,2.0,1000,150,22098,0.01974959169307481
time,sink,2.0,1000,151,22099,0.01635182567223672
time,sink,2.0,1000,152,22100,0.014839076030847697
time,sink,2.0,1000,153,22101,0.016987605237724114
time,sink,2.0,1000,154,22102,0.017574569590013144
time,sink,2.0,1000,155,22103,0.01862156633782768
time,sink,2.0,1000,156,22104,0.026185364173947165
time,sink,2.0,1000,157,22105,0.017827876910931333
time,sink,2.0,1000,158,22106,0.014567335217653805
time,sink,2.0,1000,159,22107,0.01422340996836166
time,sink,2.0,1000,160,22108,0.017236884989735666
time,sink,2.0,1000,161,22109,0.01574756886447578
time,sink,2.0,1000,162,22110,0.01749620252294251
time,sink,2.0,1000,163,22111,0.016316766661139383
time,sink,2.0,1000,164,22112,0.01297832207058793
time,sink,2.0,1000,165,22113,0.01973975387051295
time,sink,2.0,1000,166,22114,0.013031878018409208
time,sink,2.0,1000,167,22115,0.015797785809658477
time,sink,2.0,1000,168,22116,0.014520465528613169
time,sink,2.0,1000,169,22117,0.01681659348487621
time,sink,2.0,1000,170,22118,0.016114878466771555
time,sink,2.0,1000,171,22119,0.013754518531908894
time,sink,2.0,1000,172,22120,0.015874416492093722
time,sink,2.0,1000,173,22121,0.014654858692741524
time,sink,2.0,1000,174,22122,0.017481472319356064
time,sink,2.0,1000,175,22123,0.017762854299830825
time,sink,2.0,1000,176,22124,0.017763618357527503
time,sink,2.0,1000,177,22125,0.014802803353585303
time,sink,2.0,1000,178,22126,0.016317497527185622
time,sink,2.0,1000,179,22127,0.01447760755557504
time,sink,2.0,1000,180,22128,0.01574641919664943
time,sink,2.0,1000,181,22129,0.01941789359868087
time,sink,2.0,1000,182,22130,0.014645125818442295
time,sink,2.0,1000,183,22131,0.014480630716910326
time,sink,2.0,1000,184,22132,0.013574111337326377
time,sink,2.0,1000,185,22133,0.015736627223918453
time,sink,2.0,1000,186,22134,0.014636182263623895
time,sink,2.0,1000,187,22135,0.013900058612606658
time,sink,2.0,1000,188,22136,0.016192742841378928
time,sink,2.0,1000,189,22137,0.016049870649846303
time,sink,2.0,1000,190,22138,0.01988550944677949
time,sink,2.0,1000,191,22139,0.014701430963583922
time,sink,2.0,1000,192,22140,0.015712532616593812
time,sink,2.0,1000,193,22141,0.014971789736801255
time,sink,2.0,1000,194,22142,0.018441072015976542
time,sink,2.0,1000,195,22143,0.01720583499321852
time,sink,2.0,1000,196,22144,0.017143379230100786
time,sink,2.0,1000,197,22145,0.015010653512473325
time,sink,2.0,1000,198,22146,0.014456949530295762
time,sink,2.0,1000,199,22147,0.015981800183752583
sample,sink,1.0,1000,0,30635,0.04320602044532385
sample,sink,1.0,1000,1,30636,0.041845022880225104
sample,sink,1.0,1000,2,30637,0.049367666917231406
sample,sink,1.0,1000,3,30638,0.03719404077886797
sample,sink,1.0,1000,4,30639,0.044733392143600385
sample,sink,1.0,1000,5,30640,0.03751487575689463
sample,sink,1.0,1000,6,30641,0.04357915049014958
sample,sink,1.0,1000,7,30642,0.043686197574700956
sample,sink,1.0,1000,8,30643,0.041592871132503935
sample,sink,1.0,1000,9,30644,0.043994610733058125
sample,sink,1.0,1000,10,30645,0.03839282734836681
sample,sink,1.0,1000,11,30646,0.05071202967083394
sample,sink,1.0,1000,12,30647,0.03678203691690781
sample,sink,1.0,1000,13,30648,0.04370112490672125
sample,sink,1.0,1000,14,30649,0.035854322285783724
sample,sink,1.0,1000,15,30650,0.06844727291471323
sample,sink,1.0,1000,16,30651,0.036111222326802236
sample,sink,1.0,1000,17,30652,0.04107125801680851
sample,sink,1.0,1000,18,30653,0.03928868272385969
sample,sink,1.0,1000,19,30654,0.04062205744593986
sample,sink,1.0,1000,20,30655,0.03821958272132989
sample,sink,1.0,1000,21,30656,0.03873111271489298
sample,sink,1.0,1000,22,30657,0.047154421795159183
sample,sink,1.0,1000,23,30658,0.03670205876297425
sample,sink,1.0,1000,24,30659,0.05131534246498622
sample,sink,1.0,1000,25,30660,0.0411913190634692
sample,sink,1.0,1000,26,30661,0.03960088928242748
sample,sink,1.0,1000,27,30662,0.03490767683395366
sample,sink,1.0,1000,28,30663,0.043726662215147205
sample,sink,1.0,1000,29,30664,0.04098722641003947
sample,sink,1.0,1000,30,30665,0.04558959624721247
sample,sink,1.0,1000,31,30666,0.051782667025146056
sample,sink,1.0,1000,32,30667,0.046906115007224684
sample,sink,1.0,1000,33,30668,0.034364954191319214
sample,sink,1.0,1000,34,30669,0.038157661962105426
sample,sink,1.0,1000,35,30670,0.051326582484734894
sample,sink,1.0,1000,36,30671,0.056654575427588526
sample,sink,1.0,1000,37,30672,0.043501226088848904
sample,sink,1.0,1000,38,30673,0.04013374483817677
sample,sink,1.0,1000,39,30674,0.04634702510449581
sample,sink,1.0,1000,40,30675,0.04098164209391065
sample,sink,1.0,1000,41,30676,0.03696361602059129
sample,sink,1.0,1000,42,30677,0.03748437715119093
sample,sink,1.0,1000,43,30678,0.04029591488763651
sample,sink,1.0,1000,44,30679,0.04155326689176498
sample,sink,1.0,1000,45,30680,0.033670034996024806
sample,sink,1.0,1000,46,30681,0.04020126737447846
sample,sink,1.0,1000,47,30682,0.03521454797009749
sample,sink,1.0,1000,48,30683,0.05215784784713569
sample,sink,1.0,1000,49,30684,0.03752956686375568
sample,sink,1.0,1000,50,30685,0.06731114108304134
sample,sink,1.0,1000,51,30686,0.04811973961069081
sample,sink,1.0,1000,52,30687,0.05116057811898018
sample,sink,1.0,1000,53,30688,0.03971251685216492
sample,sink,1.0,1000,54,30689,0.040153827789407896
sample,sink,1.0,1000,55,30690,0.054613094739004615
sample,sink,1.0,1000,56,30691,0.039919461007514874
sample,sink,1.0,1000,57,30692,0.05259205339379499
sample,sink,1.0,1000,58,30693,0.04079456330268783
sample,sink,1.0,1000,59,30694,0.05381778092481105
sample,sink,1.0,1000,60,30695,0.03935896436250824
sample,sink,1.0,1000,61,30696,0.034407343089816814
sample,sink,1.0,1000,62,30697,0.04888305564362689
sample,sink,1.0,1000,63,30698,0.04520869666379267
sample,sink,1.0,1000,64,30699,0.051775928751474486
sample,sink,1.0,1000,65,30700,0.0510607144843468
sample,sink,1.0,1000,66,30701,0.052570596602428396
sample,sink,1.0,1000,67,30702,0.03951187271892528
sample,sink,1.0,1000,68,30703,0.03740255260495383
sample,sink,1.0,1000,69,30704,0.037301962613470914
sample,sink,1.0,1000,70,30705,0.041710978333558496
sample,sink,1.0,1000,71,30706,0.04009724135947105
sample,sink,1.0,1000,72,30707,0.036603751498098844
sample,sink,1.0,1000,73,30708,0.04270732568519639
sample,sink,1.0,1000,74,30709,0.0413133202991103
sample,sink,1.0,1000,75,30710,0.036552885331214195
sample,sink,1.0,1000,76,30711,0.03763365052550178
sample,sink,1.0,1000,77,30712,0.044440430064151853
sample,sink,1.0,1000,78,30713,0.039343618306604794
sample,sink,1.0,1000,79,30714,0.037227810329101815
sample,sink,1.0,1000,80,30715,0.045090243938747394
sample,sink,1.0,1000,81,30716,0.04197641969862151
sample,sink,1.0,1000,82,30717,0.04226811662858564
sample,sink,1.0,1000,83,30718,0.045079058128109806
sample,sink,1.0,1000,84,30719,0.04232824426428354
sample,sink,1.0,1000,85,30720,0.040176084769597366
sample,sink,1.0,1000,86,30721,0.05431619212772007
sample,sink,1.0,1000,87,30722,0.0380802695974185
sample,sink,1.0,1000,88,30723,0.05938048199574531
sample,sink,1.0,1000,89,30724,0.04138162864449318
sample,sink,1.0,1000,90,30725,0.039709897718846476
sample,sink,1.0,1000,91,30726,0.044422442157763024
sample,sink,1.0,1000,92,30727,0.0364563214136776
sample,sink,1.0,1000,93,30728,0.04187349200227384
sample,sink,1.0,1000,94,30729,0.04019700952197922
sample,sink,1.0,1000,95,30730,0.04182813211247254
sample,sink,1.0,1000,96,30731,0.04873162770600821
sample,sink,1.0,1000,97,30732,0.05999798331883448
sample,sink,1.0,1000,98,30733,0.04076487695373887
sample,sink,1.0,1000,99,30734,0.042150315645837266
sample,sink,1.0,1000,100,30735,0.039404253341191645
sample,sink,1.0,1000,101,30736,0.04441683284253921
sample,sink,1.0,1000,102,30737,0.03979875918292695
sample,sink,1.0,1000,103,30738,0.04308319352186141
sample,sink,1.0,1000,104,30739,0.040788764198277094
sample,sink,1.0,1000,105,30740,0.04251982819631927
sample,sink,1.0,1000,106,30741,0.052077783803043974
sample,sink,1.0,1000,107,30742,0.039930196702337585
sample,sink,1.0,1000,108,30743,0.05232330683024203
sample,sink,1.0,1000,109,30744,0.0388012357970476
sample,sink,1.0,1000,110,30745,0.06470379023426094
sample,sink,1.0,1000,111,30746,0.046220837972606184
sample,sink,1.0,1000,112,30747,0.036779839866302934
sample,sink,1.0,1000,113,30748,0.043184422825762986
sample,sink,1.0,1000,114,30749,0.040349009921430576
sample,sink,1.0,1000,115,30750,0.053279446905025875
sample,sink,1.0,1000,116,30751,0.0427518923371855
sample,sink,1.0,1000,117,30752,0.04015542687153245
sample,sink,1.0,1000,118,30753,0.038902973068776506
sample,sink,1.0,1000,119,30754,0.040830437953341424
sample,sink,1.0,1000,120,30755,0.07583762449564795
sample,sink,1.0,1000,121,30756,0.044130450557676136
sample,sink,1.0,1000,122,30757,0.04014654132992736
sample,sink,1.0,1000,123,30758,0.03784094158783758
sample,sink,1.0,1000,124,30759,0.04109037405131115
sample,sink,1.0,1000,125,30760,0.039150739071813184
sample,sink,1.0,1000,126,30761,0.04198821256286971
sample,sink,1.0,1000,127,30762,0.047132571238741816
sample,sink,1.0,1000,128,30763,0.05065406790456148
sample,sink,1.0,1000,129,30764,0.03953877776899823
sample,sink,1.0,1000,130,30765,0.03817078274464143
sample,sink,1.0,1000,131,30766,0.05169499299640867
sample,sink,1.0,1000,132,30767,0.0399979541949936
sample,sink,1.0,1000,133,30768,0.05723018161927173
sample,sink,1.0,1000,134,30769,0.043260274507090433
sample,sink,1.0,1000,135,30770,0.03838772003639784
sample,sink,1.0,1000,136,30771,0.04330653836147847
sample,sink,1.0,1000,137,30772,0.044046140644689
sample,sink,1.0,1000,138,30773,0.03941709202214463
sample,sink,1.0,1000,139,30774,0.046907481723879374
sample,sink,1.0,1000,140,30775,0.0510701572987252
sample,sink,1.0,1000,141,30776,0.038630166407471814
sample,sink,1.0,1000,142,30777,0.03872882886012317
sample,sink,1.0,1000,143,30778,0.04183412844970268
sample,sink,1.0,1000,144,30779,0.035606642869921094
sample,sink,1.0,1000,145,30780,0.04533530431976112
sample,sink,1.0,1000,146,30781,0.05774898612587317
sample,sink,1.0,1000,147,30782,0.03925018080307857
sample,sink,1.0,1000,148,30783,0.041627631409368614
sample,sink,1.0,1000,149,30784,0.04351120394372739
sample,sink,1.0,1000,150,30785,0.04014937839753486
sample,sink,1.0,1000,151,30786,0.04221639861382937
sample,sink,1.0,1000,152,30787,0.03880782547408578
sample,sink,1.0,1000,153,30788,0.03582670677991175
sample,sink,1.0,1000,154,30789,0.04876743862085128
sample,sink,1.0,1000,155,30790,0.04323979228362698
sample,sink,1.0,1000,156,30791,0.04021661063475211
sample,sink,1.0,1000,157,30792,0.03760567592881664
sample,sink,1.0,1000,158,30793,0.039721096209124625
sample,sink,1.0,1000,159,30794,0.03725790652615977
sample,sink,1.0,1000,160,30795,0.035607839025564705
sample,sink,1.0,1000,161,30796,0.036329528189857886
sample,sink,1.0,1000,162,30797,0.0445248519256221
sample,sink,1.0,1000,163,30798,0.050496738308970064
sample,sink,1.0,1000,164,30799,0.04079274135020324
sample,sink,1.0,1000,165,30800,0.05093175702587787
sample,sink,1.0,1000,166,30801,0.04619751893917639
sample,sink,1.0,1000,167,30802,0.045644532388897104
sample,sink,1.0,1000,168,30803,0.05787415707987562
sample,sink,1.0,1000,169,30804,0.042456844834867905
sample,sink,1.0,1000,170,30805,0.040544928585807355
sample,sink,1.0,1000,171,30806,0.03808144069771692
sample,sink,1.0,1000,172,30807,0.03807885966620038
sample,sink,1.0,1000,173,30808,0.04580232568118066
sample,sink,1.0,1000,174,30809,0.07179783832022109
sample,sink,1.0,1000,175,30810,0.0400458274288973
sample,sink,1.0,1000,176,30811,0.05150584371485494
sample,sink,1.0,1000,177,30812,0.03827154022942727
sample,sink,1.0,1000,178,30813,0.07251099391075785
sample,sink,1.0,1000,179,30814,0.04220237301958214
sample,sink,1.0,1000,180,30815,0.04126504505764616
sample,sink,1.0,1000,181,30816,0.050354672014834366
sample,sink,1.0,1000,182,30817,0.03666028960796733
sample,sink,1.0,1000,183,30818,0.03877611794851027
sample,sink,1.0,1000,184,30819,0.044295132577087996
sample,sink,1.0,1000,185,30820,0.0444872094177338
sample,sink,1.0,1000,186,30821,0.03855945550307672
sample,sink,1.0,1000,187,30822,0.04521060894309053
sample,sink,1.0,1000,188,30823,0.043689158635530294
sample,sink,1.0,1000,189,30824,0.03776166457046846
sample,sink,1.0,1000,190,30825,0.039260174537406455
sample,sink,1.0,1000,191,30826,0.04433288900820505
sample,sink,1.0,1000,192,30827,0.043388151224055926
sample,sink,1.0,1000,193,30828,0.050504322292325154
sample,sink,1.0,1000,194,30829,0.04604223603894641
sample,sink,1.0,1000,195,30830,0.0444950434369052
sample,sink,1.0,1000,196,30831,0.041100640746296255
sample,sink,1.0,1000,197,30832,0.041413753318156825
sample,sink,1.0,1000,198,30833,0.042816005773234626
sample,sink,1.0,1000,199,30834,0.06722983012834179
time,cubic,0.0,1000,0,23887,0.1254510409306061
time,cubic,0.0,1000,1,23888,0.09867872323334205
time,cubic,0.0,1000,2,23889,0.11231256009340404
time,cubic,0.0,1000,3,23890,0.10297105105020041
time,cubic,0.0,1000,4,23891,0.1303814495937592
time,cubic,0.0,1000,5,23892,0.10631134519204616
time,cubic,0.0,1000,6,23893,0.1450376956599892
time,cubic,0.0,1000,7,23894,0.10914441506711957
time,cubic,0.0,1000,8,23895,0.12886787319638457
time,cubic,0.0,1000,9,23896,0.10312163499562162
time,cubic,0.0,1000,10,23897,0.12165372358149952
time,cubic,0.0,1000,11,23898,0.10293954885752964
time,cubic,0.0,1000,12,23899,0.10187703613440903
time,cubic,0.0,1000,13,23900,0.11232265177183313
time,cubic,0.0,1000,14,23901,0.11614496141141076
time,cubic,0.0,1000,15,23902,0.11661985151214374
time,cubic,0.0,1000,16,23903,0.13806481612534163
time,cubic,0.0,1000,17,23904,0.1426457415532479
time,cubic,0.0,1000,18,23905,0.12408717093236594
time,cubic,0.0,1000,19,23906,0.10940238726675698
time,cubic,0.0,1000,20,23907,0.1199527157205395
time,cubic,0.0,1000,21,23908,0.11326089108874568
time,cubic,0.0,1000,22,23909,0.1319820453846008
time,cubic,0.0,1000,23,23910,0.1466973808147499
time,cubic,0.0,1000,24,23911,0.10258405293876718
time,cubic,0.0,1000,25,23912,0.14385318860057522
time,cubic,0.0,1000,26,23913,0.12525132381219842
time,cubic,0.0,1000,27,23914,0.15027662953074042
time,cubic,0.0,1000,28,23915,0.09865374622606037
time,cubic,0.0,1000,29,23916,0.09809134887490756
time,cubic,0.0,1000,30,23917,0.1487493696675088
time,cubic,0.0,1000,31,23918,0.1121040875395091
time,cubic,0.0,1000,32,23919,0.11210360177552081
time,cubic,0.0,1000,33,23920,0.1200109498458468
time,cubic,0.0,1000,34,23921,0.12621124820972476
time,cubic,0.0,1000,35,23922,0.15004585579292062
time,cubic,0.0,1000,36,23923,0.11756620176595153
time,cubic,0.0,1000,37,23924,0.14204460735173244
time,cubic,0.0,1000,38,23925,0.1926477290840273
time,cubic,0.0,1000,39,23926,0.11107379237023414
time,cubic,0.0,1000,40,23927,0.10850370179562732
time,cubic,0.0,1000,41,23928,0.1473500760711796
time,cubic,0.0,1000,42,23929,0.09467141268813181
time,cubic,0.0,1000,43,23930,0.11011461064851844
time,cubic,0.0,1000,44,23931,0.14430880901348775
time,cubic,0.0,1000,45,23932,0.15288786965531964
time,cubic,0.0,1000,46,23933,0.11837288667248926
time,cubic,0.0,1000,47,23934,0.1046230737215476
time,cubic,0.0,1000,48,23935,0.11951792427477186
time,cubic,0.0,1000,49,23936,0.13642496486703723
time,cubic,0.0,1000,50,23937,0.15162670229763872
time,cubic,0.0,1000,51,23938,0.10506380796093667
time,cubic,0.0,1000,52,23939,0.10995575126233163
time,cubic,0.0,1000,53,23940,0.11811362105163258
time,cubic,0.0,1000,54,23941,0.14900982448077396
time,cubic,0.0,1000,55,23942,0.09253975999170735
time,cubic,0.0,1000,56,23943,0.12688923052263487
time,cubic,0.0,1000,57,23944,0.11771484597063737
time,cubic,0.0,1000,58,23945,0.13983428119211153
time,cubic,0.0,1000,59,23946,0.11491579542951506
time,cubic,0.0,1000,60,23947,0.10847682338111819
time,cubic,0.0,1000,61,23948,0.11081341071270144
time,cubic,0.0,1000,62,23949,0.11694667433021075
time,cubic,0.0,1000,63,23950,0.10863718329135993
time,cubic,0.0,1000,64,23951,0.10727114342279645
time,cubic,0.0,1000,65,23952,0.17710107544576809
time,cubic,0.0,1000,66,23953,0.13639070530289849
time,cubic,0.0,1000,67,23954,0.1193485493576527
time,cubic,0.0,1000,68,23955,0.1153259226062039
time,cubic,0.0,1000,69,23956,0.10513339871861431
time,cubic,0.0,1000,70,23957,0.10561139966741741
time,cubic,0.0,1000,71,23958,0.1087612271436544
time,cubic,0.0,1000,72,23959,0.10667917827941098
time,cubic,0.0,1000,73,23960,0.14609831980222288
time,cubic,0.0,1000,74,23961,0.11277392438163132
time,cubic,0.0,1000,75,23962,0.10400334184039302
time,cubic,0.0,1000,76,23963,0.1078207463143128
time,cubic,0.0,1000,77,23964,0.11703375515835983
time,cubic,0.0,1000,78,23965,0.1117864631637952
time,cubic,0.0,1000,79,23966,0.14767910579771046
time,cubic,0.0,1000,80,23967,0.15353404358663614
time,cubic,0.0,1000,81,23968,0.12488669945231061
time,cubic,0.0,1000,82,23969,0.11435555726586939
time,cubic,0.0,1000,83,23970,0.14164193199180217
time,cubic,0.0,1000,84,23971,0.10797088368567401
time,cubic,0.0,1000,85,23972,0.10404778572488908
time,cubic,0.0,1000,86,23973,0.10802069079475127
time,cubic,0.0,1000,87,23974,0.11834895221155424
time,cubic,0.0,1000,88,23975,0.10552870762952302
time,cubic,0.0,1000,89,23976,0.13298436896450166
time,cubic,0.0,1000,90,23977,0.11259376644753549
time,cubic,0.0,1000,91,23978,0.17736968461808555
time,cubic,0.0,1000,92,23979,0.13669121048199814
time,cubic,0.0,1000,93,23980,0.13703580300969836
time,cubic,0.0,1000,94,23981,0.10893849646583158
time,cubic,0.0,1000,95,23982,0.12809369003653742
time,cubic,0.0,1000,96,23983,0.13517917627039558
time,cubic,0.0,1000,97,23984,0.14115494637449982
time,cubic,0.0,1000,98,23985,0.13934861355657513
time,cubic,0.0,1000,99,23986,0.10521343063488743
time,cubic,0.0,1000,100,23987,0.1088423468889822
time,cubic,0.0,1000,101,23988,0.15526995551450068
time,cubic,0.0,1000,102,23989,0.12393051263279471
time,cubic,0.0,1000,103,23990,0.10324499591013717
time,cubic,0.0,1000,104,23991,0.17417239480462227
time,cubic,0.0,1000,105,23992,0.12646922146546052
time,cubic,0.0,1000,106,23993,0.10670219748646458
time,cubic,0.0,1000,107,23994,0.15100969565462696
time,cubic,0.0,1000,108,23995,0.10910872012327044
time,cubic,0.0,1000,109,23996,0.12430885248534271
time,cubic,0.0,1000,110,23997,0.12958770391824329
time,cubic,0.0,1000,111,23998,0.14903276536523938
time,cubic,0.0,1000,112,23999,0.09901146997501399
time,cubic,0.0,1000,113,24000,0.10449167312300468
time,cubic,0.0,1000,114,24001,0.12933624571184701
time,cubic,0.0,1000,115,24002,0.12517006942081577
time,cubic,0.0,1000,116,24003,0.16180923521914306
time,cubic,0.0,1000,117,24004,0.10109086249827796
time,cubic,0.0,1000,118,24005,0.15347480611849515
time,cubic,0.0,1000,119,24006,0.14966484511331263
time,cubic,0.0,1000,120,24007,0.12034903826907584
time,cubic,0.0,1000,121,24008,0.11361232935468399
time,cubic,0.0,1000,122,24009,0.11378264425188302
time,cubic,0.0,1000,123,24010,0.14115482470388324
time,cubic,0.0,1000,124,24011,0.10918808514952268
time,cubic,0.0,1000,125,24012,0.11011417797218727
time,cubic,0.0,1000,126,24013,0.13771569599655178
time,cubic,0.0,1000,127,24014,0.12405553743331402
time,cubic,0.0,1000,128,24015,0.11693450151761124
time,cubic,0.0,1000,129,24016,0.10919008407637561
time,cubic,0.0,1000,130,24017,0.1196936765083306
time,cubic,0.0,1000,131,24018,0.11741646629987328
time,cubic,0.0,1000,132,24019,0.1129418192838517
time,cubic,0.0,1000,133,24020,0.13456333918367056
time,cubic,0.0,1000,134,24021,0.10013654123472132
time,cubic,0.0,1000,135,24022,0.10727651387382041
time,cubic,0.0,1000,136,24023,0.09562121809905766
time,cubic,0.0,1000,137,24024,0.10845718166012583
time,cubic,0.0,1000,138,24025,0.12221346118480403
time,cubic,0.0,1000,139,24026,0.10459557190154588
time,cubic,0.0,1000,140,24027,0.11435339643286656
time,cubic,0.0,1000,141,24028,0.10854175538172751
time,cubic,0.0,1000,142,24029,0.12141441957832415
time,cubic,0.0,1000,143,24030,0.11899138237756852
time,cubic,0.0,1000,144,24031,0.11054429540647447
time,cubic,0.0,1000,145,24032,0.11887178568225429
time,cubic,0.0,1000,146,24033,0.13142275709437676
time,cubic,0.0,1000,147,24034,0.11796709397433329
time,cubic,0.0,1000,148,24035,0.1240679090066619
time,cubic,0.0,1000,149,24036,0.09683464301455182
time,cubic,0.0,1000,150,24037,0.10740417847859308
time,cubic,0.0,1000,151,24038,0.18300155315488068
time,cubic,0.0,1000,152,24039,0.11218043822430242
time,cubic,0.0,1000,153,24040,0.097733900521851
time,cubic,0.0,1000,154,24041,0.14662156150735609
time,cubic,0.0,1000,155,24042,0.09988205303670125
time,cubic,0.0,1000,156,24043,0.09802389115259665
time,cubic,0.0,1000,157,24044,0.10107133078293293
time,cubic,0.0,1000,158,24045,0.12864484036110113
time,cubic,0.0,1000,159,24046,0.13414118545003412
time,cubic,0.0,1000,160,24047,0.10954288276878621
time,cubic,0.0,1000,161,24048,0.11278605622744127
time,cubic,0.0,1000,162,24049,0.1108134477936826
time,cubic,0.0,1000,163,24050,0.11721239403934613
time,cubic,0.0,1000,164,24051,0.11609675016407738
time,cubic,0.0,1000,165,24052,0.10801160002370198
time,cubic,0.0,1000,166,24053,0.11593309276081082
time,cubic,0.0,1000,167,24054,0.09632223431072899
time,cubic,0.0,1000,168,24055,0.11695186697829431
time,cubic,0.0,1000,169,24056,0.13663980348288812
time,cubic,0.0,1000,170,24057,0.10618896709502107
time,cubic,0.0,1000,171,24058,0.10638126195388728
time,cubic,0.0,1000,172,24059,0.14839589073955453
time,cubic,0.0,1000,173,24060,0.11542330747120155
time,cubic,0.0,1000,174,24061,0.10297908980956824
time,cubic,0.0,1000,175,24062,0.1643106715240673
time,cubic,0.0,1000,176,24063,0.10098218462950684
time,cubic,0.0,1000,177,24064,0.12192413360203185
time,cubic,0.0,1000,178,24065,0.15324557568410138
time,cubic,0.0,1000,179,24066,0.11038705129206702
time,cubic,0.0,1000,180,24067,0.11731195452636889
time,cubic,0.0,1000,181,24068,0.09832768552008261
time,cubic,0.0,1000,182,24069,0.10586855945676954
time,cubic,0.0,1000,183,24070,0.1121647546931972
time,cubic,0.0,1000,184,24071,0.10355687704765787
time,cubic,0.0,1000,185,24072,0.13674166472251864
time,cubic,0.0,1000,186,24073,0.12678759865693617
time,cubic,0.0,1000,187,24074,0.11435131463074323
time,cubic,0.0,1000,188,24075,0.14321983895984516
time,cubic,0.0,1000,189,24076,0.10903504122040318
time,cubic,0.0,1000,190,24077,0.11868458350217895
time,cubic,0.0,1000,191,24078,0.10862772063908152
time,cubic,0.0,1000,192,24079,0.138214430229757
time,cubic,0.0,1000,193,24080,0.10329974414499003
time,cubic,0.0,1000,194,24081,0.1159589884557071
time,cubic,0.0,1000,195,24082,0.12423796872938184
time,cubic,0.0,1000,196,24083,0.11184578867061346
time,cubic,0.0,1000,197,24084,0.11093116452261743
time,cubic,0.0,1000,198,24085,0.14137547812769402
time,cubic,0.0,1000,199,24086,0.12083752588119123
time,cubic,0.16666666666666666,1000,0,24854,0.16137685985217556
time,cubic,0.16666666666666666,1000,1,24855,0.06747554982505181
time,cubic,0.16666666666666666,1000,2,24856,0.06661816317439159
time,cubic,0.16666666666666666,1000,3,24857,0.07982291723531594
time,cubic,0.16666666666666666,1000,4,24858,0.06749990725033926
time,cubic,0.16666666666666666,1000,5,24859,0.06343750008182984
time,cubic,0.16666666666666666,1000,6,24860,0.06322714918149577
time,cubic,0.16666666666666666,1000,7,24861,0.07406739327045249
time,cubic,0.16666666666666666,1000,8,24862,0.07871517451538498
time,cubic,0.16666666666666666,1000,9,24863,0.0644589333243687
time,cubic,0.16666666666666666,1000,10,24864,0.06934844967209167
time,cubic,0.16666666666666666,1000,11,24865,0.06468071050174247
time,cubic,0.16666666666666666,1000,12,24866,0.08640106893210123
time,cubic,0.16666666666666666,1000,13,24867,0.06917096143753594
time,cubic,0.16666666666666666,1000,14,24868,0.07951758310778889
time,cubic,0.16666666666666666,1000,15,24869,0.07570968147969584
time,cubic,0.16666666666666666,1000,16,24870,0.0631603197987735
time,cubic,0.16666666666666666,1000,17,24871,0.07376684376369974
time,cubic,0.16666666666666666,1000,18,24872,0.07984102629463204
time,cubic,0.16666666666666666,1000,19,24873,0.05738079754504081
time,cubic,0.16666666666666666,1000,20,24874,0.07144551154456999
time,cubic,0.16666666666666666,1000,21,24875,0.07546399894729888
time,cubic,0.16666666666666666,1000,22,24876,0.10190678699227476
time,cubic,0.16666666666666666,1000,23,24877,0.08213211117528853
time,cubic,0.16666666666666666,1000,24,24878,0.1403575973119356
time,cubic,0.16666666666666666,1000,25,24879,0.08624620297204617
time,cubic,0.16666666666666666,1000,26,24880,0.06532338888953003
time,cubic,0.16666666666666666,1000,27,24881,0.08855411323773207
time,cubic,0.16666666666666666,1000,28,24882,0.09310480004690169
time,cubic,0.16666666666666666,1000,29,24883,0.09560940277659952
time,cubic,0.16666666666666666,1000,30,24884,0.09115007524567584
time,cubic,0.16666666666666666,1000,31,24885,0.09865974127778984
time,cubic,0.16666666666666666,1000,32,24886,0.08774500450881138
time,cubic,0.16666666666666666,1000,33,24887,0.07799144561212326
time,cubic,0.16666666666666666,1000,34,24888,0.06846664019876846
time,cubic,0.16666666666666666,1000,35,24889,0.06875955243584467
time,cubic,0.16666666666666666,1000,36,24890,0.05201752859794866
time,cubic,0.16666666666666666,1000,37,24891,0.1163734313216894
time,cubic,0.16666666666666666,1000,38,24892,0.08796406846998232
time,cubic,0.16666666666666666,1000,39,24893,0.0693614477705098
time,cubic,0.16666666666666666,1000,40,24894,0.07613587127104764
time,cubic,0.16666666666666666,1000,41,24895,0.058111976055981285
time,cubic,0.16666666666666666,1000,42,24896,0.06363781095260966
time,cubic,0.16666666666666666,1000,43,24897,0.07048558188336385
time,cubic,0.16666666666666666,1000,44,24898,0.0701762223706263
time,cubic,0.16666666666666666,1000,45,24899,0.06457610450577723
time,cubic,0.16666666666666666,1000,46,24900,0.05218960052248705
time,cubic,0.16666666666666666,1000,47,24901,0.09849589813661161
time,cubic,0.16666666666666666,1000,48,24902,0.09315292761747566
time,cubic,0.16666666666666666,1000,49,24903,0.060581825462279325
time,cubic,0.16666666666666666,1000,50,24904,0.06575569383858
time,cubic,0.16666666666666666,1000,51,24905,0.0877522494450621
time,cubic,0.16666666666666666,1000,52,24906,0.06902455028574335
time,cubic,0.16666666666666666,1000,53,24907,0.10134355548562976
time,cubic,0.16666666666666666,1000,54,24908,0.07147938644275581
time,cubic,0.16666666666666666,1000,55,24909,0.08231031781828842
time,cubic,0.16666666666666666,1000,56,24910,0.08325770355307854
time,cubic,0.16666666666666666,1000,57,24911,0.07353224595972119
time,cubic,0.16666666666666666,1000,58,24912,0.07316394210902978
time,cubic,0.16666666666666666,1000,59,24913,0.05922067685124164
time,cubic,0.16666666666666666,1000,60,24914,0.062108774799210516
time,cubic,0.16666666666666666,1000,61,24915,0.06159878380489422
time,cubic,0.16666666666666666,1000,62,24916,0.08114095606255954
time,cubic,0.16666666666666666,1000,63,24917,0.05729754142067196
time,cubic,0.16666666666666666,1000,64,24918,0.10877745669909147
time,cubic,0.16666666666666666,1000,65,24919,0.05770247315138618
time,cubic,0.16666666666666666,1000,66,24920,0.06331719558307425
time,cubic,0.16666666666666666,1000,67,24921,0.06844388230190532
time,cubic,0.16666666666666666,1000,68,24922,0.08853604998669748
time,cubic,0.16666666666666666,1000,69,24923,0.12100708414583818
time,cubic,0.16666666666666666,1000,70,24924,0.07148807828706921
time,cubic,0.16666666666666666,1000,71,24925,0.0620771803064548
time,cubic,0.16666666666666666,1000,72,24926,0.11141124122508926
time,cubic,0.16666666666666666,1000,73,24927,0.06538340345743955
time,cubic,0.16666666666666666,1000,74,24928,0.07529133912491898
time,cubic,0.16666666666666666,1000,75,24929,0.07039678247258781
time,cubic,0.16666666666666666,1000,76,24930,0.05084612537958003
time,cubic,0.16666666666666666,1000,77,24931,0.10548980990852455
time,cubic,0.16666666666666666,1000,78,24932,0.07540231937984
time,cubic,0.16666666666666666,1000,79,24933,0.07846054396785082
time,cubic,0.16666666666666666,1000,80,24934,0.07335636299166941
time,cubic,0.16666666666666666,1000,81,24935,0.07054123091557775
time,cubic,0.16666666666666666,1000,82,24936,0.06732860204666268
time,cubic,0.16666666666666666,1000,83,24937,0.07282535155520534
time,cubic,0.16666666666666666,1000,84,24938,0.08308861946595746
time,cubic,0.16666666666666666,1000,85,24939,0.07454769628523579
time,cubic,0.16666666666666666,1000,86,24940,0.06636146809883049
time,cubic,0.16666666666666666,1000,87,24941,0.10376059290437087
time,cubic,0.16666666666666666,1000,88,24942,0.06372555853359431
time,cubic,0.16666666666666666,1000,89,24943,0.07201225149918677
time,cubic,0.16666666666666666,1000,90,24944,0.06187534025268205
time,cubic,0.16666666666666666,1000,91,24945,0.08163933379741597
time,cubic,0.16666666666666666,1000,92,24946,0.07942901138848187
time,cubic,0.16666666666666666,1000,93,24947,0.07880737844340228
time,cubic,0.16666666666666666,1000,94,24948,0.08396278602671732
time,cubic,0.16666666666666666,1000,95,24949,0.0748625463857592
time,cubic,0.16666666666666666,1000,96,24950,0.06134346927503373
time,cubic,0.16666666666666666,1000,97,24951,0.05550338491680695
time,cubic,0.16666666666666666,1000,98,24952,0.06226581522133417
time,cubic,0.16666666666666666,1000,99,24953,0.06215761203642306
time,cubic,0.16666666666666666,1000,100,24954,0.0675428039846234
time,cubic,0.16666666666666666,1000,101,24955,0.07081011053545143
time,cubic,0.16666666666666666,1000,102,24956,0.0841848248816518
time,cubic,0.16666666666666666,1000,103,24957,0.06269482351339448
time,cubic,0.16666666666666666,1000,104,24958,0.06344342038635757
time,cubic,0.16666666666666666,1000,105,24959,0.06485074156132936
time,cubic,0.16666666666666666,1000,106,24960,0.06515475527134507
time,cubic,0.16666666666666666,1000,107,24961,0.06663786217183304
time,cubic,0.16666666666666666,1000,108,24962,0.08676460294269209
time,cubic,0.16666666666666666,1000,109,24963,0.07851542208878559
time,cubic,0.16666666666666666,1000,110,24964,0.07209665422347404
time,cubic,0.16666666666666666,1000,111,24965,0.06664413137820495
time,cubic,0.16666666666666666,1000,112,24966,0.07256441201049857
time,cubic,0.16666666666666666,1000,113,24967,0.05530072480303368
time,cubic,0.16666666666666666,1000,114,24968,0.07048774074517314
time,cubic,0.16666666666666666,1000,115,24969,0.07006121508431613
time,cubic,0.16666666666666666,1000,116,24970,0.05807272044650483
time,cubic,0.16666666666666666,1000,117,24971,0.06325068996178895
time,cubic,0.16666666666666666,1000,118,24972,0.062393081367749556
time,cubic,0.16666666666666666,1000,119,24973,0.06629271882123118
time,cubic,0.16666666666666666,1000,120,24974,0.07582788810167207
time,cubic,0.16666666666666666,1000,121,24975,0.062410748581554674
time,cubic,0.16666666666666666,1000,122,24976,0.08412976899735701
time,cubic,0.16666666666666666,1000,123,24977,0.07527818512474864
time,cubic,0.16666666666666666,1000,124,24978,0.06389640829702989
time,cubic,0.16666666666666666,1000,125,24979,0.05558426861016971
time,cubic,0.16666666666666666,1000,126,24980,0.06607957654421784
time,cubic,0.16666666666666666,1000,127,24981,0.05995199739601149
time,cubic,0.16666666666666666,1000,128,24982,0.1049104151791272
time,cubic,0.16666666666666666,1000,129,24983,0.07351790686659031
time,cubic,0.16666666666666666,1000,130,24984,0.07067814457232427
time,cubic,0.16666666666666666,1000,131,24985,0.058010195998093914
time,cubic,0.16666666666666666,1000,132,24986,0.06769192766856293
time,cubic,0.16666666666666666,1000,133,24987,0.1318244859738094
time,cubic,0.16666666666666666,1000,134,24988,0.08660437805542809
time,cubic,0.16666666666666666,1000,135,24989,0.06924426238118286
time,cubic,0.16666666666666666,1000,136,24990,0.06501879421592022
time,cubic,0.16666666666666666,1000,137,24991,0.08436193714027866
time,cubic,0.16666666666666666,1000,138,24992,0.06513553813555001
time,cubic,0.16666666666666666,1000,139,24993,0.0738743077191473
time,cubic,0.16666666666666666,1000,140,24994,0.070875252257241
time,cubic,0.16666666666666666,1000,141,24995,0.06105858136257626
time,cubic,0.16666666666666666,1000,142,24996,0.0684065615404036
time,cubic,0.16666666666666666,1000,143,24997,0.0718296607159463
time,cubic,0.16666666666666666,1000,144,24998,0.10893617421840532
time,cubic,0.16666666666666666,1000,145,24999,0.07936937606553682
time,cubic,0.16666666666666666,1000,146,25000,0.08053131343906152
time,cubic,0.16666666666666666,1000,147,25001,0.07506551951855002
time,cubic,0.16666666666666666,1000,148,25002,0.06326341427319353
time,cubic,0.16666666666666666,1000,149,25003,0.06467171703073935
time,cubic,0.16666666666666666,1000,150,25004,0.06905400744478915
time,cubic,0.16666666666666666,1000,151,25005,0.09379521062517619
time,cubic,0.16666666666666666,1000,152,25006,0.08122233345957659
time,cubic,0.16666666666666666,1000,153,25007,0.06751801327404498
time,cubic,0.16666666666666666,1000,154,25008,0.06797645204851642
time,cubic,0.16666666666666666,1000,155,25009,0.060386146167838696
time,cubic,0.16666666666666666,1000,156,25010,0.06347913983943386
time,cubic,0.16666666666666666,1000,157,25011,0.0576521725154657
time,cubic,0.16666666666666666,1000,158,25012,0.06740203089881383
time,cubic,0.16666666666666666,1000,159,25013,0.06531411436397695
time,cubic,0.16666666666666666,1000,160,25014,0.08057206529717745
time,cubic,0.16666666666666666,1000,161,25015,0.09446615011942361
time,cubic,0.16666666666666666,1000,162,25016,0.09902310498342658
time,cubic,0.16666666666666666,1000,163,25017,0.07385844248888239
time,cubic,0.16666666666666666,1000,164,25018,0.07231516735378558
time,cubic,0.16666666666666666,1000,165,25019,0.08013406803950507
time,cubic,0.16666666666666666,1000,166,25020,0.07150840748443364
time,cubic,0.16666666666666666,1000,167,25021,0.06502316456696257
time,cubic,0.16666666666666666,1000,168,25022,0.06695637280140265
time,cubic,0.16666666666666666,1000,169,25023,0.06445591884500038
time,cubic,0.16666666666666666,1000,170,25024,0.07675201740841214
time,cubic,0.16666666666666666,1000,171,25025,0.0791189748210048
time,cubic,0.16666666666666666,1000,172,25026,0.06583692239851949
time,cubic,0.16666666666666666,1000,173,25027,0.08327867392616818
time,cubic,0.16666666666666666,1000,174,25028,0.05506064341805599
time,cubic,0.16666666666666666,1000,175,25029,0.052796749108532846
time,cubic,0.16666666666666666,1000,176,25030,0.09059697146026342
time,cubic,0.16666666666666666,1000,177,25031,0.06994429495220057
time,cubic,0.16666666666666666,1000,178,25032,0.07352710903756329
time,cubic,0.16666666666666666,1000,179,25033,0.07157808953022772
time,cubic,0.16666666666666666,1000,180,25034,0.06869313958086748
time,cubic,0.16666666666666666,1000,181,25035,0.06293543265078543
time,cubic,0.16666666666666666,1000,182,25036,0.10009941402759864
time,cubic,0.16666666666666666,1000,183,25037,0.06855051675170222
time,cubic,0.16666666666666666,1000,184,25038,0.06936762675451617
time,cubic,0.16666666666666666,1000,185,25039,0.06716887848948244
time,cubic,0.16666666666666666,1000,186,25040,0.07675771860361486
time,cubic,0.16666666666666666,1000,187,25041,0.11550419143683302
time,cubic,0.16666666666666666,1000,188,25042,0.06464600802260434
time,cubic,0.16666666666666666,1000,189,25043,0.06824900946240813
time,cubic,0.16666666666666666,1000,190,25044,0.0678275221614316
time,cubic,0.16666666666666666,1000,191,25045,0.08168593183374127
time,cubic,0.16666666666666666,1000,192,25046,0.09582803650414495
time,cubic,0.16666666666666666,1000,193,25047,0.059644758661584384
time,cubic,0.16666666666666666,1000,194,25048,0.0866302056826386
time,cubic,0.16666666666666666,1000,195,25049,0.06481358591192113
time,cubic,0.16666666666666666,1000,196,25050,0.054109474371614605
time,cubic,0.16666666666666666,1000,197,25051,0.07470846372744266
time,cubic,0.16666666666666666,1000,198,25052,0.09959720842120998
time,cubic,0.16666666666666666,1000,199,25053,0.12623996287341185
time,cubic,0.3333333333333333,1000,0,24403,0.05160208565564243
time,cubic,0.3333333333333333,1000,1,24404,0.059153496306098466
time,cubic,0.3333333333333333,1000,2,24405,0.06895879950202316
time,cubic,0.3333333333333333,1000,3,24406,0.05416173203356515
time,cubic,0.3333333333333333,1000,4,24407,0.06038618396826015
time,cubic,0.3333333333333333,1000,5,24408,0.07284946405069963
time,cubic,0.3333333333333333,1000,6,24409,0.04405687218412309
time,cubic,0.3333333333333333,1000,7,24410,0.057087887812717265
time,cubic,0.3333333333333333,1000,8,24411,0.049810931913473536
time,cubic,0.3333333333333333,1000,9,24412,0.09043545984453079
time,cubic,0.3333333333333333,1000,10,24413,0.05996951255818834
time,cubic,0.3333333333333333,1000,11,24414,0.053706459843199515
time,cubic,0.3333333333333333,1000,12,24415,0.06378266274530929
time,cubic,0.3333333333333333,1000,13,24416,0.10070914694448824
time,cubic,0.3333333333333333,1000,14,24417,0.048846117110062016
time,cubic,0.3333333333333333,1000,15,24418,0.052694207807316575
time,cubic,0.3333333333333333,1000,16,24419,0.05668735421044551
time,cubic,0.3333333333333333,1000,17,24420,0.05718797222730811
time,cubic,0.3333333333333333,1000,18,24421,0.060713187327262746
time,cubic,0.3333333333333333,1000,19,24422,0.05680025572862164
time,cubic,0.3333333333333333,1000,20,24423,0.05832094142788151
time,cubic,0.3333333333333333,1000,21,24424,0.053199092181082194
time,cubic,0.3333333333333333,1000,22,24425,0.051397566513153255
time,cubic,0.3333333333333333,1000,23,24426,0.05118627624753079
time,cubic,0.3333333333333333,1000,24,24427,0.08908378608719354
time,cubic,0.3333333333333333,1000,25,24428,0.057488051664928305
time,cubic,0.3333333333333333,1000,26,24429,0.11456981891681978
time,cubic,0.3333333333333333,1000,27,24430,0.06769025511601666
time,cubic,0.3333333333333333,1000,28,24431,0.06640267011834672
time,cubic,0.3333333333333333,1000,29,24432,0.046914073033281066
time,cubic,0.3333333333333333,1000,30,24433,0.07096054511657322
time,cubic,0.3333333333333333,1000,31,24434,0.055177813622810955
time,cubic,0.3333333333333333,1000,32,24435,0.05047268153791953
time,cubic,0.3333333333333333,1000,33,24436,0.056811569520647025
time,cubic,0.3333333333333333,1000,34,24437,0.10911172351337003
time,cubic,0.3333333333333333,1000,35,24438,0.04691773805233468
time,cubic,0.3333333333333333,1000,36,24439,0.10498057469116616
time,cubic,0.3333333333333333,1000,37,24440,0.0940478945116453
time,cubic,0.3333333333333333,1000,38,24441,0.0634826500676311
time,cubic,0.3333333333333333,1000,39,24442,0.0974512208372155
time,cubic,0.3333333333333333,1000,40,24443,0.0776613920373347
time,cubic,0.3333333333333333,1000,41,24444,0.06693562557699917
time,cubic,0.3333333333333333,1000,42,24445,0.061026684374222706
time,cubic,0.3333333333333333,1000,43,24446,0.06143726743342573
time,cubic,0.3333333333333333,1000,44,24447,0.08221728699458596
time,cubic,0.3333333333333333,1000,45,24448,0.06687351968395916
time,cubic,0.3333333333333333,1000,46,24449,0.05871219437517411
time,cubic,0.3333333333333333,1000,47,24450,0.05219385401849835
time,cubic,0.3333333333333333,1000,48,24451,0.04794234394002233
time,cubic,0.3333333333333333,1000,49,24452,0.07997744501130324
time,cubic,0.3333333333333333,1000,50,24453,0.067041961442122
time,cubic,0.3333333333333333,1000,51,24454,0.05031844776679364
time,cubic,0.3333333333333333,1000,52,24455,0.04970496763308451
time,cubic,0.3333333333333333,1000,53,24456,0.05834072388461884
time,cubic,0.3333333333333333,1000,54,24457,0.07508965105388535
time,cubic,0.3333333333333333,1000,55,24458,0.06790147809767813
time,cubic,0.3333333333333333,1000,56,24459,0.050731794925399566
time,cubic,0.3333333333333333,1000,57,24460,0.06001572348715413
time,cubic,0.3333333333333333,1000,58,24461,0.06729939570708407
time,cubic,0.3333333333333333,1000,59,24462,0.056116719937589904
time,cubic,0.3333333333333333,1000,60,24463,0.06151593188308144
time,cubic,0.3333333333333333,1000,61,24464,0.04783649485224468
time,cubic,0.3333333333333333,1000,62,24465,0.04868051680956014
time,cubic,0.3333333333333333,1000,63,24466,0.05673871379637166
time,cubic,0.3333333333333333,1000,64,24467,0.0778337461685076
time,cubic,0.3333333333333333,1000,65,24468,0.07387012206831126
time,cubic,0.3333333333333333,1000,66,24469,0.062085258871120146
time,cubic,0.3333333333333333,1000,67,24470,0.05396460649086556
time,cubic,0.3333333333333333,1000,68,24471,0.04907458292575664
time,cubic,0.3333333333333333,1000,69,24472,0.05042939297754637
time,cubic,0.3333333333333333,1000,70,24473,0.06400689461082075
time,cubic,0.3333333333333333,1000,71,24474,0.058765058664826036
time,cubic,0.3333333333333333,1000,72,24475,0.06059690674003288
time,cubic,0.3333333333333333,1000,73,24476,0.04924490042817242
time,cubic,0.3333333333333333,1000,74,24477,0.06988284603436894
time,cubic,0.3333333333333333,1000,75,24478,0.06839947274824848
time,cubic,0.3333333333333333,1000,76,24479,0.03997496313761391
time,cubic,0.3333333333333333,1000,77,24480,0.08960024208941546
time,cubic,0.3333333333333333,1000,78,24481,0.08537464518422046
time,cubic,0.3333333333333333,1000,79,24482,0.05546121151033353
time,cubic,0.3333333333333333,1000,80,24483,0.06062248623371615
time,cubic,0.3333333333333333,1000,81,24484,0.05931763459164452
time,cubic,0.3333333333333333,1000,82,24485,0.050980707531246144
time,cubic,0.3333333333333333,1000,83,24486,0.06802516154818311
time,cubic,0.3333333333333333,1000,84,24487,0.06561908494637869
time,cubic,0.3333333333333333,1000,85,24488,0.05574086006408321
time,cubic,0.3333333333333333,1000,86,24489,0.06505886928406611
time,cubic,0.3333333333333333,1000,87,24490,0.0540502385476092
time,cubic,0.3333333333333333,1000,88,24491,0.0625686849944694
time,cubic,0.3333333333333333,1000,89,24492,0.05068852267662501
time,cubic,0.3333333333333333,1000,90,24493,0.07784702331625566
time,cubic,0.3333333333333333,1000,91,24494,0.061781945021193094
time,cubic,0.3333333333333333,1000,92,24495,0.0468453609091419
time,cubic,0.3333333333333333,1000,93,24496,0.0551668984275838
time,cubic,0.3333333333333333,1000,94,24497,0.06810409742824056
time,cubic,0.3333333333333333,1000,95,24498,0.057916006471036244
time,cubic,0.3333333333333333,1000,96,24499,0.05212362782643632
time,cubic,0.3333333333333333,1000,97,24500,0.04988218512294663
time,cubic,0.3333333333333333,1000,98,24501,0.07786237425056075
time,cubic,0.3333333333333333,1000,99,24502,0.057666204273193904
time,cubic,0.3333333333333333,1000,100,24503,0.0667708183709137
time,cubic,0.3333333333333333,1000,101,24504,0.041832439359180476
time,cubic,0.3333333333333333,1000,102,24505,0.05922057207424529
time,cubic,0.3333333333333333,1000,103,24506,0.06416688325362166
time,cubic,0.3333333333333333,1000,104,24507,0.048963078616211825
time,cubic,0.3333333333333333,1000,105,24508,0.07997282582825604
time,cubic,0.3333333333333333,1000,106,24509,0.05723602146040694
time,cubic,0.3333333333333333,1000,107,24510,0.05872445551508079
time,cubic,0.3333333333333333,1000,108,24511,0.051791383893604555
time,cubic,0.3333333333333333,1000,109,24512,0.06663584207451467
time,cubic,0.3333333333333333,1000,110,24513,0.07016256678133176
time,cubic,0.3333333333333333,1000,111,24514,0.05734312411305025
time,cubic,0.3333333333333333,1000,112,24515,0.07057109021982162
time,cubic,0.3333333333333333,1000,113,24516,0.05191190778104452
time,cubic,0.3333333333333333,1000,114,24517,0.05375503802661124
time,cubic,0.3333333333333333,1000,115,24518,0.0539291267833734
time,cubic,0.3333333333333333,1000,116,24519,0.05143329806303232
time,cubic,0.3333333333333333,1000,117,24520,0.05503473924127536
time,cubic,0.3333333333333333,1000,118,24521,0.06368817190414919
time,cubic,0.3333333333333333,1000,119,24522,0.05483853517954859
time,cubic,0.3333333333333333,1000,120,24523,0.07424627429067504
time,cubic,0.3333333333333333,1000,121,24524,0.05062203740841034
time,cubic,0.3333333333333333,1000,122,24525,0.06754712950088111
time,cubic,0.3333333333333333,1000,123,24526,0.10735916349893992
time,cubic,0.3333333333333333,1000,124,24527,0.06548921450977077
time,cubic,0.3333333333333333,1000,125,24528,0.07853266230946877
time,cubic,0.3333333333333333,1000,126,24529,0.04776030541673133
time,cubic,0.3333333333333333,1000,127,24530,0.04630590799939454
time,cubic,0.3333333333333333,1000,128,24531,0.05498456683563209
time,cubic,0.3333333333333333,1000,129,24532,0.05358064948271658
time,cubic,0.3333333333333333,1000,130,24533,0.056248621146890096
time,cubic,0.3333333333333333,1000,131,24534,0.057305239933808046
time,cubic,0.3333333333333333,1000,132,24535,0.05990942494047762
time,cubic,0.3333333333333333,1000,133,24536,0.04687817475078704
time,cubic,0.3333333333333333,1000,134,24537,0.04936334133401786
time,cubic,0.3333333333333333,1000,135,24538,0.060771600300498
time,cubic,0.3333333333333333,1000,136,24539,0.07275538905776419
time,cubic,0.3333333333333333,1000,137,24540,0.06894750296934828
time,cubic,0.3333333333333333,1000,138,24541,0.07738916013127697
time,cubic,0.3333333333333333,1000,139,24542,0.0754386944902162
time,cubic,0.3333333333333333,1000,140,24543,0.05078344371072812
time,cubic,0.3333333333333333,1000,141,24544,0.04879670016766545
time,cubic,0.3333333333333333,1000,142,24545,0.0702636263088984
time,cubic,0.3333333333333333,1000,143,24546,0.04899888027586569
time,cubic,0.3333333333333333,1000,144,24547,0.11324647042938696
time,cubic,0.3333333333333333,1000,145,24548,0.05017050519301684
time,cubic,0.3333333333333333,1000,146,24549,0.0532462481062666
time,cubic,0.3333333333333333,1000,147,24550,0.05086841634274682
time,cubic,0.3333333333333333,1000,148,24551,0.06405596546785756
time,cubic,0.3333333333333333,1000,149,24552,0.06358397654152263
time,cubic,0.3333333333333333,1000,150,24553,0.04841397535249531
time,cubic,0.3333333333333333,1000,151,24554,0.06087810878579331
time,cubic,0.3333333333333333,1000,152,24555,0.09116331828618963
time,cubic,0.3333333333333333,1000,153,24556,0.05929197904097946
time,cubic,0.3333333333333333,1000,154,24557,0.05744853795274901
time,cubic,0.3333333333333333,1000,155,24558,0.04211255884087023
time,cubic,0.3333333333333333,1000,156,24559,0.05770564303668274
time,cubic,0.3333333333333333,1000,157,24560,0.07623340498470524
time,cubic,0.3333333333333333,1000,158,24561,0.054200358449351095
time,cubic,0.3333333333333333,1000,159,24562,0.05291708872636624
time,cubic,0.3333333333333333,1000,160,24563,0.0510962230530609
time,cubic,0.3333333333333333,1000,161,24564,0.0597017001018285
time,cubic,0.3333333333333333,1000,162,24565,0.06564029179128379
time,cubic,0.3333333333333333,1000,163,24566,0.052306036340039656
time,cubic,0.3333333333333333,1000,164,24567,0.044614596717351004
time,cubic,0.3333333333333333,1000,165,24568,0.049989466982600594
time,cubic,0.3333333333333333,1000,166,24569,0.0442112464804143
time,cubic,0.3333333333333333,1000,167,24570,0.06872717972552014
time,cubic,0.3333333333333333,1000,168,24571,0.04858575884564868
time,cubic,0.3333333333333333,1000,169,24572,0.045106321237828186
time,cubic,0.3333333333333333,1000,170,24573,0.06142715222842626
time,cubic,0.3333333333333333,1000,171,24574,0.05575497635830564
time,cubic,0.3333333333333333,1000,172,24575,0.04885610762232132
time,cubic,0.3333333333333333,1000,173,24576,0.05315733868088678
time,cubic,0.3333333333333333,1000,174,24577,0.06268577031190468
time,cubic,0.3333333333333333,1000,175,24578,0.053427091787537476
time,cubic,0.3333333333333333,1000,176,24579,0.043585547400519405
time,cubic,0.3333333333333333,1000,177,24580,0.06169132758782764
time,cubic,0.3333333333333333,1000,178,24581,0.05139223500103931
time,cubic,0.3333333333333333,1000,179,24582,0.053655009814430984
time,cubic,0.3333333333333333,1000,180,24583,0.10113274967916702
time,cubic,0.3333333333333333,1000,181,24584,0.04724276778613314
time,cubic,0.3333333333333333,1000,182,24585,0.05880301261915198
time,cubic,0.3333333333333333,1000,183,24586,0.08620460986081972
time,cubic,0.3333333333333333,1000,184,24587,0.048831042963961596
time,cubic,0.3333333333333333,1000,185,24588,0.05108442876380621
time,cubic,0.3333333333333333,1000,186,24589,0.07874885523323809
time,cubic,0.3333333333333333,1000,187,24590,0.05613106450483243
time,cubic,0.3333333333333333,1000,188,24591,0.0643417175336128
time,cubic,0.3333333333333333,1000,189,24592,0.06730088028116131
time,cubic,0.3333333333333333,1000,190,24593,0.0820500314913426
time,cubic,0.3333333333333333,1000,191,24594,0.054767655714413714
time,cubic,0.3333333333333333,1000,192,24595,0.06607532964941314
time,cubic,0.3333333333333333,1000,193,24596,0.0588594949527235
time,cubic,0.3333333333333333,1000,194,24597,0.08641113491326863
time,cubic,0.3333333333333333,1000,195,24598,0.05381883903943073
time,cubic,0.3333333333333333,1000,196,24599,0.061689497855147594
time,cubic,0.3333333333333333,1000,197,24600,0.08225814615055009
time,cubic,0.3333333333333333,1000,198,24601,0.05303455673876535
time,cubic,0.3333333333333333,1000,199,24602,0.0482798774461788
time,cubic,0.5,1000,0,23977,0.05733676889025786
time,cubic,0.5,1000,1,23978,0.1145304042895193
time,cubic,0.5,1000,2,23979,0.047468169414934515
time,cubic,0.5,1000,3,23980,0.04425497864284202
time,cubic,0.5,1000,4,23981,0.06547394937671525
time,cubic,0.5,1000,5,23982,0.03834014927739781
time,cubic,0.5,1000,6,23983,0.05604653562282062
time,cubic,0.5,1000,7,23984,0.04367132761377457
time,cubic,0.5,1000,8,23985,0.05002146968154344
time,cubic,0.5,1000,9,23986,0.04809111492855492
time,cubic,0.5,1000,10,23987,0.05689595672404041
time,cubic,0.5,1000,11,23988,0.07361132122177562
time,cubic,0.5,1000,12,23989,0.05105966735608646
time,cubic,0.5,1000,13,23990,0.053097377891485754
time,cubic,0.5,1000,14,23991,0.04704826444362589
time,cubic,0.5,1000,15,23992,0.06537994900504404
time,cubic,0.5,1000,16,23993,0.07355967472381546
time,cubic,0.5,1000,17,23994,0.058224925449608556
time,cubic,0.5,1000,18,23995,0.05591449067787857
time,cubic,0.5,1000,19,23996,0.04824549184038329
time,cubic,0.5,1000,20,23997,0.07006288683704211
time,cubic,0.5,1000,21,23998,0.06500671059175932
time,cubic,0.5,1000,22,23999,0.05488532544396745
time,cubic,0.5,1000,23,24000,0.044088709967491826
time,cubic,0.5,1000,24,24001,0.04916858785373828
time,cubic,0.5,1000,25,24002,0.04473873255356413
time,cubic,0.5,1000,26,24003,0.047347344968460124
time,cubic,0.5,1000,27,24004,0.03557030137744606
time,cubic,0.5,1000,28,24005,0.10721736365212087
time,cubic,0.5,1000,29,24006,0.0825018005581539
time,cubic,0.5,1000,30,24007,0.04056237243267997
time,cubic,0.5,1000,31,24008,0.07239884395921849
time,cubic,0.5,1000,32,24009,0.04082518179406327
time,cubic,0.5,1000,33,24010,0.08764682124788901
time,cubic,0.5,1000,34,24011,0.04007767900973468
time,cubic,0.5,1000,35,24012,0.05686333659070378
time,cubic,0.5,1000,36,24013,0.04466800846505602
time,cubic,0.5,1000,37,24014,0.04615367151545218
time,cubic,0.5,1000,38,24015,0.07324565369203721
time,cubic,0.5,1000,39,24016,0.04462430293281902
time,cubic,0.5,1000,40,24017,0.040020932544436526
time,cubic,0.5,1000,41,24018,0.07250788993842688
time,cubic,0.5,1000,42,24019,0.039519663449991985
time,cubic,0.5,1000,43,24020,0.07541406255153008
time,cubic,0.5,1000,44,24021,0.04695532218522241
time,cubic,0.5,1000,45,24022,0.04089280303015382
time,cubic,0.5,1000,46,24023,0.055622900040445025
time,cubic,0.5,1000,47,24024,0.040452998934862566
time,cubic,0.5,1000,48,24025,0.05455058734355188
time,cubic,0.5,1000,49,24026,0.03368838444545639
time,cubic,0.5,1000,50,24027,0.04535236034587784
time,cubic,0.5,1000,51,24028,0.04072766363720446
time,cubic,0.5,1000,52,24029,0.05131734289886659
time,cubic,0.5,1000,53,24030,0.06736213630985828
time,cubic,0.5,1000,54,24031,0.038128148589721
time,cubic,0.5,1000,55,24032,0.08314008444956897
time,cubic,0.5,1000,56,24033,0.07127491074868916
time,cubic,0.5,1000,57,24034,0.04319499216251232
time,cubic,0.5,1000,58,24035,0.058115623556938674
time,cubic,0.5,1000,59,24036,0.04760120905413142
time,cubic,0.5,1000,60,24037,0.04102441355631291
time,cubic,0.5,1000,61,24038,0.05134523288933415
time,cubic,0.5,1000,62,24039,0.04558211495039394
time,cubic,0.5,1000,63,24040,0.047828296440558644
time,cubic,0.5,1000,64,24041,0.04393578185021805
time,cubic,0.5,1000,65,24042,0.038478574519123655
time,cubic,0.5,1000,66,24043,0.04208322659613989
time,cubic,0.5,1000,67,24044,0.04021325539780951
time,cubic,0.5,1000,68,24045,0.051705212407198775
time,cubic,0.5,1000,69,24046,0.08726058358492358
time,cubic,0.5,1000,70,24047,0.04465041512726139
time,cubic,0.5,1000,71,24048,0.06944062844438624
time,cubic,0.5,1000,72,24049,0.047251721887625185
time,cubic,0.5,1000,73,24050,0.04068522385272182
time,cubic,0.5,1000,74,24051,0.04322231439719682
time,cubic,0.5,1000,75,24052,0.07559105877099398
time,cubic,0.5,1000,76,24053,0.04674710310195284
time,cubic,0.5,1000,77,24054,0.06747809118821121
time,cubic,0.5,1000,78,24055,0.06535566510899155
time,cubic,0.5,1000,79,24056,0.0713973140047104
time,cubic,0.5,1000,80,24057,0.05854959489391579
time,cubic,0.5,1000,81,24058,0.05371603348684818
time,cubic,0.5,1000,82,24059,0.10352433317410739
time,cubic,0.5,1000,83,24060,0.05651063044556436
time,cubic,0.5,1000,84,24061,0.04464654462277867
time,cubic,0.5,1000,85,24062,0.0387244471462856
time,cubic,0.5,1000,86,24063,0.04273593780653568
time,cubic,0.5,1000,87,24064,0.0810766221384053
time,cubic,0.5,1000,88,24065,0.08981846228259095
time,cubic,0.5,1000,89,24066,0.05424997072452229
time,cubic,0.5,1000,90,24067,0.07163993084838914
time,cubic,0.5,1000,91,24068,0.06683967886943552
time,cubic,0.5,1000,92,24069,0.04078503344430753
time,cubic,0.5,1000,93,24070,0.059729237262991654
time,cubic,0.5,1000,94,24071,0.05796445428799831
time,cubic,0.5,1000,95,24072,0.056559711347682576
time,cubic,0.5,1000,96,24073,0.04380752796053762
time,cubic,0.5,1000,97,24074,0.06630092601373759
time,cubic,0.5,1000,98,24075,0.06616310616631862
time,cubic,0.5,1000,99,24076,0.03612421854006644
time,cubic,0.5,1000,100,24077,0.04501127802517604
time,cubic,0.5,1000,101,24078,0.03951178920574161
time,cubic,0.5,1000,102,24079,0.06523802099969563
time,cubic,0.5,1000,103,24080,0.0379180663515288
time,cubic,0.5,1000,104,24081,0.05236206016091282
time,cubic,0.5,1000,105,24082,0.0736754561030575
time,cubic,0.5,1000,106,24083,0.05811301207018449
time,cubic,0.5,1000,107,24084,0.07784566366789118
time,cubic,0.5,1000,108,24085,0.08080703841905737
time,cubic,0.5,1000,109,24086,0.05272518257363853
time,cubic,0.5,1000,110,24087,0.06088163818763993
time,cubic,0.5,1000,111,24088,0.05435079416098594
time,cubic,0.5,1000,112,24089,0.044460542347085255
time,cubic,0.5,1000,113,24090,0.03903340405790779
time,cubic,0.5,1000,114,24091,0.040754261438758425
time,cubic,0.5,1000,115,24092,0.06025262476541929
time,cubic,0.5,1000,116,24093,0.05212175261092584
time,cubic,0.5,1000,117,24094,0.046006187052593926
time,cubic,0.5,1000,118,24095,0.042018764672110055
time,cubic,0.5,1000,119,24096,0.05114522271387631
time,cubic,0.5,1000,120,24097,0.038204582169971094
time,cubic,0.5,1000,121,24098,0.03859249304716297
time,cubic,0.5,1000,122,24099,0.05408085429430059
time,cubic,0.5,1000,123,24100,0.037748646981180196
time,cubic,0.5,1000,124,24101,0.04428113971481654
time,cubic,0.5,1000,125,24102,0.07540574878075243
time,cubic,0.5,1000,126,24103,0.0638303598562696
time,cubic,0.5,1000,127,24104,0.052503458913981636
time,cubic,0.5,1000,128,24105,0.04405971210714072
time,cubic,0.5,1000,129,24106,0.03495975569834322
time,cubic,0.5,1000,130,24107,0.06752257835801649
time,cubic,0.5,1000,131,24108,0.07302852220869727
time,cubic,0.5,1000,132,24109,0.042412140815310806
time,cubic,0.5,1000,133,24110,0.06288010744650321
time,cubic,0.5,1000,134,24111,0.05583979241170055
time,cubic,0.5,1000,135,24112,0.10260535459817745
time,cubic,0.5,1000,136,24113,0.07317829717519961
time,cubic,0.5,1000,137,24114,0.05559596099758184
time,cubic,0.5,1000,138,24115,0.03982334320460379
time,cubic,0.5,1000,139,24116,0.07024699534870062
time,cubic,0.5,1000,140,24117,0.05080469291697634
time,cubic,0.5,1000,141,24118,0.0998781494260098
time,cubic,0.5,1000,142,24119,0.049104538480708365
time,cubic,0.5,1000,143,24120,0.03710324400723542
time,cubic,0.5,1000,144,24121,0.05231917457435932
time,cubic,0.5,1000,145,24122,0.1040362009492508
time,cubic,0.5,1000,146,24123,0.05481885894715203
time,cubic,0.5,1000,147,24124,0.09106598468900154
time,cubic,0.5,1000,148,24125,0.051951176699738325
time,cubic,0.5,1000,149,24126,0.06035010637544791
time,cubic,0.5,1000,150,24127,0.05136959182508424
time,cubic,0.5,1000,151,24128,0.05384398219165139
time,cubic,0.5,1000,152,24129,0.09975384740876385
time,cubic,0.5,1000,153,24130,0.04553418682511763
time,cubic,0.5,1000,154,24131,0.07340886350444759
time,cubic,0.5,1000,155,24132,0.045474456871105406
time,cubic,0.5,1000,156,24133,0.04573135570199199
time,cubic,0.5,1000,157,24134,0.04691357873206353
time,cubic,0.5,1000,158,24135,0.04343854811823201
time,cubic,0.5,1000,159,24136,0.07175565572409438
time,cubic,0.5,1000,160,24137,0.07060047915772097
time,cubic,0.5,1000,161,24138,0.056759713732578015
time,cubic,0.5,1000,162,24139,0.0443980662189874
time,cubic,0.5,1000,163,24140,0.0497961572904521
time,cubic,0.5,1000,164,24141,0.07719092734857899
time,cubic,0.5,1000,165,24142,0.07252528298402851
time,cubic,0.5,1000,166,24143,0.0461945610973567
time,cubic,0.5,1000,167,24144,0.04778712385090909
time,cubic,0.5,1000,168,24145,0.04360122559387086
time,cubic,0.5,1000,169,24146,0.07467719197779332
time,cubic,0.5,1000,170,24147,0.04571785675334005
time,cubic,0.5,1000,171,24148,0.042223761791300586
time,cubic,0.5,1000,172,24149,0.04445063505037624
time,cubic,0.5,1000,173,24150,0.05155003304512523
time,cubic,0.5,1000,174,24151,0.03800501559168061
time,cubic,0.5,1000,175,24152,0.03911258480853824
time,cubic,0.5,1000,176,24153,0.045543250310402815
time,cubic,0.5,1000,177,24154,0.04881936510498475
time,cubic,0.5,1000,178,24155,0.04829456197867208
time,cubic,0.5,1000,179,24156,0.05474584090117407
time,cubic,0.5,1000,180,24157,0.04764695769103047
time,cubic,0.5,1000,181,24158,0.05304686087213622
time,cubic,0.5,1000,182,24159,0.07387121340699102
time,cubic,0.5,1000,183,24160,0.04747231915873414
time,cubic,0.5,1000,184,24161,0.04851585966318061
time,cubic,0.5,1000,185,24162,0.03379031373013929
time,cubic,0.5,1000,186,24163,0.049771230639242374
time,cubic,0.5,1000,187,24164,0.054308246068554264
time,cubic,0.5,1000,188,24165,0.04603595472242964
time,cubic,0.5,1000,189,24166,0.0469318679364408
time,cubic,0.5,1000,190,24167,0.04098616325951192
time,cubic,0.5,1000,191,24168,0.04143958428873157
time,cubic,0.5,1000,192,24169,0.05557665383436372
time,cubic,0.5,1000,193,24170,0.04486846970863612
time,cubic,0.5,1000,194,24171,0.042501472274730764
time,cubic,0.5,1000,195,24172,0.05763955862432562
time,cubic,0.5,1000,196,24173,0.04671298561369865
time,cubic,0.5,1000,197,24174,0.05789730998123223
time,cubic,0.5,1000,198,24175,0.04096280768364588
time,cubic,0.5,1000,199,24176,0.0770187840268736
time,cubic,0.6666666666666666,1000,0,24944,0.034074756318953625
time,cubic,0.6666666666666666,1000,1,24945,0.04332195793118997
time,cubic,0.6666666666666666,1000,2,24946,0.056490775365546524
time,cubic,0.6666666666666666,1000,3,24947,0.05518463787717812
time,cubic,0.6666666666666666,1000,4,24948,0.06285762756373718
time,cubic,0.6666666666666666,1000,5,24949,0.036250766472087484
time,cubic,0.6666666666666666,1000,6,24950,0.039679742068364506
time,cubic,0.6666666666666666,1000,7,24951,0.033000273708891754
time,cubic,0.6666666666666666,1000,8,24952,0.031206349149381453
time,cubic,0.6666666666666666,1000,9,24953,0.030798195017973953
time,cubic,0.6666666666666666,1000,10,24954,0.045737708419394625
time,cubic,0.6666666666666666,1000,11,24955,0.050024560342696804
time,cubic,0.6666666666666666,1000,12,24956,0.05582501200385624
time,cubic,0.6666666666666666,1000,13,24957,0.03956854752457511
time,cubic,0.6666666666666666,1000,14,24958,0.03697011725607605
time,cubic,0.6666666666666666,1000,15,24959,0.041101754124894516
time,cubic,0.6666666666666666,1000,16,24960,0.04416512071883704
time,cubic,0.6666666666666666,1000,17,24961,0.04358907125942986
time,cubic,0.6666666666666666,1000,18,24962,0.05763861392830341
time,cubic,0.6666666666666666,1000,19,24963,0.0587848376317387
time,cubic,0.6666666666666666,1000,20,24964,0.05196184146788217
time,cubic,0.6666666666666666,1000,21,24965,0.0402723039046246
time,cubic,0.6666666666666666,1000,22,24966,0.03616602005029456
time,cubic,0.6666666666666666,1000,23,24967,0.03342342508898723
time,cubic,0.6666666666666666,1000,24,24968,0.05208160331144152
time,cubic,0.6666666666666666,1000,25,24969,0.03604891597955934
time,cubic,0.6666666666666666,1000,26,24970,0.03798187673948361
time,cubic,0.6666666666666666,1000,27,24971,0.04749098729149226
time,cubic,0.6666666666666666,1000,28,24972,0.041740159780390355
time,cubic,0.6666666666666666,1000,29,24973,0.03763884769728829
time,cubic,0.6666666666666666,1000,30,24974,0.051764358136834276
time,cubic,0.6666666666666666,1000,31,24975,0.03608310793502957
time,cubic,0.6666666666666666,1000,32,24976,0.06330111039490992
time,cubic,0.6666666666666666,1000,33,24977,0.04713894211099924
time,cubic,0.6666666666666666,1000,34,24978,0.04656431737867391
time,cubic,0.6666666666666666,1000,35,24979,0.037920639268445556
time,cubic,0.6666666666666666,1000,36,24980,0.04052575675642089
time,cubic,0.6666666666666666,1000,37,24981,0.036089628121838024
time,cubic,0.6666666666666666,1000,38,24982,0.07620822580105682
time,cubic,0.6666666666666666,1000,39,24983,0.039379685864461354
time,cubic,0.6666666666666666,1000,40,24984,0.03305127665397761
time,cubic,0.6666666666666666,1000,41,24985,0.038006520299665884
time,cubic,0.6666666666666666,1000,42,24986,0.029438996752585236
time,cubic,0.6666666666666666,1000,43,24987,0.08822113004511971
time,cubic,0.6666666666666666,1000,44,24988,0.03760863958749489
time,cubic,0.6666666666666666,1000,45,24989,0.04184508707151671
time,cubic,0.6666666666666666,1000,46,24990,0.03433609392516322
time,cubic,0.6666666666666666,1000,47,24991,0.04739373990577787
time,cubic,0.6666666666666666,1000,48,24992,0.029265759453544
time,cubic,0.6666666666666666,1000,49,24993,0.04347279707809353
time,cubic,0.6666666666666666,1000,50,24994,0.05060695624086045
time,cubic,0.6666666666666666,1000,51,24995,0.03731605356106606
time,cubic,0.6666666666666666,1000,52,24996,0.04445431516727252
time,cubic,0.6666666666666666,1000,53,24997,0.042748648369661905
time,cubic,0.6666666666666666,1000,54,24998,0.08046124865880079
time,cubic,0.6666666666666666,1000,55,24999,0.03922643637190273
time,cubic,0.6666666666666666,1000,56,25000,0.04742987892955831
time,cubic,0.6666666666666666,1000,57,25001,0.05298284464085244
time,cubic,0.6666666666666666,1000,58,25002,0.035507819166785845
time,cubic,0.6666666666666666,1000,59,25003,0.04402434591195931
time,cubic,0.6666666666666666,1000,60,25004,0.049817098706217415
time,cubic,0.6666666666666666,1000,61,25005,0.06986762062539785
time,cubic,0.6666666666666666,1000,62,25006,0.05058578813406039
time,cubic,0.6666666666666666,1000,63,25007,0.03329250792518629
time,cubic,0.6666666666666666,1000,64,25008,0.03721037961512124
time,cubic,0.6666666666666666,1000,65,25009,0.032064200639034306
time,cubic,0.6666666666666666,1000,66,25010,0.03436515539355603
time,cubic,0.6666666666666666,1000,67,25011,0.031243580857466455
time,cubic,0.6666666666666666,1000,68,25012,0.039245486914301596
time,cubic,0.6666666666666666,1000,69,25013,0.03811506492986778
time,cubic,0.6666666666666666,1000,70,25014,0.04301034505235153
time,cubic,0.6666666666666666,1000,71,25015,0.05505177751891264
time,cubic,0.6666666666666666,1000,72,25016,0.07445130780976504
time,cubic,0.6666666666666666,1000,73,25017,0.04339551857368295
time,cubic,0.6666666666666666,1000,74,25018,0.039727624462355636
time,cubic,0.6666666666666666,1000,75,25019,0.043900331197699725
time,cubic,0.6666666666666666,1000,76,25020,0.03555340950128559
time,cubic,0.6666666666666666,1000,77,25021,0.045670590356490605
time,cubic,0.6666666666666666,1000,78,25022,0.0345716490575624
time,cubic,0.6666666666666666,1000,79,25023,0.034015649979960254
time,cubic,0.6666666666666666,1000,80,25024,0.041324478553974864
time,cubic,0.6666666666666666,1000,81,25025,0.04741055094351627
time,cubic,0.6666666666666666,1000,82,25026,0.04031692260638738
time,cubic,0.6666666666666666,1000,83,25027,0.06048147966034327
time,cubic,0.6666666666666666,1000,84,25028,0.02934832858260651
time,cubic,0.6666666666666666,1000,85,25029,0.03509932760181141
time,cubic,0.6666666666666666,1000,86,25030,0.06627027196665243
time,cubic,0.6666666666666666,1000,87,25031,0.04223192612040992
time,cubic,0.6666666666666666,1000,88,25032,0.03927538179558193
time,cubic,0.6666666666666666,1000,89,25033,0.0318212719691024
time,cubic,0.6666666666666666,1000,90,25034,0.040410415598127455
time,cubic,0.6666666666666666,1000,91,25035,0.03732956864917469
time,cubic,0.6666666666666666,1000,92,25036,0.05742385057969944
time,cubic,0.6666666666666666,1000,93,25037,0.04931457985042241
time,cubic,0.6666666666666666,1000,94,25038,0.0407430441985747
time,cubic,0.6666666666666666,1000,95,25039,0.03871437739293706
time,cubic,0.6666666666666666,1000,96,25040,0.05722627826235005
time,cubic,0.6666666666666666,1000,97,25041,0.08503486958517052
time,cubic,0.6666666666666666,1000,98,25042,0.03418825311260791
time,cubic,0.6666666666666666,1000,99,25043,0.05070752241837441
time,cubic,0.6666666666666666,1000,100,25044,0.036843014831341885
time,cubic,0.6666666666666666,1000,101,25045,0.059072604555879434
time,cubic,0.6666666666666666,1000,102,25046,0.05287992239393713
time,cubic,0.6666666666666666,1000,103,25047,0.030635608142480116
time,cubic,0.6666666666666666,1000,104,25048,0.04936737502426357
time,cubic,0.6666666666666666,1000,105,25049,0.0484127278395088
time,cubic,0.6666666666666666,1000,106,25050,0.028292363455424536
time,cubic,0.6666666666666666,1000,107,25051,0.05619329750030847
time,cubic,0.6666666666666666,1000,108,25052,0.07092293499585899
time,cubic,0.6666666666666666,1000,109,25053,0.09446293208608267
time,cubic,0.6666666666666666,1000,110,25054,0.04589758346912315
time,cubic,0.6666666666666666,1000,111,25055,0.028466646375165734
time,cubic,0.6666666666666666,1000,112,25056,0.04248872782503722
time,cubic,0.6666666666666666,1000,113,25057,0.03523335181993172
time,cubic,0.6666666666666666,1000,114,25058,0.030697686060400176
time,cubic,0.6666666666666666,1000,115,25059,0.033513042219333954
time,cubic,0.6666666666666666,1000,116,25060,0.055525409212143106
time,cubic,0.6666666666666666,1000,117,25061,0.05248046512450759
time,cubic,0.6666666666666666,1000,118,25062,0.04462966923295948
time,cubic,0.6666666666666666,1000,119,25063,0.04886645189388438
time,cubic,0.6666666666666666,1000,120,25064,0.07050975434631408
time,cubic,0.6666666666666666,1000,121,25065,0.03402898830927957
time,cubic,0.6666666666666666,1000,122,25066,0.04623278745801583
time,cubic,0.6666666666666666,1000,123,25067,0.06050889148704526
time,cubic,0.6666666666666666,1000,124,25068,0.04877968709781124
time,cubic,0.6666666666666666,1000,125,25069,0.03960865875478119
time,cubic,0.6666666666666666,1000,126,25070,0.03414633517004642
time,cubic,0.6666666666666666,1000,127,25071,0.03548468956366975
time,cubic,0.6666666666666666,1000,128,25072,0.03810032229449314
time,cubic,0.6666666666666666,1000,129,25073,0.06903664980083934
time,cubic,0.6666666666666666,1000,130,25074,0.03440054446466982
time,cubic,0.6666666666666666,1000,131,25075,0.028213633596684162
time,cubic,0.6666666666666666,1000,132,25076,0.029393454799305923
time,cubic,0.6666666666666666,1000,133,25077,0.04512269321316192
time,cubic,0.6666666666666666,1000,134,25078,0.05237654937729681
time,cubic,0.6666666666666666,1000,135,25079,0.07072280701525045
time,cubic,0.6666666666666666,1000,136,25080,0.04579075560950016
time,cubic,0.6666666666666666,1000,137,25081,0.04243343886125167
time,cubic,0.6666666666666666,1000,138,25082,0.037232449424075956
time,cubic,0.6666666666666666,1000,139,25083,0.03783480010160622
time,cubic,0.6666666666666666,1000,140,25084,0.03815259732337824
time,cubic,0.6666666666666666,1000,141,25085,0.058265614549556005
time,cubic,0.6666666666666666,1000,142,25086,0.0642149385725837
time,cubic,0.6666666666666666,1000,143,25087,0.0432354888909178
time,cubic,0.6666666666666666,1000,144,25088,0.03550549228902815
time,cubic,0.6666666666666666,1000,145,25089,0.03880279390989971
time,cubic,0.6666666666666666,1000,146,25090,0.06534405726009694
time,cubic,0.6666666666666666,1000,147,25091,0.04748085804028159
time,cubic,0.6666666666666666,1000,148,25092,0.05240999114800769
time,cubic,0.6666666666666666,1000,149,25093,0.04044084529461693
time,cubic,0.6666666666666666,1000,150,25094,0.043104695568778904
time,cubic,0.6666666666666666,1000,151,25095,0.07936155698417417
time,cubic,0.6666666666666666,1000,152,25096,0.03669402700734302
time,cubic,0.6666666666666666,1000,153,25097,0.07849196214997246
time,cubic,0.6666666666666666,1000,154,25098,0.03389968959623104
time,cubic,0.6666666666666666,1000,155,25099,0.03598286750051492
time,cubic,0.6666666666666666,1000,156,25100,0.03469954553964425
time,cubic,0.6666666666666666,1000,157,25101,0.0382031558910053
time,cubic,0.6666666666666666,1000,158,25102,0.03327421970802311
time,cubic,0.6666666666666666,1000,159,25103,0.04325238290381237
time,cubic,0.6666666666666666,1000,160,25104,0.04787699794598419
time,cubic,0.6666666666666666,1000,161,25105,0.041748746506190766
time,cubic,0.6666666666666666,1000,162,25106,0.03909400269834557
time,cubic,0.6666666666666666,1000,163,25107,0.04508162360632681
time,cubic,0.6666666666666666,1000,164,25108,0.06570035368001306
time,cubic,0.6666666666666666,1000,165,25109,0.0435489281127519
time,cubic,0.6666666666666666,1000,166,25110,0.055686350001654526
time,cubic,0.6666666666666666,1000,167,25111,0.0396132835000414
time,cubic,0.6666666666666666,1000,168,25112,0.03831204760103576
time,cubic,0.6666666666666666,1000,169,25113,0.09305913842022043
time,cubic,0.6666666666666666,1000,170,25114,0.034417594085156884
time,cubic,0.6666666666666666,1000,171,25115,0.038577182217810466
time,cubic,0.6666666666666666,1000,172,25116,0.04386842700835298
time,cubic,0.6666666666666666,1000,173,25117,0.03329608005215573
time,cubic,0.6666666666666666,1000,174,25118,0.03416863031721452
time,cubic,0.6666666666666666,1000,175,25119,0.048004147214553344
time,cubic,0.6666666666666666,1000,176,25120,0.042928326348931144
time,cubic,0.6666666666666666,1000,177,25121,0.06588864533129345
time,cubic,0.6666666666666666,1000,178,25122,0.049977167310012095
time,cubic,0.6666666666666666,1000,179,25123,0.0348966895857813
time,cubic,0.6666666666666666,1000,180,25124,0.04692422676646638
time,cubic,0.6666666666666666,1000,181,25125,0.061017544580487505
time,cubic,0.6666666666666666,1000,182,25126,0.03343982689515757
time,cubic,0.6666666666666666,1000,183,25127,0.054145616775647804
time,cubic,0.6666666666666666,1000,184,25128,0.038624276623761306
time,cubic,0.6666666666666666,1000,185,25129,0.07886437938644811
time,cubic,0.6666666666666666,1000,186,25130,0.04422225753698612
time,cubic,0.6666666666666666,1000,187,25131,0.05702346820333589
time,cubic,0.6666666666666666,1000,188,25132,0.03545266951251931
time,cubic,0.6666666666666666,1000,189,25133,0.033126542883415204
time,cubic,0.6666666666666666,1000,190,25134,0.0450933853064645
time,cubic,0.6666666666666666,1000,191,25135,0.03201255440666638
time,cubic,0.6666666666666666,1000,192,25136,0.04614730895300423
time,cubic,0.6666666666666666,1000,193,25137,0.03771632642067695
time,cubic,0.6666666666666666,1000,194,25138,0.060107330508429736
time,cubic,0.6666666666666666,1000,195,25139,0.058464502678145486
time,cubic,0.6666666666666666,1000,196,25140,0.05687000002698227
time,cubic,0.6666666666666666,1000,197,25141,0.04167182765565427
time,cubic,0.6666666666666666,1000,198,25142,0.030427440900504966
time,cubic,0.6666666666666666,1000,199,25143,0.040819365720863116
time,cubic,0.8333333333333333,1000,0,24493,0.0613474308095353
time,cubic,0.8333333333333333,1000,1,24494,0.038490343508299385
time,cubic,0.8333333333333333,1000,2,24495,0.03309857068274341
time,cubic,0.8333333333333333,1000,3,24496,0.03198031808647959
time,cubic,0.8333333333333333,1000,4,24497,0.05238107039570371
time,cubic,0.8333333333333333,1000,5,24498,0.03236257446795418
time,cubic,0.8333333333333333,1000,6,24499,0.03136878203458237
time,cubic,0.8333333333333333,1000,7,24500,0.033037999436598575
time,cubic,0.8333333333333333,1000,8,24501,0.06126357797527735
time,cubic,0.8333333333333333,1000,9,24502,0.03376396912461438
time,cubic,0.8333333333333333,1000,10,24503,0.05260735651694924
time,cubic,0.8333333333333333,1000,11,24504,0.030028416494364343
time,cubic,0.8333333333333333,1000,12,24505,0.04451016983080217
time,cubic,0.8333333333333333,1000,13,24506,0.05051816173346748
time,cubic,0.8333333333333333,1000,14,24507,0.03326776350392251
time,cubic,0.8333333333333333,1000,15,24508,0.06266403719090657
time,cubic,0.8333333333333333,1000,16,24509,0.034262532899843844
time,cubic,0.8333333333333333,1000,17,24510,0.0462570136497584
time,cubic,0.8333333333333333,1000,18,24511,0.033654957962664274
time,cubic,0.8333333333333333,1000,19,24512,0.05239811071211864
time,cubic,0.8333333333333333,1000,20,24513,0.055008585123948614
time,cubic,0.8333333333333333,1000,21,24514,0.04245621763936951
time,cubic,0.8333333333333333,1000,22,24515,0.0553767539244288
time,cubic,0.8333333333333333,1000,23,24516,0.030192714090998305
time,cubic,0.8333333333333333,1000,24,24517,0.033715738890893514
time,cubic,0.8333333333333333,1000,25,24518,0.03324523162683445
time,cubic,0.8333333333333333,1000,26,24519,0.03192886552382037
time,cubic,0.8333333333333333,1000,27,24520,0.03284077401834506
time,cubic,0.8333333333333333,1000,28,24521,0.03590359904181699
time,cubic,0.8333333333333333,1000,29,24522,0.043201490537689693
time,cubic,0.8333333333333333,1000,30,24523,0.05824308112791966
time,cubic,0.8333333333333333,1000,31,24524,0.03562429271075422
time,cubic,0.8333333333333333,1000,32,24525,0.04929341454868823
time,cubic,0.8333333333333333,1000,33,24526,0.07993527213935313
time,cubic,0.8333333333333333,1000,34,24527,0.04831091621674162
time,cubic,0.8333333333333333,1000,35,24528,0.05775920567967548
time,cubic,0.8333333333333333,1000,36,24529,0.02828143925944965
time,cubic,0.8333333333333333,1000,37,24530,0.029871927573053722
time,cubic,0.8333333333333333,1000,38,24531,0.04019279904698597
time,cubic,0.8333333333333333,1000,39,24532,0.041899695608595994
time,cubic,0.8333333333333333,1000,40,24533,0.03137456480520737
time,cubic,0.8333333333333333,1000,41,24534,0.04384026640589162
time,cubic,0.8333333333333333,1000,42,24535,0.04720544373967109
time,cubic,0.8333333333333333,1000,43,24536,0.033591510453202834
time,cubic,0.8333333333333333,1000,44,24537,0.03015016630676954
time,cubic,0.8333333333333333,1000,45,24538,0.047288987814762304
time,cubic,0.8333333333333333,1000,46,24539,0.05727742872568008
time,cubic,0.8333333333333333,1000,47,24540,0.03664084058618393
time,cubic,0.8333333333333333,1000,48,24541,0.06084688048668266
time,cubic,0.8333333333333333,1000,49,24542,0.05762664211882583
time,cubic,0.8333333333333333,1000,50,24543,0.034914309115606515
time,cubic,0.8333333333333333,1000,51,24544,0.03134552807809036
time,cubic,0.8333333333333333,1000,52,24545,0.038323513848588696
time,cubic,0.8333333333333333,1000,53,24546,0.03779219555401576
time,cubic,0.8333333333333333,1000,54,24547,0.0868179176192464
time,cubic,0.8333333333333333,1000,55,24548,0.02880266770943064
time,cubic,0.8333333333333333,1000,56,24549,0.03293343337888451
time,cubic,0.8333333333333333,1000,57,24550,0.03186100499158334
time,cubic,0.8333333333333333,1000,58,24551,0.04548076022641711
time,cubic,0.8333333333333333,1000,59,24552,0.0341215220784431
time,cubic,0.8333333333333333,1000,60,24553,0.03234247939329474
time,cubic,0.8333333333333333,1000,61,24554,0.04712259067318204
time,cubic,0.8333333333333333,1000,62,24555,0.06868875240229193
time,cubic,0.8333333333333333,1000,63,24556,0.04628886717545403
time,cubic,0.8333333333333333,1000,64,24557,0.04234637662810595
time,cubic,0.8333333333333333,1000,65,24558,0.02439374312669194
time,cubic,0.8333333333333333,1000,66,24559,0.03695958988207286
time,cubic,0.8333333333333333,1000,67,24560,0.059435269760165894
time,cubic,0.8333333333333333,1000,68,24561,0.031968268385866624
time,cubic,0.8333333333333333,1000,69,24562,0.028330095805515248
time,cubic,0.8333333333333333,1000,70,24563,0.030901501379771306
time,cubic,0.8333333333333333,1000,71,24564,0.0340710970322149
time,cubic,0.8333333333333333,1000,72,24565,0.036699579813205326
time,cubic,0.8333333333333333,1000,73,24566,0.03049809712895616
time,cubic,0.8333333333333333,1000,74,24567,0.02957334500861149
time,cubic,0.8333333333333333,1000,75,24568,0.03161377559162925
time,cubic,0.8333333333333333,1000,76,24569,0.02998817074972985
time,cubic,0.8333333333333333,1000,77,24570,0.04545465353130488
time,cubic,0.8333333333333333,1000,78,24571,0.03164016916100986
time,cubic,0.8333333333333333,1000,79,24572,0.031806021389267324
time,cubic,0.8333333333333333,1000,80,24573,0.037073321752998926
time,cubic,0.8333333333333333,1000,81,24574,0.04278197204247098
time,cubic,0.8333333333333333,1000,82,24575,0.032970142902832775
time,cubic,0.8333333333333333,1000,83,24576,0.0369370428539204
time,cubic,0.8333333333333333,1000,84,24577,0.04863107385544797
time,cubic,0.8333333333333333,1000,85,24578,0.0406663464793985
time,cubic,0.8333333333333333,1000,86,24579,0.028815362695000037
time,cubic,0.8333333333333333,1000,87,24580,0.036653603657658906
time,cubic,0.8333333333333333,1000,88,24581,0.027985846628176415
time,cubic,0.8333333333333333,1000,89,24582,0.03252309259451212
time,cubic,0.8333333333333333,1000,90,24583,0.07337467293595648
time,cubic,0.8333333333333333,1000,91,24584,0.0321325547698631
time,cubic,0.8333333333333333,1000,92,24585,0.03290568226624589
time,cubic,0.8333333333333333,1000,93,24586,0.06763357403776218
time,cubic,0.8333333333333333,1000,94,24587,0.029349398958145343
time,cubic,0.8333333333333333,1000,95,24588,0.035974460669556396
time,cubic,0.8333333333333333,1000,96,24589,0.05956709033896332
time,cubic,0.8333333333333333,1000,97,24590,0.03501127625770763
time,cubic,0.8333333333333333,1000,98,24591,0.03197816948664921
time,cubic,0.8333333333333333,1000,99,24592,0.0443056578400101
time,cubic,0.8333333333333333,1000,100,24593,0.06433482648672503
time,cubic,0.8333333333333333,1000,101,24594,0.043134676351754456
time,cubic,0.8333333333333333,1000,102,24595,0.05091987347065825
time,cubic,0.8333333333333333,1000,103,24596,0.03580485322094042
time,cubic,0.8333333333333333,1000,104,24597,0.06514783185464339
time,cubic,0.8333333333333333,1000,105,24598,0.040750079210518333
time,cubic,0.8333333333333333,1000,106,24599,0.04550683604292608
time,cubic,0.8333333333333333,1000,107,24600,0.06479348073703906
time,cubic,0.8333333333333333,1000,108,24601,0.04032517770675455
time,cubic,0.8333333333333333,1000,109,24602,0.03717955037886842
time,cubic,0.8333333333333333,1000,110,24603,0.04689531014934231
time,cubic,0.8333333333333333,1000,111,24604,0.026506608715106617
time,cubic,0.8333333333333333,1000,112,24605,0.028996540025830398
time,cubic,0.8333333333333333,1000,113,24606,0.03620657689951382
time,cubic,0.8333333333333333,1000,114,24607,0.050839965646052615
time,cubic,0.8333333333333333,1000,115,24608,0.0395193411181347
time,cubic,0.8333333333333333,1000,116,24609,0.04902678351655203
time,cubic,0.8333333333333333,1000,117,24610,0.042072726063574054
time,cubic,0.8333333333333333,1000,118,24611,0.05846959385661047
time,cubic,0.8333333333333333,1000,119,24612,0.051606973638822655
time,cubic,0.8333333333333333,1000,120,24613,0.03628024159205274
time,cubic,0.8333333333333333,1000,121,24614,0.03463784554961346
time,cubic,0.8333333333333333,1000,122,24615,0.04111573855042845
time,cubic,0.8333333333333333,1000,123,24616,0.037848620253042205
time,cubic,0.8333333333333333,1000,124,24617,0.03305098207516033
time,cubic,0.8333333333333333,1000,125,24618,0.047707791328230484
time,cubic,0.8333333333333333,1000,126,24619,0.059489726626336205
time,cubic,0.8333333333333333,1000,127,24620,0.024367925302831
time,cubic,0.8333333333333333,1000,128,24621,0.02962979345007689
time,cubic,0.8333333333333333,1000,129,24622,0.04189083675048137
time,cubic,0.8333333333333333,1000,130,24623,0.031142870391272365
time,cubic,0.8333333333333333,1000,131,24624,0.04142878998524771
time,cubic,0.8333333333333333,1000,132,24625,0.028984756889272725
time,cubic,0.8333333333333333,1000,133,24626,0.031258875682246036
time,cubic,0.8333333333333333,1000,134,24627,0.029498307479932224
time,cubic,0.8333333333333333,1000,135,24628,0.035827757993714
time,cubic,0.8333333333333333,1000,136,24629,0.03780206458202102
time,cubic,0.8333333333333333,1000,137,24630,0.03421191778031031
time,cubic,0.8333333333333333,1000,138,24631,0.03619435226775339
time,cubic,0.8333333333333333,1000,139,24632,0.049151430558059046
time,cubic,0.8333333333333333,1000,140,24633,0.030361139920206854
time,cubic,0.8333333333333333,1000,141,24634,0.037031000634606515
time,cubic,0.8333333333333333,1000,142,24635,0.05526797666330443
time,cubic,0.8333333333333333,1000,143,24636,0.029922426121887405
time,cubic,0.8333333333333333,1000,144,24637,0.02866863123548746
time,cubic,0.8333333333333333,1000,145,24638,0.03585557134282648
time,cubic,0.8333333333333333,1000,146,24639,0.02684028475468705
time,cubic,0.8333333333333333,1000,147,24640,0.03800410782702491
time,cubic,0.8333333333333333,1000,148,24641,0.04188708074139116
time,cubic,0.8333333333333333,1000,149,24642,0.057321855580208685
time,cubic,0.8333333333333333,1000,150,24643,0.03220893182925292
time,cubic,0.8333333333333333,1000,151,24644,0.03506079825329348
time,cubic,0.8333333333333333,1000,152,24645,0.03934775779274726
time,cubic,0.8333333333333333,1000,153,24646,0.06565686850836965
time,cubic,0.8333333333333333,1000,154,24647,0.058843235196192736
time,cubic,0.8333333333333333,1000,155,24648,0.036234978216646944
time,cubic,0.8333333333333333,1000,156,24649,0.04486170597679983
time,cubic,0.8333333333333333,1000,157,24650,0.06055664055886236
time,cubic,0.8333333333333333,1000,158,24651,0.037706327100981867
time,cubic,0.8333333333333333,1000,159,24652,0.04321464469703359
time,cubic,0.8333333333333333,1000,160,24653,0.034764570011717316
time,cubic,0.8333333333333333,1000,161,24654,0.051337125737649744
time,cubic,0.8333333333333333,1000,162,24655,0.03928102738494259
time,cubic,0.8333333333333333,1000,163,24656,0.029675847568672267
time,cubic,0.8333333333333333,1000,164,24657,0.06471793157256356
time,cubic,0.8333333333333333,1000,165,24658,0.03383484171931954
time,cubic,0.8333333333333333,1000,166,24659,0.05248416663339054
time,cubic,0.8333333333333333,1000,167,24660,0.05158337442767678
time,cubic,0.8333333333333333,1000,168,24661,0.07928264212285673
time,cubic,0.8333333333333333,1000,169,24662,0.030968463855009905
time,cubic,0.8333333333333333,1000,170,24663,0.03803345228252178
time,cubic,0.8333333333333333,1000,171,24664,0.03543517697310903
time,cubic,0.8333333333333333,1000,172,24665,0.042566878836025626
time,cubic,0.8333333333333333,1000,173,24666,0.0357986094771357
time,cubic,0.8333333333333333,1000,174,24667,0.0709326617770672
time,cubic,0.8333333333333333,1000,175,24668,0.032041124979392405
time,cubic,0.8333333333333333,1000,176,24669,0.039526198137093405
time,cubic,0.8333333333333333,1000,177,24670,0.04395946275613724
time,cubic,0.8333333333333333,1000,178,24671,0.03392150880959472
time,cubic,0.8333333333333333,1000,179,24672,0.07218141906719697
time,cubic,0.8333333333333333,1000,180,24673,0.04654854890660407
time,cubic,0.8333333333333333,1000,181,24674,0.05562079559837416
time,cubic,0.8333333333333333,1000,182,24675,0.03910886183509437
time,cubic,0.8333333333333333,1000,183,24676,0.036545394996066356
time,cubic,0.8333333333333333,1000,184,24677,0.05186940008662514
time,cubic,0.8333333333333333,1000,185,24678,0.07503038188778789
time,cubic,0.8333333333333333,1000,186,24679,0.03687946205637938
time,cubic,0.8333333333333333,1000,187,24680,0.033885051828614766
time,cubic,0.8333333333333333,1000,188,24681,0.06577981488040822
time,cubic,0.8333333333333333,1000,189,24682,0.03515439739648095
time,cubic,0.8333333333333333,1000,190,24683,0.04160930891534956
time,cubic,0.8333333333333333,1000,191,24684,0.04327820148333095
time,cubic,0.8333333333333333,1000,192,24685,0.030001908810918475
time,cubic,0.8333333333333333,1000,193,24686,0.03390659942682509
time,cubic,0.8333333333333333,1000,194,24687,0.05350312672065736
time,cubic,0.8333333333333333,1000,195,24688,0.03875651160061903
time,cubic,0.8333333333333333,1000,196,24689,0.04811562967690554
time,cubic,0.8333333333333333,1000,197,24690,0.031242005570191998
time,cubic,0.8333333333333333,1000,198,24691,0.036995288722214234
time,cubic,0.8333333333333333,1000,199,24692,0.04144661593460445
time,cubic,1.0,1000,0,23903,0.07712251065320855
time,cubic,1.0,1000,1,23904,0.07508941788772375
time,cubic,1.0,1000,2,23905,0.044869658464912046
time,cubic,1.0,1000,3,23906,0.02432274679629973
time,cubic,1.0,1000,4,23907,0.03346688021945339
time,cubic,1.0,1000,5,23908,0.053847709042376415
time,cubic,1.0,1000,6,23909,0.03820127361376346
time,cubic,1.0,1000,7,23910,0.07022791738491194
time,cubic,1.0,1000,8,23911,0.03886148529060423
time,cubic,1.0,1000,9,23912,0.07884869955161855
time,cubic,1.0,1000,10,23913,0.04339331945405635
time,cubic,1.0,1000,11,23914,0.07907988107490474
time,cubic,1.0,1000,12,23915,0.03460021898672378
time,cubic,1.0,1000,13,23916,0.03511560486730235
time,cubic,1.0,1000,14,23917,0.04540446916647341
time,cubic,1.0,1000,15,23918,0.029637411708991087
time,cubic,1.0,1000,16,23919,0.030021795166798867
time,cubic,1.0,1000,17,23920,0.0289557237046524
time,cubic,1.0,1000,18,23921,0.05072807366535151
time,cubic,1.0,1000,19,23922,0.044267460044764166
time,cubic,1.0,1000,20,23923,0.02635470485253717
time,cubic,1.0,1000,21,23924,0.0310165283907838
time,cubic,1.0,1000,22,23925,0.02758695843887685
time,cubic,1.0,1000,23,23926,0.030756351976506002
time,cubic,1.0,1000,24,23927,0.030596660695289185
time,cubic,1.0,1000,25,23928,0.04557864478932856
time,cubic,1.0,1000,26,23929,0.03735369157961784
time,cubic,1.0,1000,27,23930,0.030763956438398365
time,cubic,1.0,1000,28,23931,0.07758113957161561
time,cubic,1.0,1000,29,23932,0.0852418048950281
time,cubic,1.0,1000,30,23933,0.04254817791252878
time,cubic,1.0,1000,31,23934,0.031076547768772875
time,cubic,1.0,1000,32,23935,0.029182745264715034
time,cubic,1.0,1000,33,23936,0.07762266724632735
time,cubic,1.0,1000,34,23937,0.04833564830537765
time,cubic,1.0,1000,35,23938,0.04695808661104306
time,cubic,1.0,1000,36,23939,0.030856023322590197
time,cubic,1.0,1000,37,23940,0.03658790108711966
time,cubic,1.0,1000,38,23941,0.07345534455367839
time,cubic,1.0,1000,39,23942,0.03139451248752515
time,cubic,1.0,1000,40,23943,0.07210486756509853
time,cubic,1.0,1000,41,23944,0.06471160054632075
time,cubic,1.0,1000,42,23945,0.032619997232684335
time,cubic,1.0,1000,43,23946,0.03023432761965389
time,cubic,1.0,1000,44,23947,0.03329928494626207
time,cubic,1.0,1000,45,23948,0.028827327836747647
time,cubic,1.0,1000,46,23949,0.027799375772617797
time,cubic,1.0,1000,47,23950,0.035916516467296426
time,cubic,1.0,1000,48,23951,0.026599479317905433
time,cubic,1.0,1000,49,23952,0.035946318025758726
time,cubic,1.0,1000,50,23953,0.07510992638047839
time,cubic,1.0,1000,51,23954,0.039754016352468446
time,cubic,1.0,1000,52,23955,0.028869278682143666
time,cubic,1.0,1000,53,23956,0.02809251922251629
time,cubic,1.0,1000,54,23957,0.030468407350963487
time,cubic,1.0,1000,55,23958,0.025424059751117768
time,cubic,1.0,1000,56,23959,0.0418759282416892
time,cubic,1.0,1000,57,23960,0.027690447644389805
time,cubic,1.0,1000,58,23961,0.041450751284800386
time,cubic,1.0,1000,59,23962,0.0512939618516236
time,cubic,1.0,1000,60,23963,0.033845947016015884
time,cubic,1.0,1000,61,23964,0.05610311064615835
time,cubic,1.0,1000,62,23965,0.03600574982770044
time,cubic,1.0,1000,63,23966,0.042558358391764306
time,cubic,1.0,1000,64,23967,0.08126822422448143
time,cubic,1.0,1000,65,23968,0.07106977065524961
time,cubic,1.0,1000,66,23969,0.02909752530787092
time,cubic,1.0,1000,67,23970,0.03902183836625553
time,cubic,1.0,1000,68,23971,0.05152922854884763
time,cubic,1.0,1000,69,23972,0.026282482993662978
time,cubic,1.0,1000,70,23973,0.050853836383757546
time,cubic,1.0,1000,71,23974,0.03439348563776155
time,cubic,1.0,1000,72,23975,0.0487889185262432
time,cubic,1.0,1000,73,23976,0.03841611098261352
time,cubic,1.0,1000,74,23977,0.046589580807549866
time,cubic,1.0,1000,75,23978,0.0910360130405614
time,cubic,1.0,1000,76,23979,0.03108750531895384
time,cubic,1.0,1000,77,23980,0.032721932093148796
time,cubic,1.0,1000,78,23981,0.05328993826415338
time,cubic,1.0,1000,79,23982,0.027602185385535556
time,cubic,1.0,1000,80,23983,0.034256988592285195
time,cubic,1.0,1000,81,23984,0.03242898603589601
time,cubic,1.0,1000,82,23985,0.037389247109038314
time,cubic,1.0,1000,83,23986,0.03139615653017323
time,cubic,1.0,1000,84,23987,0.03547550895983889
time,cubic,1.0,1000,85,23988,0.05736402498821386
time,cubic,1.0,1000,86,23989,0.03186857363906533
time,cubic,1.0,1000,87,23990,0.042486307538786516
time,cubic,1.0,1000,88,23991,0.032243787839093936
time,cubic,1.0,1000,89,23992,0.05119615604427297
time,cubic,1.0,1000,90,23993,0.05985355525896405
time,cubic,1.0,1000,91,23994,0.0454286538204799
time,cubic,1.0,1000,92,23995,0.04553908927977299
time,cubic,1.0,1000,93,23996,0.03246992208743076
time,cubic,1.0,1000,94,23997,0.05705849544552416
time,cubic,1.0,1000,95,23998,0.052837987701175225
time,cubic,1.0,1000,96,23999,0.04470458276398749
time,cubic,1.0,1000,97,24000,0.029221773785515017
time,cubic,1.0,1000,98,24001,0.03832820265212733
time,cubic,1.0,1000,99,24002,0.03638740783722561
time,cubic,1.0,1000,100,24003,0.03433340319712284
time,cubic,1.0,1000,101,24004,0.026453165364086352
time,cubic,1.0,1000,102,24005,0.08733027670356881
time,cubic,1.0,1000,103,24006,0.06703002373600057
time,cubic,1.0,1000,104,24007,0.029252060025025704
time,cubic,1.0,1000,105,24008,0.05781202074203299
time,cubic,1.0,1000,106,24009,0.03052447299866956
time,cubic,1.0,1000,107,24010,0.06928022703003109
time,cubic,1.0,1000,108,24011,0.03071061155496628
time,cubic,1.0,1000,109,24012,0.03475593325543635
time,cubic,1.0,1000,110,24013,0.03631345070946002
time,cubic,1.0,1000,111,24014,0.026709588377367335
time,cubic,1.0,1000,112,24015,0.05698368037655008
time,cubic,1.0,1000,113,24016,0.02773887249488319
time,cubic,1.0,1000,114,24017,0.028529258179604014
time,cubic,1.0,1000,115,24018,0.05751043848738759
time,cubic,1.0,1000,116,24019,0.030087506078726015
time,cubic,1.0,1000,117,24020,0.05845816909833784
time,cubic,1.0,1000,118,24021,0.03807454806898277
time,cubic,1.0,1000,119,24022,0.028912578135036886
time,cubic,1.0,1000,120,24023,0.044488746407262185
time,cubic,1.0,1000,121,24024,0.02396260577027178
time,cubic,1.0,1000,122,24025,0.04435259144665347
time,cubic,1.0,1000,123,24026,0.020810938712474303
time,cubic,1.0,1000,124,24027,0.029455332367158766
time,cubic,1.0,1000,125,24028,0.02676378807955296
time,cubic,1.0,1000,126,24029,0.04024126949144942
time,cubic,1.0,1000,127,24030,0.05263884137586619
time,cubic,1.0,1000,128,24031,0.023465478335102697
time,cubic,1.0,1000,129,24032,0.06771110930821572
time,cubic,1.0,1000,130,24033,0.05805690833345329
time,cubic,1.0,1000,131,24034,0.03021386804716016
time,cubic,1.0,1000,132,24035,0.0453086863484477
time,cubic,1.0,1000,133,24036,0.03867306605733181
time,cubic,1.0,1000,134,24037,0.030455612642099186
time,cubic,1.0,1000,135,24038,0.034255649191632084
time,cubic,1.0,1000,136,24039,0.036961158067810085
time,cubic,1.0,1000,137,24040,0.038888761009146185
time,cubic,1.0,1000,138,24041,0.028994449727935554
time,cubic,1.0,1000,139,24042,0.024166023503476672
time,cubic,1.0,1000,140,24043,0.034274603925117074
time,cubic,1.0,1000,141,24044,0.031390142826954
time,cubic,1.0,1000,142,24045,0.0403714208106599
time,cubic,1.0,1000,143,24046,0.06996850231934178
time,cubic,1.0,1000,144,24047,0.035656899096434186
time,cubic,1.0,1000,145,24048,0.05644107385830985
time,cubic,1.0,1000,146,24049,0.03243237557512234
time,cubic,1.0,1000,147,24050,0.029622236340197453
time,cubic,1.0,1000,148,24051,0.029919236733957015
time,cubic,1.0,1000,149,24052,0.06152064524171768
time,cubic,1.0,1000,150,24053,0.03804726757377275
time,cubic,1.0,1000,151,24054,0.054959147444423706
time,cubic,1.0,1000,152,24055,0.050162780779683974
time,cubic,1.0,1000,153,24056,0.05772877926382938
time,cubic,1.0,1000,154,24057,0.04717376278177788
time,cubic,1.0,1000,155,24058,0.043367891143708794
time,cubic,1.0,1000,156,24059,0.08430270696412673
time,cubic,1.0,1000,157,24060,0.0319287098521106
time,cubic,1.0,1000,158,24061,0.033194750541561936
time,cubic,1.0,1000,159,24062,0.026525297416776467
time,cubic,1.0,1000,160,24063,0.03427410583044833
time,cubic,1.0,1000,161,24064,0.06294157395565435
time,cubic,1.0,1000,162,24065,0.07041856879647038
time,cubic,1.0,1000,163,24066,0.039729027637610395
time,cubic,1.0,1000,164,24067,0.05782173799982526
time,cubic,1.0,1000,165,24068,0.05266375251383126
time,cubic,1.0,1000,166,24069,0.029334121768355266
time,cubic,1.0,1000,167,24070,0.03650134871259498
time,cubic,1.0,1000,168,24071,0.037897261700982995
time,cubic,1.0,1000,169,24072,0.03380331254016344
time,cubic,1.0,1000,170,24073,0.03207596924110256
time,cubic,1.0,1000,171,24074,0.05181871864620157
time,cubic,1.0,1000,172,24075,0.05169387831308829
time,cubic,1.0,1000,173,24076,0.023110129892212596
time,cubic,1.0,1000,174,24077,0.03654975412336948
time,cubic,1.0,1000,175,24078,0.029806613999413832
time,cubic,1.0,1000,176,24079,0.05105026520582513
time,cubic,1.0,1000,177,24080,0.02417543957537343
time,cubic,1.0,1000,178,24081,0.03898345232051103
time,cubic,1.0,1000,179,24082,0.0570861950243989
time,cubic,1.0,1000,180,24083,0.04730928886722365
time,cubic,1.0,1000,181,24084,0.06340148495718825
time,cubic,1.0,1000,182,24085,0.06268720277028066
time,cubic,1.0,1000,183,24086,0.04290236638913824
time,cubic,1.0,1000,184,24087,0.04953452059259526
time,cubic,1.0,1000,185,24088,0.04426370864008653
time,cubic,1.0,1000,186,24089,0.02933325470074106
time,cubic,1.0,1000,187,24090,0.025906433039589942
time,cubic,1.0,1000,188,24091,0.03206993506020034
time,cubic,1.0,1000,189,24092,0.036614368893161726
time,cubic,1.0,1000,190,24093,0.03682890751111696
time,cubic,1.0,1000,191,24094,0.036178484272075435
time,cubic,1.0,1000,192,24095,0.029170134323921147
time,cubic,1.0,1000,193,24096,0.037270188218706556
time,cubic,1.0,1000,194,24097,0.030699102268004968
time,cubic,1.0,1000,195,24098,0.02770426478837878
time,cubic,1.0,1000,196,24099,0.043931236943402
time,cubic,1.0,1000,197,24100,0.025373637331513158
time,cubic,1.0,1000,198,24101,0.033018372858139
time,cubic,1.0,1000,199,24102,0.059023605929415676
time,cubic,1.1666666666666665,1000,0,24870,0.0327957309913254
time,cubic,1.1666666666666665,1000,1,24871,0.03402414251257444
time,cubic,1.1666666666666665,1000,2,24872,0.03364567678626149
time,cubic,1.1666666666666665,1000,3,24873,0.020772842288897846
time,cubic,1.1666666666666665,1000,4,24874,0.03291689559677845
time,cubic,1.1666666666666665,1000,5,24875,0.046442180380755024
time,cubic,1.1666666666666665,1000,6,24876,0.06090092833075202
time,cubic,1.1666666666666665,1000,7,24877,0.05078217491661374
time,cubic,1.1666666666666665,1000,8,24878,0.0882765327644017
time,cubic,1.1666666666666665,1000,9,24879,0.053413217966204775
time,cubic,1.1666666666666665,1000,10,24880,0.03013680113653922
time,cubic,1.1666666666666665,1000,11,24881,0.03646778817072201
time,cubic,1.1666666666666665,1000,12,24882,0.053497054504517375
time,cubic,1.1666666666666665,1000,13,24883,0.0569240439166584
time,cubic,1.1666666666666665,1000,14,24884,0.05451328514622852
time,cubic,1.1666666666666665,1000,15,24885,0.05929463588267817
time,cubic,1.1666666666666665,1000,16,24886,0.03218294835329145
time,cubic,1.1666666666666665,1000,17,24887,0.048945833624742856
time,cubic,1.1666666666666665,1000,18,24888,0.023487248513871937
time,cubic,1.1666666666666665,1000,19,24889,0.0431531580534049
time,cubic,1.1666666666666665,1000,20,24890,0.026530533506782947
time,cubic,1.1666666666666665,1000,21,24891,0.06695934193103847
time,cubic,1.1666666666666665,1000,22,24892,0.03896410945028055
time,cubic,1.1666666666666665,1000,23,24893,0.03083290696806848
time,cubic,1.1666666666666665,1000,24,24894,0.040832012042100845
time,cubic,1.1666666666666665,1000,25,24895,0.02674716115930108
time,cubic,1.1666666666666665,1000,26,24896,0.023354080531533407
time,cubic,1.1666666666666665,1000,27,24897,0.026580067229125405
time,cubic,1.1666666666666665,1000,28,24898,0.04123781837630536
time,cubic,1.1666666666666665,1000,29,24899,0.03123103932907293
time,cubic,1.1666666666666665,1000,30,24900,0.02038894143492234
time,cubic,1.1666666666666665,1000,31,24901,0.06161291166153943
time,cubic,1.1666666666666665,1000,32,24902,0.03825761046617484
time,cubic,1.1666666666666665,1000,33,24903,0.028641861967737468
time,cubic,1.1666666666666665,1000,34,24904,0.02803466143220792
time,cubic,1.1666666666666665,1000,35,24905,0.055145560655914555
time,cubic,1.1666666666666665,1000,36,24906,0.030418121572805573
time,cubic,1.1666666666666665,1000,37,24907,0.059156799678492356
time,cubic,1.1666666666666665,1000,38,24908,0.03721517018282202
time,cubic,1.1666666666666665,1000,39,24909,0.051380841398699174
time,cubic,1.1666666666666665,1000,40,24910,0.029925528320759922
time,cubic,1.1666666666666665,1000,41,24911,0.026734367093894075
time,cubic,1.1666666666666665,1000,42,24912,0.04528786670114747
time,cubic,1.1666666666666665,1000,43,24913,0.03257259962148294
time,cubic,1.1666666666666665,1000,44,24914,0.03131090099724557
time,cubic,1.1666666666666665,1000,45,24915,0.028636489810179792
time,cubic,1.1666666666666665,1000,46,24916,0.0312607308277035
time,cubic,1.1666666666666665,1000,47,24917,0.032148710822998895
time,cubic,1.1666666666666665,1000,48,24918,0.059397658734435005
time,cubic,1.1666666666666665,1000,49,24919,0.023761797155412767
time,cubic,1.1666666666666665,1000,50,24920,0.025668995863256387
time,cubic,1.1666666666666665,1000,51,24921,0.02526694677294319
time,cubic,1.1666666666666665,1000,52,24922,0.02873899620263587
time,cubic,1.1666666666666665,1000,53,24923,0.07147392535480591
time,cubic,1.1666666666666665,1000,54,24924,0.025915296940141275
time,cubic,1.1666666666666665,1000,55,24925,0.031231336096014813
time,cubic,1.1666666666666665,1000,56,24926,0.06972596842540106
time,cubic,1.1666666666666665,1000,57,24927,0.025975250667906957
time,cubic,1.1666666666666665,1000,58,24928,0.0305613504804638
time,cubic,1.1666666666666665,1000,59,24929,0.03664074502460726
time,cubic,1.1666666666666665,1000,60,24930,0.02138438066682637
time,cubic,1.1666666666666665,1000,61,24931,0.06063583630269292
time,cubic,1.1666666666666665,1000,62,24932,0.0285861880802672
time,cubic,1.1666666666666665,1000,63,24933,0.04884437681957181
time,cubic,1.1666666666666665,1000,64,24934,0.02818004591726137
time,cubic,1.1666666666666665,1000,65,24935,0.02486489915180685
time,cubic,1.1666666666666665,1000,66,24936,0.03097743628095257
time,cubic,1.1666666666666665,1000,67,24937,0.02962488908382598
time,cubic,1.1666666666666665,1000,68,24938,0.027204848862759097
time,cubic,1.1666666666666665,1000,69,24939,0.023880286494245864
time,cubic,1.1666666666666665,1000,70,24940,0.023268382105945642
time,cubic,1.1666666666666665,1000,71,24941,0.037106830789036496
time,cubic,1.1666666666666665,1000,72,24942,0.02545714968235059
time,cubic,1.1666666666666665,1000,73,24943,0.02242064725850621
time,cubic,1.1666666666666665,1000,74,24944,0.028163454741156807
time,cubic,1.1666666666666665,1000,75,24945,0.030623643557831544
time,cubic,1.1666666666666665,1000,76,24946,0.04647024326278766
time,cubic,1.1666666666666665,1000,77,24947,0.04487802818893151
time,cubic,1.1666666666666665,1000,78,24948,0.05245030082768797
time,cubic,1.1666666666666665,1000,79,24949,0.02850828314282116
time,cubic,1.1666666666666665,1000,80,24950,0.02693801804274987
time,cubic,1.1666666666666665,1000,81,24951,0.024532306481963587
time,cubic,1.1666666666666665,1000,82,24952,0.02242588949783001
time,cubic,1.1666666666666665,1000,83,24953,0.025367671001936924
time,cubic,1.1666666666666665,1000,84,24954,0.03710922820518461
time,cubic,1.1666666666666665,1000,85,24955,0.04175735096019884
time,cubic,1.1666666666666665,1000,86,24956,0.036218971134659605
time,cubic,1.1666666666666665,1000,87,24957,0.032989458441406334
time,cubic,1.1666666666666665,1000,88,24958,0.027401620052888414
time,cubic,1.1666666666666665,1000,89,24959,0.030001573725292538
time,cubic,1.1666666666666665,1000,90,24960,0.035991563357797914
time,cubic,1.1666666666666665,1000,91,24961,0.035445223817084835
time,cubic,1.1666666666666665,1000,92,24962,0.046502912998166376
time,cubic,1.1666666666666665,1000,93,24963,0.04905102582359864
time,cubic,1.1666666666666665,1000,94,24964,0.04289816268677129
time,cubic,1.1666666666666665,1000,95,24965,0.02546474444633621
time,cubic,1.1666666666666665,1000,96,24966,0.027304502744418313
time,cubic,1.1666666666666665,1000,97,24967,0.027191098819026392
time,cubic,1.1666666666666665,1000,98,24968,0.043477042565574484
time,cubic,1.1666666666666665,1000,99,24969,0.027640014315994155
time,cubic,1.1666666666666665,1000,100,24970,0.031674868813044536
time,cubic,1.1666666666666665,1000,101,24971,0.03964745623509111
time,cubic,1.1666666666666665,1000,102,24972,0.034784168628548426
time,cubic,1.1666666666666665,1000,103,24973,0.031322129152067356
time,cubic,1.1666666666666665,1000,104,24974,0.042099399300290975
time,cubic,1.1666666666666665,1000,105,24975,0.02559893485301367
time,cubic,1.1666666666666665,1000,106,24976,0.05286590109195678
time,cubic,1.1666666666666665,1000,107,24977,0.03888308933808154
time,cubic,1.1666666666666665,1000,108,24978,0.03886604789734195
time,cubic,1.1666666666666665,1000,109,24979,0.02610755900311058
time,cubic,1.1666666666666665,1000,110,24980,0.02814750037932111
time,cubic,1.1666666666666665,1000,111,24981,0.02465783046390933
time,cubic,1.1666666666666665,1000,112,24982,0.06303275598848147
time,cubic,1.1666666666666665,1000,113,24983,0.027772486650991877
time,cubic,1.1666666666666665,1000,114,24984,0.02539544218429416
time,cubic,1.1666666666666665,1000,115,24985,0.027738549149149645
time,cubic,1.1666666666666665,1000,116,24986,0.019700987508602344
time,cubic,1.1666666666666665,1000,117,24987,0.07135339346197057
time,cubic,1.1666666666666665,1000,118,24988,0.025182944589358967
time,cubic,1.1666666666666665,1000,119,24989,0.03464784378740736
time,cubic,1.1666666666666665,1000,120,24990,0.0276501008486363
time,cubic,1.1666666666666665,1000,121,24991,0.0337264075970247
time,cubic,1.1666666666666665,1000,122,24992,0.02371587176390293
time,cubic,1.1666666666666665,1000,123,24993,0.03626985941137326
time,cubic,1.1666666666666665,1000,124,24994,0.041676227523160206
time,cubic,1.1666666666666665,1000,125,24995,0.02503563852066205
time,cubic,1.1666666666666665,1000,126,24996,0.030748992228788737
time,cubic,1.1666666666666665,1000,127,24997,0.028179958911948445
time,cubic,1.1666666666666665,1000,128,24998,0.06684073709196747
time,cubic,1.1666666666666665,1000,129,24999,0.029269178358335313
time,cubic,1.1666666666666665,1000,130,25000,0.03435752154785621
time,cubic,1.1666666666666665,1000,131,25001,0.043495847566214496
time,cubic,1.1666666666666665,1000,132,25002,0.023575731367170123
time,cubic,1.1666666666666665,1000,133,25003,0.02963684525260727
time,cubic,1.1666666666666665,1000,134,25004,0.041138823585496524
time,cubic,1.1666666666666665,1000,135,25005,0.058175702193355744
time,cubic,1.1666666666666665,1000,136,25006,0.042167812082307375
time,cubic,1.1666666666666665,1000,137,25007,0.024731065564812204
time,cubic,1.1666666666666665,1000,138,25008,0.026866646243145775
time,cubic,1.1666666666666665,1000,139,25009,0.02531143985774876
time,cubic,1.1666666666666665,1000,140,25010,0.02312464604634681
time,cubic,1.1666666666666665,1000,141,25011,0.023482779746562012
time,cubic,1.1666666666666665,1000,142,25012,0.029349812790714382
time,cubic,1.1666666666666665,1000,143,25013,0.031652862273400195
time,cubic,1.1666666666666665,1000,144,25014,0.030007674024235365
time,cubic,1.1666666666666665,1000,145,25015,0.03317759883685859
time,cubic,1.1666666666666665,1000,146,25016,0.062157736705264005
time,cubic,1.1666666666666665,1000,147,25017,0.03526505849416479
time,cubic,1.1666666666666665,1000,148,25018,0.03222862605785912
time,cubic,1.1666666666666665,1000,149,25019,0.032078595691579316
time,cubic,1.1666666666666665,1000,150,25020,0.024676221814548267
time,cubic,1.1666666666666665,1000,151,25021,0.03789366208329622
time,cubic,1.1666666666666665,1000,152,25022,0.02656472150221756
time,cubic,1.1666666666666665,1000,153,25023,0.02341824045052614
time,cubic,1.1666666666666665,1000,154,25024,0.026789981111591577
time,cubic,1.1666666666666665,1000,155,25025,0.030469484443358126
time,cubic,1.1666666666666665,1000,156,25026,0.02752651008505824
time,cubic,1.1666666666666665,1000,157,25027,0.05048705162459731
time,cubic,1.1666666666666665,1000,158,25028,0.022939293806070026
time,cubic,1.1666666666666665,1000,159,25029,0.029224707488124817
time,cubic,1.1666666666666665,1000,160,25030,0.05491766989015339
time,cubic,1.1666666666666665,1000,161,25031,0.030092627284733078
time,cubic,1.1666666666666665,1000,162,25032,0.02656270951958244
time,cubic,1.1666666666666665,1000,163,25033,0.02518248874812464
time,cubic,1.1666666666666665,1000,164,25034,0.028614565180519927
time,cubic,1.1666666666666665,1000,165,25035,0.027779336688482936
time,cubic,1.1666666666666665,1000,166,25036,0.047955160289370184
time,cubic,1.1666666666666665,1000,167,25037,0.04060515080182261
time,cubic,1.1666666666666665,1000,168,25038,0.03390494941272126
time,cubic,1.1666666666666665,1000,169,25039,0.03221906356382291
time,cubic,1.1666666666666665,1000,170,25040,0.04636127099523225
time,cubic,1.1666666666666665,1000,171,25041,0.07022721763693585
time,cubic,1.1666666666666665,1000,172,25042,0.02272753573734059
time,cubic,1.1666666666666665,1000,173,25043,0.04223349193979276
time,cubic,1.1666666666666665,1000,174,25044,0.024383270535768824
time,cubic,1.1666666666666665,1000,175,25045,0.04915616704119798
time,cubic,1.1666666666666665,1000,176,25046,0.044040715069384936
time,cubic,1.1666666666666665,1000,177,25047,0.02084935549404993
time,cubic,1.1666666666666665,1000,178,25048,0.03817955754224833
time,cubic,1.1666666666666665,1000,179,25049,0.04037163854748592
time,cubic,1.1666666666666665,1000,180,25050,0.021978095664444156
time,cubic,1.1666666666666665,1000,181,25051,0.046921628284675505
time,cubic,1.1666666666666665,1000,182,25052,0.058355707118905156
time,cubic,1.1666666666666665,1000,183,25053,0.07883992115785113
time,cubic,1.1666666666666665,1000,184,25054,0.03816682827317413
time,cubic,1.1666666666666665,1000,185,25055,0.020571076808534698
time,cubic,1.1666666666666665,1000,186,25056,0.03462742345350634
time,cubic,1.1666666666666665,1000,187,25057,0.024671456937710452
time,cubic,1.1666666666666665,1000,188,25058,0.022670416617328836
time,cubic,1.1666666666666665,1000,189,25059,0.02659549263422239
time,cubic,1.1666666666666665,1000,190,25060,0.04636124381466978
time,cubic,1.1666666666666665,1000,191,25061,0.04382475458556919
time,cubic,1.1666666666666665,1000,192,25062,0.036768188014994846
time,cubic,1.1666666666666665,1000,193,25063,0.0406930686379618
time,cubic,1.1666666666666665,1000,194,25064,0.0580771729846007
time,cubic,1.1666666666666665,1000,195,25065,0.024202146099843287
time,cubic,1.1666666666666665,1000,196,25066,0.036123826506101984
time,cubic,1.1666666666666665,1000,197,25067,0.05052387386085566
time,cubic,1.1666666666666665,1000,198,25068,0.04073487573484119
time,cubic,1.1666666666666665,1000,199,25069,0.029949408745896074
time,cubic,1.3333333333333333,1000,0,24419,0.022872148566745278
time,cubic,1.3333333333333333,1000,1,24420,0.02522200928000354
time,cubic,1.3333333333333333,1000,2,24421,0.02352887858754008
time,cubic,1.3333333333333333,1000,3,24422,0.03552263205041517
time,cubic,1.3333333333333333,1000,4,24423,0.038828388786817526
time,cubic,1.3333333333333333,1000,5,24424,0.023777170195223827
time,cubic,1.3333333333333333,1000,6,24425,0.034273708954143334
time,cubic,1.3333333333333333,1000,7,24426,0.03247536803391309
time,cubic,1.3333333333333333,1000,8,24427,0.05559215032879962
time,cubic,1.3333333333333333,1000,9,24428,0.02590680474501616
time,cubic,1.3333333333333333,1000,10,24429,0.07185427971892572
time,cubic,1.3333333333333333,1000,11,24430,0.045422470834152115
time,cubic,1.3333333333333333,1000,12,24431,0.04149730881563676
time,cubic,1.3333333333333333,1000,13,24432,0.025086802668686684
time,cubic,1.3333333333333333,1000,14,24433,0.02658466926279773
time,cubic,1.3333333333333333,1000,15,24434,0.02751926537505672
time,cubic,1.3333333333333333,1000,16,24435,0.02635826305452304
time,cubic,1.3333333333333333,1000,17,24436,0.03450371327618655
time,cubic,1.3333333333333333,1000,18,24437,0.06776611496751486
time,cubic,1.3333333333333333,1000,19,24438,0.02833194843115352
time,cubic,1.3333333333333333,1000,20,24439,0.06523051259164649
time,cubic,1.3333333333333333,1000,21,24440,0.06312789793501974
time,cubic,1.3333333333333333,1000,22,24441,0.04177225330757609
time,cubic,1.3333333333333333,1000,23,24442,0.06499486219034031
time,cubic,1.3333333333333333,1000,24,24443,0.049484446181110295
time,cubic,1.3333333333333333,1000,25,24444,0.04464177301378726
time,cubic,1.3333333333333333,1000,26,24445,0.03596178125691531
time,cubic,1.3333333333333333,1000,27,24446,0.0412128194825102
time,cubic,1.3333333333333333,1000,28,24447,0.04949178874066773
time,cubic,1.3333333333333333,1000,29,24448,0.04269788755777875
time,cubic,1.3333333333333333,1000,30,24449,0.025441832567242736
time,cubic,1.3333333333333333,1000,31,24450,0.022448425843893133
time,cubic,1.3333333333333333,1000,32,24451,0.03216199755717816
time,cubic,1.3333333333333333,1000,33,24452,0.049791346652541986
time,cubic,1.3333333333333333,1000,34,24453,0.03243085431612597
time,cubic,1.3333333333333333,1000,35,24454,0.025221178891901345
time,cubic,1.3333333333333333,1000,36,24455,0.027080394593629514
time,cubic,1.3333333333333333,1000,37,24456,0.0347032217888692
time,cubic,1.3333333333333333,1000,38,24457,0.049371822486073066
time,cubic,1.3333333333333333,1000,39,24458,0.045381200084187404
time,cubic,1.3333333333333333,1000,40,24459,0.03213528560628001
time,cubic,1.3333333333333333,1000,41,24460,0.020016136942691835
time,cubic,1.3333333333333333,1000,42,24461,0.04080160913323606
time,cubic,1.3333333333333333,1000,43,24462,0.035567572251505614
time,cubic,1.3333333333333333,1000,44,24463,0.040257434271305306
time,cubic,1.3333333333333333,1000,45,24464,0.029339763291835998
time,cubic,1.3333333333333333,1000,46,24465,0.02111192097096481
time,cubic,1.3333333333333333,1000,47,24466,0.024645400084083544
time,cubic,1.3333333333333333,1000,48,24467,0.05214741827707939
time,cubic,1.3333333333333333,1000,49,24468,0.04724504834747991
time,cubic,1.3333333333333333,1000,50,24469,0.038064369811240444
time,cubic,1.3333333333333333,1000,51,24470,0.03620737796084978
time,cubic,1.3333333333333333,1000,52,24471,0.030860768316291066
time,cubic,1.3333333333333333,1000,53,24472,0.025302249229826757
time,cubic,1.3333333333333333,1000,54,24473,0.042493680438590656
time,cubic,1.3333333333333333,1000,55,24474,0.035651872490308364
time,cubic,1.3333333333333333,1000,56,24475,0.028584598564808897
time,cubic,1.3333333333333333,1000,57,24476,0.02304851693507297
time,cubic,1.3333333333333333,1000,58,24477,0.033478914151544886
time,cubic,1.3333333333333333,1000,59,24478,0.04507595311544237
time,cubic,1.3333333333333333,1000,60,24479,0.026811747034730306
time,cubic,1.3333333333333333,1000,61,24480,0.05411072132280842
time,cubic,1.3333333333333333,1000,62,24481,0.056388684367858335
time,cubic,1.3333333333333333,1000,63,24482,0.027541598379409723
time,cubic,1.3333333333333333,1000,64,24483,0.03334777163643564
time,cubic,1.3333333333333333,1000,65,24484,0.03941625439009276
time,cubic,1.3333333333333333,1000,66,24485,0.031267460827856294
time,cubic,1.3333333333333333,1000,67,24486,0.025280695266688157
time,cubic,1.3333333333333333,1000,68,24487,0.04400020196180652
time,cubic,1.3333333333333333,1000,69,24488,0.026574855644946847
time,cubic,1.3333333333333333,1000,70,24489,0.024267168724515117
time,cubic,1.3333333333333333,1000,71,24490,0.022992538907240897
time,cubic,1.3333333333333333,1000,72,24491,0.025819130330928797
time,cubic,1.3333333333333333,1000,73,24492,0.03345610004096799
time,cubic,1.3333333333333333,1000,74,24493,0.05224527580765401
time,cubic,1.3333333333333333,1000,75,24494,0.026444298818474498
time,cubic,1.3333333333333333,1000,76,24495,0.02499906506173152
time,cubic,1.3333333333333333,1000,77,24496,0.02373765707227168
time,cubic,1.3333333333333333,1000,78,24497,0.044254390988673106
time,cubic,1.3333333333333333,1000,79,24498,0.02487654041842653
time,cubic,1.3333333333333333,1000,80,24499,0.023928457998823024
time,cubic,1.3333333333333333,1000,81,24500,0.02182603802203166
time,cubic,1.3333333333333333,1000,82,24501,0.052137832117050704
time,cubic,1.3333333333333333,1000,83,24502,0.025309328722855927
time,cubic,1.3333333333333333,1000,84,24503,0.04479960772167788
time,cubic,1.3333333333333333,1000,85,24504,0.023907351116785595
time,cubic,1.3333333333333333,1000,86,24505,0.037328901288180276
time,cubic,1.3333333333333333,1000,87,24506,0.04300289864051934
time,cubic,1.3333333333333333,1000,88,24507,0.02172854297266806
time,cubic,1.3333333333333333,1000,89,24508,0.05329386727156542
time,cubic,1.3333333333333333,1000,90,24509,0.02540891724227191
time,cubic,1.3333333333333333,1000,91,24510,0.03938340764046503
time,cubic,1.3333333333333333,1000,92,24511,0.026758420542351793
time,cubic,1.3333333333333333,1000,93,24512,0.04458386785981453
time,cubic,1.3333333333333333,1000,94,24513,0.04678750818572851
time,cubic,1.3333333333333333,1000,95,24514,0.035429459624968684
time,cubic,1.3333333333333333,1000,96,24515,0.04708482018309464
time,cubic,1.3333333333333333,1000,97,24516,0.022372206420710184
time,cubic,1.3333333333333333,1000,98,24517,0.026322479819937395
time,cubic,1.3333333333333333,1000,99,24518,0.028292319476662345
time,cubic,1.3333333333333333,1000,100,24519,0.02451715159303423
time,cubic,1.3333333333333333,1000,101,24520,0.021823530695883445
time,cubic,1.3333333333333333,1000,102,24521,0.029454505072795192
time,cubic,1.3333333333333333,1000,103,24522,0.03678383608132174
time,cubic,1.3333333333333333,1000,104,24523,0.049547579259871244
time,cubic,1.3333333333333333,1000,105,24524,0.029865304878399827
time,cubic,1.3333333333333333,1000,106,24525,0.04093297910763494
time,cubic,1.3333333333333333,1000,107,24526,0.06682044437309143
time,cubic,1.3333333333333333,1000,108,24527,0.04026511736031981
time,cubic,1.3333333333333333,1000,109,24528,0.04809054326732867
time,cubic,1.3333333333333333,1000,110,24529,0.020504171066233687
time,cubic,1.3333333333333333,1000,111,24530,0.023670494280467757
time,cubic,1.3333333333333333,1000,112,24531,0.03399180018274844
time,cubic,1.3333333333333333,1000,113,24532,0.035587983261210605
time,cubic,1.3333333333333333,1000,114,24533,0.022421917181762643
time,cubic,1.3333333333333333,1000,115,24534,0.036978148037750035
time,cubic,1.3333333333333333,1000,116,24535,0.040198563712896006
time,cubic,1.3333333333333333,1000,117,24536,0.027718787327273616
time,cubic,1.3333333333333333,1000,118,24537,0.02326297061603352
time,cubic,1.3333333333333333,1000,119,24538,0.040101385594848646
time,cubic,1.3333333333333333,1000,120,24539,0.04877031296749415
time,cubic,1.3333333333333333,1000,121,24540,0.025186572047686654
time,cubic,1.3333333333333333,1000,122,24541,0.05179473342217609
time,cubic,1.3333333333333333,1000,123,24542,0.048578302475924685
time,cubic,1.3333333333333333,1000,124,24543,0.026389802899535367
time,cubic,1.3333333333333333,1000,125,24544,0.026267526679960615
time,cubic,1.3333333333333333,1000,126,24545,0.02790601044025798
time,cubic,1.3333333333333333,1000,127,24546,0.03212326620171399
time,cubic,1.3333333333333333,1000,128,24547,0.07325415584976686
time,cubic,1.3333333333333333,1000,129,24548,0.02417430392090105
time,cubic,1.3333333333333333,1000,130,24549,0.02500609088513721
time,cubic,1.3333333333333333,1000,131,24550,0.027114055080548344
time,cubic,1.3333333333333333,1000,132,24551,0.03869048184678974
time,cubic,1.3333333333333333,1000,133,24552,0.026600476335107225
time,cubic,1.3333333333333333,1000,134,24553,0.024544067491396215
time,cubic,1.3333333333333333,1000,135,24554,0.039675555328764156
time,cubic,1.3333333333333333,1000,136,24555,0.05764441392471356
time,cubic,1.3333333333333333,1000,137,24556,0.03929428238371913
time,cubic,1.3333333333333333,1000,138,24557,0.03528492095468179
time,cubic,1.3333333333333333,1000,139,24558,0.019242564263839544
time,cubic,1.3333333333333333,1000,140,24559,0.031468459258994066
time,cubic,1.3333333333333333,1000,141,24560,0.05042897830726589
time,cubic,1.3333333333333333,1000,142,24561,0.027084425124126888
time,cubic,1.3333333333333333,1000,143,24562,0.019626962137627758
time,cubic,1.3333333333333333,1000,144,24563,0.023520724278777896
time,cubic,1.3333333333333333,1000,145,24564,0.024471135800443623
time,cubic,1.3333333333333333,1000,146,24565,0.0295246371784502
time,cubic,1.3333333333333333,1000,147,24566,0.025024997113823683
time,cubic,1.3333333333333333,1000,148,24567,0.024390289824670754
time,cubic,1.3333333333333333,1000,149,24568,0.024952481073079694
time,cubic,1.3333333333333333,1000,150,24569,0.024206861697527057
time,cubic,1.3333333333333333,1000,151,24570,0.03645608319091117
time,cubic,1.3333333333333333,1000,152,24571,0.02447984540213546
time,cubic,1.3333333333333333,1000,153,24572,0.027061292795889796
time,cubic,1.3333333333333333,1000,154,24573,0.023983345548925134
time,cubic,1.3333333333333333,1000,155,24574,0.03612016174082285
time,cubic,1.3333333333333333,1000,156,24575,0.023629301677870855
time,cubic,1.3333333333333333,1000,157,24576,0.026356993710506572
time,cubic,1.3333333333333333,1000,158,24577,0.04119963846833388
time,cubic,1.3333333333333333,1000,159,24578,0.03393699087643396
time,cubic,1.3333333333333333,1000,160,24579,0.0244233291914501
time,cubic,1.3333333333333333,1000,161,24580,0.02981385814703141
time,cubic,1.3333333333333333,1000,162,24581,0.021286224079339888
time,cubic,1.3333333333333333,1000,163,24582,0.02247028659959039
time,cubic,1.3333333333333333,1000,164,24583,0.060812205581645185
time,cubic,1.3333333333333333,1000,165,24584,0.026135490658199974
time,cubic,1.3333333333333333,1000,166,24585,0.02258329473409273
time,cubic,1.3333333333333333,1000,167,24586,0.0575012231698062
time,cubic,1.3333333333333333,1000,168,24587,0.0248468634718294
time,cubic,1.3333333333333333,1000,169,24588,0.02783243920477316
time,cubic,1.3333333333333333,1000,170,24589,0.05005543767523418
time,cubic,1.3333333333333333,1000,171,24590,0.024948258002465976
time,cubic,1.3333333333333333,1000,172,24591,0.021300747110765003
time,cubic,1.3333333333333333,1000,173,24592,0.0312012253759116
time,cubic,1.3333333333333333,1000,174,24593,0.054686044515160175
time,cubic,1.3333333333333333,1000,175,24594,0.0367288558154796
time,cubic,1.3333333333333333,1000,176,24595,0.04304698007389326
time,cubic,1.3333333333333333,1000,177,24596,0.02985579981693711
time,cubic,1.3333333333333333,1000,178,24597,0.05467019665846623
time,cubic,1.3333333333333333,1000,179,24598,0.03434199237100616
time,cubic,1.3333333333333333,1000,180,24599,0.037927907200238975
time,cubic,1.3333333333333333,1000,181,24600,0.05517865446445935
time,cubic,1.3333333333333333,1000,182,24601,0.03394747295932931
time,cubic,1.3333333333333333,1000,183,24602,0.031203574752130387
time,cubic,1.3333333333333333,1000,184,24603,0.039892218379448924
time,cubic,1.3333333333333333,1000,185,24604,0.02051006442856877
time,cubic,1.3333333333333333,1000,186,24605,0.024633385548048482
time,cubic,1.3333333333333333,1000,187,24606,0.02944351746620634
time,cubic,1.3333333333333333,1000,188,24607,0.04292748835982648
time,cubic,1.3333333333333333,1000,189,24608,0.029321315345183483
time,cubic,1.3333333333333333,1000,190,24609,0.04103229843457825
time,cubic,1.3333333333333333,1000,191,24610,0.03574383893387918
time,cubic,1.3333333333333333,1000,192,24611,0.04885977421547858
time,cubic,1.3333333333333333,1000,193,24612,0.04324734182181967
time,cubic,1.3333333333333333,1000,194,24613,0.029777678878573046
time,cubic,1.3333333333333333,1000,195,24614,0.02668911624864135
time,cubic,1.3333333333333333,1000,196,24615,0.02743561711369306
time,cubic,1.3333333333333333,1000,197,24616,0.031692468903004804
time,cubic,1.3333333333333333,1000,198,24617,0.02254268190440801
time,cubic,1.3333333333333333,1000,199,24618,0.04009369726019468
time,cubic,1.5,1000,0,23993,0.05174794736264396
time,cubic,1.5,1000,1,23994,0.03867152089538092
time,cubic,1.5,1000,2,23995,0.03938855493355018
time,cubic,1.5,1000,3,23996,0.028085450589494524
time,cubic,1.5,1000,4,23997,0.049350562077418864
time,cubic,1.5,1000,5,23998,0.045681227076678474
time,cubic,1.5,1000,6,23999,0.03866862240542879
time,cubic,1.5,1000,7,24000,0.022300968370215783
time,cubic,1.5,1000,8,24001,0.03261712718970189
time,cubic,1.5,1000,9,24002,0.031462201450853745
time,cubic,1.5,1000,10,24003,0.02969741533339081
time,cubic,1.5,1000,11,24004,0.022880431560717097
time,cubic,1.5,1000,12,24005,0.07556155263015842
time,cubic,1.5,1000,13,24006,0.05794918674459809
time,cubic,1.5,1000,14,24007,0.024171343032215676
time,cubic,1.5,1000,15,24008,0.04963382140080365
time,cubic,1.5,1000,16,24009,0.026011449530612078
time,cubic,1.5,1000,17,24010,0.05867245188069966
time,cubic,1.5,1000,18,24011,0.025910748382297025
time,cubic,1.5,1000,19,24012,0.027289404571202748
time,cubic,1.5,1000,20,24013,0.03138589793073465
time,cubic,1.5,1000,21,24014,0.02107079001042771
time,cubic,1.5,1000,22,24015,0.048452692461288145
time,cubic,1.5,1000,23,24016,0.020731257635062037
time,cubic,1.5,1000,24,24017,0.021515271163952306
time,cubic,1.5,1000,25,24018,0.049253132447062274
time,cubic,1.5,1000,26,24019,0.024067770378329766
time,cubic,1.5,1000,27,24020,0.04963808744972954
time,cubic,1.5,1000,28,24021,0.032888953386537426
time,cubic,1.5,1000,29,24022,0.021833304457029093
time,cubic,1.5,1000,30,24023,0.03822147100627972
time,cubic,1.5,1000,31,24024,0.018138035250574315
time,cubic,1.5,1000,32,24025,0.03834680189004663
time,cubic,1.5,1000,33,24026,0.016298467373893434
time,cubic,1.5,1000,34,24027,0.02194382209178176
time,cubic,1.5,1000,35,24028,0.022986549678973487
time,cubic,1.5,1000,36,24029,0.034321591576944074
time,cubic,1.5,1000,37,24030,0.04483372870001747
time,cubic,1.5,1000,38,24031,0.017205824977306376
time,cubic,1.5,1000,39,24032,0.05857703914842071
time,cubic,1.5,1000,40,24033,0.05021934301779195
time,cubic,1.5,1000,41,24034,0.022832399900675676
time,cubic,1.5,1000,42,24035,0.03855826836045165
time,cubic,1.5,1000,43,24036,0.033416990883078486
time,cubic,1.5,1000,44,24037,0.024320096317958725
time,cubic,1.5,1000,45,24038,0.024684448387036668
time,cubic,1.5,1000,46,24039,0.03192699246354801
time,cubic,1.5,1000,47,24040,0.03361359752097012
time,cubic,1.5,1000,48,24041,0.02310518508552437
time,cubic,1.5,1000,49,24042,0.01950916550449936
time,cubic,1.5,1000,50,24043,0.02964664193098882
time,cubic,1.5,1000,51,24044,0.026727555467074993
time,cubic,1.5,1000,52,24045,0.03437684114629063
time,cubic,1.5,1000,53,24046,0.0601574271715956
time,cubic,1.5,1000,54,24047,0.03061816092227166
time,cubic,1.5,1000,55,24048,0.04877658147413014
time,cubic,1.5,1000,56,24049,0.02797368568348097
time,cubic,1.5,1000,57,24050,0.023888650789951445
time,cubic,1.5,1000,58,24051,0.023221154707363918
time,cubic,1.5,1000,59,24052,0.053194393767740565
time,cubic,1.5,1000,60,24053,0.0329045480767416
time,cubic,1.5,1000,61,24054,0.047542493470591515
time,cubic,1.5,1000,62,24055,0.04236407495862053
time,cubic,1.5,1000,63,24056,0.049790393523649897
time,cubic,1.5,1000,64,24057,0.04063604549882454
time,cubic,1.5,1000,65,24058,0.03738632134920679
time,cubic,1.5,1000,66,24059,0.07293691076352296
time,cubic,1.5,1000,67,24060,0.02199894811428199
time,cubic,1.5,1000,68,24061,0.028711473754778272
time,cubic,1.5,1000,69,24062,0.022372870159344894
time,cubic,1.5,1000,70,24063,0.029476888876240188
time,cubic,1.5,1000,71,24064,0.05347439239043455
time,cubic,1.5,1000,72,24065,0.06004530767466837
time,cubic,1.5,1000,73,24066,0.029106085553805592
time,cubic,1.5,1000,74,24067,0.049837597594700446
time,cubic,1.5,1000,75,24068,0.04499330060060765
time,cubic,1.5,1000,76,24069,0.022589798849907434
time,cubic,1.5,1000,77,24070,0.025842059092830546
time,cubic,1.5,1000,78,24071,0.03238839924690349
time,cubic,1.5,1000,79,24072,0.026451962049491427
time,cubic,1.5,1000,80,24073,0.027704993136140794
time,cubic,1.5,1000,81,24074,0.044138310105125186
time,cubic,1.5,1000,82,24075,0.04402652674516141
time,cubic,1.5,1000,83,24076,0.017675823506069447
time,cubic,1.5,1000,84,24077,0.03158621799141095
time,cubic,1.5,1000,85,24078,0.025762140657554302
time,cubic,1.5,1000,86,24079,0.04350382929562241
time,cubic,1.5,1000,87,24080,0.016844769069987286
time,cubic,1.5,1000,88,24081,0.033707984003368
time,cubic,1.5,1000,89,24082,0.04846551829134168
time,cubic,1.5,1000,90,24083,0.04091907280308661
time,cubic,1.5,1000,91,24084,0.05483875575629974
time,cubic,1.5,1000,92,24085,0.05324389698437822
time,cubic,1.5,1000,93,24086,0.03709336603952921
time,cubic,1.5,1000,94,24087,0.04282558737077973
time,cubic,1.5,1000,95,24088,0.0382846187915962
time,cubic,1.5,1000,96,24089,0.02274901974469149
time,cubic,1.5,1000,97,24090,0.020666459110974405
time,cubic,1.5,1000,98,24091,0.027725729210704146
time,cubic,1.5,1000,99,24092,0.02602471548601564
time,cubic,1.5,1000,100,24093,0.03025248643803185
time,cubic,1.5,1000,101,24094,0.0312512391308252
time,cubic,1.5,1000,102,24095,0.025222232336059813
time,cubic,1.5,1000,103,24096,0.03077997200291898
time,cubic,1.5,1000,104,24097,0.026552963456757908
time,cubic,1.5,1000,105,24098,0.023645809025554444
time,cubic,1.5,1000,106,24099,0.03795802131117405
time,cubic,1.5,1000,107,24100,0.020573757095201813
time,cubic,1.5,1000,108,24101,0.02765396056787852
time,cubic,1.5,1000,109,24102,0.05030181347738487
time,cubic,1.5,1000,110,24103,0.0438776664180891
time,cubic,1.5,1000,111,24104,0.03680600278360533
time,cubic,1.5,1000,112,24105,0.030556698042898543
time,cubic,1.5,1000,113,24106,0.021674943397105635
time,cubic,1.5,1000,114,24107,0.04662203550860573
time,cubic,1.5,1000,115,24108,0.05144543068262864
time,cubic,1.5,1000,116,24109,0.022515559689743808
time,cubic,1.5,1000,117,24110,0.0439253128091214
time,cubic,1.5,1000,118,24111,0.03909950290342827
time,cubic,1.5,1000,119,24112,0.06865628117788415
time,cubic,1.5,1000,120,24113,0.047877669333918835
time,cubic,1.5,1000,121,24114,0.03845465873735643
time,cubic,1.5,1000,122,24115,0.019613552551015954
time,cubic,1.5,1000,123,24116,0.049445655418617444
time,cubic,1.5,1000,124,24117,0.03567822768786841
time,cubic,1.5,1000,125,24118,0.06614879448562894
time,cubic,1.5,1000,126,24119,0.024166803642172243
time,cubic,1.5,1000,127,24120,0.020751357636539482
time,cubic,1.5,1000,128,24121,0.0353471826872607
time,cubic,1.5,1000,129,24122,0.06863258213873145
time,cubic,1.5,1000,130,24123,0.025232118693899883
time,cubic,1.5,1000,131,24124,0.0630940055404208
time,cubic,1.5,1000,132,24125,0.02399096101520575
time,cubic,1.5,1000,133,24126,0.04230220724420123
time,cubic,1.5,1000,134,24127,0.02606646099788337
time,cubic,1.5,1000,135,24128,0.031189323766591413
time,cubic,1.5,1000,136,24129,0.06969541511473384
time,cubic,1.5,1000,137,24130,0.027257256564631783
time,cubic,1.5,1000,138,24131,0.05110275114886675
time,cubic,1.5,1000,139,24132,0.03148197182285855
time,cubic,1.5,1000,140,24133,0.02381764668312283
time,cubic,1.5,1000,141,24134,0.02445390069598529
time,cubic,1.5,1000,142,24135,0.026502266595919474
time,cubic,1.5,1000,143,24136,0.05053060866409569
time,cubic,1.5,1000,144,24137,0.04946706799292004
time,cubic,1.5,1000,145,24138,0.02400780607547004
time,cubic,1.5,1000,146,24139,0.02761296045530699
time,cubic,1.5,1000,147,24140,0.03508316957429858
time,cubic,1.5,1000,148,24141,0.053985907984869706
time,cubic,1.5,1000,149,24142,0.05058452848881326
time,cubic,1.5,1000,150,24143,0.023283693013179434
time,cubic,1.5,1000,151,24144,0.033195001858287894
time,cubic,1.5,1000,152,24145,0.025184504738925716
time,cubic,1.5,1000,153,24146,0.05033350192190732
time,cubic,1.5,1000,154,24147,0.02850857830990358
time,cubic,1.5,1000,155,24148,0.02285882150155652
time,cubic,1.5,1000,156,24149,0.026860590822092276
time,cubic,1.5,1000,157,24150,0.03630825403725909
time,cubic,1.5,1000,158,24151,0.022766423377598457
time,cubic,1.5,1000,159,24152,0.022064886819144414
time,cubic,1.5,1000,160,24153,0.02743505306831385
time,cubic,1.5,1000,161,24154,0.03157747625063429
time,cubic,1.5,1000,162,24155,0.022061233958966423
time,cubic,1.5,1000,163,24156,0.03791587232159136
time,cubic,1.5,1000,164,24157,0.0201719609897509
time,cubic,1.5,1000,165,24158,0.02916270285374682
time,cubic,1.5,1000,166,24159,0.05203541995094564
time,cubic,1.5,1000,167,24160,0.018385912119994893
time,cubic,1.5,1000,168,24161,0.022436583684289378
time,cubic,1.5,1000,169,24162,0.022200050326756086
time,cubic,1.5,1000,170,24163,0.035054111668857094
time,cubic,1.5,1000,171,24164,0.03822788272010505
time,cubic,1.5,1000,172,24165,0.029088442369836355
time,cubic,1.5,1000,173,24166,0.031706744571991255
time,cubic,1.5,1000,174,24167,0.021652755263582738
time,cubic,1.5,1000,175,24168,0.024262217823541467
time,cubic,1.5,1000,176,24169,0.03683241028059747
time,cubic,1.5,1000,177,24170,0.02769501336342997
time,cubic,1.5,1000,178,24171,0.02261596094256912
time,cubic,1.5,1000,179,24172,0.039776370737980495
time,cubic,1.5,1000,180,24173,0.028339845223685618
time,cubic,1.5,1000,181,24174,0.02504243109971831
time,cubic,1.5,1000,182,24175,0.020260384328229675
time,cubic,1.5,1000,183,24176,0.053797651302572885
time,cubic,1.5,1000,184,24177,0.036664715392048096
time,cubic,1.5,1000,185,24178,0.022129519560334
time,cubic,1.5,1000,186,24179,0.023958422435900777
time,cubic,1.5,1000,187,24180,0.027905394432758447
time,cubic,1.5,1000,188,24181,0.03296074419910541
time,cubic,1.5,1000,189,24182,0.023289381682185924
time,cubic,1.5,1000,190,24183,0.029329670363886413
time,cubic,1.5,1000,191,24184,0.035675279514705116
time,cubic,1.5,1000,192,24185,0.02547961014971834
time,cubic,1.5,1000,193,24186,0.053473894004237986
time,cubic,1.5,1000,194,24187,0.028818049517397522
time,cubic,1.5,1000,195,24188,0.04701460774080379
time,cubic,1.5,1000,196,24189,0.04644955712529428
time,cubic,1.5,1000,197,24190,0.04710889064527626
time,cubic,1.5,1000,198,24191,0.02804683606235259
time,cubic,1.5,1000,199,24192,0.019068324818438356
time,cubic,1.6666666666666665,1000,0,24960,0.031219264888170943
time,cubic,1.6666666666666665,1000,1,24961,0.030717968011982004
time,cubic,1.6666666666666665,1000,2,24962,0.040167184266306055
time,cubic,1.6666666666666665,1000,3,24963,0.04297023636627456
time,cubic,1.6666666666666665,1000,4,24964,0.03740638066834325
time,cubic,1.6666666666666665,1000,5,24965,0.018362014259349368
time,cubic,1.6666666666666665,1000,6,24966,0.021272094681727846
time,cubic,1.6666666666666665,1000,7,24967,0.023570198646794223
time,cubic,1.6666666666666665,1000,8,24968,0.03808999920147798
time,cubic,1.6666666666666665,1000,9,24969,0.02421244356405731
time,cubic,1.6666666666666665,1000,10,24970,0.027735593591832645
time,cubic,1.6666666666666665,1000,11,24971,0.03473668242799454
time,cubic,1.6666666666666665,1000,12,24972,0.030456236669637246
time,cubic,1.6666666666666665,1000,13,24973,0.027428788791333102
time,cubic,1.6666666666666665,1000,14,24974,0.0364855582169249
time,cubic,1.6666666666666665,1000,15,24975,0.017756108590452013
time,cubic,1.6666666666666665,1000,16,24976,0.04632194109893967
time,cubic,1.6666666666666665,1000,17,24977,0.03389421054627684
time,cubic,1.6666666666666665,1000,18,24978,0.03404981516689122
time,cubic,1.6666666666666665,1000,19,24979,0.02004221837528821
time,cubic,1.6666666666666665,1000,20,24980,0.021784987503514257
time,cubic,1.6666666666666665,1000,21,24981,0.01975357909612221
time,cubic,1.6666666666666665,1000,22,24982,0.05499984818931018
time,cubic,1.6666666666666665,1000,23,24983,0.023353752846112193
time,cubic,1.6666666666666665,1000,24,24984,0.022096841429562766
time,cubic,1.6666666666666665,1000,25,24985,0.01992827766996745
time,cubic,1.6666666666666665,1000,26,24986,0.015809523400285644
time,cubic,1.6666666666666665,1000,27,24987,0.0616879659007863
time,cubic,1.6666666666666665,1000,28,24988,0.021736980182942178
time,cubic,1.6666666666666665,1000,29,24989,0.03024973573197409
time,cubic,1.6666666666666665,1000,30,24990,0.02421497643230861
time,cubic,1.6666666666666665,1000,31,24991,0.02950468247405506
time,cubic,1.6666666666666665,1000,32,24992,0.019770872158960576
time,cubic,1.6666666666666665,1000,33,24993,0.031770367733624905
time,cubic,1.6666666666666665,1000,34,24994,0.03630447787911386
time,cubic,1.6666666666666665,1000,35,24995,0.019478666701212052
time,cubic,1.6666666666666665,1000,36,24996,0.025386289325580277
time,cubic,1.6666666666666665,1000,37,24997,0.021187821126761815
time,cubic,1.6666666666666665,1000,38,24998,0.058427359449070786
time,cubic,1.6666666666666665,1000,39,24999,0.025546344326591724
time,cubic,1.6666666666666665,1000,40,25000,0.02536375383716779
time,cubic,1.6666666666666665,1000,41,25001,0.037840608758530715
time,cubic,1.6666666666666665,1000,42,25002,0.019971444011851365
time,cubic,1.6666666666666665,1000,43,25003,0.02222522115960178
time,cubic,1.6666666666666665,1000,44,25004,0.0358766244600906
time,cubic,1.6666666666666665,1000,45,25005,0.05090443698671367
time,cubic,1.6666666666666665,1000,46,25006,0.03691619325122198
time,cubic,1.6666666666666665,1000,47,25007,0.020480949555443318
time,cubic,1.6666666666666665,1000,48,25008,0.019369313681629946
time,cubic,1.6666666666666665,1000,49,25009,0.01965763008998974
time,cubic,1.6666666666666665,1000,50,25010,0.019497530887715782
time,cubic,1.6666666666666665,1000,51,25011,0.019650416382337006
time,cubic,1.6666666666666665,1000,52,25012,0.02556432011912407
time,cubic,1.6666666666666665,1000,53,25013,0.02766853622243675
time,cubic,1.6666666666666665,1000,54,25014,0.02579657632861346
time,cubic,1.6666666666666665,1000,55,25015,0.024685798493658356
time,cubic,1.6666666666666665,1000,56,25016,0.054453722982558316
time,cubic,1.6666666666666665,1000,57,25017,0.030553697128802317
time,cubic,1.6666666666666665,1000,58,25018,0.02790338083677601
time,cubic,1.6666666666666665,1000,59,25019,0.025056105561074148
time,cubic,1.6666666666666665,1000,60,25020,0.0185634444828682
time,cubic,1.6666666666666665,1000,61,25021,0.03311088721111778
time,cubic,1.6666666666666665,1000,62,25022,0.02240035431019464
time,cubic,1.6666666666666665,1000,63,25023,0.01798488262942655
time,cubic,1.6666666666666665,1000,64,25024,0.02013418953482059
time,cubic,1.6666666666666665,1000,65,25025,0.022486785989606226
time,cubic,1.6666666666666665,1000,66,25026,0.020433582377028484
time,cubic,1.6666666666666665,1000,67,25027,0.0442263488713512
time,cubic,1.6666666666666665,1000,68,25028,0.019864718863494234
time,cubic,1.6666666666666665,1000,69,25029,0.025579563798317707
time,cubic,1.6666666666666665,1000,70,25030,0.04795837874694672
time,cubic,1.6666666666666665,1000,71,25031,0.026364828756723368
time,cubic,1.6666666666666665,1000,72,25032,0.019809807818634242
time,cubic,1.6666666666666665,1000,73,25033,0.021600173954582254
time,cubic,1.6666666666666665,1000,74,25034,0.02127624817358851
time,cubic,1.6666666666666665,1000,75,25035,0.021774688371388108
time,cubic,1.6666666666666665,1000,76,25036,0.04202008674063114
time,cubic,1.6666666666666665,1000,77,25037,0.03536927369393088
time,cubic,1.6666666666666665,1000,78,25038,0.029661809456837003
time,cubic,1.6666666666666665,1000,79,25039,0.02819577136660472
time,cubic,1.6666666666666665,1000,80,25040,0.040113722490014374
time,cubic,1.6666666666666665,1000,81,25041,0.06094458422556979
time,cubic,1.6666666666666665,1000,82,25042,0.018982226284839854
time,cubic,1.6666666666666665,1000,83,25043,0.03697263234575178
time,cubic,1.6666666666666665,1000,84,25044,0.017388909495343826
time,cubic,1.6666666666666665,1000,85,25045,0.04300170234548541
time,cubic,1.6666666666666665,1000,86,25046,0.03854107478792161
time,cubic,1.6666666666666665,1000,87,25047,0.01751846352043435
time,cubic,1.6666666666666665,1000,88,25048,0.03224918729860098
time,cubic,1.6666666666666665,1000,89,25049,0.035357933248105544
time,cubic,1.6666666666666665,1000,90,25050,0.017751245475520632
time,cubic,1.6666666666666665,1000,91,25051,0.041109243698726934
time,cubic,1.6666666666666665,1000,92,25052,0.05081108969841599
time,cubic,1.6666666666666665,1000,93,25053,0.0690832202497884
time,cubic,1.6666666666666665,1000,94,25054,0.03337994425462081
time,cubic,1.6666666666666665,1000,95,25055,0.01802333529254649
time,cubic,1.6666666666666665,1000,96,25056,0.03003696365283668
time,cubic,1.6666666666666665,1000,97,25057,0.02105904377120373
time,cubic,1.6666666666666665,1000,98,25058,0.018692633375824705
time,cubic,1.6666666666666665,1000,99,25059,0.023249881926654094
time,cubic,1.6666666666666665,1000,100,25060,0.04061704684971811
time,cubic,1.6666666666666665,1000,101,25061,0.03839991408184127
time,cubic,1.6666666666666665,1000,102,25062,0.032035077192771204
time,cubic,1.6666666666666665,1000,103,25063,0.03562152494209172
time,cubic,1.6666666666666665,1000,104,25064,0.05059054273675818
time,cubic,1.6666666666666665,1000,105,25065,0.018371091310308754
time,cubic,1.6666666666666665,1000,106,25066,0.02642548715765179
time,cubic,1.6666666666666665,1000,107,25067,0.04426466588179692
time,cubic,1.6666666666666665,1000,108,25068,0.03569069208514368
time,cubic,1.6666666666666665,1000,109,25069,0.02111497576763101
time,cubic,1.6666666666666665,1000,110,25070,0.021860961278144988
time,cubic,1.6666666666666665,1000,111,25071,0.0211505920295613
time,cubic,1.6666666666666665,1000,112,25072,0.019611965173547966
time,cubic,1.6666666666666665,1000,113,25073,0.04931284245884233
time,cubic,1.6666666666666665,1000,114,25074,0.02484614017660573
time,cubic,1.6666666666666665,1000,115,25075,0.01543510684740761
time,cubic,1.6666666666666665,1000,116,25076,0.01886777891790066
time,cubic,1.6666666666666665,1000,117,25077,0.032811546097595685
time,cubic,1.6666666666666665,1000,118,25078,0.024699331991541295
time,cubic,1.6666666666666665,1000,119,25079,0.04911177528398497
time,cubic,1.6666666666666665,1000,120,25080,0.02238192259387779
time,cubic,1.6666666666666665,1000,121,25081,0.030825090619190684
time,cubic,1.6666666666666665,1000,122,25082,0.02338913950309174
time,cubic,1.6666666666666665,1000,123,25083,0.023936982278962415
time,cubic,1.6666666666666665,1000,124,25084,0.027162491300075167
time,cubic,1.6666666666666665,1000,125,25085,0.042631938462375285
time,cubic,1.6666666666666665,1000,126,25086,0.046925902084359816
time,cubic,1.6666666666666665,1000,127,25087,0.02652356984481454
time,cubic,1.6666666666666665,1000,128,25088,0.021807927274813267
time,cubic,1.6666666666666665,1000,129,25089,0.020887468845306456
time,cubic,1.6666666666666665,1000,130,25090,0.0458321037710823
time,cubic,1.6666666666666665,1000,131,25091,0.03433358461114887
time,cubic,1.6666666666666665,1000,132,25092,0.038349637681307225
time,cubic,1.6666666666666665,1000,133,25093,0.02766784479737195
time,cubic,1.6666666666666665,1000,134,25094,0.025599073626957552
time,cubic,1.6666666666666665,1000,135,25095,0.058071468334020215
time,cubic,1.6666666666666665,1000,136,25096,0.026757984963646383
time,cubic,1.6666666666666665,1000,137,25097,0.05717444347749271
time,cubic,1.6666666666666665,1000,138,25098,0.018126206781514227
time,cubic,1.6666666666666665,1000,139,25099,0.02342330120988586
time,cubic,1.6666666666666665,1000,140,25100,0.020027673587932723
time,cubic,1.6666666666666665,1000,141,25101,0.022697324802258865
time,cubic,1.6666666666666665,1000,142,25102,0.024287453833929905
time,cubic,1.6666666666666665,1000,143,25103,0.031626890788911476
time,cubic,1.6666666666666665,1000,144,25104,0.034942610629451996
time,cubic,1.6666666666666665,1000,145,25105,0.01969285766008747
time,cubic,1.6666666666666665,1000,146,25106,0.025632369519834997
time,cubic,1.6666666666666665,1000,147,25107,0.03298440215591157
time,cubic,1.6666666666666665,1000,148,25108,0.047939568870533064
time,cubic,1.6666666666666665,1000,149,25109,0.030900622104743647
time,cubic,1.6666666666666665,1000,150,25110,0.040629148396023766
time,cubic,1.6666666666666665,1000,151,25111,0.024057236945736526
time,cubic,1.6666666666666665,1000,152,25112,0.02140478493380514
time,cubic,1.6666666666666665,1000,153,25113,0.06758604712749434
time,cubic,1.6666666666666665,1000,154,25114,0.018530226762860754
time,cubic,1.6666666666666665,1000,155,25115,0.0271264530444149
time,cubic,1.6666666666666665,1000,156,25116,0.023670034212837372
time,cubic,1.6666666666666665,1000,157,25117,0.02124943061318707
time,cubic,1.6666666666666665,1000,158,25118,0.02073185723626451
time,cubic,1.6666666666666665,1000,159,25119,0.03351153994071743
time,cubic,1.6666666666666665,1000,160,25120,0.02237211546265264
time,cubic,1.6666666666666665,1000,161,25121,0.0464262238526729
time,cubic,1.6666666666666665,1000,162,25122,0.03653030235440665
time,cubic,1.6666666666666665,1000,163,25123,0.019055355598846965
time,cubic,1.6666666666666665,1000,164,25124,0.026348505284460595
time,cubic,1.6666666666666665,1000,165,25125,0.04271595188976222
time,cubic,1.6666666666666665,1000,166,25126,0.024213187520105876
time,cubic,1.6666666666666665,1000,167,25127,0.034195802739596715
time,cubic,1.6666666666666665,1000,168,25128,0.023206165199867467
time,cubic,1.6666666666666665,1000,169,25129,0.05491029728001297
time,cubic,1.6666666666666665,1000,170,25130,0.03234328166504102
time,cubic,1.6666666666666665,1000,171,25131,0.041675686350836925
time,cubic,1.6666666666666665,1000,172,25132,0.02542954278753137
time,cubic,1.6666666666666665,1000,173,25133,0.02299136173568446
time,cubic,1.6666666666666665,1000,174,25134,0.03197604460450508
time,cubic,1.6666666666666665,1000,175,25135,0.017498621957807405
time,cubic,1.6666666666666665,1000,176,25136,0.022771405302477576
time,cubic,1.6666666666666665,1000,177,25137,0.020756545568801466
time,cubic,1.6666666666666665,1000,178,25138,0.04397792349581594
time,cubic,1.6666666666666665,1000,179,25139,0.04277198911906437
time,cubic,1.6666666666666665,1000,180,25140,0.040929597865035416
time,cubic,1.6666666666666665,1000,181,25141,0.02472894549502514
time,cubic,1.6666666666666665,1000,182,25142,0.019806771035271127
time,cubic,1.6666666666666665,1000,183,25143,0.029721751170833255
time,cubic,1.6666666666666665,1000,184,25144,0.01927829408114707
time,cubic,1.6666666666666665,1000,185,25145,0.025431736701160453
time,cubic,1.6666666666666665,1000,186,25146,0.032634305950150745
time,cubic,1.6666666666666665,1000,187,25147,0.03282169299300204
time,cubic,1.6666666666666665,1000,188,25148,0.026699820690136482
time,cubic,1.6666666666666665,1000,189,25149,0.05489098194787402
time,cubic,1.6666666666666665,1000,190,25150,0.019872742676615526
time,cubic,1.6666666666666665,1000,191,25151,0.040759802069839826
time,cubic,1.6666666666666665,1000,192,25152,0.036656030577067004
time,cubic,1.6666666666666665,1000,193,25153,0.0211385684041465
time,cubic,1.6666666666666665,1000,194,25154,0.020324311126801574
time,cubic,1.6666666666666665,1000,195,25155,0.021417102616628568
time,cubic,1.6666666666666665,1000,196,25156,0.023705946501984588
time,cubic,1.6666666666666665,1000,197,25157,0.02240438669474191
time,cubic,1.6666666666666665,1000,198,25158,0.025265126724444493
time,cubic,1.6666666666666665,1000,199,25159,0.03814571496676726
time,cubic,1.8333333333333333,1000,0,24509,0.021222210050240643
time,cubic,1.8333333333333333,1000,1,24510,0.034877057690959695
time,cubic,1.8333333333333333,1000,2,24511,0.020665199687171145
time,cubic,1.8333333333333333,1000,3,24512,0.03946993897238023
time,cubic,1.8333333333333333,1000,4,24513,0.04142343242700996
time,cubic,1.8333333333333333,1000,5,24514,0.03109456774687107
time,cubic,1.8333333333333333,1000,6,24515,0.041669809265276976
time,cubic,1.8333333333333333,1000,7,24516,0.018438906114439997
time,cubic,1.8333333333333333,1000,8,24517,0.02124078180813721
time,cubic,1.8333333333333333,1000,9,24518,0.02505213201852822
time,cubic,1.8333333333333333,1000,10,24519,0.02170175200097636
time,cubic,1.8333333333333333,1000,11,24520,0.01665153277655253
time,cubic,1.8333333333333333,1000,12,24521,0.025989630937946314
time,cubic,1.8333333333333333,1000,13,24522,0.03257586091409873
time,cubic,1.8333333333333333,1000,14,24523,0.04387066064884902
time,cubic,1.8333333333333333,1000,15,24524,0.02314856839519841
time,cubic,1.8333333333333333,1000,16,24525,0.035844175320213785
time,cubic,1.8333333333333333,1000,17,24526,0.058680346891534514
time,cubic,1.8333333333333333,1000,18,24527,0.03531796516236265
time,cubic,1.8333333333333333,1000,19,24528,0.04216080592443801
time,cubic,1.8333333333333333,1000,20,24529,0.016422860222367053
time,cubic,1.8333333333333333,1000,21,24530,0.020276547529053297
time,cubic,1.8333333333333333,1000,22,24531,0.030011005548543974
time,cubic,1.8333333333333333,1000,23,24532,0.03148047777277573
time,cubic,1.8333333333333333,1000,24,24533,0.017979624578500244
time,cubic,1.8333333333333333,1000,25,24534,0.032608685299589366
time,cubic,1.8333333333333333,1000,26,24535,0.03560326618281982
time,cubic,1.8333333333333333,1000,27,24536,0.024545921341463224
time,cubic,1.8333333333333333,1000,28,24537,0.01966566668819519
time,cubic,1.8333333333333333,1000,29,24538,0.03544698594930957
time,cubic,1.8333333333333333,1000,30,24539,0.043195985494507434
time,cubic,1.8333333333333333,1000,31,24540,0.01901143320703114
time,cubic,1.8333333333333333,1000,32,24541,0.045871093801349294
time,cubic,1.8333333333333333,1000,33,24542,0.04282464897398034
time,cubic,1.8333333333333333,1000,34,24543,0.018427867941201163
time,cubic,1.8333333333333333,1000,35,24544,0.023188593774595753
time,cubic,1.8333333333333333,1000,36,24545,0.02349513663844439
time,cubic,1.8333333333333333,1000,37,24546,0.028425518422531274
time,cubic,1.8333333333333333,1000,38,24547,0.06459793904926663
time,cubic,1.8333333333333333,1000,39,24548,0.02140813752828228
time,cubic,1.8333333333333333,1000,40,24549,0.022084659579214492
time,cubic,1.8333333333333333,1000,41,24550,0.024008631336735642
time,cubic,1.8333333333333333,1000,42,24551,0.03424950245692347
time,cubic,1.8333333333333333,1000,43,24552,0.023422802295852686
time,cubic,1.8333333333333333,1000,44,24553,0.020600474802917094
time,cubic,1.8333333333333333,1000,45,24554,0.034959048228796516
time,cubic,1.8333333333333333,1000,46,24555,0.05071313240693105
time,cubic,1.8333333333333333,1000,47,24556,0.03474999476873035
time,cubic,1.8333333333333333,1000,48,24557,0.030946920849963012
time,cubic,1.8333333333333333,1000,49,24558,0.015886145837838848
time,cubic,1.8333333333333333,1000,50,24559,0.027869649972612334
time,cubic,1.8333333333333333,1000,51,24560,0.04458555655850577
time,cubic,1.8333333333333333,1000,52,24561,0.0239321557748671
time,cubic,1.8333333333333333,1000,53,24562,0.014982962458867079
time,cubic,1.8333333333333333,1000,54,24563,0.017654268104295233
time,cubic,1.8333333333333333,1000,55,24564,0.017700114600041516
time,cubic,1.8333333333333333,1000,56,24565,0.02607773517413807
time,cubic,1.8333333333333333,1000,57,24566,0.0218140067502598
time,cubic,1.8333333333333333,1000,58,24567,0.021295827855633585
time,cubic,1.8333333333333333,1000,59,24568,0.019817818867181737
time,cubic,1.8333333333333333,1000,60,24569,0.020920113047208692
time,cubic,1.8333333333333333,1000,61,24570,0.03131223899674648
time,cubic,1.8333333333333333,1000,62,24571,0.019905159448121528
time,cubic,1.8333333333333333,1000,63,24572,0.023959845002411873
time,cubic,1.8333333333333333,1000,64,24573,0.01761735916615775
time,cubic,1.8333333333333333,1000,65,24574,0.03186579153303717
time,cubic,1.8333333333333333,1000,66,24575,0.018103201933869564
time,cubic,1.8333333333333333,1000,67,24576,0.021038095636955172
time,cubic,1.8333333333333333,1000,68,24577,0.03640184087393827
time,cubic,1.8333333333333333,1000,69,24578,0.029785406209939594
time,cubic,1.8333333333333333,1000,70,24579,0.021584961847987937
time,cubic,1.8333333333333333,1000,71,24580,0.025898256903684243
time,cubic,1.8333333333333333,1000,72,24581,0.018454803738777028
time,cubic,1.8333333333333333,1000,73,24582,0.018404609311852074
time,cubic,1.8333333333333333,1000,74,24583,0.053200639890615485
time,cubic,1.8333333333333333,1000,75,24584,0.019599003166749836
time,cubic,1.8333333333333333,1000,76,24585,0.017902410948924703
time,cubic,1.8333333333333333,1000,77,24586,0.05088543164300963
time,cubic,1.8333333333333333,1000,78,24587,0.021947886856916492
time,cubic,1.8333333333333333,1000,79,24588,0.02058425198352941
time,cubic,1.8333333333333333,1000,80,24589,0.04406430512605835
time,cubic,1.8333333333333333,1000,81,24590,0.022054858103599324
time,cubic,1.8333333333333333,1000,82,24591,0.018592419854123226
time,cubic,1.8333333333333333,1000,83,24592,0.02761629005757181
time,cubic,1.8333333333333333,1000,84,24593,0.04838987273402954
time,cubic,1.8333333333333333,1000,85,24594,0.032529642617321115
time,cubic,1.8333333333333333,1000,86,24595,0.0379976202316739
time,cubic,1.8333333333333333,1000,87,24596,0.02613474900815779
time,cubic,1.8333333333333333,1000,88,24597,0.04809623102843788
time,cubic,1.8333333333333333,1000,89,24598,0.030272821690737757
time,cubic,1.8333333333333333,1000,90,24599,0.0332682737303269
time,cubic,1.8333333333333333,1000,91,24600,0.048875010716383144
time,cubic,1.8333333333333333,1000,92,24601,0.02991086826817447
time,cubic,1.8333333333333333,1000,93,24602,0.027456234812576606
time,cubic,1.8333333333333333,1000,94,24603,0.03531942285326392
time,cubic,1.8333333333333333,1000,95,24604,0.017685938820587742
time,cubic,1.8333333333333333,1000,96,24605,0.02179277030296221
time,cubic,1.8333333333333333,1000,97,24606,0.025538775066368195
time,cubic,1.8333333333333333,1000,98,24607,0.03787174263841496
time,cubic,1.8333333333333333,1000,99,24608,0.021984129422977183
time,cubic,1.8333333333333333,1000,100,24609,0.03605791541299329
time,cubic,1.8333333333333333,1000,101,24610,0.031621898405091546
time,cubic,1.8333333333333333,1000,102,24611,0.042905023732408926
time,cubic,1.8333333333333333,1000,103,24612,0.038025795339121864
time,cubic,1.8333333333333333,1000,104,24613,0.025992862613635603
time,cubic,1.8333333333333333,1000,105,24614,0.020880123501377742
time,cubic,1.8333333333333333,1000,106,24615,0.01942954778896468
time,cubic,1.8333333333333333,1000,107,24616,0.02785790485458643
time,cubic,1.8333333333333333,1000,108,24617,0.017329762662910933
time,cubic,1.8333333333333333,1000,109,24618,0.03529822168310907
time,cubic,1.8333333333333333,1000,110,24619,0.044843213533162105
time,cubic,1.8333333333333333,1000,111,24620,0.015386485739759093
time,cubic,1.8333333333333333,1000,112,24621,0.01630376407698597
time,cubic,1.8333333333333333,1000,113,24622,0.017892317527473518
time,cubic,1.8333333333333333,1000,114,24623,0.019349712062014402
time,cubic,1.8333333333333333,1000,115,24624,0.031209645039587088
time,cubic,1.8333333333333333,1000,116,24625,0.021023633146758144
time,cubic,1.8333333333333333,1000,117,24626,0.022728271552189355
time,cubic,1.8333333333333333,1000,118,24627,0.018177870762570242
time,cubic,1.8333333333333333,1000,119,24628,0.024035575375921683
time,cubic,1.8333333333333333,1000,120,24629,0.019462117804428303
time,cubic,1.8333333333333333,1000,121,24630,0.025789421770208654
time,cubic,1.8333333333333333,1000,122,24631,0.019187973971617426
time,cubic,1.8333333333333333,1000,123,24632,0.036975299051803356
time,cubic,1.8333333333333333,1000,124,24633,0.019306816313405157
time,cubic,1.8333333333333333,1000,125,24634,0.027689254174833432
time,cubic,1.8333333333333333,1000,126,24635,0.04166788671789953
time,cubic,1.8333333333333333,1000,127,24636,0.016925165802291007
time,cubic,1.8333333333333333,1000,128,24637,0.017442986360841708
time,cubic,1.8333333333333333,1000,129,24638,0.026651052916718414
time,cubic,1.8333333333333333,1000,130,24639,0.01774963261455479
time,cubic,1.8333333333333333,1000,131,24640,0.017984864124286532
time,cubic,1.8333333333333333,1000,132,24641,0.031589006559160276
time,cubic,1.8333333333333333,1000,133,24642,0.04229894707924272
time,cubic,1.8333333333333333,1000,134,24643,0.01907958222475974
time,cubic,1.8333333333333333,1000,135,24644,0.023136173890440283
time,cubic,1.8333333333333333,1000,136,24645,0.019953902520019443
time,cubic,1.8333333333333333,1000,137,24646,0.049522334134199736
time,cubic,1.8333333333333333,1000,138,24647,0.04438467795438361
time,cubic,1.8333333333333333,1000,139,24648,0.01864416608004702
time,cubic,1.8333333333333333,1000,140,24649,0.021327381417766047
time,cubic,1.8333333333333333,1000,141,24650,0.045668933487306836
time,cubic,1.8333333333333333,1000,142,24651,0.026637398678643773
time,cubic,1.8333333333333333,1000,143,24652,0.03258662905936898
time,cubic,1.8333333333333333,1000,144,24653,0.024827230389144007
time,cubic,1.8333333333333333,1000,145,24654,0.03800261731981078
time,cubic,1.8333333333333333,1000,146,24655,0.029025494029749004
time,cubic,1.8333333333333333,1000,147,24656,0.01628790609944424
time,cubic,1.8333333333333333,1000,148,24657,0.04882005631129345
time,cubic,1.8333333333333333,1000,149,24658,0.01995652273817719
time,cubic,1.8333333333333333,1000,150,24659,0.03934819286518394
time,cubic,1.8333333333333333,1000,151,24660,0.03887619456342071
time,cubic,1.8333333333333333,1000,152,24661,0.05981647710560215
time,cubic,1.8333333333333333,1000,153,24662,0.01837535575323338
time,cubic,1.8333333333333333,1000,154,24663,0.021871279430812036
time,cubic,1.8333333333333333,1000,155,24664,0.025491434915594125
time,cubic,1.8333333333333333,1000,156,24665,0.03130085722944749
time,cubic,1.8333333333333333,1000,157,24666,0.020381180638445923
time,cubic,1.8333333333333333,1000,158,24667,0.05257144335379678
time,cubic,1.8333333333333333,1000,159,24668,0.02010203413541211
time,cubic,1.8333333333333333,1000,160,24669,0.028294103295490307
time,cubic,1.8333333333333333,1000,161,24670,0.03240641272510713
time,cubic,1.8333333333333333,1000,162,24671,0.025559633392054804
time,cubic,1.8333333333333333,1000,163,24672,0.05399686077605096
time,cubic,1.8333333333333333,1000,164,24673,0.0341709051162363
time,cubic,1.8333333333333333,1000,165,24674,0.04193560317731235
time,cubic,1.8333333333333333,1000,166,24675,0.022568741782501102
time,cubic,1.8333333333333333,1000,167,24676,0.027560959268353877
time,cubic,1.8333333333333333,1000,168,24677,0.03910134054559211
time,cubic,1.8333333333333333,1000,169,24678,0.05617010816498138
time,cubic,1.8333333333333333,1000,170,24679,0.027282189915037634
time,cubic,1.8333333333333333,1000,171,24680,0.025176505720408752
time,cubic,1.8333333333333333,1000,172,24681,0.04891073637639724
time,cubic,1.8333333333333333,1000,173,24682,0.023151091988854056
time,cubic,1.8333333333333333,1000,174,24683,0.030632316913725702
time,cubic,1.8333333333333333,1000,175,24684,0.03212537284685
time,cubic,1.8333333333333333,1000,176,24685,0.01616153995347954
time,cubic,1.8333333333333333,1000,177,24686,0.01808324784469248
time,cubic,1.8333333333333333,1000,178,24687,0.04029386934162506
time,cubic,1.8333333333333333,1000,179,24688,0.018467383555341013
time,cubic,1.8333333333333333,1000,180,24689,0.035070992399681554
time,cubic,1.8333333333333333,1000,181,24690,0.018290199496431153
time,cubic,1.8333333333333333,1000,182,24691,0.023961965522652378
time,cubic,1.8333333333333333,1000,183,24692,0.03124727736857838
time,cubic,1.8333333333333333,1000,184,24693,0.017221179088197393
time,cubic,1.8333333333333333,1000,185,24694,0.017242074268608278
time,cubic,1.8333333333333333,1000,186,24695,0.026809822623637316
time,cubic,1.8333333333333333,1000,187,24696,0.027969544163229748
time,cubic,1.8333333333333333,1000,188,24697,0.027449587144788446
time,cubic,1.8333333333333333,1000,189,24698,0.01739894189470536
time,cubic,1.8333333333333333,1000,190,24699,0.03702994705376758
time,cubic,1.8333333333333333,1000,191,24700,0.030853905580806158
time,cubic,1.8333333333333333,1000,192,24701,0.03150550740165768
time,cubic,1.8333333333333333,1000,193,24702,0.021924770825032636
time,cubic,1.8333333333333333,1000,194,24703,0.019181974790221056
time,cubic,1.8333333333333333,1000,195,24704,0.028841036381069052
time,cubic,1.8333333333333333,1000,196,24705,0.022401353055867317
time,cubic,1.8333333333333333,1000,197,24706,0.022700935969324133
time,cubic,1.8333333333333333,1000,198,24707,0.05098360294341336
time,cubic,1.8333333333333333,1000,199,24708,0.018596155101504037
time,cubic,2.0,1000,0,23919,0.017246554266570242
time,cubic,2.0,1000,1,23920,0.01999030396375626
time,cubic,2.0,1000,2,23921,0.03918979085724732
time,cubic,2.0,1000,3,23922,0.033884927585166855
time,cubic,2.0,1000,4,23923,0.013892140782591848
time,cubic,2.0,1000,5,23924,0.02397825230379806
time,cubic,2.0,1000,6,23925,0.018795157820633714
time,cubic,2.0,1000,7,23926,0.01940157294381048
time,cubic,2.0,1000,8,23927,0.018301393897277047
time,cubic,2.0,1000,9,23928,0.03523954368325379
time,cubic,2.0,1000,10,23929,0.02847732797080431
time,cubic,2.0,1000,11,23930,0.02359774000416622
time,cubic,2.0,1000,12,23931,0.05959467845540409
time,cubic,2.0,1000,13,23932,0.06387266305283541
time,cubic,2.0,1000,14,23933,0.032744920868541395
time,cubic,2.0,1000,15,23934,0.02022066685623687
time,cubic,2.0,1000,16,23935,0.022518753103598767
time,cubic,2.0,1000,17,23936,0.05996516823899508
time,cubic,2.0,1000,18,23937,0.028390927260507633
time,cubic,2.0,1000,19,23938,0.03619028374228873
time,cubic,2.0,1000,20,23939,0.02344287863290772
time,cubic,2.0,1000,21,23940,0.02756589354096039
time,cubic,2.0,1000,22,23941,0.055975743828854466
time,cubic,2.0,1000,23,23942,0.022170167867132502
time,cubic,2.0,1000,24,23943,0.055760203330339854
time,cubic,2.0,1000,25,23944,0.04982058525670963
time,cubic,2.0,1000,26,23945,0.02521835454433889
time,cubic,2.0,1000,27,23946,0.018642972875444287
time,cubic,2.0,1000,28,23947,0.02572350666306769
time,cubic,2.0,1000,29,23948,0.02210899608277249
time,cubic,2.0,1000,30,23949,0.015965298727238224
time,cubic,2.0,1000,31,23950,0.017932021625773193
time,cubic,2.0,1000,32,23951,0.0186039672901367
time,cubic,2.0,1000,33,23952,0.025665331164414894
time,cubic,2.0,1000,34,23953,0.05782829529185135
time,cubic,2.0,1000,35,23954,0.02695187097360848
time,cubic,2.0,1000,36,23955,0.01955989526270815
time,cubic,2.0,1000,37,23956,0.017875493129896898
time,cubic,2.0,1000,38,23957,0.02344931881437009
time,cubic,2.0,1000,39,23958,0.019612943614047796
time,cubic,2.0,1000,40,23959,0.03235859080664246
time,cubic,2.0,1000,41,23960,0.014610904263207478
time,cubic,2.0,1000,42,23961,0.03118727573364468
time,cubic,2.0,1000,43,23962,0.039632967235381615
time,cubic,2.0,1000,44,23963,0.02616591463497186
time,cubic,2.0,1000,45,23964,0.042918605122759516
time,cubic,2.0,1000,46,23965,0.02769047576275746
time,cubic,2.0,1000,47,23966,0.03290255448268882
time,cubic,2.0,1000,48,23967,0.061639675470950145
time,cubic,2.0,1000,49,23968,0.054904918886656676
time,cubic,2.0,1000,50,23969,0.01723437234108935
time,cubic,2.0,1000,51,23970,0.021906272631976774
time,cubic,2.0,1000,52,23971,0.03968682169481098
time,cubic,2.0,1000,53,23972,0.014175617194493013
time,cubic,2.0,1000,54,23973,0.0392339280960436
time,cubic,2.0,1000,55,23974,0.026533879927651275
time,cubic,2.0,1000,56,23975,0.03747057007156152
time,cubic,2.0,1000,57,23976,0.023037779645414782
time,cubic,2.0,1000,58,23977,0.03596380231221041
time,cubic,2.0,1000,59,23978,0.06939506005693723
time,cubic,2.0,1000,60,23979,0.01685957056797065
time,cubic,2.0,1000,61,23980,0.020643947800382922
time,cubic,2.0,1000,62,23981,0.04119620192755329
time,cubic,2.0,1000,63,23982,0.014181259735418648
time,cubic,2.0,1000,64,23983,0.023958691841518345
time,cubic,2.0,1000,65,23984,0.018235550392172697
time,cubic,2.0,1000,66,23985,0.028225477840310376
time,cubic,2.0,1000,67,23986,0.024262744049854693
time,cubic,2.0,1000,68,23987,0.01748483211055498
time,cubic,2.0,1000,69,23988,0.043273597003835894
time,cubic,2.0,1000,70,23989,0.023630590383490222
time,cubic,2.0,1000,71,23990,0.032523521790450774
time,cubic,2.0,1000,72,23991,0.0231593044250701
time,cubic,2.0,1000,73,23992,0.03872709071248701
time,cubic,2.0,1000,74,23993,0.04623910109384636
time,cubic,2.0,1000,75,23994,0.03429746101814049
time,cubic,2.0,1000,76,23995,0.03520374040556742
time,cubic,2.0,1000,77,23996,0.02510229414593612
time,cubic,2.0,1000,78,23997,0.044106489111945375
time,cubic,2.0,1000,79,23998,0.040824203017889665
time,cubic,2.0,1000,80,23999,0.03456137273559135
time,cubic,2.0,1000,81,24000,0.01681984185798017
time,cubic,2.0,1000,82,24001,0.028924439267408016
time,cubic,2.0,1000,83,24002,0.028116840925975477
time,cubic,2.0,1000,84,24003,0.02654318703195371
time,cubic,2.0,1000,85,24004,0.020449549769823567
time,cubic,2.0,1000,86,24005,0.06755409701003812
time,cubic,2.0,1000,87,24006,0.051789902961429816
time,cubic,2.0,1000,88,24007,0.021062458331428564
time,cubic,2.0,1000,89,24008,0.044197597277391185
time,cubic,2.0,1000,90,24009,0.023238987554176846
time,cubic,2.0,1000,91,24010,0.051902570125607256
time,cubic,2.0,1000,92,24011,0.0225310389005327
time,cubic,2.0,1000,93,24012,0.02423286190715549
time,cubic,2.0,1000,94,24013,0.028040510465690147
time,cubic,2.0,1000,95,24014,0.018785051333430353
time,cubic,2.0,1000,96,24015,0.04294681954981775
time,cubic,2.0,1000,97,24016,0.01790867941093162
time,cubic,2.0,1000,98,24017,0.01899949071498008
time,cubic,2.0,1000,99,24018,0.04380674131761668
time,cubic,2.0,1000,100,24019,0.019453272432435182
time,cubic,2.0,1000,101,24020,0.04396817888556778
time,cubic,2.0,1000,102,24021,0.02937993697316696
time,cubic,2.0,1000,103,24022,0.015999171507291934
time,cubic,2.0,1000,104,24023,0.03404790867678174
time,cubic,2.0,1000,105,24024,0.015246284113325036
time,cubic,2.0,1000,106,24025,0.03426926818879022
time,cubic,2.0,1000,107,24026,0.014251458345484302
time,cubic,2.0,1000,108,24027,0.01908078838393574
time,cubic,2.0,1000,109,24028,0.020474917309052723
time,cubic,2.0,1000,110,24029,0.030468249127250775
time,cubic,2.0,1000,111,24030,0.039771906606587866
time,cubic,2.0,1000,112,24031,0.014477003700357677
time,cubic,2.0,1000,113,24032,0.05236281186226898
time,cubic,2.0,1000,114,24033,0.044885856282932485
time,cubic,2.0,1000,115,24034,0.018790081699300396
time,cubic,2.0,1000,116,24035,0.0341922992792447
time,cubic,2.0,1000,117,24036,0.029851331557826735
time,cubic,2.0,1000,118,24037,0.0209135308865635
time,cubic,2.0,1000,119,24038,0.02190682849916637
time,cubic,2.0,1000,120,24039,0.028520420321491175
time,cubic,2.0,1000,121,24040,0.03003152807191565
time,cubic,2.0,1000,122,24041,0.01988427993974998
time,cubic,2.0,1000,123,24042,0.017304305962933704
time,cubic,2.0,1000,124,24043,0.026497787235964822
time,cubic,2.0,1000,125,24044,0.02370860012199778
time,cubic,2.0,1000,126,24045,0.030493586859444848
time,cubic,2.0,1000,127,24046,0.05360394723505977
time,cubic,2.0,1000,128,24047,0.02726904655187426
time,cubic,2.0,1000,129,24048,0.04357427021771561
time,cubic,2.0,1000,130,24049,0.0249670889024974
time,cubic,2.0,1000,131,24050,0.02038922699352327
time,cubic,2.0,1000,132,24051,0.019660005837337933
time,cubic,2.0,1000,133,24052,0.047534025035896564
time,cubic,2.0,1000,134,24053,0.02940844319001712
time,cubic,2.0,1000,135,24054,0.04249614761342144
time,cubic,2.0,1000,136,24055,0.037422846394352484
time,cubic,2.0,1000,137,24056,0.04443570602752757
time,cubic,2.0,1000,138,24057,0.036244697217648114
time,cubic,2.0,1000,139,24058,0.033358829341809254
time,cubic,2.0,1000,140,24059,0.06520585544409808
time,cubic,2.0,1000,141,24060,0.01667717213290278
time,cubic,2.0,1000,142,24061,0.0256610578344768
time,cubic,2.0,1000,143,24062,0.019931305709425133
time,cubic,2.0,1000,144,24063,0.026272315496877897
time,cubic,2.0,1000,145,24064,0.04737793897560904
time,cubic,2.0,1000,146,24065,0.05329130427181807
time,cubic,2.0,1000,147,24066,0.02101154083217374
time,cubic,2.0,1000,148,24067,0.04446342141060062
time,cubic,2.0,1000,149,24068,0.03997237506793577
time,cubic,2.0,1000,150,24069,0.01823701304441126
time,cubic,2.0,1000,151,24070,0.020368009661851844
time,cubic,2.0,1000,152,24071,0.028780441999866506
time,cubic,2.0,1000,153,24072,0.02363846276693645
time,cubic,2.0,1000,154,24073,0.024743971922982826
time,cubic,2.0,1000,155,24074,0.039156451909611215
time,cubic,2.0,1000,156,24075,0.039054988946430794
time,cubic,2.0,1000,157,24076,0.013971183776702216
time,cubic,2.0,1000,158,24077,0.028221584834078356
time,cubic,2.0,1000,159,24078,0.023018729857612857
time,cubic,2.0,1000,160,24079,0.03860224589003874
time,cubic,2.0,1000,161,24080,0.012958290429296774
time,cubic,2.0,1000,162,24081,0.030124433984154066
time,cubic,2.0,1000,163,24082,0.042926544777684816
time,cubic,2.0,1000,164,24083,0.03657365820610437
time,cubic,2.0,1000,165,24084,0.04901260753056716
time,cubic,2.0,1000,166,24085,0.04716764819761756
time,cubic,2.0,1000,167,24086,0.03314524761820595
time,cubic,2.0,1000,168,24087,0.03826633944749775
time,cubic,2.0,1000,169,24088,0.03421665383483775
time,cubic,2.0,1000,170,24089,0.01895500714164407
time,cubic,2.0,1000,171,24090,0.01771457304050666
time,cubic,2.0,1000,172,24091,0.024773931692937255
time,cubic,2.0,1000,173,24092,0.02057299794975387
time,cubic,2.0,1000,174,24093,0.024364738536351703
time,cubic,2.0,1000,175,24094,0.027912253897026937
time,cubic,2.0,1000,176,24095,0.022538587769844413
time,cubic,2.0,1000,177,24096,0.026816899878603764
time,cubic,2.0,1000,178,24097,0.02373238868903198
time,cubic,2.0,1000,179,24098,0.020999396423533576
time,cubic,2.0,1000,180,24099,0.03390652635666169
time,cubic,2.0,1000,181,24100,0.016191982610198774
time,cubic,2.0,1000,182,24101,0.024366050006688598
time,cubic,2.0,1000,183,24102,0.044634254426658776
time,cubic,2.0,1000,184,24103,0.03908690401038379
time,cubic,2.0,1000,185,24104,0.03288285532220986
time,cubic,2.0,1000,186,24105,0.02730121332063344
time,cubic,2.0,1000,187,24106,0.019339410356744434
time,cubic,2.0,1000,188,24107,0.04155465457773002
time,cubic,2.0,1000,189,24108,0.04598567319081117
time,cubic,2.0,1000,190,24109,0.01878301502106479
time,cubic,2.0,1000,191,24110,0.03921113004191826
time,cubic,2.0,1000,192,24111,0.03492814212166564
time,cubic,2.0,1000,193,24112,0.06093739016618192
time,cubic,2.0,1000,194,24113,0.04237545093226756
time,cubic,2.0,1000,195,24114,0.03420245527878654
time,cubic,2.0,1000,196,24115,0.015871426676872174
time,cubic,2.0,1000,197,24116,0.04418600929941216
time,cubic,2.0,1000,198,24117,0.03188088932054275
time,cubic,2.0,1000,199,24118,0.05863454020020969
sample,cubic,1.0,1000,0,32960,0.03871855645007398
sample,cubic,1.0,1000,1,32961,0.02954004015877025
sample,cubic,1.0,1000,2,32962,0.027861112072684786
sample,cubic,1.0,1000,3,32963,0.030089990744060744
sample,cubic,1.0,1000,4,32964,0.053531738790243734
sample,cubic,1.0,1000,5,32965,0.03938426698149492
sample,cubic,1.0,1000,6,32966,0.02776414228279147
sample,cubic,1.0,1000,7,32967,0.03300547185897079
sample,cubic,1.0,1000,8,32968,0.030884561417799605
sample,cubic,1.0,1000,9,32969,0.0433405052998375
sample,cubic,1.0,1000,10,32970,0.02456662787376397
sample,cubic,1.0,1000,11,32971,0.05128570857410658
sample,cubic,1.0,1000,12,32972,0.03308502135213989
sample,cubic,1.0,1000,13,32973,0.030491674796668214
sample,cubic,1.0,1000,14,32974,0.03994449496548767
sample,cubic,1.0,1000,15,32975,0.02679625326535291
sample,cubic,1.0,1000,16,32976,0.047522239252946304
sample,cubic,1.0,1000,17,32977,0.05456618329482209
sample,cubic,1.0,1000,18,32978,0.03584151201858568
sample,cubic,1.0,1000,19,32979,0.03574840569797609
sample,cubic,1.0,1000,20,32980,0.029182119443742167
sample,cubic,1.0,1000,21,32981,0.07009295572733158
sample,cubic,1.0,1000,22,32982,0.040230490149354245
sample,cubic,1.0,1000,23,32983,0.0561063244907832
sample,cubic,1.0,1000,24,32984,0.027768464608243844
sample,cubic,1.0,1000,25,32985,0.04286179010831177
sample,cubic,1.0,1000,26,32986,0.051292048417741355
sample,cubic,1.0,1000,27,32987,0.04107253590777818
sample,cubic,1.0,1000,28,32988,0.02494525211185813
sample,cubic,1.0,1000,29,32989,0.044286477233162744
sample,cubic,1.0,1000,30,32990,0.028367774634217573
sample,cubic,1.0,1000,31,32991,0.03264517503417122
sample,cubic,1.0,1000,32,32992,0.02639940035954613
sample,cubic,1.0,1000,33,32993,0.028116882175465607
sample,cubic,1.0,1000,34,32994,0.07787772937692665
sample,cubic,1.0,1000,35,32995,0.037548623553963933
sample,cubic,1.0,1000,36,32996,0.03052563730904172
sample,cubic,1.0,1000,37,32997,0.062462329093195906
sample,cubic,1.0,1000,38,32998,0.04235131850673724
sample,cubic,1.0,1000,39,32999,0.050299159451812736
sample,cubic,1.0,1000,40,33000,0.031583570047721665
sample,cubic,1.0,1000,41,33001,0.04092747099272263
sample,cubic,1.0,1000,42,33002,0.02455143371818211
sample,cubic,1.0,1000,43,33003,0.03259782433978861
sample,cubic,1.0,1000,44,33004,0.05305384129773656
sample,cubic,1.0,1000,45,33005,0.0348867774474176
sample,cubic,1.0,1000,46,33006,0.034142950750085756
sample,cubic,1.0,1000,47,33007,0.032920535616433086
sample,cubic,1.0,1000,48,33008,0.029204975050911654
sample,cubic,1.0,1000,49,33009,0.033006994673142595
sample,cubic,1.0,1000,50,33010,0.02645290652583977
sample,cubic,1.0,1000,51,33011,0.040778746575541445
sample,cubic,1.0,1000,52,33012,0.07576176908227321
sample,cubic,1.0,1000,53,33013,0.038054300322048
sample,cubic,1.0,1000,54,33014,0.028869364582478248
sample,cubic,1.0,1000,55,33015,0.031528833910879815
sample,cubic,1.0,1000,56,33016,0.029408021953248622
sample,cubic,1.0,1000,57,33017,0.024881270128940623
sample,cubic,1.0,1000,58,33018,0.030226502544986197
sample,cubic,1.0,1000,59,33019,0.031010383695063308
sample,cubic,1.0,1000,60,33020,0.0636764951757959
sample,cubic,1.0,1000,61,33021,0.08519245182470624
sample,cubic,1.0,1000,62,33022,0.030722692262794952
sample,cubic,1.0,1000,63,33023,0.02623003706593604
sample,cubic,1.0,1000,64,33024,0.03018281227318684
sample,cubic,1.0,1000,65,33025,0.03582459059801017
sample,cubic,1.0,1000,66,33026,0.03430907637741931
sample,cubic,1.0,1000,67,33027,0.02685437113733519
sample,cubic,1.0,1000,68,33028,0.031003264296191796
sample,cubic,1.0,1000,69,33029,0.028855978464981006
sample,cubic,1.0,1000,70,33030,0.030175524492317474
sample,cubic,1.0,1000,71,33031,0.042694931608110484
sample,cubic,1.0,1000,72,33032,0.08440691962444855
sample,cubic,1.0,1000,73,33033,0.050409676123453366
sample,cubic,1.0,1000,74,33034,0.056403686491483265
sample,cubic,1.0,1000,75,33035,0.03945329779097987
sample,cubic,1.0,1000,76,33036,0.03577676113773134
sample,cubic,1.0,1000,77,33037,0.03021087255372969
sample,cubic,1.0,1000,78,33038,0.03184419918510727
sample,cubic,1.0,1000,79,33039,0.031191035139757205
sample,cubic,1.0,1000,80,33040,0.037894667514150465
sample,cubic,1.0,1000,81,33041,0.02566452162361728
sample,cubic,1.0,1000,82,33042,0.02994814511469987
sample,cubic,1.0,1000,83,33043,0.06980651983237858
sample,cubic,1.0,1000,84,33044,0.05138826596189139
sample,cubic,1.0,1000,85,33045,0.033081237654708634
sample,cubic,1.0,1000,86,33046,0.0334232109585802
sample,cubic,1.0,1000,87,33047,0.04767677418248254
sample,cubic,1.0,1000,88,33048,0.05936157314229131
sample,cubic,1.0,1000,89,33049,0.04912727191374562
sample,cubic,1.0,1000,90,33050,0.02942301261808421
sample,cubic,1.0,1000,91,33051,0.07018559607879747
sample,cubic,1.0,1000,92,33052,0.026988898146197256
sample,cubic,1.0,1000,93,33053,0.02799090774667606
sample,cubic,1.0,1000,94,33054,0.04035220449686686
sample,cubic,1.0,1000,95,33055,0.03114126985466558
sample,cubic,1.0,1000,96,33056,0.06712893316755142
sample,cubic,1.0,1000,97,33057,0.037640200938255416
sample,cubic,1.0,1000,98,33058,0.02420923482373834
sample,cubic,1.0,1000,99,33059,0.03147309287311418
sample,cubic,1.0,1000,100,33060,0.0405633905308327
sample,cubic,1.0,1000,101,33061,0.02552975838362817
sample,cubic,1.0,1000,102,33062,0.0627540123563497
sample,cubic,1.0,1000,103,33063,0.024085895581398533
sample,cubic,1.0,1000,104,33064,0.03633483134517401
sample,cubic,1.0,1000,105,33065,0.031304407933529003
sample,cubic,1.0,1000,106,33066,0.05996037030715181
sample,cubic,1.0,1000,107,33067,0.06293813541302758
sample,cubic,1.0,1000,108,33068,0.02901011385842225
sample,cubic,1.0,1000,109,33069,0.03082117834631197
sample,cubic,1.0,1000,110,33070,0.03024777049284563
sample,cubic,1.0,1000,111,33071,0.030713588219136626
sample,cubic,1.0,1000,112,33072,0.029386132562295074
sample,cubic,1.0,1000,113,33073,0.051510240692899174
sample,cubic,1.0,1000,114,33074,0.038120898115500366
sample,cubic,1.0,1000,115,33075,0.02937267164990832
sample,cubic,1.0,1000,116,33076,0.06444138787800859
sample,cubic,1.0,1000,117,33077,0.04510740957844838
sample,cubic,1.0,1000,118,33078,0.06290205754909345
sample,cubic,1.0,1000,119,33079,0.0720881299868451
sample,cubic,1.0,1000,120,33080,0.05887279730078538
sample,cubic,1.0,1000,121,33081,0.034309792195626874
sample,cubic,1.0,1000,122,33082,0.0289755943722754
sample,cubic,1.0,1000,123,33083,0.03225668369933474
sample,cubic,1.0,1000,124,33084,0.04230478679418594
sample,cubic,1.0,1000,125,33085,0.029191652891647123
sample,cubic,1.0,1000,126,33086,0.0291946946735981
sample,cubic,1.0,1000,127,33087,0.0340246450337741
sample,cubic,1.0,1000,128,33088,0.09657336113746295
sample,cubic,1.0,1000,129,33089,0.02783442322191275
sample,cubic,1.0,1000,130,33090,0.03987475225370614
sample,cubic,1.0,1000,131,33091,0.03287957736925287
sample,cubic,1.0,1000,132,33092,0.0735203947586638
sample,cubic,1.0,1000,133,33093,0.09294193401782047
sample,cubic,1.0,1000,134,33094,0.056976775398657725
sample,cubic,1.0,1000,135,33095,0.030117140692379384
sample,cubic,1.0,1000,136,33096,0.025793573585815598
sample,cubic,1.0,1000,137,33097,0.03850123102972274
sample,cubic,1.0,1000,138,33098,0.034702263290928785
sample,cubic,1.0,1000,139,33099,0.0533621177033951
sample,cubic,1.0,1000,140,33100,0.05012558591496595
sample,cubic,1.0,1000,141,33101,0.025133280678162617
sample,cubic,1.0,1000,142,33102,0.03170349568984038
sample,cubic,1.0,1000,143,33103,0.0435508312991397
sample,cubic,1.0,1000,144,33104,0.046991792868257255
sample,cubic,1.0,1000,145,33105,0.035287702249396306
sample,cubic,1.0,1000,146,33106,0.07249828680622855
sample,cubic,1.0,1000,147,33107,0.028055976515907254
sample,cubic,1.0,1000,148,33108,0.03155698227509904
sample,cubic,1.0,1000,149,33109,0.035118967638553954
sample,cubic,1.0,1000,150,33110,0.03885342472424371
sample,cubic,1.0,1000,151,33111,0.048995377532809005
sample,cubic,1.0,1000,152,33112,0.04457897867710685
sample,cubic,1.0,1000,153,33113,0.05229771910665532
sample,cubic,1.0,1000,154,33114,0.032816901427443854
sample,cubic,1.0,1000,155,33115,0.03487110683217145
sample,cubic,1.0,1000,156,33116,0.032397697129997266
sample,cubic,1.0,1000,157,33117,0.03181219042382931
sample,cubic,1.0,1000,158,33118,0.03629038132348926
sample,cubic,1.0,1000,159,33119,0.049773171694728606
sample,cubic,1.0,1000,160,33120,0.029184858108740584
sample,cubic,1.0,1000,161,33121,0.06974212309822486
sample,cubic,1.0,1000,162,33122,0.03256640594977385
sample,cubic,1.0,1000,163,33123,0.02995269156255508
sample,cubic,1.0,1000,164,33124,0.056944994555492
sample,cubic,1.0,1000,165,33125,0.029746797796207914
sample,cubic,1.0,1000,166,33126,0.0319932051167476
sample,cubic,1.0,1000,167,33127,0.029301526572200157
sample,cubic,1.0,1000,168,33128,0.029047709907565396
sample,cubic,1.0,1000,169,33129,0.03036732200588272
sample,cubic,1.0,1000,170,33130,0.030916048818586395
sample,cubic,1.0,1000,171,33131,0.02889959592448946
sample,cubic,1.0,1000,172,33132,0.026351098589713504
sample,cubic,1.0,1000,173,33133,0.05796487628365162
sample,cubic,1.0,1000,174,33134,0.03486003734014572
sample,cubic,1.0,1000,175,33135,0.032119091562378105
sample,cubic,1.0,1000,176,33136,0.026113715918830126
sample,cubic,1.0,1000,177,33137,0.029441224252011317
sample,cubic,1.0,1000,178,33138,0.053884850493775914
sample,cubic,1.0,1000,179,33139,0.03577062127675539
sample,cubic,1.0,1000,180,33140,0.0331906179079284
sample,cubic,1.0,1000,181,33141,0.034350425209661764
sample,cubic,1.0,1000,182,33142,0.047282393889723995
sample,cubic,1.0,1000,183,33143,0.035609715865092074
sample,cubic,1.0,1000,184,33144,0.02470236602085308
sample,cubic,1.0,1000,185,33145,0.022836122355168003
sample,cubic,1.0,1000,186,33146,0.02510338904062518
sample,cubic,1.0,1000,187,33147,0.02482291966914879
sample,cubic,1.0,1000,188,33148,0.03299079196887467
sample,cubic,1.0,1000,189,33149,0.029627419106845406
sample,cubic,1.0,1000,190,33150,0.02656202984265428
sample,cubic,1.0,1000,191,33151,0.07135512180604694
sample,cubic,1.0,1000,192,33152,0.05711644237949761
sample,cubic,1.0,1000,193,33153,0.03015229166732817
sample,cubic,1.0,1000,194,33154,0.0658297758226152
sample,cubic,1.0,1000,195,33155,0.025904083777050696
sample,cubic,1.0,1000,196,33156,0.0288794513728042
sample,cubic,1.0,1000,197,33157,0.05485579092297155
sample,cubic,1.0,1000,198,33158,0.043052372629564954
sample,cubic,1.0,1000,199,33159,0.028541981293678922
sample,expanding,1.0,300,0,41947,0.3237163638628374
sample,expanding,1.0,300,1,41948,0.3114513449571794
sample,expanding,1.0,300,2,41949,0.32265860639374794
sample,expanding,1.0,300,3,41950,0.36816569727369797
sample,expanding,1.0,300,4,41951,0.340750344621456
sample,expanding,1.0,300,5,41952,0.3118156649323971
sample,expanding,1.0,300,6,41953,0.31773830493329897
sample,expanding,1.0,300,7,41954,0.34024801248923975
sample,expanding,1.0,300,8,41955,0.3661929965901082
sample,expanding,1.0,300,9,41956,0.3352466927528217
sample,expanding,1.0,300,10,41957,0.271267131191737
sample,expanding,1.0,300,11,41958,0.3696204754396141
sample,expanding,1.0,300,12,41959,0.37872529547331724
sample,expanding,1.0,300,13,41960,0.27644199760951377
sample,expanding,1.0,300,14,41961,0.3230804607329491
sample,expanding,1.0,300,15,41962,0.32507437597819766
sample,expanding,1.0,300,16,41963,0.28301606250454653
sample,expanding,1.0,300,17,41964,0.43702970808635794
sample,expanding,1.0,300,18,41965,0.37967103691050236
sample,expanding,1.0,300,19,41966,0.33875118625169753
sample,expanding,1.0,300,20,41967,0.3741877408139894
sample,expanding,1.0,300,21,41968,0.28774759557117996
sample,expanding,1.0,300,22,41969,0.3116613285014784
sample,expanding,1.0,300,23,41970,0.358961607552504
sample,expanding,1.0,300,24,41971,0.30905270530038215
sample,expanding,1.0,300,25,41972,0.31566873793991534
sample,expanding,1.0,300,26,41973,0.3321771845656467
sample,expanding,1.0,300,27,41974,0.27022217645711055
sample,expanding,1.0,300,28,41975,0.5507620015566939
sample,expanding,1.0,300,29,41976,0.2979571450431187
sample,expanding,1.0,300,30,41977,0.32861320663830407
sample,expanding,1.0,300,31,41978,0.32266291584659035
sample,expanding,1.0,300,32,41979,0.3873546092811747
sample,expanding,1.0,300,33,41980,0.45609808504228183
sample,expanding,1.0,300,34,41981,0.28508616251083296
sample,expanding,1.0,300,35,41982,0.312871009485873
sample,expanding,1.0,300,36,41983,0.3043721194857803
sample,expanding,1.0,300,37,41984,0.3074246579450153
sample,expanding,1.0,300,38,41985,0.39544761891745683
sample,expanding,1.0,300,39,41986,0.40900643031355566
sample,expanding,1.0,300,40,41987,0.3444165947272854
sample,expanding,1.0,300,41,41988,0.3207415524072103
sample,expanding,1.0,300,42,41989,0.4469354645253082
sample,expanding,1.0,300,43,41990,0.2806102943536938
sample,expanding,1.0,300,44,41991,0.38096895451450585
sample,expanding,1.0,300,45,41992,0.4030542730333976
sample,expanding,1.0,300,46,41993,0.3613589255700953
sample,expanding,1.0,300,47,41994,0.2982692482398858
sample,expanding,1.0,300,48,41995,0.39325239862571987
sample,expanding,1.0,300,49,41996,0.33126470922632756
sample,expanding,1.0,300,50,41997,0.3461036892931157
sample,expanding,1.0,300,51,41998,0.2687447932259684
sample,expanding,1.0,300,52,41999,0.48546557679743924
sample,expanding,1.0,300,53,42000,0.3510613154110378
sample,expanding,1.0,300,54,42001,0.3471553146066102
sample,expanding,1.0,300,55,42002,0.2904112399178552
sample,expanding,1.0,300,56,42003,0.4715613407757428
sample,expanding,1.0,300,57,42004,0.31136314364213286
sample,expanding,1.0,300,58,42005,0.37372049202236285
sample,expanding,1.0,300,59,42006,0.3337385695166581
sample,expanding,1.0,300,60,42007,0.3140586778770843
sample,expanding,1.0,300,61,42008,0.3320060374984127
sample,expanding,1.0,300,62,42009,0.35200381789232243
sample,expanding,1.0,300,63,42010,0.442140955098885
sample,expanding,1.0,300,64,42011,0.46057977546690376
sample,expanding,1.0,300,65,42012,0.3325225703934291
sample,expanding,1.0,300,66,42013,0.2783559124679417
sample,expanding,1.0,300,67,42014,0.3142540309943992
sample,expanding,1.0,300,68,42015,0.39418671072944267
sample,expanding,1.0,300,69,42016,0.27458581208834876
sample,expanding,1.0,300,70,42017,0.327116747158411
sample,expanding,1.0,300,71,42018,0.2898805709443864
sample,expanding,1.0,300,72,42019,0.30362329350810185
sample,expanding,1.0,300,73,42020,0.3179285101567742
sample,expanding,1.0,300,74,42021,0.32767209922571505
sample,expanding,1.0,300,75,42022,0.30181731746708257
sample,expanding,1.0,300,76,42023,0.4195926344414409
sample,expanding,1.0,300,77,42024,0.2887847058702241
sample,expanding,1.0,300,78,42025,0.3299411197208313
sample,expanding,1.0,300,79,42026,0.3248142110242547
sample,expanding,1.0,300,80,42027,0.2825995034132586
sample,expanding,1.0,300,81,42028,0.3226625186887106
sample,expanding,1.0,300,82,42029,0.2783951594333288
sample,expanding,1.0,300,83,42030,0.527092514573604
sample,expanding,1.0,300,84,42031,0.3511551654715986
sample,expanding,1.0,300,85,42032,0.40350063857800034
sample,expanding,1.0,300,86,42033,0.3133110013036169
sample,expanding,1.0,300,87,42034,0.3456501690453009
sample,expanding,1.0,300,88,42035,0.3764736995689002
sample,expanding,1.0,300,89,42036,0.5675581032019792
sample,expanding,1.0,300,90,42037,0.32116895007684254
sample,expanding,1.0,300,91,42038,0.3987269269071378
sample,expanding,1.0,300,92,42039,0.2915269928152472
sample,expanding,1.0,300,93,42040,0.2691036136727918
sample,expanding,1.0,300,94,42041,0.3577549736561118
sample,expanding,1.0,300,95,42042,0.293326712969064
sample,expanding,1.0,300,96,42043,0.36871307838796147
sample,expanding,1.0,300,97,42044,0.3181534126108508
sample,expanding,1.0,300,98,42045,0.3113218553400886
sample,expanding,1.0,300,99,42046,0.33896811457997444
sample,expanding,1.0,300,100,42047,0.3167065198076719
sample,expanding,1.0,300,101,42048,0.36614705332739444
sample,expanding,1.0,300,102,42049,0.3439262801109395
sample,expanding,1.0,300,103,42050,0.36148438057006554
sample,expanding,1.0,300,104,42051,0.3033186251642413
sample,expanding,1.0,300,105,42052,0.3057545623759346
sample,expanding,1.0,300,106,42053,0.2915553665355391
sample,expanding,1.0,300,107,42054,0.2583576747986617
sample,expanding,1.0,300,108,42055,0.3167784977102127
sample,expanding,1.0,300,109,42056,0.280549052263193
sample,expanding,1.0,300,110,42057,0.28606206860820504
sample,expanding,1.0,300,111,42058,0.3379100094074753
sample,expanding,1.0,300,112,42059,0.45012021861154233
sample,expanding,1.0,300,113,42060,0.296282777824725
sample,expanding,1.0,300,114,42061,0.334584737424666
sample,expanding,1.0,300,115,42062,0.30782647036973654
sample,expanding,1.0,300,116,42063,0.2899132822825861
sample,expanding,1.0,300,117,42064,0.29822508780461054
sample,expanding,1.0,300,118,42065,0.354916412734191
sample,expanding,1.0,300,119,42066,0.32880478054832885
sample,expanding,1.0,300,120,42067,0.32684559018253656
sample,expanding,1.0,300,121,42068,0.3994294789315277
sample,expanding,1.0,300,122,42069,0.45043751230676493
sample,expanding,1.0,300,123,42070,0.3287326768763519
sample,expanding,1.0,300,124,42071,0.3183525697267665
sample,expanding,1.0,300,125,42072,0.3756476847662631
sample,expanding,1.0,300,126,42073,0.3322593969799094
sample,expanding,1.0,300,127,42074,0.3762041295695282
sample,expanding,1.0,300,128,42075,0.2986268341805547
sample,expanding,1.0,300,129,42076,0.339447200911529
sample,expanding,1.0,300,130,42077,0.3108975123500957
sample,expanding,1.0,300,131,42078,0.47258810047333377
sample,expanding,1.0,300,132,42079,0.3638112178262301
sample,expanding,1.0,300,133,42080,0.29851272920535327
sample,expanding,1.0,300,134,42081,0.2600132350035224
sample,expanding,1.0,300,135,42082,0.38169630090516843
sample,expanding,1.0,300,136,42083,0.34119414843922885
sample,expanding,1.0,300,137,42084,0.40585594273487835
sample,expanding,1.0,300,138,42085,0.39941137367900703
sample,expanding,1.0,300,139,42086,0.3978240274117446
sample,expanding,1.0,300,140,42087,0.30671218404071954
sample,expanding,1.0,300,141,42088,0.4278270916851966
sample,expanding,1.0,300,142,42089,0.29607586102007943
sample,expanding,1.0,300,143,42090,0.4202711935651687
sample,expanding,1.0,300,144,42091,0.3138940477072488
sample,expanding,1.0,300,145,42092,0.37026870227449
sample,expanding,1.0,300,146,42093,0.29405266414579395
sample,expanding,1.0,300,147,42094,0.3062307563477425
sample,expanding,1.0,300,148,42095,0.34746354449524564
sample,expanding,1.0,300,149,42096,0.3670607245806756
sample,expanding,1.0,300,150,42097,0.38289453322205863
sample,expanding,1.0,300,151,42098,0.34382777831127365
sample,expanding,1.0,300,152,42099,0.36597846912651616
sample,expanding,1.0,300,153,42100,0.3505655540970998
sample,expanding,1.0,300,154,42101,0.3259632990418175
sample,expanding,1.0,300,155,42102,0.3317168586010517
sample,expanding,1.0,300,156,42103,0.3447305902862235
sample,expanding,1.0,300,157,42104,0.405562592737931
sample,expanding,1.0,300,158,42105,0.3153197325097063
sample,expanding,1.0,300,159,42106,0.5007911983242911
sample,expanding,1.0,300,160,42107,0.3672847932925275
sample,expanding,1.0,300,161,42108,0.33878215331466077
sample,expanding,1.0,300,162,42109,0.48359541850654186
sample,expanding,1.0,300,163,42110,0.3410552340937626
sample,expanding,1.0,300,164,42111,0.327323998332081
sample,expanding,1.0,300,165,42112,0.2881638945169375
sample,expanding,1.0,300,166,42113,0.43268407391151764
sample,expanding,1.0,300,167,42114,0.29215687902932647
sample,expanding,1.0,300,168,42115,0.26042769300782825
sample,expanding,1.0,300,169,42116,0.2958299509596689
sample,expanding,1.0,300,170,42117,0.2941984076928033
sample,expanding,1.0,300,171,42118,0.31973037401952453
sample,expanding,1.0,300,172,42119,0.39487877881643696
sample,expanding,1.0,300,173,42120,0.3647350741476706
sample,expanding,1.0,300,174,42121,0.29084869358231147
sample,expanding,1.0,300,175,42122,0.3191413381614451
sample,expanding,1.0,300,176,42123,0.348755203685151
sample,expanding,1.0,300,177,42124,0.37601354903100304
sample,expanding,1.0,300,178,42125,0.3628470254185077
sample,expanding,1.0,300,179,42126,0.3405122037690068
sample,expanding,1.0,300,180,42127,0.2790851098567446
sample,expanding,1.0,300,181,42128,0.3035470641365946
sample,expanding,1.0,300,182,42129,0.27572506204793684
sample,expanding,1.0,300,183,42130,0.40190133657264554
sample,expanding,1.0,300,184,42131,0.39854005263460984
sample,expanding,1.0,300,185,42132,0.5691724808110312
sample,expanding,1.0,300,186,42133,0.5030887152591793
sample,expanding,1.0,300,187,42134,0.3645362084736471
sample,expanding,1.0,300,188,42135,0.3028635096606803
sample,expanding,1.0,300,189,42136,0.3009085506839337
sample,expanding,1.0,300,190,42137,0.3933598952048626
sample,expanding,1.0,300,191,42138,0.5590778990933187
sample,expanding,1.0,300,192,42139,0.4702370785359074
sample,expanding,1.0,300,193,42140,0.3122345212023203
sample,expanding,1.0,300,194,42141,0.5420500803802422
sample,expanding,1.0,300,195,42142,0.3878716744024033
sample,expanding,1.0,300,196,42143,0.2858429857575156
sample,expanding,1.0,300,197,42144,0.41228455866325675
sample,expanding,1.0,300,198,42145,0.4056051989302574
sample,expanding,1.0,300,199,42146,0.30194753529881513
sample,rotation,1.0,300,0,39309,0.19490467112818316
sample,rotation,1.0,300,1,39310,0.193581269668285
sample,rotation,1.0,300,2,39311,0.209699272303461
sample,rotation,1.0,300,3,39312,0.1886016190843486
sample,rotation,1.0,300,4,39313,0.3325909742036053
sample,rotation,1.0,300,5,39314,0.24503122902706145
sample,rotation,1.0,300,6,39315,0.20706642837912512
sample,rotation,1.0,300,7,39316,0.16463682795786302
sample,rotation,1.0,300,8,39317,0.2792042586560855
sample,rotation,1.0,300,9,39318,0.1682717111500996
sample,rotation,1.0,300,10,39319,0.18544521197927352
sample,rotation,1.0,300,11,39320,0.2605233995528527
sample,rotation,1.0,300,12,39321,0.1875074773301691
sample,rotation,1.0,300,13,39322,0.17685875321277106
sample,rotation,1.0,300,14,39323,0.2221193795989397
sample,rotation,1.0,300,15,39324,0.25887791207702876
sample,rotation,1.0,300,16,39325,0.19281039939242542
sample,rotation,1.0,300,17,39326,0.17666278663853927
sample,rotation,1.0,300,18,39327,0.2812852882558936
sample,rotation,1.0,300,19,39328,0.16792184800468912
sample,rotation,1.0,300,20,39329,0.2503341822665098
sample,rotation,1.0,300,21,39330,0.1831909366461458
sample,rotation,1.0,300,22,39331,0.20072005316133187
sample,rotation,1.0,300,23,39332,0.19677300475884305
sample,rotation,1.0,300,24,39333,0.16595815982206866
sample,rotation,1.0,300,25,39334,0.19730462673795776
sample,rotation,1.0,300,26,39335,0.1999066732525335
sample,rotation,1.0,300,27,39336,0.25395915189352986
sample,rotation,1.0,300,28,39337,0.2570576251075677
sample,rotation,1.0,300,29,39338,0.20953285022264703
sample,rotation,1.0,300,30,39339,0.18746237181863562
sample,rotation,1.0,300,31,39340,0.1976199942695557
sample,rotation,1.0,300,32,39341,0.21191960220890568
sample,rotation,1.0,300,33,39342,0.208250664520351
sample,rotation,1.0,300,34,39343,0.1876671055833249
sample,rotation,1.0,300,35,39344,0.19999313282180953
sample,rotation,1.0,300,36,39345,0.20075001455531752
sample,rotation,1.0,300,37,39346,0.20379181168688046
sample,rotation,1.0,300,38,39347,0.18698769954592317
sample,rotation,1.0,300,39,39348,0.17678327921346865
sample,rotation,1.0,300,40,39349,0.19761894562602883
sample,rotation,1.0,300,41,39350,0.1997539611443307
sample,rotation,1.0,300,42,39351,0.21867190025469585
sample,rotation,1.0,300,43,39352,0.18043287415761775
sample,rotation,1.0,300,44,39353,0.18618124652723098
sample,rotation,1.0,300,45,39354,0.19792374739788102
sample,rotation,1.0,300,46,39355,0.22888401313543183
sample,rotation,1.0,300,47,39356,0.20333613048816077
sample,rotation,1.0,300,48,39357,0.23695400069420341
sample,rotation,1.0,300,49,39358,0.2888688657097556
sample,rotation,1.0,300,50,39359,0.2049316029782599
sample,rotation,1.0,300,51,39360,0.2141108582706379
sample,rotation,1.0,300,52,39361,0.26106747243022455
sample,rotation,1.0,300,53,39362,0.24092140560320202
sample,rotation,1.0,300,54,39363,0.1825612559911153
sample,rotation,1.0,300,55,39364,0.18970082450232048
sample,rotation,1.0,300,56,39365,0.1885788327908341
sample,rotation,1.0,300,57,39366,0.26428285514037003
sample,rotation,1.0,300,58,39367,0.18575387472777324
sample,rotation,1.0,300,59,39368,0.26564709304737005
sample,rotation,1.0,300,60,39369,0.2566707491862748
sample,rotation,1.0,300,61,39370,0.21291783726964628
sample,rotation,1.0,300,62,39371,0.27083680822475686
sample,rotation,1.0,300,63,39372,0.23286358629146678
sample,rotation,1.0,300,64,39373,0.18123894686345202
sample,rotation,1.0,300,65,39374,0.2284687610072782
sample,rotation,1.0,300,66,39375,0.21381992215634632
sample,rotation,1.0,300,67,39376,0.24109167470630252
sample,rotation,1.0,300,68,39377,0.30156357736964323
sample,rotation,1.0,300,69,39378,0.302176229924771
sample,rotation,1.0,300,70,39379,0.20391598084705134
sample,rotation,1.0,300,71,39380,0.1970311169226754
sample,rotation,1.0,300,72,39381,0.18334776228070981
sample,rotation,1.0,300,73,39382,0.25157319218944363
sample,rotation,1.0,300,74,39383,0.19194723612928766
sample,rotation,1.0,300,75,39384,0.21214709454620853
sample,rotation,1.0,300,76,39385,0.2336771624867188
sample,rotation,1.0,300,77,39386,0.2040944123888444
sample,rotation,1.0,300,78,39387,0.19391255540102856
sample,rotation,1.0,300,79,39388,0.16771184041755274
sample,rotation,1.0,300,80,39389,0.21401238166861508
sample,rotation,1.0,300,81,39390,0.17787687262269125
sample,rotation,1.0,300,82,39391,0.2311377940116797
sample,rotation,1.0,300,83,39392,0.21425566653381212
sample,rotation,1.0,300,84,39393,0.20024911574008622
sample,rotation,1.0,300,85,39394,0.2687795319572205
sample,rotation,1.0,300,86,39395,0.19073333820881022
sample,rotation,1.0,300,87,39396,0.16658106745162166
sample,rotation,1.0,300,88,39397,0.20059380029138932
sample,rotation,1.0,300,89,39398,0.1984665956398761
sample,rotation,1.0,300,90,39399,0.2300560106633864
sample,rotation,1.0,300,91,39400,0.2468114168393506
sample,rotation,1.0,300,92,39401,0.2073686523052207
sample,rotation,1.0,300,93,39402,0.2485651912729993
sample,rotation,1.0,300,94,39403,0.22870627334130592
sample,rotation,1.0,300,95,39404,0.17256289226106794
sample,rotation,1.0,300,96,39405,0.18699965962661413
sample,rotation,1.0,300,97,39406,0.1913774603778688
sample,rotation,1.0,300,98,39407,0.18654003067347805
sample,rotation,1.0,300,99,39408,0.1935955638110916
sample,rotation,1.0,300,100,39409,0.21543871663659628
sample,rotation,1.0,300,101,39410,0.20990663272551868
sample,rotation,1.0,300,102,39411,0.21382766154384178
sample,rotation,1.0,300,103,39412,0.2384534705294175
sample,rotation,1.0,300,104,39413,0.2515355116519899
sample,rotation,1.0,300,105,39414,0.16537911427397978
sample,rotation,1.0,300,106,39415,0.17729303972253424
sample,rotation,1.0,300,107,39416,0.19910024007841612
sample,rotation,1.0,300,108,39417,0.2673133112726688
sample,rotation,1.0,300,109,39418,0.2626964075921976
sample,rotation,1.0,300,110,39419,0.2556603953883458
sample,rotation,1.0,300,111,39420,0.19743230229450734
sample,rotation,1.0,300,112,39421,0.19338315258585145
sample,rotation,1.0,300,113,39422,0.20028312735527362
sample,rotation,1.0,300,114,39423,0.20702941423688775
sample,rotation,1.0,300,115,39424,0.1950799438723179
sample,rotation,1.0,300,116,39425,0.17460638236778628
sample,rotation,1.0,300,117,39426,0.24628743364477584
sample,rotation,1.0,300,118,39427,0.290887516079477
sample,rotation,1.0,300,119,39428,0.2106691244021923
sample,rotation,1.0,300,120,39429,0.19877786093204083
sample,rotation,1.0,300,121,39430,0.22565997666611748
sample,rotation,1.0,300,122,39431,0.28932391419660636
sample,rotation,1.0,300,123,39432,0.16932358104333126
sample,rotation,1.0,300,124,39433,0.16699970110610474
sample,rotation,1.0,300,125,39434,0.20685798668694672
sample,rotation,1.0,300,126,39435,0.2660897694799542
sample,rotation,1.0,300,127,39436,0.2315612427707004
sample,rotation,1.0,300,128,39437,0.20787160970660784
sample,rotation,1.0,300,129,39438,0.2526739764614604
sample,rotation,1.0,300,130,39439,0.21421341366897306
sample,rotation,1.0,300,131,39440,0.1686958228368844
sample,rotation,1.0,300,132,39441,0.18665708698875833
sample,rotation,1.0,300,133,39442,0.2037891095517932
sample,rotation,1.0,300,134,39443,0.16838965625755603
sample,rotation,1.0,300,135,39444,0.36698902666878114
sample,rotation,1.0,300,136,39445,0.2862436843680166
sample,rotation,1.0,300,137,39446,0.35533943197982637
sample,rotation,1.0,300,138,39447,0.33305030463828494
sample,rotation,1.0,300,139,39448,0.17107912174660153
sample,rotation,1.0,300,140,39449,0.26410874451942196
sample,rotation,1.0,300,141,39450,0.221647206988345
sample,rotation,1.0,300,142,39451,0.2535848336005956
sample,rotation,1.0,300,143,39452,0.20260215480740795
sample,rotation,1.0,300,144,39453,0.21580531781722345
sample,rotation,1.0,300,145,39454,0.21290595140647944
sample,rotation,1.0,300,146,39455,0.21977924026598816
sample,rotation,1.0,300,147,39456,0.20943737813406388
sample,rotation,1.0,300,148,39457,0.21538055214498186
sample,rotation,1.0,300,149,39458,0.1685982159834642
sample,rotation,1.0,300,150,39459,0.1943430229601878
sample,rotation,1.0,300,151,39460,0.215861551718169
sample,rotation,1.0,300,152,39461,0.23621471636421013
sample,rotation,1.0,300,153,39462,0.2171065211232596
sample,rotation,1.0,300,154,39463,0.16151911761911747
sample,rotation,1.0,300,155,39464,0.21036499684481785
sample,rotation,1.0,300,156,39465,0.23466600560446368
sample,rotation,1.0,300,157,39466,0.1570781936590844
sample,rotation,1.0,300,158,39467,0.23467251888855303
sample,rotation,1.0,300,159,39468,0.15594499056081926
sample,rotation,1.0,300,160,39469,0.21974922024325888
sample,rotation,1.0,300,161,39470,0.16240322997404782
sample,rotation,1.0,300,162,39471,0.18479278618208536
sample,rotation,1.0,300,163,39472,0.2533896780591938
sample,rotation,1.0,300,164,39473,0.2585077235481077
sample,rotation,1.0,300,165,39474,0.21523834840635514
sample,rotation,1.0,300,166,39475,0.20063997635268985
sample,rotation,1.0,300,167,39476,0.16241399557452593
sample,rotation,1.0,300,168,39477,0.20234348405769917
sample,rotation,1.0,300,169,39478,0.20114914691503
sample,rotation,1.0,300,170,39479,0.2115639749567178
sample,rotation,1.0,300,171,39480,0.21164916510117562
sample,rotation,1.0,300,172,39481,0.25084218298393307
sample,rotation,1.0,300,173,39482,0.1778983637574934
sample,rotation,1.0,300,174,39483,0.1777345656275603
sample,rotation,1.0,300,175,39484,0.2618952612583873
sample,rotation,1.0,300,176,39485,0.26781157258350025
sample,rotation,1.0,300,177,39486,0.1764307128877597
sample,rotation,1.0,300,178,39487,0.21262170066800282
sample,rotation,1.0,300,179,39488,0.18577820190599875
sample,rotation,1.0,300,180,39489,0.23716166776839853
sample,rotation,1.0,300,181,39490,0.15444998908355503
sample,rotation,1.0,300,182,39491,0.2046631680543027
sample,rotation,1.0,300,183,39492,0.1656878618347177
sample,rotation,1.0,300,184,39493,0.2137558661031348
sample,rotation,1.0,300,185,39494,0.17638983667400523
sample,rotation,1.0,300,186,39495,0.2876867708816381
sample,rotation,1.0,300,187,39496,0.1641587024382809
sample,rotation,1.0,300,188,39497,0.16243941189084982
sample,rotation,1.0,300,189,39498,0.2990444009218861
sample,rotation,1.0,300,190,39499,0.21565204880904235
sample,rotation,1.0,300,191,39500,0.19878871533103132
sample,rotation,1.0,300,192,39501,0.1873727955234381
sample,rotation,1.0,300,193,39502,0.23530947243593847
sample,rotation,1.0,300,194,39503,0.18825070347930692
sample,rotation,1.0,300,195,39504,0.16118381698383255
sample,rotation,1.0,300,196,39505,0.3041896559119597
sample,rotation,1.0,300,197,39506,0.17463399936051077
sample,rotation,1.0,300,198,39507,0.18032465717854895
sample,rotation,1.0,300,199,39508,0.17148840618254396
sample,sink,1.0,300,0,29173,0.07012842740487644
sample,sink,1.0,300,1,29174,0.11483251957468667
sample,sink,1.0,300,2,29175,0.08302467836461348
sample,sink,1.0,300,3,29176,0.08078183624370919
sample,sink,1.0,300,4,29177,0.07242528214204441
sample,sink,1.0,300,5,29178,0.07650654000049534
sample,sink,1.0,300,6,29179,0.0796522135656805
sample,sink,1.0,300,7,29180,0.07051343036145914
sample,sink,1.0,300,8,29181,0.07220832551522356
sample,sink,1.0,300,9,29182,0.07338963014215429
sample,sink,1.0,300,10,29183,0.0790333269700403
sample,sink,1.0,300,11,29184,0.08945723881177434
sample,sink,1.0,300,12,29185,0.06533805519466514
sample,sink,1.0,300,13,29186,0.06430224770875097
sample,sink,1.0,300,14,29187,0.06889548610416608
sample,sink,1.0,300,15,29188,0.08163002008360586
sample,sink,1.0,300,16,29189,0.07139778259930907
sample,sink,1.0,300,17,29190,0.07010310894517678
sample,sink,1.0,300,18,29191,0.08540479005432879
sample,sink,1.0,300,19,29192,0.06253495154915865
sample,sink,1.0,300,20,29193,0.07958988046455197
sample,sink,1.0,300,21,29194,0.07307191777022679
sample,sink,1.0,300,22,29195,0.08107969951577496
sample,sink,1.0,300,23,29196,0.07242483701868328
sample,sink,1.0,300,24,29197,0.07470499434576877
sample,sink,1.0,300,25,29198,0.08160874950536565
sample,sink,1.0,300,26,29199,0.07367134481219444
sample,sink,1.0,300,27,29200,0.0818054945183807
sample,sink,1.0,300,28,29201,0.06663263534731735
sample,sink,1.0,300,29,29202,0.06612935848607457
sample,sink,1.0,300,30,29203,0.07246981589829793
sample,sink,1.0,300,31,29204,0.0748711440509191
sample,sink,1.0,300,32,29205,0.08522955667930474
sample,sink,1.0,300,33,29206,0.0761367932145179
sample,sink,1.0,300,34,29207,0.05800669980922624
sample,sink,1.0,300,35,29208,0.09427947449223745
sample,sink,1.0,300,36,29209,0.08195781506834289
sample,sink,1.0,300,37,29210,0.08481691949249773
sample,sink,1.0,300,38,29211,0.07487275656622211
sample,sink,1.0,300,39,29212,0.06550954577557405
sample,sink,1.0,300,40,29213,0.08536143786708969
sample,sink,1.0,300,41,29214,0.08659015718068955
sample,sink,1.0,300,42,29215,0.06937372705207695
sample,sink,1.0,300,43,29216,0.06886649620147182
sample,sink,1.0,300,44,29217,0.08352054795159232
sample,sink,1.0,300,45,29218,0.10404343336876802
sample,sink,1.0,300,46,29219,0.08253561903599374
sample,sink,1.0,300,47,29220,0.08081276715466035
sample,sink,1.0,300,48,29221,0.06697676385294969
sample,sink,1.0,300,49,29222,0.09119886241327294
sample,sink,1.0,300,50,29223,0.06603273858954933
sample,sink,1.0,300,51,29224,0.08102492997264639
sample,sink,1.0,300,52,29225,0.06439267444945329
sample,sink,1.0,300,53,29226,0.07075107394384045
sample,sink,1.0,300,54,29227,0.07605384879707786
sample,sink,1.0,300,55,29228,0.0750391439264076
sample,sink,1.0,300,56,29229,0.09046558501491266
sample,sink,1.0,300,57,29230,0.07438073147055135
sample,sink,1.0,300,58,29231,0.07009282393449079
sample,sink,1.0,300,59,29232,0.07849236585693022
sample,sink,1.0,300,60,29233,0.07800891944756316
sample,sink,1.0,300,61,29234,0.07011990113732988
sample,sink,1.0,300,62,29235,0.07069896372468101
sample,sink,1.0,300,63,29236,0.07034493300842087
sample,sink,1.0,300,64,29237,0.07537067532875599
sample,sink,1.0,300,65,29238,0.08596113495116452
sample,sink,1.0,300,66,29239,0.06841062778089425
sample,sink,1.0,300,67,29240,0.06987431166335205
sample,sink,1.0,300,68,29241,0.07507448711565463
sample,sink,1.0,300,69,29242,0.0737358328878486
sample,sink,1.0,300,70,29243,0.06453699985383808
sample,sink,1.0,300,71,29244,0.05957140311399645
sample,sink,1.0,300,72,29245,0.07356740804491568
sample,sink,1.0,300,73,29246,0.06560169756537103
sample,sink,1.0,300,74,29247,0.06233821222264454
sample,sink,1.0,300,75,29248,0.06885955019695446
sample,sink,1.0,300,76,29249,0.08614153861187468
sample,sink,1.0,300,77,29250,0.07894354037458981
sample,sink,1.0,300,78,29251,0.0681828208475399
sample,sink,1.0,300,79,29252,0.07303317453118914
sample,sink,1.0,300,80,29253,0.06231679779967119
sample,sink,1.0,300,81,29254,0.07510694136902075
sample,sink,1.0,300,82,29255,0.06820871684578117
sample,sink,1.0,300,83,29256,0.09358682202980734
sample,sink,1.0,300,84,29257,0.08382486924076171
sample,sink,1.0,300,85,29258,0.08776328355677349
sample,sink,1.0,300,86,29259,0.07453917813850301
sample,sink,1.0,300,87,29260,0.06509689408859845
sample,sink,1.0,300,88,29261,0.06744862151097675
sample,sink,1.0,300,89,29262,0.06298745789537227
sample,sink,1.0,300,90,29263,0.0691895014995119
sample,sink,1.0,300,91,29264,0.06781330290196233
sample,sink,1.0,300,92,29265,0.10848575523518375
sample,sink,1.0,300,93,29266,0.07722553460424518
sample,sink,1.0,300,94,29267,0.07752324590460029
sample,sink,1.0,300,95,29268,0.07316568973626039
sample,sink,1.0,300,96,29269,0.06379286968207008
sample,sink,1.0,300,97,29270,0.062454371714777766
sample,sink,1.0,300,98,29271,0.11259497997132621
sample,sink,1.0,300,99,29272,0.07912432486520976
sample,sink,1.0,300,100,29273,0.06865092708687648
sample,sink,1.0,300,101,29274,0.08238150061750578
sample,sink,1.0,300,102,29275,0.0669991343527657
sample,sink,1.0,300,103,29276,0.07486489002429182
sample,sink,1.0,300,104,29277,0.06212452659356586
sample,sink,1.0,300,105,29278,0.07347031897602094
sample,sink,1.0,300,106,29279,0.08052550439297476
sample,sink,1.0,300,107,29280,0.0729583464742787
sample,sink,1.0,300,108,29281,0.0715816341499964
sample,sink,1.0,300,109,29282,0.0772532263789913
sample,sink,1.0,300,110,29283,0.08815487377771733
sample,sink,1.0,300,111,29284,0.0752951558417062
sample,sink,1.0,300,112,29285,0.08086414971498591
sample,sink,1.0,300,113,29286,0.07263708835189656
sample,sink,1.0,300,114,29287,0.0710334838073778
sample,sink,1.0,300,115,29288,0.10840487284512161
sample,sink,1.0,300,116,29289,0.0861888873469904
sample,sink,1.0,300,117,29290,0.07309518650016475
sample,sink,1.0,300,118,29291,0.07600982508255856
sample,sink,1.0,300,119,29292,0.06666242051893707
sample,sink,1.0,300,120,29293,0.0665766130618189
sample,sink,1.0,300,121,29294,0.06141414900645406
sample,sink,1.0,300,122,29295,0.07413540790407598
sample,sink,1.0,300,123,29296,0.08372970809096342
sample,sink,1.0,300,124,29297,0.06921409300504547
sample,sink,1.0,300,125,29298,0.0921992802010017
sample,sink,1.0,300,126,29299,0.06385423689138617
sample,sink,1.0,300,127,29300,0.0645440113391925
sample,sink,1.0,300,128,29301,0.06964106758864057
sample,sink,1.0,300,129,29302,0.06501871129399808
sample,sink,1.0,300,130,29303,0.10680679148469903
sample,sink,1.0,300,131,29304,0.07530355278251179
sample,sink,1.0,300,132,29305,0.05909042892687629
sample,sink,1.0,300,133,29306,0.09783894651995514
sample,sink,1.0,300,134,29307,0.06916224141331821
sample,sink,1.0,300,135,29308,0.0821511884398664
sample,sink,1.0,300,136,29309,0.0613477142734477
sample,sink,1.0,300,137,29310,0.08788439776003917
sample,sink,1.0,300,138,29311,0.06273716570263577
sample,sink,1.0,300,139,29312,0.07784268863001238
sample,sink,1.0,300,140,29313,0.088662646716946
sample,sink,1.0,300,141,29314,0.0990617858869996
sample,sink,1.0,300,142,29315,0.10012034946728149
sample,sink,1.0,300,143,29316,0.06666538120903731
sample,sink,1.0,300,144,29317,0.06943094850768443
sample,sink,1.0,300,145,29318,0.06553190304921046
sample,sink,1.0,300,146,29319,0.09622963789184956
sample,sink,1.0,300,147,29320,0.06541004849398566
sample,sink,1.0,300,148,29321,0.0744444188777353
sample,sink,1.0,300,149,29322,0.06372870591027821
sample,sink,1.0,300,150,29323,0.0866778192684565
sample,sink,1.0,300,151,29324,0.05864482769803032
sample,sink,1.0,300,152,29325,0.08542775338781813
sample,sink,1.0,300,153,29326,0.05703221623823338
sample,sink,1.0,300,154,29327,0.0803931749129728
sample,sink,1.0,300,155,29328,0.10144460635286237
sample,sink,1.0,300,156,29329,0.07491844821472186
sample,sink,1.0,300,157,29330,0.07584976325531964
sample,sink,1.0,300,158,29331,0.0671539776987517
sample,sink,1.0,300,159,29332,0.07900941303332769
sample,sink,1.0,300,160,29333,0.07754847983385758
sample,sink,1.0,300,161,29334,0.08805168243439122
sample,sink,1.0,300,162,29335,0.06585679107216606
sample,sink,1.0,300,163,29336,0.07093672298132431
sample,sink,1.0,300,164,29337,0.10724438021673613
sample,sink,1.0,300,165,29338,0.06506061861872735
sample,sink,1.0,300,166,29339,0.06810282865255061
sample,sink,1.0,300,167,29340,0.08693350271107272
sample,sink,1.0,300,168,29341,0.10103435783214625
sample,sink,1.0,300,169,29342,0.0844066386847352
sample,sink,1.0,300,170,29343,0.0687943264774083
sample,sink,1.0,300,171,29344,0.06793722611618315
sample,sink,1.0,300,172,29345,0.08863710214329432
sample,sink,1.0,300,173,29346,0.07188446416127417
sample,sink,1.0,300,174,29347,0.07672756571270085
sample,sink,1.0,300,175,29348,0.07276784079678211
sample,sink,1.0,300,176,29349,0.09744476910702961
sample,sink,1.0,300,177,29350,0.1020767332335983
sample,sink,1.0,300,178,29351,0.06888173996697282
sample,sink,1.0,300,179,29352,0.06630504845884244
sample,sink,1.0,300,180,29353,0.06154228403562414
sample,sink,1.0,300,181,29354,0.06749974296872226
sample,sink,1.0,300,182,29355,0.07984485003583956
sample,sink,1.0,300,183,29356,0.07154567369122206
sample,sink,1.0,300,184,29357,0.06877865402488886
sample,sink,1.0,300,185,29358,0.08004445817138589
sample,sink,1.0,300,186,29359,0.08087296463766105
sample,sink,1.0,300,187,29360,0.0835240320761507
sample,sink,1.0,300,188,29361,0.11487707329054797
sample,sink,1.0,300,189,29362,0.09220512713205034
sample,sink,1.0,300,190,29363,0.07946901184547606
sample,sink,1.0,300,191,29364,0.0627875489093809
sample,sink,1.0,300,192,29365,0.0656709356689076
sample,sink,1.0,300,193,29366,0.07937143148579497
sample,sink,1.0,300,194,29367,0.0601896405518023
sample,sink,1.0,300,195,29368,0.12801334887358876
sample,sink,1.0,300,196,29369,0.08202028193997998
sample,sink,1.0,300,197,29370,0.06780303829757814
sample,sink,1.0,300,198,29371,0.0728576465203314
sample,sink,1.0,300,199,29372,0.07319698707262845
sample,cubic,1.0,300,0,31452,0.0510346176751669
sample,cubic,1.0,300,1,31453,0.10766076830920097
sample,cubic,1.0,300,2,31454,0.09468981194767252
sample,cubic,1.0,300,3,31455,0.10613639687324565
sample,cubic,1.0,300,4,31456,0.04960053836903684
sample,cubic,1.0,300,5,31457,0.08538854321694561
sample,cubic,1.0,300,6,31458,0.04003250892584394
sample,cubic,1.0,300,7,31459,0.12071400860736857
sample,cubic,1.0,300,8,31460,0.04875898670615432
sample,cubic,1.0,300,9,31461,0.05885583534202075
sample,cubic,1.0,300,10,31462,0.057943374103543964
sample,cubic,1.0,300,11,31463,0.0696562334668407
sample,cubic,1.0,300,12,31464,0.11948443028083787
sample,cubic,1.0,300,13,31465,0.06205136663660182
sample,cubic,1.0,300,14,31466,0.12927237465715252
sample,cubic,1.0,300,15,31467,0.15320790943548188
sample,cubic,1.0,300,16,31468,0.0888184733926036
sample,cubic,1.0,300,17,31469,0.10412590504739615
sample,cubic,1.0,300,18,31470,0.0985232546035506
sample,cubic,1.0,300,19,31471,0.07799017614536373
sample,cubic,1.0,300,20,31472,0.10691062558971864
sample,cubic,1.0,300,21,31473,0.04330975772139509
sample,cubic,1.0,300,22,31474,0.05696569703273651
sample,cubic,1.0,300,23,31475,0.052574935430297676
sample,cubic,1.0,300,24,31476,0.04663512317105411
sample,cubic,1.0,300,25,31477,0.04957041332649856
sample,cubic,1.0,300,26,31478,0.1491649287086182
sample,cubic,1.0,300,27,31479,0.04119112984695859
sample,cubic,1.0,300,28,31480,0.05797748217054513
sample,cubic,1.0,300,29,31481,0.07585166900055366
sample,cubic,1.0,300,30,31482,0.05695385694252395
sample,cubic,1.0,300,31,31483,0.1236384123073223
sample,cubic,1.0,300,32,31484,0.09218085426378587
sample,cubic,1.0,300,33,31485,0.08559767073189058
sample,cubic,1.0,300,34,31486,0.05350305347982063
sample,cubic,1.0,300,35,31487,0.10937898504039802
sample,cubic,1.0,300,36,31488,0.069958708819368
sample,cubic,1.0,300,37,31489,0.09604155185962368
sample,cubic,1.0,300,38,31490,0.05019501404121632
sample,cubic,1.0,300,39,31491,0.103074842394507
sample,cubic,1.0,300,40,31492,0.045432715173427556
sample,cubic,1.0,300,41,31493,0.06365754459037877
sample,cubic,1.0,300,42,31494,0.16055647319169986
sample,cubic,1.0,300,43,31495,0.06931661345353547
sample,cubic,1.0,300,44,31496,0.06502054470484009
sample,cubic,1.0,300,45,31497,0.048177026952878725
sample,cubic,1.0,300,46,31498,0.07360338045277912
sample,cubic,1.0,300,47,31499,0.07865599520378863
sample,cubic,1.0,300,48,31500,0.16866310469763057
sample,cubic,1.0,300,49,31501,0.07960983023138311
sample,cubic,1.0,300,50,31502,0.07706165379661048
sample,cubic,1.0,300,51,31503,0.11028722098943516
sample,cubic,1.0,300,52,31504,0.05781413256419336
sample,cubic,1.0,300,53,31505,0.05329227913298854
sample,cubic,1.0,300,54,31506,0.10648566662801864
sample,cubic,1.0,300,55,31507,0.08554133295272837
sample,cubic,1.0,300,56,31508,0.13867229670783462
sample,cubic,1.0,300,57,31509,0.05757997257517013
sample,cubic,1.0,300,58,31510,0.04506008269580262
sample,cubic,1.0,300,59,31511,0.06836641677797045
sample,cubic,1.0,300,60,31512,0.04369872558161342
sample,cubic,1.0,300,61,31513,0.11836841550246407
sample,cubic,1.0,300,62,31514,0.06114324641833622
sample,cubic,1.0,300,63,31515,0.06760073737386002
sample,cubic,1.0,300,64,31516,0.06686408591238199
sample,cubic,1.0,300,65,31517,0.04670811157643786
sample,cubic,1.0,300,66,31518,0.06354009036450374
sample,cubic,1.0,300,67,31519,0.0739548045760341
sample,cubic,1.0,300,68,31520,0.10549551865683475
sample,cubic,1.0,300,69,31521,0.04775489237619336
sample,cubic,1.0,300,70,31522,0.09636874231033803
sample,cubic,1.0,300,71,31523,0.05013140630950919
sample,cubic,1.0,300,72,31524,0.04784546884216383
sample,cubic,1.0,300,73,31525,0.03980212401828901
sample,cubic,1.0,300,74,31526,0.11744882719185888
sample,cubic,1.0,300,75,31527,0.046567361183269776
sample,cubic,1.0,300,76,31528,0.0451058548325969
sample,cubic,1.0,300,77,31529,0.08458147047569999
sample,cubic,1.0,300,78,31530,0.09286749985858576
sample,cubic,1.0,300,79,31531,0.12779817050962283
sample,cubic,1.0,300,80,31532,0.10166544890585301
sample,cubic,1.0,300,81,31533,0.04548279303629063
sample,cubic,1.0,300,82,31534,0.04105300624882076
sample,cubic,1.0,300,83,31535,0.03910095191858038
sample,cubic,1.0,300,84,31536,0.06523305992758784
sample,cubic,1.0,300,85,31537,0.054585633205217754
sample,cubic,1.0,300,86,31538,0.04402517744936475
sample,cubic,1.0,300,87,31539,0.05548206670924454
sample,cubic,1.0,300,88,31540,0.04901402044155814
sample,cubic,1.0,300,89,31541,0.08738776262439103
sample,cubic,1.0,300,90,31542,0.048785046512549085
sample,cubic,1.0,300,91,31543,0.05276648481540793
sample,cubic,1.0,300,92,31544,0.049755390982769675
sample,cubic,1.0,300,93,31545,0.06253555602273193
sample,cubic,1.0,300,94,31546,0.0882369348074004
sample,cubic,1.0,300,95,31547,0.057272395285867424
sample,cubic,1.0,300,96,31548,0.05840572566407352
sample,cubic,1.0,300,97,31549,0.09636684602746602
sample,cubic,1.0,300,98,31550,0.04802744856846022
sample,cubic,1.0,300,99,31551,0.05321505596966833
sample,cubic,1.0,300,100,31552,0.06732944531394204
sample,cubic,1.0,300,101,31553,0.06533785188270312
sample,cubic,1.0,300,102,31554,0.056146414245832214
sample,cubic,1.0,300,103,31555,0.043337152928486285
sample,cubic,1.0,300,104,31556,0.04170470127069871
sample,cubic,1.0,300,105,31557,0.06491072185120302
sample,cubic,1.0,300,106,31558,0.07816606541095342
sample,cubic,1.0,300,107,31559,0.06296798012068451
sample,cubic,1.0,300,108,31560,0.09899331190742704
sample,cubic,1.0,300,109,31561,0.059950952712555586
sample,cubic,1.0,300,110,31562,0.06712700681336407
sample,cubic,1.0,300,111,31563,0.04653409719324886
sample,cubic,1.0,300,112,31564,0.05092615687884737
sample,cubic,1.0,300,113,31565,0.07062699744317544
sample,cubic,1.0,300,114,31566,0.11362148953238793
sample,cubic,1.0,300,115,31567,0.050232320629332215
sample,cubic,1.0,300,116,31568,0.04692300377574634
sample,cubic,1.0,300,117,31569,0.09832934337747143
sample,cubic,1.0,300,118,31570,0.04438288264402785
sample,cubic,1.0,300,119,31571,0.07261503191398704
sample,cubic,1.0,300,120,31572,0.04574070996324371
sample,cubic,1.0,300,121,31573,0.07501342019641703
sample,cubic,1.0,300,122,31574,0.047142561942035345
sample,cubic,1.0,300,123,31575,0.049805097300946316
sample,cubic,1.0,300,124,31576,0.06699734844629333
sample,cubic,1.0,300,125,31577,0.08702035893769991
sample,cubic,1.0,300,126,31578,0.041861958743643485
sample,cubic,1.0,300,127,31579,0.08505662286548712
sample,cubic,1.0,300,128,31580,0.06491963004816495
sample,cubic,1.0,300,129,31581,0.06503819971160688
sample,cubic,1.0,300,130,31582,0.0508868190551476
sample,cubic,1.0,300,131,31583,0.043801568342168286
sample,cubic,1.0,300,132,31584,0.0670889864386841
sample,cubic,1.0,300,133,31585,0.08168398739145467
sample,cubic,1.0,300,134,31586,0.07007834670566199
sample,cubic,1.0,300,135,31587,0.10835998149806822
sample,cubic,1.0,300,136,31588,0.12375661970702036
sample,cubic,1.0,300,137,31589,0.10687758072087336
sample,cubic,1.0,300,138,31590,0.03885773377605723
sample,cubic,1.0,300,139,31591,0.03634964198874752
sample,cubic,1.0,300,140,31592,0.07021031708875057
sample,cubic,1.0,300,141,31593,0.12808998301289362
sample,cubic,1.0,300,142,31594,0.06327310453906045
sample,cubic,1.0,300,143,31595,0.10937274364283879
sample,cubic,1.0,300,144,31596,0.047488402769159624
sample,cubic,1.0,300,145,31597,0.07703750843438868
sample,cubic,1.0,300,146,31598,0.0373018092763419
sample,cubic,1.0,300,147,31599,0.05800835607580297
sample,cubic,1.0,300,148,31600,0.04690007595290831
sample,cubic,1.0,300,149,31601,0.08417724081583867
sample,cubic,1.0,300,150,31602,0.11712760214548458
sample,cubic,1.0,300,151,31603,0.06551269052940066
sample,cubic,1.0,300,152,31604,0.03956947699522996
sample,cubic,1.0,300,153,31605,0.09020336611600949
sample,cubic,1.0,300,154,31606,0.07025845851247704
sample,cubic,1.0,300,155,31607,0.05395252512336306
sample,cubic,1.0,300,156,31608,0.04816124100429395
sample,cubic,1.0,300,157,31609,0.03910101155309638
sample,cubic,1.0,300,158,31610,0.07984748989140855
sample,cubic,1.0,300,159,31611,0.07825493472380303
sample,cubic,1.0,300,160,31612,0.03700499184366527
sample,cubic,1.0,300,161,31613,0.05872536708937832
sample,cubic,1.0,300,162,31614,0.05246188577418093
sample,cubic,1.0,300,163,31615,0.07878453863177616
sample,cubic,1.0,300,164,31616,0.09801751773075305
sample,cubic,1.0,300,165,31617,0.07701456579993833
sample,cubic,1.0,300,166,31618,0.04281938507511502
sample,cubic,1.0,300,167,31619,0.05326798771184205
sample,cubic,1.0,300,168,31620,0.05023967967114781
sample,cubic,1.0,300,169,31621,0.14928895833139458
sample,cubic,1.0,300,170,31622,0.11298658475330817
sample,cubic,1.0,300,171,31623,0.04993086469921005
sample,cubic,1.0,300,172,31624,0.06179841301528427
sample,cubic,1.0,300,173,31625,0.10137464580038473
sample,cubic,1.0,300,174,31626,0.07931100206370785
sample,cubic,1.0,300,175,31627,0.05078367092508756
sample,cubic,1.0,300,176,31628,0.04825370870694577
sample,cubic,1.0,300,177,31629,0.05990464021398167
sample,cubic,1.0,300,178,31630,0.04790914734063672
sample,cubic,1.0,300,179,31631,0.10521192990329058
sample,cubic,1.0,300,180,31632,0.1038494037478443
sample,cubic,1.0,300,181,31633,0.0638274461256066
sample,cubic,1.0,300,182,31634,0.04442117597033874
sample,cubic,1.0,300,183,31635,0.04517302675187506
sample,cubic,1.0,300,184,31636,0.07699121241098393
sample,cubic,1.0,300,185,31637,0.08310181860884808
sample,cubic,1.0,300,186,31638,0.05003175800729392
sample,cubic,1.0,300,187,31639,0.060776164791689555
sample,cubic,1.0,300,188,31640,0.041947549164663984
sample,cubic,1.0,300,189,31641,0.06695987784458181
sample,cubic,1.0,300,190,31642,0.07909806883137913
sample,cubic,1.0,300,191,31643,0.05360910907535429
sample,cubic,1.0,300,192,31644,0.07976300921517993
sample,cubic,1.0,300,193,31645,0.13174419534163115
sample,cubic,1.0,300,194,31646,0.08598960300220689
sample,cubic,1.0,300,195,31647,0.08110147376324896
sample,cubic,1.0,300,196,31648,0.0597039312021394
sample,cubic,1.0,300,197,31649,0.04065009599791956
sample,cubic,1.0,300,198,31650,0.07218653594739073
sample,cubic,1.0,300,199,31651,0.10345893612736676
sample,expanding,1.0,100,0,41903,0.5699918037425848
sample,expanding,1.0,100,1,41904,0.42862177641082216
sample,expanding,1.0,100,2,41905,0.586283400681578
sample,expanding,1.0,100,3,41906,0.587852963790522
sample,expanding,1.0,100,4,41907,0.49120426075729723
sample,expanding,1.0,100,5,41908,0.6606386360717071
sample,expanding,1.0,100,6,41909,0.7604709305383757
sample,expanding,1.0,100,7,41910,0.4374810462495213
sample,expanding,1.0,100,8,41911,0.5414421982534692
sample,expanding,1.0,100,9,41912,0.5112151813852231
sample,expanding,1.0,100,10,41913,0.4305298861533908
sample,expanding,1.0,100,11,41914,0.6309180890976772
sample,expanding,1.0,100,12,41915,0.5042503422636715
sample,expanding,1.0,100,13,41916,0.5092073002394778
sample,expanding,1.0,100,14,41917,0.47438186161953855
sample,expanding,1.0,100,15,41918,0.4513781358688539
sample,expanding,1.0,100,16,41919,0.5722813883042001
sample,expanding,1.0,100,17,41920,0.46535013918403395
sample,expanding,1.0,100,18,41921,0.6648713810894067
sample,expanding,1.0,100,19,41922,0.5163216424324336
sample,expanding,1.0,100,20,41923,0.46963249311288874
sample,expanding,1.0,100,21,41924,0.6442143262683663
sample,expanding,1.0,100,22,41925,0.48147056708123703
sample,expanding,1.0,100,23,41926,0.455277177764459
sample,expanding,1.0,100,24,41927,0.7696356312356418
sample,expanding,1.0,100,25,41928,0.5549035815735849
sample,expanding,1.0,100,26,41929,0.4744913094642672
sample,expanding,1.0,100,27,41930,0.5749873942194916
sample,expanding,1.0,100,28,41931,0.7684949268531567
sample,expanding,1.0,100,29,41932,0.6460170931674608
sample,expanding,1.0,100,30,41933,0.5533463953145161
sample,expanding,1.0,100,31,41934,0.5565512813493645
sample,expanding,1.0,100,32,41935,0.4647814086214178
sample,expanding,1.0,100,33,41936,0.5185728549886188
sample,expanding,1.0,100,34,41937,0.6867197442042431
sample,expanding,1.0,100,35,41938,0.5565902452262288
sample,expanding,1.0,100,36,41939,0.5975510733486893
sample,expanding,1.0,100,37,41940,0.44122404649593355
sample,expanding,1.0,100,38,41941,0.45883647465999305
sample,expanding,1.0,100,39,41942,0.6913400118464164
sample,expanding,1.0,100,40,41943,0.5749914989438515
sample,expanding,1.0,100,41,41944,0.505027446277782
sample,expanding,1.0,100,42,41945,0.5298416585789478
sample,expanding,1.0,100,43,41946,0.6956779661336886
sample,expanding,1.0,100,44,41947,0.5728623670921517
sample,expanding,1.0,100,45,41948,0.5088892391747706
sample,expanding,1.0,100,46,41949,0.4731173343845769
sample,expanding,1.0,100,47,41950,0.453308511433832
sample,expanding,1.0,100,48,41951,0.6196330396891089
sample,expanding,1.0,100,49,41952,0.47528348145144333
sample,expanding,1.0,100,50,41953,0.48551458078838317
sample,expanding,1.0,100,51,41954,0.5119271441839784
sample,expanding,1.0,100,52,41955,0.4853331410860926
sample,expanding,1.0,100,53,41956,0.7630825009027545
sample,expanding,1.0,100,54,41957,0.528137325374658
sample,expanding,1.0,100,55,41958,0.4754355809139976
sample,expanding,1.0,100,56,41959,0.527337863355987
sample,expanding,1.0,100,57,41960,0.5591601679986888
sample,expanding,1.0,100,58,41961,0.538665536040524
sample,expanding,1.0,100,59,41962,0.5013305224799774
sample,expanding,1.0,100,60,41963,0.5001880281255395
sample,expanding,1.0,100,61,41964,0.49418125923216943
sample,expanding,1.0,100,62,41965,0.528292302496689
sample,expanding,1.0,100,63,41966,0.5689798017269173
sample,expanding,1.0,100,64,41967,0.49320832215362065
sample,expanding,1.0,100,65,41968,0.48623608039266414
sample,expanding,1.0,100,66,41969,0.6238522800541966
sample,expanding,1.0,100,67,41970,0.6126171954233682
sample,expanding,1.0,100,68,41971,0.6401743439673052
sample,expanding,1.0,100,69,41972,0.39936744690979514
sample,expanding,1.0,100,70,41973,0.9025610829194547
sample,expanding,1.0,100,71,41974,0.705023169801205
sample,expanding,1.0,100,72,41975,0.6616293465770896
sample,expanding,1.0,100,73,41976,0.5491143083102216
sample,expanding,1.0,100,74,41977,0.5764637181223216
sample,expanding,1.0,100,75,41978,0.5844833123017611
sample,expanding,1.0,100,76,41979,0.519211476581322
sample,expanding,1.0,100,77,41980,0.6393218743342393
sample,expanding,1.0,100,78,41981,0.5368679193061158
sample,expanding,1.0,100,79,41982,0.48567241364774144
sample,expanding,1.0,100,80,41983,0.5173472359226248
sample,expanding,1.0,100,81,41984,0.578201086562832
sample,expanding,1.0,100,82,41985,0.6432751804497491
sample,expanding,1.0,100,83,41986,0.5367347819490955
sample,expanding,1.0,100,84,41987,0.48523645346355426
sample,expanding,1.0,100,85,41988,0.6438382339258886
sample,expanding,1.0,100,86,41989,0.5518338966966999
sample,expanding,1.0,100,87,41990,0.7394111922382183
sample,expanding,1.0,100,88,41991,0.5644546001732084
sample,expanding,1.0,100,89,41992,0.514567641587803
sample,expanding,1.0,100,90,41993,0.5506496215761562
sample,expanding,1.0,100,91,41994,0.5982401565417901
sample,expanding,1.0,100,92,41995,0.5197298928010126
sample,expanding,1.0,100,93,41996,0.45473508012163033
sample,expanding,1.0,100,94,41997,0.6373243231017273
sample,expanding,1.0,100,95,41998,0.4677512523608694
sample,expanding,1.0,100,96,41999,0.6056318557547145
sample,expanding,1.0,100,97,42000,0.5231576620317684
sample,expanding,1.0,100,98,42001,0.527454401350319
sample,expanding,1.0,100,99,42002,0.5099483872237517
sample,expanding,1.0,100,100,42003,0.6610874345191661
sample,expanding,1.0,100,101,42004,0.5587810466206216
sample,expanding,1.0,100,102,42005,0.8314281762671257
sample,expanding,1.0,100,103,42006,0.6047755250797145
sample,expanding,1.0,100,104,42007,0.4998247492632043
sample,expanding,1.0,100,105,42008,0.6920191771051273
sample,expanding,1.0,100,106,42009,0.5118369302511633
sample,expanding,1.0,100,107,42010,0.5767391301281304
sample,expanding,1.0,100,108,42011,0.5498047339711502
sample,expanding,1.0,100,109,42012,0.45152376578495407
sample,expanding,1.0,100,110,42013,0.7038773604991814
sample,expanding,1.0,100,111,42014,0.4575575121112074
sample,expanding,1.0,100,112,42015,0.5955460833612065
sample,expanding,1.0,100,113,42016,0.4382640665711531
sample,expanding,1.0,100,114,42017,0.526649228195115
sample,expanding,1.0,100,115,42018,0.44646769477901227
sample,expanding,1.0,100,116,42019,0.47991607996391905
sample,expanding,1.0,100,117,42020,0.6836903500765054
sample,expanding,1.0,100,118,42021,0.5757267941298282
sample,expanding,1.0,100,119,42022,0.7886780036045483
sample,expanding,1.0,100,120,42023,0.5797054260390843
sample,expanding,1.0,100,121,42024,0.5324517571482931
sample,expanding,1.0,100,122,42025,0.6827891158833204
sample,expanding,1.0,100,123,42026,0.5121020226992746
sample,expanding,1.0,100,124,42027,0.41790134573521337
sample,expanding,1.0,100,125,42028,0.6364760460218335
sample,expanding,1.0,100,126,42029,0.5676536978056227
sample,expanding,1.0,100,127,42030,0.7376744397446187
sample,expanding,1.0,100,128,42031,0.46555260500699297
sample,expanding,1.0,100,129,42032,0.42082461652225267
sample,expanding,1.0,100,130,42033,0.550938271812027
sample,expanding,1.0,100,131,42034,0.7399829454188972
sample,expanding,1.0,100,132,42035,0.5102300022605915
sample,expanding,1.0,100,133,42036,0.568993178342836
sample,expanding,1.0,100,134,42037,0.6865669095114173
sample,expanding,1.0,100,135,42038,0.5617962553272228
sample,expanding,1.0,100,136,42039,0.5055769251620538
sample,expanding,1.0,100,137,42040,0.7482251436729846
sample,expanding,1.0,100,138,42041,0.8654609447260533
sample,expanding,1.0,100,139,42042,0.5316505664816948
sample,expanding,1.0,100,140,42043,0.5727187294337688
sample,expanding,1.0,100,141,42044,0.5739643100435216
sample,expanding,1.0,100,142,42045,0.6374229848657217
sample,expanding,1.0,100,143,42046,0.4497793814346884
sample,expanding,1.0,100,144,42047,0.5364694834131265
sample,expanding,1.0,100,145,42048,0.7476244369816732
sample,expanding,1.0,100,146,42049,0.6886230124781687
sample,expanding,1.0,100,147,42050,0.7319559589409387
sample,expanding,1.0,100,148,42051,0.4601342218219587
sample,expanding,1.0,100,149,42052,0.5376398369217329
sample,expanding,1.0,100,150,42053,0.48363513427000754
sample,expanding,1.0,100,151,42054,0.48437779315024926
sample,expanding,1.0,100,152,42055,0.4402256403672772
sample,expanding,1.0,100,153,42056,0.5018364898536964
sample,expanding,1.0,100,154,42057,0.572186697041878
sample,expanding,1.0,100,155,42058,0.6272912261493556
sample,expanding,1.0,100,156,42059,0.45012021861154233
sample,expanding,1.0,100,157,42060,0.7416811560749432
sample,expanding,1.0,100,158,42061,0.6311492844492376
sample,expanding,1.0,100,159,42062,0.4513585973203616
sample,expanding,1.0,100,160,42063,0.5019321412874426
sample,expanding,1.0,100,161,42064,0.6171480213751098
sample,expanding,1.0,100,162,42065,0.548756525737843
sample,expanding,1.0,100,163,42066,0.4438263111666096
sample,expanding,1.0,100,164,42067,0.8195845444822842
sample,expanding,1.0,100,165,42068,0.4433072971514284
sample,expanding,1.0,100,166,42069,0.5946602473243463
sample,expanding,1.0,100,167,42070,0.5416753406357023
sample,expanding,1.0,100,168,42071,0.5157680024654866
sample,expanding,1.0,100,169,42072,0.5208085171610316
sample,expanding,1.0,100,170,42073,0.4991400778037193
sample,expanding,1.0,100,171,42074,0.5352909303270507
sample,expanding,1.0,100,172,42075,0.5370418153073984
sample,expanding,1.0,100,173,42076,0.6097495700398898
sample,expanding,1.0,100,174,42077,0.6455682422129587
sample,expanding,1.0,100,175,42078,0.9703614068786237
sample,expanding,1.0,100,176,42079,0.5237149324092456
sample,expanding,1.0,100,177,42080,0.5635370290163616
sample,expanding,1.0,100,178,42081,0.5078176368124562
sample,expanding,1.0,100,179,42082,0.5829658067211954
sample,expanding,1.0,100,180,42083,0.4576060751266218
sample,expanding,1.0,100,181,42084,0.5885067118512628
sample,expanding,1.0,100,182,42085,0.5351611606585115
sample,expanding,1.0,100,183,42086,0.752561306585898
sample,expanding,1.0,100,184,42087,0.4483599958464426
sample,expanding,1.0,100,185,42088,0.7154164366558494
sample,expanding,1.0,100,186,42089,0.598969867878367
sample,expanding,1.0,100,187,42090,0.783591313637328
sample,expanding,1.0,100,188,42091,0.7244472033376003
sample,expanding,1.0,100,189,42092,0.5463537266162207
sample,expanding,1.0,100,190,42093,0.5192030019839252
sample,expanding,1.0,100,191,42094,0.5243206095598328
sample,expanding,1.0,100,192,42095,0.6354282656189101
sample,expanding,1.0,100,193,42096,0.5737859416595246
sample,expanding,1.0,100,194,42097,0.5883579784302787
sample,expanding,1.0,100,195,42098,0.5986255011972956
sample,expanding,1.0,100,196,42099,0.505415762713554
sample,expanding,1.0,100,197,42100,0.47851943915111833
sample,expanding,1.0,100,198,42101,0.44099516576525816
sample,expanding,1.0,100,199,42102,0.6007974369846586
sample,rotation,1.0,100,0,39267,0.2552286537782865
sample,rotation,1.0,100,1,39268,0.32990384132641665
sample,rotation,1.0,100,2,39269,0.38981045384321433
sample,rotation,1.0,100,3,39270,0.30172042831537416
sample,rotation,1.0,100,4,39271,0.25884214135612604
sample,rotation,1.0,100,5,39272,0.3753213073832581
sample,rotation,1.0,100,6,39273,0.5384160311884019
sample,rotation,1.0,100,7,39274,0.3056932469644959
sample,rotation,1.0,100,8,39275,0.37389015401788744
sample,rotation,1.0,100,9,39276,0.4154638766367167
sample,rotation,1.0,100,10,39277,0.2853810459545573
sample,rotation,1.0,100,11,39278,0.4203605162095955
sample,rotation,1.0,100,12,39279,0.4460338760799108
sample,rotation,1.0,100,13,39280,0.43037185705140363
sample,rotation,1.0,100,14,39281,0.30079554960076355
sample,rotation,1.0,100,15,39282,0.4645302163825105
sample,rotation,1.0,100,16,39283,0.24390388879307293
sample,rotation,1.0,100,17,39284,0.35236560719504373
sample,rotation,1.0,100,18,39285,0.3230909084509456
sample,rotation,1.0,100,19,39286,0.2974457939288442
sample,rotation,1.0,100,20,39287,0.26415414590867714
sample,rotation,1.0,100,21,39288,0.3274269531182534
sample,rotation,1.0,100,22,39289,0.35532019497420936
sample,rotation,1.0,100,23,39290,0.49410874892749185
sample,rotation,1.0,100,24,39291,0.2696887561348197
sample,rotation,1.0,100,25,39292,0.4226919462233532
sample,rotation,1.0,100,26,39293,0.3380636126019679
sample,rotation,1.0,100,27,39294,0.2571194414084417
sample,rotation,1.0,100,28,39295,0.3477664996917056
sample,rotation,1.0,100,29,39296,0.38562457132298783
sample,rotation,1.0,100,30,39297,0.31393817424555687
sample,rotation,1.0,100,31,39298,0.3821071599439433
sample,rotation,1.0,100,32,39299,0.4032548534644968
sample,rotation,1.0,100,33,39300,0.2754190561151006
sample,rotation,1.0,100,34,39301,0.38740293981381907
sample,rotation,1.0,100,35,39302,0.2828083563974988
sample,rotation,1.0,100,36,39303,0.26095665493270814
sample,rotation,1.0,100,37,39304,0.2887684316446183
sample,rotation,1.0,100,38,39305,0.2819499999102911
sample,rotation,1.0,100,39,39306,0.2724797941915997
sample,rotation,1.0,100,40,39307,0.36663715675622455
sample,rotation,1.0,100,41,39308,0.28193747974955874
sample,rotation,1.0,100,42,39309,0.3517015721500969
sample,rotation,1.0,100,43,39310,0.3862068839258724
sample,rotation,1.0,100,44,39311,0.3086121550642471
sample,rotation,1.0,100,45,39312,0.30664168560359367
sample,rotation,1.0,100,46,39313,0.33498976846381806
sample,rotation,1.0,100,47,39314,0.3304106941402495
sample,rotation,1.0,100,48,39315,0.322724943308164
sample,rotation,1.0,100,49,39316,0.42232859256430283
sample,rotation,1.0,100,50,39317,0.32813518500453803
sample,rotation,1.0,100,51,39318,0.26361609045541384
sample,rotation,1.0,100,52,39319,0.27762847870281804
sample,rotation,1.0,100,53,39320,0.40583009723305247
sample,rotation,1.0,100,54,39321,0.336338105713216
sample,rotation,1.0,100,55,39322,0.27972618302732233
sample,rotation,1.0,100,56,39323,0.2894482836809123
sample,rotation,1.0,100,57,39324,0.27780997768800214
sample,rotation,1.0,100,58,39325,0.39866912012900824
sample,rotation,1.0,100,59,39326,0.34957897859358555
sample,rotation,1.0,100,60,39327,0.44223976590692676
sample,rotation,1.0,100,61,39328,0.38109187322183335
sample,rotation,1.0,100,62,39329,0.4257193319169176
sample,rotation,1.0,100,63,39330,0.2804829114947327
sample,rotation,1.0,100,64,39331,0.30645950767904223
sample,rotation,1.0,100,65,39332,0.31726512271849744
sample,rotation,1.0,100,66,39333,0.33322278537060895
sample,rotation,1.0,100,67,39334,0.296869399573327
sample,rotation,1.0,100,68,39335,0.33490610661637027
sample,rotation,1.0,100,69,39336,0.2870902283793387
sample,rotation,1.0,100,70,39337,0.3724854683880257
sample,rotation,1.0,100,71,39338,0.32403919818564997
sample,rotation,1.0,100,72,39339,0.38461194511287566
sample,rotation,1.0,100,73,39340,0.3290978872067838
sample,rotation,1.0,100,74,39341,0.3977516685272694
sample,rotation,1.0,100,75,39342,0.5107976045394995
sample,rotation,1.0,100,76,39343,0.3428041800143358
sample,rotation,1.0,100,77,39344,0.2719060558397249
sample,rotation,1.0,100,78,39345,0.2986987865197931
sample,rotation,1.0,100,79,39346,0.29018037631532667
sample,rotation,1.0,100,80,39347,0.322966490773503
sample,rotation,1.0,100,81,39348,0.2713767447435341
sample,rotation,1.0,100,82,39349,0.36098201807064983
sample,rotation,1.0,100,83,39350,0.44385952167780157
sample,rotation,1.0,100,84,39351,0.3237427019805966
sample,rotation,1.0,100,85,39352,0.44826516337196104
sample,rotation,1.0,100,86,39353,0.34862533982891974
sample,rotation,1.0,100,87,39354,0.3469452449339726
sample,rotation,1.0,100,88,39355,0.3020396458803387
sample,rotation,1.0,100,89,39356,0.28912270541681817
sample,rotation,1.0,100,90,39357,0.3540002610047332
sample,rotation,1.0,100,91,39358,0.39816997903132195
sample,rotation,1.0,100,92,39359,0.28638227823397705
sample,rotation,1.0,100,93,39360,0.3043823428657162
sample,rotation,1.0,100,94,39361,0.30885972513189097
sample,rotation,1.0,100,95,39362,0.36758305589711066
sample,rotation,1.0,100,96,39363,0.32212273028430516
sample,rotation,1.0,100,97,39364,0.2945353459850392
sample,rotation,1.0,100,98,39365,0.24925314883640828
sample,rotation,1.0,100,99,39366,0.28931165646769896
sample,rotation,1.0,100,100,39367,0.2599647279362185
sample,rotation,1.0,100,101,39368,0.36738592634529854
sample,rotation,1.0,100,102,39369,0.3560632304476562
sample,rotation,1.0,100,103,39370,0.34739376229196345
sample,rotation,1.0,100,104,39371,0.3349755691933575
sample,rotation,1.0,100,105,39372,0.2815300253923312
sample,rotation,1.0,100,106,39373,0.2518598929036651
sample,rotation,1.0,100,107,39374,0.3247020718224119
sample,rotation,1.0,100,108,39375,0.33798659764544564
sample,rotation,1.0,100,109,39376,0.27990592853433277
sample,rotation,1.0,100,110,39377,0.30156357736964323
sample,rotation,1.0,100,111,39378,0.302176229924771
sample,rotation,1.0,100,112,39379,0.28267289359846376
sample,rotation,1.0,100,113,39380,0.30149662727456367
sample,rotation,1.0,100,114,39381,0.3156395049388539
sample,rotation,1.0,100,115,39382,0.3532537097805127
sample,rotation,1.0,100,116,39383,0.35210835631733917
sample,rotation,1.0,100,117,39384,0.32125176266224426
sample,rotation,1.0,100,118,39385,0.45570848043728296
sample,rotation,1.0,100,119,39386,0.3406752341478584
sample,rotation,1.0,100,120,39387,0.2765956741724247
sample,rotation,1.0,100,121,39388,0.30087557763443984
sample,rotation,1.0,100,122,39389,0.3622048844002568
sample,rotation,1.0,100,123,39390,0.29315274258226715
sample,rotation,1.0,100,124,39391,0.2662076445334683
sample,rotation,1.0,100,125,39392,0.3919419835102309
sample,rotation,1.0,100,126,39393,0.6550365383466503
sample,rotation,1.0,100,127,39394,0.28444077337555673
sample,rotation,1.0,100,128,39395,0.5871853699714605
sample,rotation,1.0,100,129,39396,0.3723688749112523
sample,rotation,1.0,100,130,39397,0.27973408171914643
sample,rotation,1.0,100,131,39398,0.3586599854588296
sample,rotation,1.0,100,132,39399,0.3112210140453779
sample,rotation,1.0,100,133,39400,0.4619246798988853
sample,rotation,1.0,100,134,39401,0.5663856924520989
sample,rotation,1.0,100,135,39402,0.2992853633460683
sample,rotation,1.0,100,136,39403,0.3113872528425627
sample,rotation,1.0,100,137,39404,0.3034745426765214
sample,rotation,1.0,100,138,39405,0.29845649995317497
sample,rotation,1.0,100,139,39406,0.3318371758464516
sample,rotation,1.0,100,140,39407,0.5277125537423888
sample,rotation,1.0,100,141,39408,0.2880698975650186
sample,rotation,1.0,100,142,39409,0.4509785009287102
sample,rotation,1.0,100,143,39410,0.29486218230890926
sample,rotation,1.0,100,144,39411,0.3087923867800803
sample,rotation,1.0,100,145,39412,0.4177479183821711
sample,rotation,1.0,100,146,39413,0.2973188231581928
sample,rotation,1.0,100,147,39414,0.32465956476309366
sample,rotation,1.0,100,148,39415,0.333168378644085
sample,rotation,1.0,100,149,39416,0.362983833711986
sample,rotation,1.0,100,150,39417,0.3583727226394548
sample,rotation,1.0,100,151,39418,0.34171277193480515
sample,rotation,1.0,100,152,39419,0.2556603953883458
sample,rotation,1.0,100,153,39420,0.2888322609681271
sample,rotation,1.0,100,154,39421,0.32536687101528533
sample,rotation,1.0,100,155,39422,0.27862335772277724
sample,rotation,1.0,100,156,39423,0.3318282882275853
sample,rotation,1.0,100,157,39424,0.31159098916173433
sample,rotation,1.0,100,158,39425,0.32906459180492975
sample,rotation,1.0,100,159,39426,0.25373394402196936
sample,rotation,1.0,100,160,39427,0.5055103126480588
sample,rotation,1.0,100,161,39428,0.28148157197381446
sample,rotation,1.0,100,162,39429,0.40717185683124996
sample,rotation,1.0,100,163,39430,0.5117700455354266
sample,rotation,1.0,100,164,39431,0.35255342108580456
sample,rotation,1.0,100,165,39432,0.3261789867713495
sample,rotation,1.0,100,166,39433,0.33362494668284554
sample,rotation,1.0,100,167,39434,0.32319838903123455
sample,rotation,1.0,100,168,39435,0.3580182946447482
sample,rotation,1.0,100,169,39436,0.28140902602599116
sample,rotation,1.0,100,170,39437,0.2950746767795164
sample,rotation,1.0,100,171,39438,0.3240646625570693
sample,rotation,1.0,100,172,39439,0.2673305297309876
sample,rotation,1.0,100,173,39440,0.2809097665471017
sample,rotation,1.0,100,174,39441,0.34550017133765304
sample,rotation,1.0,100,175,39442,0.28468814027154743
sample,rotation,1.0,100,176,39443,0.3434606114020767
sample,rotation,1.0,100,177,39444,0.4654015217084169
sample,rotation,1.0,100,178,39445,0.3550652227639429
sample,rotation,1.0,100,179,39446,0.44928677017416674
sample,rotation,1.0,100,180,39447,0.4873862705887399
sample,rotation,1.0,100,181,39448,0.2615870930412999
sample,rotation,1.0,100,182,39449,0.32361141784203773
sample,rotation,1.0,100,183,39450,0.34980724197136975
sample,rotation,1.0,100,184,39451,0.6915094098022638
sample,rotation,1.0,100,185,39452,0.30530909875840656
sample,rotation,1.0,100,186,39453,0.35821796236192843
sample,rotation,1.0,100,187,39454,0.3075286666952203
sample,rotation,1.0,100,188,39455,0.2955727847342063
sample,rotation,1.0,100,189,39456,0.3516264000561387
sample,rotation,1.0,100,190,39457,0.34942042586456756
sample,rotation,1.0,100,191,39458,0.31993304522238086
sample,rotation,1.0,100,192,39459,0.38605956633478594
sample,rotation,1.0,100,193,39460,0.29451829408557756
sample,rotation,1.0,100,194,39461,0.31938756802809487
sample,rotation,1.0,100,195,39462,0.3170299974793448
sample,rotation,1.0,100,196,39463,0.27662724069610684
sample,rotation,1.0,100,197,39464,0.26972012446714855
sample,rotation,1.0,100,198,39465,0.2641217698244036
sample,rotation,1.0,100,199,39466,0.2771650241765459
sample,sink,1.0,100,0,29139,0.13106913609692547
sample,sink,1.0,100,1,29140,0.08443166516019639
sample,sink,1.0,100,2,29141,0.13069137868196534
sample,sink,1.0,100,3,29142,0.13556166143335616
sample,sink,1.0,100,4,29143,0.1719820484464499
sample,sink,1.0,100,5,29144,0.0952769453877786
sample,sink,1.0,100,6,29145,0.136410365496435
sample,sink,1.0,100,7,29146,0.11613907023703855
sample,sink,1.0,100,8,29147,0.1587581848913692
sample,sink,1.0,100,9,29148,0.142968315928236
sample,sink,1.0,100,10,29149,0.14082266319016892
sample,sink,1.0,100,11,29150,0.1739041698766013
sample,sink,1.0,100,12,29151,0.11189860235974293
sample,sink,1.0,100,13,29152,0.1338694839468737
sample,sink,1.0,100,14,29153,0.10279614961223539
sample,sink,1.0,100,15,29154,0.093848755482155
sample,sink,1.0,100,16,29155,0.14299199817042677
sample,sink,1.0,100,17,29156,0.12598259915314522
sample,sink,1.0,100,18,29157,0.15703760109482504
sample,sink,1.0,100,19,29158,0.12030875752637857
sample,sink,1.0,100,20,29159,0.12445758146876326
sample,sink,1.0,100,21,29160,0.09624172750511346
sample,sink,1.0,100,22,29161,0.10271684287314288
sample,sink,1.0,100,23,29162,0.14368258249016902
sample,sink,1.0,100,24,29163,0.12990330188399687
sample,sink,1.0,100,25,29164,0.12842523295441488
sample,sink,1.0,100,26,29165,0.12738920023455066
sample,sink,1.0,100,27,29166,0.10838905338843562
sample,sink,1.0,100,28,29167,0.11428728144748432
sample,sink,1.0,100,29,29168,0.1402055721535295
sample,sink,1.0,100,30,29169,0.1213865840596324
sample,sink,1.0,100,31,29170,0.1829767412752844
sample,sink,1.0,100,32,29171,0.17312146094757822
sample,sink,1.0,100,33,29172,0.1611502670246467
sample,sink,1.0,100,34,29173,0.09792385801281972
sample,sink,1.0,100,35,29174,0.14559803705655422
sample,sink,1.0,100,36,29175,0.11081506642431052
sample,sink,1.0,100,37,29176,0.10383097831757093
sample,sink,1.0,100,38,29177,0.15210979962526824
sample,sink,1.0,100,39,29178,0.12832688492723304
sample,sink,1.0,100,40,29179,0.10470015918227277
sample,sink,1.0,100,41,29180,0.16434939668660878
sample,sink,1.0,100,42,29181,0.11453197051388718
sample,sink,1.0,100,43,29182,0.10689040081059856
sample,sink,1.0,100,44,29183,0.10368934558847605
sample,sink,1.0,100,45,29184,0.10934478089579386
sample,sink,1.0,100,46,29185,0.1090113684971108
sample,sink,1.0,100,47,29186,0.14206448711860273
sample,sink,1.0,100,48,29187,0.1183981388734574
sample,sink,1.0,100,49,29188,0.11046127617567408
sample,sink,1.0,100,50,29189,0.13754189205219985
sample,sink,1.0,100,51,29190,0.12604522846979435
sample,sink,1.0,100,52,29191,0.10754217536231692
sample,sink,1.0,100,53,29192,0.14218611253454172
sample,sink,1.0,100,54,29193,0.10551727357574028
sample,sink,1.0,100,55,29194,0.10906504666350557
sample,sink,1.0,100,56,29195,0.16193478910887174
sample,sink,1.0,100,57,29196,0.11337889086455386
sample,sink,1.0,100,58,29197,0.13206433361140674
sample,sink,1.0,100,59,29198,0.13137335710805986
sample,sink,1.0,100,60,29199,0.14798458446545745
sample,sink,1.0,100,61,29200,0.1430909784461711
sample,sink,1.0,100,62,29201,0.12290894019838845
sample,sink,1.0,100,63,29202,0.1519473426125822
sample,sink,1.0,100,64,29203,0.10501767105849714
sample,sink,1.0,100,65,29204,0.12882970298238305
sample,sink,1.0,100,66,29205,0.10988954994784117
sample,sink,1.0,100,67,29206,0.10560315454628431
sample,sink,1.0,100,68,29207,0.1068037396827539
sample,sink,1.0,100,69,29208,0.18627745464093137
sample,sink,1.0,100,70,29209,0.12917772546998096
sample,sink,1.0,100,71,29210,0.1031296478850393
sample,sink,1.0,100,72,29211,0.12972872600717744
sample,sink,1.0,100,73,29212,0.1390186577408061
sample,sink,1.0,100,74,29213,0.11321932248535203
sample,sink,1.0,100,75,29214,0.11120585557680669
sample,sink,1.0,100,76,29215,0.11840847608031158
sample,sink,1.0,100,77,29216,0.12085196631049326
sample,sink,1.0,100,78,29217,0.1288411469170106
sample,sink,1.0,100,79,29218,0.10560121937980183
sample,sink,1.0,100,80,29219,0.18339812858893148
sample,sink,1.0,100,81,29220,0.1165125552867556
sample,sink,1.0,100,82,29221,0.10777272530323499
sample,sink,1.0,100,83,29222,0.15603341343079902
sample,sink,1.0,100,84,29223,0.1202135598303194
sample,sink,1.0,100,85,29224,0.12544070957922096
sample,sink,1.0,100,86,29225,0.09320446702327362
sample,sink,1.0,100,87,29226,0.09811226851593324
sample,sink,1.0,100,88,29227,0.1248694625358679
sample,sink,1.0,100,89,29228,0.15206171948511363
sample,sink,1.0,100,90,29229,0.1162491495032685
sample,sink,1.0,100,91,29230,0.10641752115821536
sample,sink,1.0,100,92,29231,0.09997301202468939
sample,sink,1.0,100,93,29232,0.1050632350823632
sample,sink,1.0,100,94,29233,0.12114834154434001
sample,sink,1.0,100,95,29234,0.1594401323607914
sample,sink,1.0,100,96,29235,0.13257958187337412
sample,sink,1.0,100,97,29236,0.11084949531688028
sample,sink,1.0,100,98,29237,0.13059214491092333
sample,sink,1.0,100,99,29238,0.2344558691742967
sample,sink,1.0,100,100,29239,0.1231650645940476
sample,sink,1.0,100,101,29240,0.14417673442989443
sample,sink,1.0,100,102,29241,0.1802350130341418
sample,sink,1.0,100,103,29242,0.14872947398760294
sample,sink,1.0,100,104,29243,0.10506158807937467
sample,sink,1.0,100,105,29244,0.1369403068268507
sample,sink,1.0,100,106,29245,0.1288961480954092
sample,sink,1.0,100,107,29246,0.13081143993203306
sample,sink,1.0,100,108,29247,0.10811762282489856
sample,sink,1.0,100,109,29248,0.14834974734609382
sample,sink,1.0,100,110,29249,0.12565951556158675
sample,sink,1.0,100,111,29250,0.11164190636901165
sample,sink,1.0,100,112,29251,0.13142989007414965
sample,sink,1.0,100,113,29252,0.1318956512645115
sample,sink,1.0,100,114,29253,0.1165085290776311
sample,sink,1.0,100,115,29254,0.10301601469296057
sample,sink,1.0,100,116,29255,0.09398921863319816
sample,sink,1.0,100,117,29256,0.145202933586223
sample,sink,1.0,100,118,29257,0.12662254510716883
sample,sink,1.0,100,119,29258,0.12516579622168963
sample,sink,1.0,100,120,29259,0.1260336352050556
sample,sink,1.0,100,121,29260,0.18765962003950717
sample,sink,1.0,100,122,29261,0.11908949675344384
sample,sink,1.0,100,123,29262,0.1531663458046472
sample,sink,1.0,100,124,29263,0.11380386758848139
sample,sink,1.0,100,125,29264,0.10620546306122215
sample,sink,1.0,100,126,29265,0.13248209907735325
sample,sink,1.0,100,127,29266,0.1528713020212981
sample,sink,1.0,100,128,29267,0.09796203789048619
sample,sink,1.0,100,129,29268,0.1442574067808303
sample,sink,1.0,100,130,29269,0.10395821605103682
sample,sink,1.0,100,131,29270,0.11764908774740288
sample,sink,1.0,100,132,29271,0.15243362686153655
sample,sink,1.0,100,133,29272,0.11962785914714598
sample,sink,1.0,100,134,29273,0.1532068829108187
sample,sink,1.0,100,135,29274,0.14533689955384269
sample,sink,1.0,100,136,29275,0.1654372421519353
sample,sink,1.0,100,137,29276,0.13570226607975344
sample,sink,1.0,100,138,29277,0.1275230571198496
sample,sink,1.0,100,139,29278,0.10224455856698138
sample,sink,1.0,100,140,29279,0.10600828938446416
sample,sink,1.0,100,141,29280,0.1073908094159614
sample,sink,1.0,100,142,29281,0.13332780367791608
sample,sink,1.0,100,143,29282,0.11239815510597585
sample,sink,1.0,100,144,29283,0.11676186108541826
sample,sink,1.0,100,145,29284,0.11881004615846259
sample,sink,1.0,100,146,29285,0.12776987779727678
sample,sink,1.0,100,147,29286,0.11112450330738521
sample,sink,1.0,100,148,29287,0.1202915304959998
sample,sink,1.0,100,149,29288,0.1310966449625246
sample,sink,1.0,100,150,29289,0.18301092514199283
sample,sink,1.0,100,151,29290,0.12949992983409703
sample,sink,1.0,100,152,29291,0.10898689595166257
sample,sink,1.0,100,153,29292,0.11065673831806389
sample,sink,1.0,100,154,29293,0.13813798689615484
sample,sink,1.0,100,155,29294,0.1700805036548721
sample,sink,1.0,100,156,29295,0.17260958567214826
sample,sink,1.0,100,157,29296,0.11397170280508809
sample,sink,1.0,100,158,29297,0.14831891640679185
sample,sink,1.0,100,159,29298,0.11454297473280035
sample,sink,1.0,100,160,29299,0.12144634351723793
sample,sink,1.0,100,161,29300,0.11774856396654544
sample,sink,1.0,100,162,29301,0.11969214264011623
sample,sink,1.0,100,163,29302,0.09512273572375997
sample,sink,1.0,100,164,29303,0.10680679148469903
sample,sink,1.0,100,165,29304,0.22378201539339854
sample,sink,1.0,100,166,29305,0.1180189098584963
sample,sink,1.0,100,167,29306,0.10877984083015364
sample,sink,1.0,100,168,29307,0.13078916348007982
sample,sink,1.0,100,169,29308,0.09933299929296978
sample,sink,1.0,100,170,29309,0.1232483529291441
sample,sink,1.0,100,171,29310,0.19771142548082904
sample,sink,1.0,100,172,29311,0.14491513344195295
sample,sink,1.0,100,173,29312,0.1126143335560438
sample,sink,1.0,100,174,29313,0.11623215384952483
sample,sink,1.0,100,175,29314,0.1542569182649383
sample,sink,1.0,100,176,29315,0.10415378104046659
sample,sink,1.0,100,177,29316,0.10845725252435658
sample,sink,1.0,100,178,29317,0.09462886866179883
sample,sink,1.0,100,179,29318,0.16979080037609245
sample,sink,1.0,100,180,29319,0.09622963789184956
sample,sink,1.0,100,181,29320,0.11761728207624667
sample,sink,1.0,100,182,29321,0.2291544704974458
sample,sink,1.0,100,183,29322,0.10422928487913971
sample,sink,1.0,100,184,29323,0.0961095314277538
sample,sink,1.0,100,185,29324,0.11688239671903422
sample,sink,1.0,100,186,29325,0.10425563130555808
sample,sink,1.0,100,187,29326,0.12113398409596977
sample,sink,1.0,100,188,29327,0.12957757546488713
sample,sink,1.0,100,189,29328,0.19690485296629434
sample,sink,1.0,100,190,29329,0.11775252534591671
sample,sink,1.0,100,191,29330,0.13408383466332954
sample,sink,1.0,100,192,29331,0.10955041462983088
sample,sink,1.0,100,193,29332,0.11422053665318374
sample,sink,1.0,100,194,29333,0.15173021285208543
sample,sink,1.0,100,195,29334,0.15455502895940043
sample,sink,1.0,100,196,29335,0.12328132874695717
sample,sink,1.0,100,197,29336,0.12394734789650769
sample,sink,1.0,100,198,29337,0.13550231371998595
sample,sink,1.0,100,199,29338,0.13230354272569247
sample,cubic,1.0,100,0,31416,0.15067648477480788
sample,cubic,1.0,100,1,31417,0.1206908428770552
sample,cubic,1.0,100,2,31418,0.10520580821943686
sample,cubic,1.0,100,3,31419,0.07305406801403007
sample,cubic,1.0,100,4,31420,0.07285676307728084
sample,cubic,1.0,100,5,31421,0.07127120305288842
sample,cubic,1.0,100,6,31422,0.13285574811518633
sample,cubic,1.0,100,7,31423,0.10720029517095502
sample,cubic,1.0,100,8,31424,0.22865721237942244
sample,cubic,1.0,100,9,31425,0.06376507596154336
sample,cubic,1.0,100,10,31426,0.08861668617586768
sample,cubic,1.0,100,11,31427,0.08394105850961465
sample,cubic,1.0,100,12,31428,0.10253602938420264
sample,cubic,1.0,100,13,31429,0.14455638447650107
sample,cubic,1.0,100,14,31430,0.1295319525200104
sample,cubic,1.0,100,15,31431,0.12757605244645767
sample,cubic,1.0,100,16,31432,0.16795447485727322
sample,cubic,1.0,100,17,31433,0.07419726099576322
sample,cubic,1.0,100,18,31434,0.0968658755680847
sample,cubic,1.0,100,19,31435,0.07388137524081202
sample,cubic,1.0,100,20,31436,0.07977848575964754
sample,cubic,1.0,100,21,31437,0.0597228086280418
sample,cubic,1.0,100,22,31438,0.10702045240931854
sample,cubic,1.0,100,23,31439,0.10187957079474073
sample,cubic,1.0,100,24,31440,0.06146038860413636
sample,cubic,1.0,100,25,31441,0.06709278808521806
sample,cubic,1.0,100,26,31442,0.1680438510340396
sample,cubic,1.0,100,27,31443,0.11628720371664811
sample,cubic,1.0,100,28,31444,0.1017438105039219
sample,cubic,1.0,100,29,31445,0.07708865875960677
sample,cubic,1.0,100,30,31446,0.09529056381330915
sample,cubic,1.0,100,31,31447,0.08008766403436154
sample,cubic,1.0,100,32,31448,0.05868605017495977
sample,cubic,1.0,100,33,31449,0.14547742779336986
sample,cubic,1.0,100,34,31450,0.12195994125144227
sample,cubic,1.0,100,35,31451,0.0563111133173653
sample,cubic,1.0,100,36,31452,0.1173619992849036
sample,cubic,1.0,100,37,31453,0.16777229283675357
sample,cubic,1.0,100,38,31454,0.16624137315352563
sample,cubic,1.0,100,39,31455,0.13013898522462206
sample,cubic,1.0,100,40,31456,0.0684285194091387
sample,cubic,1.0,100,41,31457,0.12952462902705744
sample,cubic,1.0,100,42,31458,0.05988866961868646
sample,cubic,1.0,100,43,31459,0.1255596356406023
sample,cubic,1.0,100,44,31460,0.11898512520272941
sample,cubic,1.0,100,45,31461,0.05885583534202075
sample,cubic,1.0,100,46,31462,0.057943374103543964
sample,cubic,1.0,100,47,31463,0.0696562334668407
sample,cubic,1.0,100,48,31464,0.13514047856241812
sample,cubic,1.0,100,49,31465,0.1232222511995237
sample,cubic,1.0,100,50,31466,0.16584747436622763
sample,cubic,1.0,100,51,31467,0.19918923255751894
sample,cubic,1.0,100,52,31468,0.09749788499720415
sample,cubic,1.0,100,53,31469,0.10412590504739615
sample,cubic,1.0,100,54,31470,0.11780636977264199
sample,cubic,1.0,100,55,31471,0.07799017614536373
sample,cubic,1.0,100,56,31472,0.13326677814078886
sample,cubic,1.0,100,57,31473,0.13855394618789543
sample,cubic,1.0,100,58,31474,0.07419681801462068
sample,cubic,1.0,100,59,31475,0.1472343046041635
sample,cubic,1.0,100,60,31476,0.10923253128834047
sample,cubic,1.0,100,61,31477,0.1436229635249197
sample,cubic,1.0,100,62,31478,0.15777820624151412
sample,cubic,1.0,100,63,31479,0.06364221568104925
sample,cubic,1.0,100,64,31480,0.08713042948480992
sample,cubic,1.0,100,65,31481,0.07838735597799801
sample,cubic,1.0,100,66,31482,0.1621717491867379
sample,cubic,1.0,100,67,31483,0.1236384123073223
sample,cubic,1.0,100,68,31484,0.09218085426378587
sample,cubic,1.0,100,69,31485,0.11144355672462676
sample,cubic,1.0,100,70,31486,0.13975124337497166
sample,cubic,1.0,100,71,31487,0.10937898504039802
sample,cubic,1.0,100,72,31488,0.15361909525967038
sample,cubic,1.0,100,73,31489,0.10364759597516783
sample,cubic,1.0,100,74,31490,0.10135985864330294
sample,cubic,1.0,100,75,31491,0.103074842394507
sample,cubic,1.0,100,76,31492,0.09838522525483695
sample,cubic,1.0,100,77,31493,0.09838119180334538
sample,cubic,1.0,100,78,31494,0.16735227585352352
sample,cubic,1.0,100,79,31495,0.11482723081097668
sample,cubic,1.0,100,80,31496,0.15421234825869967
sample,cubic,1.0,100,81,31497,0.05726976164847134
sample,cubic,1.0,100,82,31498,0.12019833584254111
sample,cubic,1.0,100,83,31499,0.07865599520378863
sample,cubic,1.0,100,84,31500,0.21842922937821943
sample,cubic,1.0,100,85,31501,0.07960983023138311
sample,cubic,1.0,100,86,31502,0.13772057895499887
sample,cubic,1.0,100,87,31503,0.1193131795321833
sample,cubic,1.0,100,88,31504,0.11733784814633391
sample,cubic,1.0,100,89,31505,0.07078636562000001
sample,cubic,1.0,100,90,31506,0.10648566662801864
sample,cubic,1.0,100,91,31507,0.08554133295272837
sample,cubic,1.0,100,92,31508,0.13867229670783462
sample,cubic,1.0,100,93,31509,0.09555409526052852
sample,cubic,1.0,100,94,31510,0.07880006844169857
sample,cubic,1.0,100,95,31511,0.09196422513466121
sample,cubic,1.0,100,96,31512,0.1060043196982487
sample,cubic,1.0,100,97,31513,0.11836841550246407
sample,cubic,1.0,100,98,31514,0.07862373600744188
sample,cubic,1.0,100,99,31515,0.15641207054024797
sample,cubic,1.0,100,100,31516,0.06686408591238199
sample,cubic,1.0,100,101,31517,0.18318355244854756
sample,cubic,1.0,100,102,31518,0.2004116583827965
sample,cubic,1.0,100,103,31519,0.12316463774908976
sample,cubic,1.0,100,104,31520,0.10549551865683475
sample,cubic,1.0,100,105,31521,0.10330284278378336
sample,cubic,1.0,100,106,31522,0.13607147396467595
sample,cubic,1.0,100,107,31523,0.10721202337648368
sample,cubic,1.0,100,108,31524,0.15067218779697186
sample,cubic,1.0,100,109,31525,0.06526159243146627
sample,cubic,1.0,100,110,31526,0.19178057846491453
sample,cubic,1.0,100,111,31527,0.07063807626080897
sample,cubic,1.0,100,112,31528,0.11111211968791972
sample,cubic,1.0,100,113,31529,0.22247316635117997
sample,cubic,1.0,100,114,31530,0.12085523934795281
sample,cubic,1.0,100,115,31531,0.1986047299293854
sample,cubic,1.0,100,116,31532,0.10405322253504544
sample,cubic,1.0,100,117,31533,0.06116080568231903
sample,cubic,1.0,100,118,31534,0.09998435674554512
sample,cubic,1.0,100,119,31535,0.06403602724475757
sample,cubic,1.0,100,120,31536,0.10178516950544496
sample,cubic,1.0,100,121,31537,0.11756965325279421
sample,cubic,1.0,100,122,31538,0.07579101483149199
sample,cubic,1.0,100,123,31539,0.0894569408848315
sample,cubic,1.0,100,124,31540,0.06616127851577525
sample,cubic,1.0,100,125,31541,0.09139320017541609
sample,cubic,1.0,100,126,31542,0.1311111613918986
sample,cubic,1.0,100,127,31543,0.10563940936988955
sample,cubic,1.0,100,128,31544,0.2657711350010612
sample,cubic,1.0,100,129,31545,0.08916964416056278
sample,cubic,1.0,100,130,31546,0.15733334652496303
sample,cubic,1.0,100,131,31547,0.09501274749109777
sample,cubic,1.0,100,132,31548,0.1490093812853009
sample,cubic,1.0,100,133,31549,0.15569307873356542
sample,cubic,1.0,100,134,31550,0.05979779882622136
sample,cubic,1.0,100,135,31551,0.0829394969061166
sample,cubic,1.0,100,136,31552,0.0739616191968246
sample,cubic,1.0,100,137,31553,0.1248881892942887
sample,cubic,1.0,100,138,31554,0.08489129425387053
sample,cubic,1.0,100,139,31555,0.09916693145667842
sample,cubic,1.0,100,140,31556,0.11850891360837763
sample,cubic,1.0,100,141,31557,0.06491072185120302
sample,cubic,1.0,100,142,31558,0.1867625408882923
sample,cubic,1.0,100,143,31559,0.10047963790875687
sample,cubic,1.0,100,144,31560,0.09899331190742704
sample,cubic,1.0,100,145,31561,0.06395505447000772
sample,cubic,1.0,100,146,31562,0.12114518085471049
sample,cubic,1.0,100,147,31563,0.05750599634596069
sample,cubic,1.0,100,148,31564,0.15757959010208633
sample,cubic,1.0,100,149,31565,0.08855551141036556
sample,cubic,1.0,100,150,31566,0.11362148953238793
sample,cubic,1.0,100,151,31567,0.24337943045061453
sample,cubic,1.0,100,152,31568,0.101908974295004
sample,cubic,1.0,100,153,31569,0.1047798926020544
sample,cubic,1.0,100,154,31570,0.1306404986631306
sample,cubic,1.0,100,155,31571,0.1930933534802078
sample,cubic,1.0,100,156,31572,0.06190676915777775
sample,cubic,1.0,100,157,31573,0.0891056065087141
sample,cubic,1.0,100,158,31574,0.05956200609544601
sample,cubic,1.0,100,159,31575,0.07872271489609148
sample,cubic,1.0,100,160,31576,0.06699734844629333
sample,cubic,1.0,100,161,31577,0.17959473615284935
sample,cubic,1.0,100,162,31578,0.07607897157383671
sample,cubic,1.0,100,163,31579,0.08505662286548712
sample,cubic,1.0,100,164,31580,0.06491963004816495
sample,cubic,1.0,100,165,31581,0.09278224925469027
sample,cubic,1.0,100,166,31582,0.08133393643251761
sample,cubic,1.0,100,167,31583,0.07211497989056782
sample,cubic,1.0,100,168,31584,0.19907365183447664
sample,cubic,1.0,100,169,31585,0.08168398739145467
sample,cubic,1.0,100,170,31586,0.07625812990854826
sample,cubic,1.0,100,171,31587,0.10835998149806822
sample,cubic,1.0,100,172,31588,0.12375661970702036
sample,cubic,1.0,100,173,31589,0.12298392597118551
sample,cubic,1.0,100,174,31590,0.08228981569387661
sample,cubic,1.0,100,175,31591,0.06963503044221792
sample,cubic,1.0,100,176,31592,0.17727462706726832
sample,cubic,1.0,100,177,31593,0.1777977916192221
sample,cubic,1.0,100,178,31594,0.0767058805683514
sample,cubic,1.0,100,179,31595,0.13776007612342703
sample,cubic,1.0,100,180,31596,0.0906158301384092
sample,cubic,1.0,100,181,31597,0.14768012872847852
sample,cubic,1.0,100,182,31598,0.05370481665450523
sample,cubic,1.0,100,183,31599,0.0592271343154213
sample,cubic,1.0,100,184,31600,0.05860675939668273
sample,cubic,1.0,100,185,31601,0.08417724081583867
sample,cubic,1.0,100,186,31602,0.1745128402057125
sample,cubic,1.0,100,187,31603,0.0686602486793685
sample,cubic,1.0,100,188,31604,0.12360688286088754
sample,cubic,1.0,100,189,31605,0.19776350015516478
sample,cubic,1.0,100,190,31606,0.09972198914077816
sample,cubic,1.0,100,191,31607,0.07909478353976705
sample,cubic,1.0,100,192,31608,0.07006276840952537
sample,cubic,1.0,100,193,31609,0.14685641940215216
sample,cubic,1.0,100,194,31610,0.10787389734654818
sample,cubic,1.0,100,195,31611,0.18933414408545698
sample,cubic,1.0,100,196,31612,0.058750524188886315
sample,cubic,1.0,100,197,31613,0.06627415643017559
sample,cubic,1.0,100,198,31614,0.1398311922991355
sample,cubic,1.0,100,199,31615,0.11369749903045245
