beta,N,seed_index,seed,estimator,hausdorff,inner_directed,outer_directed
0,10,0,20260713,convex_hull,0.9060903222489498,0.9060903222489498,0.0
0,10,0,20260713,packing,1.1507051208775954,1.1507051208775954,0.037804805763375526
0,10,0,20260713,christoffel,1.2007051208775954,1.2007051208775954,0.0
0,10,1,20260714,convex_hull,1.226825165733924,1.226825165733924,0.0
0,10,1,20260714,packing,1.2724066489235297,1.2724066489235297,0.0
0,10,1,20260714,christoffel,1.3224066489235298,1.3224066489235298,0.0
0,10,2,20260715,convex_hull,0.7196036922968793,0.7196036922968793,0.0
0,10,2,20260715,packing,1.4177400326389453,1.4177400326389453,0.02309592557629314
0,10,2,20260715,christoffel,1.4651125849122504,1.4651125849122504,0.0
0,10,3,20260716,convex_hull,1.1855809181640122,1.1855809181640122,0.0
0,10,3,20260716,packing,1.4409467122645558,1.4409467122645558,0.04951172313617269
0,10,3,20260716,christoffel,1.4909467122645559,1.4909467122645559,0.0
0,10,4,20260717,convex_hull,1.0797936576557055,1.0797936576557055,0.0
0,10,4,20260717,packing,1.175172094174811,1.175172094174811,0.0
0,10,4,20260717,christoffel,1.225172094174811,1.225172094174811,0.0
0,10,5,20260718,convex_hull,0.6795403773525774,0.6795403773525774,0.0
0,10,5,20260718,packing,1.1951759350815063,1.1951759350815063,0.0
0,10,5,20260718,christoffel,1.2451759350815064,1.2451759350815064,0.0
0,10,6,20260719,convex_hull,1.1025894106424816,1.1025894106424816,0.0
0,10,6,20260719,packing,1.31701875308848,1.31701875308848,0.03003101728843527
0,10,6,20260719,christoffel,1.355299105816238,1.355299105816238,0.0
0,10,7,20260720,convex_hull,1.1880900646277113,1.1880900646277113,0.0
0,10,7,20260720,packing,1.1380900646277112,1.1380900646277112,0.0
0,10,7,20260720,christoffel,1.1880900646277113,1.1880900646277113,0.0
0,10,8,20260721,convex_hull,1.3010596546693596,1.3010596546693596,0.0
0,10,8,20260721,packing,1.2608444879590832,1.2608444879590832,0.0
0,10,8,20260721,christoffel,1.3108444879590833,1.3108444879590833,0.0
0,10,9,20260722,convex_hull,0.7948299107752475,0.7948299107752475,0.0
0,10,9,20260722,packing,1.132667832349294,1.132667832349294,0.0
0,10,9,20260722,christoffel,1.182667832349294,1.182667832349294,0.0
0,10,10,20260723,convex_hull,1.3309218130720704,1.3309218130720704,0.0
0,10,10,20260723,packing,1.2948140537326298,1.2948140537326298,0.009394688504200222
0,10,10,20260723,christoffel,1.3448140537326299,1.3448140537326299,0.0
0,10,11,20260724,convex_hull,0.471555360918952,0.471555360918952,0.0
0,10,11,20260724,packing,1.0961933043658167,1.0961933043658167,0.027896519253568286
0,10,11,20260724,christoffel,1.1461933043658168,1.1461933043658168,0.0
0,10,12,20260725,convex_hull,1.2262075394598357,1.2262075394598357,0.0
0,10,12,20260725,packing,1.2067678835898055,1.2067678835898055,0.0
0,10,12,20260725,christoffel,1.2567678835898055,1.2567678835898055,0.0
0,10,13,20260726,convex_hull,1.4367806954818154,1.4367806954818154,0.0
0,10,13,20260726,packing,1.3867806954818154,1.3867806954818154,0.03500245614620534
0,10,13,20260726,christoffel,1.4367806954818154,1.4367806954818154,0.0
0,10,14,20260727,convex_hull,0.9479013528889764,0.9479013528889764,0.0
0,10,14,20260727,packing,1.1483623336722926,1.1483623336722926,0.048151420972325276
0,10,14,20260727,christoffel,1.1911441687598925,1.1911441687598925,0.0
0,10,15,20260728,convex_hull,0.8482816595986727,0.8482816595986727,0.0
0,10,15,20260728,packing,1.018008958608101,1.018008958608101,0.0
0,10,15,20260728,christoffel,1.06383388601906,1.06383388601906,0.0
0,10,16,20260729,convex_hull,1.3952444611625723,1.3952444611625723,0.0
0,10,16,20260729,packing,1.3452444611625722,1.3452444611625722,0.01566766385564966
0,10,16,20260729,christoffel,1.3952444611625723,1.3952444611625723,0.0
0,10,17,20260730,convex_hull,0.579969107931044,0.579969107931044,0.0
0,10,17,20260730,packing,1.0244533550167418,1.0244533550167418,0.03838668812996593
0,10,17,20260730,christoffel,1.0744533550167419,1.0744533550167419,0.0
0,10,18,20260731,convex_hull,0.9117669996984757,0.9117669996984757,0.0
0,10,18,20260731,packing,1.4077902122896642,1.4077902122896642,0.0
0,10,18,20260731,christoffel,1.4577902122896642,1.4577902122896642,0.0
0,10,19,20260732,convex_hull,0.8020350855919819,0.8020350855919819,0.0
0,10,19,20260732,packing,1.3403412189151969,1.3403412189151969,0.02496901813588348
0,10,19,20260732,christoffel,1.390341218915197,1.390341218915197,0.0
0,10,20,20260733,convex_hull,0.9563023394345743,0.9563023394345743,0.0
0,10,20,20260733,packing,1.122384632242614,1.122384632242614,0.0
0,10,20,20260733,christoffel,1.1723846322426141,1.1723846322426141,0.0
0,10,21,20260734,convex_hull,1.3369364944043252,1.3369364944043252,0.0
0,10,21,20260734,packing,1.3030795153332246,1.3030795153332246,0.007659997080083247
0,10,21,20260734,christoffel,1.3530795153332247,1.3530795153332247,0.0
0,10,22,20260735,convex_hull,1.1087199806626609,1.1087199806626609,0.0
0,10,22,20260735,packing,1.132172672890759,1.132172672890759,0.009168636233274685
0,10,22,20260735,christoffel,1.1821726728907591,1.1821726728907591,0.0
0,10,23,20260736,convex_hull,0.8084698477261509,0.8084698477261509,0.0
0,10,23,20260736,packing,1.191292133212039,1.191292133212039,0.007802544911842402
0,10,23,20260736,christoffel,1.241292133212039,1.241292133212039,0.0
0,10,24,20260737,convex_hull,1.7160358922816492,1.7160358922816492,0.0
0,10,24,20260737,packing,1.6660358922816492,1.6660358922816492,0.011560973406309571
0,10,24,20260737,christoffel,1.7160358922816492,1.7160358922816492,0.0
0,10,25,20260738,convex_hull,1.0718333849801511,1.0718333849801511,0.0
0,10,25,20260738,packing,1.1515367983351508,1.1515367983351508,0.002666630335090847
0,10,25,20260738,christoffel,1.2015367983351508,1.2015367983351508,0.0
0,10,26,20260739,convex_hull,1.4761066740095143,1.4761066740095143,0.0
0,10,26,20260739,packing,1.4932921757186512,1.4932921757186512,0.0
0,10,26,20260739,christoffel,1.5432921757186513,1.5432921757186513,0.0
0,10,27,20260740,convex_hull,1.1560664468538513,1.1560664468538513,0.0
0,10,27,20260740,packing,1.26633961832658,1.26633961832658,0.023048795603030636
0,10,27,20260740,christoffel,1.31633961832658,1.31633961832658,0.0
0,10,28,20260741,convex_hull,1.434942596869832,1.434942596869832,0.0
0,10,28,20260741,packing,1.384942596869832,1.384942596869832,0.004951078718385182
0,10,28,20260741,christoffel,1.434942596869832,1.434942596869832,0.0
0,10,29,20260742,convex_hull,1.0465314674147994,1.0465314674147994,0.0
0,10,29,20260742,packing,1.1394016520697692,1.1394016520697692,0.03612400767042001
0,10,29,20260742,christoffel,1.1894016520697692,1.1894016520697692,0.0
0,10,30,20260743,convex_hull,1.3272880924097883,1.3272880924097883,0.0
0,10,30,20260743,packing,1.2772880924097882,1.2772880924097882,0.029431035658552984
0,10,30,20260743,christoffel,1.3272880924097883,1.3272880924097883,0.0
0,10,31,20260744,convex_hull,1.3589344979365046,1.3589344979365046,0.0
0,10,31,20260744,packing,1.3089344979365045,1.3089344979365045,0.04595008442071302
0,10,31,20260744,christoffel,1.3589344979365046,1.3589344979365046,0.0
0,10,32,20260745,convex_hull,1.281966213395091,1.281966213395091,0.0
0,10,32,20260745,packing,1.3561677207096203,1.3561677207096203,0.020723030627276873
0,10,32,20260745,christoffel,1.4061677207096204,1.4061677207096204,0.0
0,10,33,20260746,convex_hull,0.9645884590953643,0.9645884590953643,0.0
0,10,33,20260746,packing,1.1737422288608919,1.1737422288608919,0.0
0,10,33,20260746,christoffel,1.223742228860892,1.223742228860892,0.0
0,10,34,20260747,convex_hull,1.0770095672024358,1.0770095672024358,0.0
0,10,34,20260747,packing,1.2727565040630109,1.2727565040630109,0.0033793641602946067
0,10,34,20260747,christoffel,1.322756504063011,1.322756504063011,0.0
0,10,35,20260748,convex_hull,1.272119014672429,1.272119014672429,0.0
0,10,35,20260748,packing,1.222119014672429,1.222119014672429,0.0
0,10,35,20260748,christoffel,1.272119014672429,1.272119014672429,0.0
0,10,36,20260749,convex_hull,2.274760110101486,2.274760110101486,0.0
0,10,36,20260749,packing,2.224760110101486,2.224760110101486,0.017138127422377636
0,10,36,20260749,christoffel,2.274760110101486,2.274760110101486,0.0
0,10,37,20260750,convex_hull,0.664009751841237,0.664009751841237,0.0
0,10,37,20260750,packing,1.255346429665787,1.255346429665787,0.0
0,10,37,20260750,christoffel,1.305346429665787,1.305346429665787,0.0
0,10,38,20260751,convex_hull,1.6475628304609673,1.6475628304609673,0.0
0,10,38,20260751,packing,1.5975628304609673,1.5975628304609673,0.029923417445647083
0,10,38,20260751,christoffel,1.6475628304609673,1.6475628304609673,0.0
0,10,39,20260752,convex_hull,0.9796524273566264,0.9796524273566264,0.0
0,10,39,20260752,packing,1.1276320818462808,1.1276320818462808,0.03679674232002794
0,10,39,20260752,christoffel,1.1776320818462809,1.1776320818462809,0.0
0,10,40,20260753,convex_hull,1.1591278820378754,1.1591278820378754,0.0
0,10,40,20260753,packing,1.2872438371380193,1.2872438371380193,0.015080823180050856
0,10,40,20260753,christoffel,1.3372438371380193,1.3372438371380193,0.0
0,10,41,20260754,convex_hull,0.8983951458508571,0.8983951458508571,0.0
0,10,41,20260754,packing,1.2035252923276407,1.2035252923276407,0.0
0,10,41,20260754,christoffel,1.2535252923276408,1.2535252923276408,0.0
0,10,42,20260755,convex_hull,1.4305512577742634,1.4305512577742634,0.0
0,10,42,20260755,packing,1.3855748261761593,1.3855748261761593,0.0
0,10,42,20260755,christoffel,1.4355748261761594,1.4355748261761594,0.0
0,10,43,20260756,convex_hull,0.5652919974246405,0.5652919974246405,0.0
0,10,43,20260756,packing,1.2401136050191655,1.2401136050191655,0.006237435682028725
0,10,43,20260756,christoffel,1.2901136050191655,1.2901136050191655,0.0
0,10,44,20260757,convex_hull,1.2518281121983077,1.2518281121983077,0.0
0,10,44,20260757,packing,1.257710090374099,1.257710090374099,0.04809204317182125
0,10,44,20260757,christoffel,1.307710090374099,1.307710090374099,0.0
0,10,45,20260758,convex_hull,1.1874832733392244,1.1874832733392244,0.0
0,10,45,20260758,packing,1.1374832733392244,1.1374832733392244,0.0
0,10,45,20260758,christoffel,1.1874832733392244,1.1874832733392244,0.0
0,10,46,20260759,convex_hull,1.3859792843828274,1.3859792843828274,0.0
0,10,46,20260759,packing,1.3359792843828273,1.3359792843828273,0.0
0,10,46,20260759,christoffel,1.3859792843828274,1.3859792843828274,0.0
0,10,47,20260760,convex_hull,0.7227622350630988,0.7227622350630988,0.0
0,10,47,20260760,packing,1.5116923475527553,1.5116923475527553,0.0
0,10,47,20260760,christoffel,1.5616923475527553,1.5616923475527553,0.0
0,10,48,20260761,convex_hull,1.7471933727474702,1.7471933727474702,0.0
0,10,48,20260761,packing,1.715279223248297,1.715279223248297,0.029050218851998766
0,10,48,20260761,christoffel,1.765279223248297,1.765279223248297,0.0
0,10,49,20260762,convex_hull,1.8493064654149356,1.8493064654149356,0.0
0,10,49,20260762,packing,1.8199228664711997,1.8199228664711997,0.042768545780877965
0,10,49,20260762,christoffel,1.8699228664711998,1.8699228664711998,0.0
2,10,0,20260713,convex_hull,0.9744592527897667,0.9744592527897667,0.0
2,10,0,20260713,packing,1.1067026961149586,1.1067026961149586,0.0
2,10,0,20260713,christoffel,1.1489176040101532,1.1489176040101532,0.0
2,10,1,20260714,convex_hull,1.9754041948101966,1.9754041948101966,0.0
2,10,1,20260714,packing,1.9254041948101965,1.9254041948101965,0.0
2,10,1,20260714,christoffel,1.9754041948101966,1.9754041948101966,0.0
2,10,2,20260715,convex_hull,1.4113329445197982,1.4113329445197982,0.0
2,10,2,20260715,packing,1.3613329445197981,1.3613329445197981,0.0
2,10,2,20260715,christoffel,1.4113329445197982,1.4113329445197982,0.0
2,10,3,20260716,convex_hull,1.4365600669431544,1.4365600669431544,0.0
2,10,3,20260716,packing,1.3865600669431544,1.3865600669431544,0.0
2,10,3,20260716,christoffel,1.4365600669431544,1.4365600669431544,0.0
2,10,4,20260717,convex_hull,1.9466759566760496,1.9466759566760496,0.0
2,10,4,20260717,packing,1.8966759566760496,1.8966759566760496,0.0
2,10,4,20260717,christoffel,1.9466759566760496,1.9466759566760496,0.0
2,10,5,20260718,convex_hull,1.6489591638382421,1.6489591638382421,0.0
2,10,5,20260718,packing,1.598959163838242,1.598959163838242,0.0
2,10,5,20260718,christoffel,1.6489591638382421,1.6489591638382421,0.0
2,10,6,20260719,convex_hull,1.7390863188645405,1.7390863188645405,0.0
2,10,6,20260719,packing,1.6890863188645404,1.6890863188645404,0.0
2,10,6,20260719,christoffel,1.7387394398424045,1.7387394398424045,0.0
2,10,7,20260720,convex_hull,1.4803854908249081,1.4803854908249081,0.0
2,10,7,20260720,packing,1.430385490824908,1.430385490824908,0.0
2,10,7,20260720,christoffel,1.4803854908249081,1.4803854908249081,0.0
2,10,8,20260721,convex_hull,1.1574679538488168,1.1574679538488168,0.0
2,10,8,20260721,packing,1.10768035111513,1.10768035111513,0.0
2,10,8,20260721,christoffel,1.1576803511151301,1.1576803511151301,0.0
2,10,9,20260722,convex_hull,1.5449752056024746,1.5449752056024746,0.0
2,10,9,20260722,packing,1.556914313688223,1.556914313688223,0.0
2,10,9,20260722,christoffel,1.6069143136882231,1.6069143136882231,0.0
2,10,10,20260723,convex_hull,2.077733808294321,2.077733808294321,0.0
2,10,10,20260723,packing,2.0277338082943213,2.0277338082943213,0.0
2,10,10,20260723,christoffel,2.077733808294321,2.077733808294321,0.0
2,10,11,20260724,convex_hull,1.619142666454231,1.619142666454231,0.0
2,10,11,20260724,packing,1.569142666454231,1.569142666454231,0.0
2,10,11,20260724,christoffel,1.619142666454231,1.619142666454231,0.0
2,10,12,20260725,convex_hull,1.9972035634891623,1.9972035634891623,0.0
2,10,12,20260725,packing,1.9527029995313188,1.9527029995313188,0.0
2,10,12,20260725,christoffel,2.002702999531319,2.002702999531319,0.0
2,10,13,20260726,convex_hull,1.6364048254317074,1.6364048254317074,0.0
2,10,13,20260726,packing,1.5864048254317074,1.5864048254317074,0.0
2,10,13,20260726,christoffel,1.6364048254317074,1.6364048254317074,0.0
2,10,14,20260727,convex_hull,1.342434207508899,1.342434207508899,0.0
2,10,14,20260727,packing,1.292434207508899,1.292434207508899,0.0
2,10,14,20260727,christoffel,1.342434207508899,1.342434207508899,0.0
2,10,15,20260728,convex_hull,1.1732614126120864,1.1732614126120864,0.0
2,10,15,20260728,packing,1.1232614126120863,1.1232614126120863,0.0
2,10,15,20260728,christoffel,1.1732614126120864,1.1732614126120864,0.0
2,10,16,20260729,convex_hull,2.6032957117944098,2.6032957117944098,0.0
2,10,16,20260729,packing,2.55329571179441,2.55329571179441,0.0
2,10,16,20260729,christoffel,2.6032957117944098,2.6032957117944098,0.0
2,10,17,20260730,convex_hull,2.134618376749078,2.134618376749078,0.0
2,10,17,20260730,packing,2.0880136327748167,2.0880136327748167,0.0
2,10,17,20260730,christoffel,2.1380136327748165,2.1380136327748165,0.0
2,10,18,20260731,convex_hull,1.5373231039909843,1.5373231039909843,0.0
2,10,18,20260731,packing,1.4873231039909842,1.4873231039909842,0.0
2,10,18,20260731,christoffel,1.5373231039909843,1.5373231039909843,0.0
2,10,19,20260732,convex_hull,1.9411841710664568,1.9411841710664568,0.0
2,10,19,20260732,packing,1.8911841710664568,1.8911841710664568,0.0
2,10,19,20260732,christoffel,1.9411841710664568,1.9411841710664568,0.0
2,10,20,20260733,convex_hull,2.2529608270015915,2.2529608270015915,0.0
2,10,20,20260733,packing,2.2064257570977426,2.2064257570977426,0.0
2,10,20,20260733,christoffel,2.2564257570977424,2.2564257570977424,0.0
2,10,21,20260734,convex_hull,1.874504465651603,1.874504465651603,0.0
2,10,21,20260734,packing,1.824504465651603,1.824504465651603,0.0
2,10,21,20260734,christoffel,1.874504465651603,1.874504465651603,0.0
2,10,22,20260735,convex_hull,1.9266167431207712,1.9266167431207712,0.0
2,10,22,20260735,packing,1.8766167431207712,1.8766167431207712,0.0
2,10,22,20260735,christoffel,1.9266167431207712,1.9266167431207712,0.0
2,10,23,20260736,convex_hull,2.0512991278732873,2.0512991278732873,0.0
2,10,23,20260736,packing,2.0012991278732875,2.0012991278732875,0.0
2,10,23,20260736,christoffel,2.0512991278732873,2.0512991278732873,0.0
2,10,24,20260737,convex_hull,1.722592946608785,1.722592946608785,0.0
2,10,24,20260737,packing,1.672592946608785,1.672592946608785,0.0
2,10,24,20260737,christoffel,1.722592946608785,1.722592946608785,0.0
2,10,25,20260738,convex_hull,1.6311432997385935,1.6311432997385935,0.0
2,10,25,20260738,packing,1.5838328943068216,1.5838328943068216,0.0
2,10,25,20260738,christoffel,1.6338328943068217,1.6338328943068217,0.0
2,10,26,20260739,convex_hull,2.0261359771618483,2.0261359771618483,0.0
2,10,26,20260739,packing,1.9761359771618483,1.9761359771618483,0.0
2,10,26,20260739,christoffel,2.0261359771618483,2.0261359771618483,0.0
2,10,27,20260740,convex_hull,2.0138335034465977,2.0138335034465977,0.0
2,10,27,20260740,packing,1.9638335034465977,1.9638335034465977,0.0
2,10,27,20260740,christoffel,2.0138335034465977,2.0138335034465977,0.0
2,10,28,20260741,convex_hull,2.0560082425553596,2.0560082425553596,0.0
2,10,28,20260741,packing,2.0082944209158407,2.0082944209158407,0.0
2,10,28,20260741,christoffel,2.0206952038364094,2.0206952038364094,0.0
2,10,29,20260742,convex_hull,1.9438820911884274,1.9438820911884274,0.0
2,10,29,20260742,packing,1.8938820911884273,1.8938820911884273,0.0
2,10,29,20260742,christoffel,1.9438820911884274,1.9438820911884274,0.0
2,10,30,20260743,convex_hull,1.627503238219073,1.627503238219073,0.0
2,10,30,20260743,packing,1.577503238219073,1.577503238219073,0.0
2,10,30,20260743,christoffel,1.627503238219073,1.627503238219073,0.0
2,10,31,20260744,convex_hull,1.3364875976154509,1.3364875976154509,0.0
2,10,31,20260744,packing,1.2864875976154508,1.2864875976154508,0.0
2,10,31,20260744,christoffel,1.3364875976154509,1.3364875976154509,0.0
2,10,32,20260745,convex_hull,2.3624356774683517,2.3624356774683517,0.0
2,10,32,20260745,packing,2.312435677468352,2.312435677468352,0.0
2,10,32,20260745,christoffel,2.3624356774683517,2.3624356774683517,0.0
2,10,33,20260746,convex_hull,1.7431837313651006,1.7431837313651006,0.0
2,10,33,20260746,packing,1.6931837313651006,1.6931837313651006,0.0
2,10,33,20260746,christoffel,1.7431837313651006,1.7431837313651006,0.0
2,10,34,20260747,convex_hull,2.2584513029279956,2.2584513029279956,0.0
2,10,34,20260747,packing,2.2176962657621226,2.2176962657621226,0.0
2,10,34,20260747,christoffel,2.2676962657621225,2.2676962657621225,0.0
2,10,35,20260748,convex_hull,2.3809733326114846,2.3809733326114846,0.0
2,10,35,20260748,packing,2.3309733326114848,2.3309733326114848,0.0
2,10,35,20260748,christoffel,2.3809733326114846,2.3809733326114846,0.0
2,10,36,20260749,convex_hull,1.5527661927904624,1.5527661927904624,0.0
2,10,36,20260749,packing,1.5027661927904623,1.5027661927904623,0.0
2,10,36,20260749,christoffel,1.5527661927904624,1.5527661927904624,0.0
2,10,37,20260750,convex_hull,1.9686271505913255,1.9686271505913255,0.0
2,10,37,20260750,packing,1.9186271505913255,1.9186271505913255,0.0
2,10,37,20260750,christoffel,1.9686271505913255,1.9686271505913255,0.0
2,10,38,20260751,convex_hull,1.7284471073228609,1.7284471073228609,0.0
2,10,38,20260751,packing,1.6784471073228608,1.6784471073228608,0.0
2,10,38,20260751,christoffel,1.7284471073228609,1.7284471073228609,0.0
2,10,39,20260752,convex_hull,1.8425868721487741,1.8425868721487741,0.0
2,10,39,20260752,packing,1.792586872148774,1.792586872148774,0.0
2,10,39,20260752,christoffel,1.8425868721487741,1.8425868721487741,0.0
2,10,40,20260753,convex_hull,1.5755468387378524,1.5755468387378524,0.0
2,10,40,20260753,packing,1.5255468387378524,1.5255468387378524,0.0
2,10,40,20260753,christoffel,1.5755468387378524,1.5755468387378524,0.0
2,10,41,20260754,convex_hull,1.2529477106641675,1.2529477106641675,0.0
2,10,41,20260754,packing,1.2029477106641675,1.2029477106641675,0.0
2,10,41,20260754,christoffel,1.2529477106641675,1.2529477106641675,0.0
2,10,42,20260755,convex_hull,1.426227032871262,1.426227032871262,0.0
2,10,42,20260755,packing,1.376227032871262,1.376227032871262,0.0
2,10,42,20260755,christoffel,1.426227032871262,1.426227032871262,0.0
2,10,43,20260756,convex_hull,1.377966574159195,1.377966574159195,0.0
2,10,43,20260756,packing,1.327966574159195,1.327966574159195,0.0
2,10,43,20260756,christoffel,1.377966574159195,1.377966574159195,0.0
2,10,44,20260757,convex_hull,1.8165017813317959,1.8165017813317959,0.0
2,10,44,20260757,packing,1.7665017813317958,1.7665017813317958,0.0
2,10,44,20260757,christoffel,1.8165017813317959,1.8165017813317959,0.0
2,10,45,20260758,convex_hull,1.4849988015861253,1.4849988015861253,0.0
2,10,45,20260758,packing,1.4349988015861252,1.4349988015861252,0.0
2,10,45,20260758,christoffel,1.4849988015861253,1.4849988015861253,0.0
2,10,46,20260759,convex_hull,2.0950374176925455,2.0950374176925455,0.0
2,10,46,20260759,packing,2.0450374176925457,2.0450374176925457,0.0
2,10,46,20260759,christoffel,2.0950374176925455,2.0950374176925455,0.0
2,10,47,20260760,convex_hull,1.4965732905305278,1.4965732905305278,0.0
2,10,47,20260760,packing,1.4465732905305277,1.4465732905305277,0.0
2,10,47,20260760,christoffel,1.4965732905305278,1.4965732905305278,0.0
2,10,48,20260761,convex_hull,1.855184349359561,1.855184349359561,0.0
2,10,48,20260761,packing,1.805184349359561,1.805184349359561,0.0
2,10,48,20260761,christoffel,1.855184349359561,1.855184349359561,0.0
2,10,49,20260762,convex_hull,1.8824539467182888,1.8824539467182888,0.0
2,10,49,20260762,packing,1.8324539467182888,1.8324539467182888,0.0
2,10,49,20260762,christoffel,1.8824539467182888,1.8824539467182888,0.0
4,10,0,20260713,convex_hull,1.4299541160784277,1.4299541160784277,0.0
4,10,0,20260713,packing,1.3799541160784277,1.3799541160784277,0.0
4,10,0,20260713,christoffel,1.4299541160784277,1.4299541160784277,0.0
4,10,1,20260714,convex_hull,2.092546032771728,2.092546032771728,0.0
4,10,1,20260714,packing,2.042546032771728,2.042546032771728,0.0
4,10,1,20260714,christoffel,2.092546032771728,2.092546032771728,0.0
4,10,2,20260715,convex_hull,1.7122301948363998,1.7122301948363998,0.0
4,10,2,20260715,packing,1.6622301948363998,1.6622301948363998,0.0
4,10,2,20260715,christoffel,1.7122301948363998,1.7122301948363998,0.0
4,10,3,20260716,convex_hull,1.7625176954333304,1.7625176954333304,0.0
4,10,3,20260716,packing,1.7125176954333303,1.7125176954333303,0.0
4,10,3,20260716,christoffel,1.7625176954333304,1.7625176954333304,0.0
4,10,4,20260717,convex_hull,2.266961611077266,2.266961611077266,0.0
4,10,4,20260717,packing,2.216961611077266,2.216961611077266,0.0
4,10,4,20260717,christoffel,2.2148541905105525,2.2148541905105525,0.0
4,10,5,20260718,convex_hull,1.8961743423756459,1.8961743423756459,0.0
4,10,5,20260718,packing,1.8461743423756458,1.8461743423756458,0.0
4,10,5,20260718,christoffel,1.867184495599407,1.867184495599407,0.0
4,10,6,20260719,convex_hull,1.9635656468283833,1.9635656468283833,0.0
4,10,6,20260719,packing,1.9135656468283833,1.9135656468283833,0.0
4,10,6,20260719,christoffel,1.9635656468283833,1.9635656468283833,0.0
4,10,7,20260720,convex_hull,1.8378917040227076,1.8378917040227076,0.0
4,10,7,20260720,packing,1.7912398763026731,1.7912398763026731,0.0
4,10,7,20260720,christoffel,1.8055333003327958,1.8055333003327958,0.0
4,10,8,20260721,convex_hull,1.6326550823917287,1.6326550823917287,0.0
4,10,8,20260721,packing,1.5826550823917287,1.5826550823917287,0.0
4,10,8,20260721,christoffel,1.6326550823917287,1.6326550823917287,0.0
4,10,9,20260722,convex_hull,1.8806371653893377,1.8806371653893377,0.0
4,10,9,20260722,packing,1.8306371653893376,1.8306371653893376,0.0
4,10,9,20260722,christoffel,1.8806371653893377,1.8806371653893377,0.0
4,10,10,20260723,convex_hull,2.2625496278342316,2.2625496278342316,0.0
4,10,10,20260723,packing,2.212549627834232,2.212549627834232,0.0
4,10,10,20260723,christoffel,2.2625496278342316,2.2625496278342316,0.0
4,10,11,20260724,convex_hull,1.8665480240000005,1.8665480240000005,0.0
4,10,11,20260724,packing,1.8165480240000005,1.8165480240000005,0.0
4,10,11,20260724,christoffel,1.8665480240000005,1.8665480240000005,0.0
4,10,12,20260725,convex_hull,2.222187658303042,2.222187658303042,0.0
4,10,12,20260725,packing,2.1721876583030424,2.1721876583030424,0.0
4,10,12,20260725,christoffel,2.2154715367965347,2.2154715367965347,0.0
4,10,13,20260726,convex_hull,2.0834913449536856,2.0834913449536856,0.0
4,10,13,20260726,packing,2.0334913449536858,2.0334913449536858,0.0
4,10,13,20260726,christoffel,2.0834913449536856,2.0834913449536856,0.0
4,10,14,20260727,convex_hull,1.7023114708932021,1.7023114708932021,0.0
4,10,14,20260727,packing,1.652311470893202,1.652311470893202,0.0
4,10,14,20260727,christoffel,1.7023114708932021,1.7023114708932021,0.0
4,10,15,20260728,convex_hull,1.6436618771748375,1.6436618771748375,0.0
4,10,15,20260728,packing,1.5936618771748374,1.5936618771748374,0.0
4,10,15,20260728,christoffel,1.6436618771748375,1.6436618771748375,0.0
4,10,16,20260729,convex_hull,2.63580460175377,2.63580460175377,0.0
4,10,16,20260729,packing,2.5858046017537704,2.5858046017537704,0.0
4,10,16,20260729,christoffel,2.63580460175377,2.63580460175377,0.0
4,10,17,20260730,convex_hull,2.266329942967827,2.266329942967827,0.0
4,10,17,20260730,packing,2.2662198138784873,2.2662198138784873,0.0
4,10,17,20260730,christoffel,2.316219813878487,2.316219813878487,0.0
4,10,18,20260731,convex_hull,1.8451454909366458,1.8451454909366458,0.0
4,10,18,20260731,packing,1.7951454909366458,1.7951454909366458,0.0
4,10,18,20260731,christoffel,1.8451454909366458,1.8451454909366458,0.0
4,10,19,20260732,convex_hull,2.260129267632654,2.260129267632654,0.0
4,10,19,20260732,packing,2.210129267632654,2.210129267632654,0.0
4,10,19,20260732,christoffel,2.260129267632654,2.260129267632654,0.0
4,10,20,20260733,convex_hull,2.3998971789213397,2.3998971789213397,0.0
4,10,20,20260733,packing,2.3502431731910396,2.3502431731910396,0.0
4,10,20,20260733,christoffel,2.373833859937167,2.373833859937167,0.0
4,10,21,20260734,convex_hull,2.10899946704579,2.10899946704579,0.0
4,10,21,20260734,packing,2.05899946704579,2.05899946704579,0.0
4,10,21,20260734,christoffel,2.108945881398703,2.108945881398703,0.0
4,10,22,20260735,convex_hull,2.1889145162705814,2.1889145162705814,0.0
4,10,22,20260735,packing,2.1389145162705816,2.1389145162705816,0.0
4,10,22,20260735,christoffel,2.1889145162705814,2.1889145162705814,0.0
4,10,23,20260736,convex_hull,2.2781546341093044,2.2781546341093044,0.0
4,10,23,20260736,packing,2.2281546341093046,2.2281546341093046,0.0
4,10,23,20260736,christoffel,2.2781546341093044,2.2781546341093044,0.0
4,10,24,20260737,convex_hull,2.040913091854916,2.040913091854916,0.0
4,10,24,20260737,packing,1.9909130918549158,1.9909130918549158,0.0
4,10,24,20260737,christoffel,2.0052002436200533,2.0052002436200533,0.0
4,10,25,20260738,convex_hull,1.8476240017246948,1.8476240017246948,0.0
4,10,25,20260738,packing,1.7976240017246947,1.7976240017246947,0.0
4,10,25,20260738,christoffel,1.8476240017246948,1.8476240017246948,0.0
4,10,26,20260739,convex_hull,2.2294449176970548,2.2294449176970548,0.0
4,10,26,20260739,packing,2.179444917697055,2.179444917697055,0.0
4,10,26,20260739,christoffel,2.2294449176970548,2.2294449176970548,0.0
4,10,27,20260740,convex_hull,2.2657659321182377,2.2657659321182377,0.0
4,10,27,20260740,packing,2.215765932118238,2.215765932118238,0.0
4,10,27,20260740,christoffel,2.2657659321182377,2.2657659321182377,0.0
4,10,28,20260741,convex_hull,2.231582510586297,2.231582510586297,0.0
4,10,28,20260741,packing,2.1815825204938966,2.1815825204938966,0.0
4,10,28,20260741,christoffel,2.1839938489356614,2.1839938489356614,0.0
4,10,29,20260742,convex_hull,2.237868669090191,2.237868669090191,0.0
4,10,29,20260742,packing,2.187868669090191,2.187868669090191,0.0
4,10,29,20260742,christoffel,2.219171723360073,2.219171723360073,0.0
4,10,30,20260743,convex_hull,2.0177097683952114,2.0177097683952114,0.0
4,10,30,20260743,packing,1.9677097683952114,1.9677097683952114,0.0
4,10,30,20260743,christoffel,2.0177097683952114,2.0177097683952114,0.0
4,10,31,20260744,convex_hull,1.7335769419641138,1.7335769419641138,0.0
4,10,31,20260744,packing,1.6835769419641138,1.6835769419641138,0.0
4,10,31,20260744,christoffel,1.7335769419641138,1.7335769419641138,0.0
4,10,32,20260745,convex_hull,2.467996479167998,2.467996479167998,0.0
4,10,32,20260745,packing,2.417996479167998,2.417996479167998,0.0
4,10,32,20260745,christoffel,2.467996479167998,2.467996479167998,0.0
4,10,33,20260746,convex_hull,2.058063325338735,2.058063325338735,0.0
4,10,33,20260746,packing,2.008063325338735,2.008063325338735,0.0
4,10,33,20260746,christoffel,2.0558665096559436,2.0558665096559436,0.0
4,10,34,20260747,convex_hull,2.372328395559348,2.372328395559348,0.0
4,10,34,20260747,packing,2.322328395559348,2.322328395559348,0.0
4,10,34,20260747,christoffel,2.372328395559348,2.372328395559348,0.0
4,10,35,20260748,convex_hull,2.498395876390044,2.498395876390044,0.0
4,10,35,20260748,packing,2.448395876390044,2.448395876390044,0.0
4,10,35,20260748,christoffel,2.486296574279906,2.486296574279906,0.0
4,10,36,20260749,convex_hull,1.8108939388277763,1.8108939388277763,0.0
4,10,36,20260749,packing,1.7608939388277762,1.7608939388277762,0.0
4,10,36,20260749,christoffel,1.8108939388277763,1.8108939388277763,0.0
4,10,37,20260750,convex_hull,2.169756340418831,2.169756340418831,0.0
4,10,37,20260750,packing,2.119756340418831,2.119756340418831,0.0
4,10,37,20260750,christoffel,2.1624951767019986,2.1624951767019986,0.0
4,10,38,20260751,convex_hull,1.9664278340116423,1.9664278340116423,0.0
4,10,38,20260751,packing,1.9164278340116423,1.9164278340116423,0.0
4,10,38,20260751,christoffel,1.9664278340116423,1.9664278340116423,0.0
4,10,39,20260752,convex_hull,2.075556515606249,2.075556515606249,0.0
4,10,39,20260752,packing,2.025556515606249,2.025556515606249,0.0
4,10,39,20260752,christoffel,2.075556515606249,2.075556515606249,0.0
4,10,40,20260753,convex_hull,1.8913404574735202,1.8913404574735202,0.0
4,10,40,20260753,packing,1.8413404574735202,1.8413404574735202,0.0
4,10,40,20260753,christoffel,1.8913404574735202,1.8913404574735202,0.0
4,10,41,20260754,convex_hull,1.6277587634460573,1.6277587634460573,0.0
4,10,41,20260754,packing,1.5777587634460573,1.5777587634460573,0.0
4,10,41,20260754,christoffel,1.6277587634460573,1.6277587634460573,0.0
4,10,42,20260755,convex_hull,1.7762163733120733,1.7762163733120733,0.0
4,10,42,20260755,packing,1.7262163733120732,1.7262163733120732,0.0
4,10,42,20260755,christoffel,1.7762163733120733,1.7762163733120733,0.0
4,10,43,20260756,convex_hull,1.6679407795192205,1.6679407795192205,0.0
4,10,43,20260756,packing,1.6179407795192204,1.6179407795192204,0.0
4,10,43,20260756,christoffel,1.6679407795192205,1.6679407795192205,0.0
4,10,44,20260757,convex_hull,2.101065931729825,2.101065931729825,0.0
4,10,44,20260757,packing,2.051065931729825,2.051065931729825,0.0
4,10,44,20260757,christoffel,2.101065931729825,2.101065931729825,0.0
4,10,45,20260758,convex_hull,1.3563650532564926,1.3563650532564926,0.0
4,10,45,20260758,packing,1.3063650532564925,1.3063650532564925,0.0
4,10,45,20260758,christoffel,1.3563650532564926,1.3563650532564926,0.0
4,10,46,20260759,convex_hull,2.2328104218200955,2.2328104218200955,0.0
4,10,46,20260759,packing,2.1828104218200957,2.1828104218200957,0.0
4,10,46,20260759,christoffel,2.2328104218200955,2.2328104218200955,0.0
4,10,47,20260760,convex_hull,1.8778177259895543,1.8778177259895543,0.0
4,10,47,20260760,packing,1.8278177259895543,1.8278177259895543,0.0
4,10,47,20260760,christoffel,1.8778177259895543,1.8778177259895543,0.0
4,10,48,20260761,convex_hull,2.013797014706921,2.013797014706921,0.0
4,10,48,20260761,packing,1.9637970147069208,1.9637970147069208,0.0
4,10,48,20260761,christoffel,2.013797014706921,2.013797014706921,0.0
4,10,49,20260762,convex_hull,2.1763087751698276,2.1763087751698276,0.0
4,10,49,20260762,packing,2.1263087751698277,2.1263087751698277,0.0
4,10,49,20260762,christoffel,2.1694736342969203,2.1694736342969203,0.0
0,30,0,20270713,convex_hull,0.5889173448249085,0.5889173448249085,0.0
0,30,0,20270713,packing,1.103958614464314,1.103958614464314,0.004039413749803877
0,30,0,20270713,christoffel,1.1437018318564527,1.1437018318564527,0.0
0,30,1,20270714,convex_hull,0.658552341857745,0.658552341857745,0.0
0,30,1,20270714,packing,0.8516945729386288,0.8516945729386288,0.03999348406993808
0,30,1,20270714,christoffel,0.7697295765240241,0.7697295765240241,0.0
0,30,2,20270715,convex_hull,0.6696975311417731,0.6696975311417731,0.0
0,30,2,20270715,packing,0.8686204619763396,0.8686204619763396,0.01588171766486357
0,30,2,20270715,christoffel,0.84697279176316,0.84697279176316,0.0
0,30,3,20270716,convex_hull,0.666972835766146,0.666972835766146,0.0
0,30,3,20270716,packing,0.883309800639782,0.883309800639782,0.0
0,30,3,20270716,christoffel,0.9205330098726725,0.9205330098726725,0.0
0,30,4,20270717,convex_hull,1.3107171665368145,1.3107171665368145,0.0
0,30,4,20270717,packing,1.2998226571790579,1.2998226571790579,0.027347578863124777
0,30,4,20270717,christoffel,1.349822657179058,1.349822657179058,0.0
0,30,5,20270718,convex_hull,0.4650916640673341,0.4650916640673341,0.0
0,30,5,20270718,packing,0.7993990133613296,0.7993990133613296,0.028376577115553858
0,30,5,20270718,christoffel,0.8493990133613296,0.8493990133613296,0.0
0,30,6,20270719,convex_hull,0.5190910403173022,0.5190910403173022,0.0
0,30,6,20270719,packing,0.7519522691868942,0.7519522691868942,0.03870951498446562
0,30,6,20270719,christoffel,0.7229027561894728,0.7229027561894728,0.0
0,30,7,20270720,convex_hull,0.40352708802239357,0.40352708802239357,0.0
0,30,7,20270720,packing,0.7510020479862266,0.7510020479862266,0.038402248898987024
0,30,7,20270720,christoffel,0.8010020479862267,0.8010020479862267,0.0
0,30,8,20270721,convex_hull,0.46603668603361237,0.46603668603361237,0.0
0,30,8,20270721,packing,0.8017914057465979,0.8017914057465979,0.04036875560429465
0,30,8,20270721,christoffel,0.7683251289222998,0.7683251289222998,0.0
0,30,9,20270722,convex_hull,0.5838258350203739,0.5838258350203739,0.0
0,30,9,20270722,packing,0.8375210831032807,0.8375210831032807,0.04214628209228777
0,30,9,20270722,christoffel,0.836935336046276,0.836935336046276,0.0
0,30,10,20270723,convex_hull,0.5322744522851536,0.5322744522851536,0.0
0,30,10,20270723,packing,0.9819495569279872,0.9819495569279872,0.01575145844362609
0,30,10,20270723,christoffel,1.0155648420881884,1.0155648420881884,0.0
0,30,11,20270724,convex_hull,0.6445784164710926,0.6445784164710926,0.0
0,30,11,20270724,packing,0.7873789366289649,0.7873789366289649,0.032004676556588674
0,30,11,20270724,christoffel,0.8313925182937932,0.8313925182937932,0.0
0,30,12,20270725,convex_hull,0.5350875373049129,0.5350875373049129,0.0
0,30,12,20270725,packing,0.828203757742287,0.828203757742287,0.028494364132973793
0,30,12,20270725,christoffel,0.8290000949127975,0.8290000949127975,0.0
0,30,13,20270726,convex_hull,0.8923722383802976,0.8923722383802976,0.0
0,30,13,20270726,packing,0.8736267530407124,0.8736267530407124,0.0074169498915328536
0,30,13,20270726,christoffel,0.8900051491935497,0.8900051491935497,0.0
0,30,14,20270727,convex_hull,0.72727480144156,0.72727480144156,0.0
0,30,14,20270727,packing,0.8529810114131804,0.8529810114131804,0.046662164105573445
0,30,14,20270727,christoffel,0.8942560881146396,0.8942560881146396,0.0
0,30,15,20270728,convex_hull,0.7354731137911655,0.7354731137911655,0.0
0,30,15,20270728,packing,0.7923295858624434,0.7923295858624434,0.02911216951341926
0,30,15,20270728,christoffel,0.8423295858624434,0.8423295858624434,0.013558594810690251
0,30,16,20270729,convex_hull,0.4412166463231792,0.4412166463231792,0.0
0,30,16,20270729,packing,0.6777165297628748,0.6777165297628748,0.030152313816230736
0,30,16,20270729,christoffel,0.7277165297628748,0.7277165297628748,0.0
0,30,17,20270730,convex_hull,0.8445039971794357,0.8445039971794357,0.0
0,30,17,20270730,packing,0.9208235476085084,0.9208235476085084,0.04039741320113566
0,30,17,20270730,christoffel,0.9708235476085084,0.9708235476085084,0.0
0,30,18,20270731,convex_hull,0.3505422983031969,0.3505422983031969,0.0
0,30,18,20270731,packing,0.8223012963988955,0.8223012963988955,0.03148043604372286
0,30,18,20270731,christoffel,0.8222197078579019,0.8222197078579019,0.0
0,30,19,20270732,convex_hull,0.5897337859948835,0.5897337859948835,0.0
0,30,19,20270732,packing,0.8326664352014879,0.8326664352014879,0.04744482456843713
0,30,19,20270732,christoffel,0.8623355153721008,0.8623355153721008,0.0
0,30,20,20270733,convex_hull,0.6655749061650693,0.6655749061650693,0.0
0,30,20,20270733,packing,0.809154658385635,0.809154658385635,0.038278755403495346
0,30,20,20270733,christoffel,0.7989684498584784,0.7989684498584784,0.0
0,30,21,20270734,convex_hull,0.5721989176090597,0.5721989176090597,0.0
0,30,21,20270734,packing,0.7697172805868572,0.7697172805868572,0.031759475999217246
0,30,21,20270734,christoffel,0.783739598009368,0.783739598009368,0.0
0,30,22,20270735,convex_hull,0.6739845104688226,0.6739845104688226,0.0
0,30,22,20270735,packing,0.6986384441528076,0.6986384441528076,0.0
0,30,22,20270735,christoffel,0.7409577777507962,0.7409577777507962,0.0
0,30,23,20270736,convex_hull,0.4955189155753556,0.4955189155753556,0.0
0,30,23,20270736,packing,0.7260356682987215,0.7260356682987215,0.028534192408962156
0,30,23,20270736,christoffel,0.7759286917286586,0.7759286917286586,0.0
0,30,24,20270737,convex_hull,0.5773265463391529,0.5773265463391529,0.0
0,30,24,20270737,packing,0.6775703531907199,0.6775703531907199,0.03959349658577743
0,30,24,20270737,christoffel,0.6762826218831334,0.6762826218831334,0.0
0,30,25,20270738,convex_hull,0.461603265296802,0.461603265296802,0.0
0,30,25,20270738,packing,0.84587409082839,0.84587409082839,0.04677928358197291
0,30,25,20270738,christoffel,0.8958740908283901,0.8958740908283901,0.0
0,30,26,20270739,convex_hull,0.771881360349928,0.771881360349928,0.0
0,30,26,20270739,packing,0.829583800775502,0.829583800775502,0.03557270367632026
0,30,26,20270739,christoffel,0.8493971460787855,0.8493971460787855,0.0
0,30,27,20270740,convex_hull,0.4700172447695856,0.4700172447695856,0.0
0,30,27,20270740,packing,0.8193111555306077,0.8193111555306077,0.042821995272308566
0,30,27,20270740,christoffel,0.8556996623646652,0.8556996623646652,0.0
0,30,28,20270741,convex_hull,0.362143077779154,0.362143077779154,0.0
0,30,28,20270741,packing,0.756256038994369,0.756256038994369,0.04179393855637237
0,30,28,20270741,christoffel,0.7674282009365421,0.7674282009365421,0.0
0,30,29,20270742,convex_hull,0.745621297251529,0.745621297251529,0.0
0,30,29,20270742,packing,0.9115012194491395,0.9115012194491395,0.013562185264177629
0,30,29,20270742,christoffel,0.8836964469893737,0.8836964469893737,0.0
0,30,30,20270743,convex_hull,0.831200176037872,0.831200176037872,0.0
0,30,30,20270743,packing,0.9619202718605837,0.9619202718605837,0.03634183855774714
0,30,30,20270743,christoffel,1.0037969716302129,1.0037969716302129,0.0
0,30,31,20270744,convex_hull,0.5573662677250797,0.5573662677250797,0.0
0,30,31,20270744,packing,0.735527105958379,0.735527105958379,0.04557675577676301
0,30,31,20270744,christoffel,0.7485271355176547,0.7485271355176547,0.0
0,30,32,20270745,convex_hull,0.5262914982342829,0.5262914982342829,0.0
0,30,32,20270745,packing,0.6868382813526127,0.6868382813526127,0.04987469968105751
0,30,32,20270745,christoffel,0.6545949726048378,0.6545949726048378,0.0
0,30,33,20270746,convex_hull,0.5326529954245801,0.5326529954245801,0.0
0,30,33,20270746,packing,0.7507896938739338,0.7507896938739338,0.008473352737111917
0,30,33,20270746,christoffel,0.7587256429024168,0.7587256429024168,0.0
0,30,34,20270747,convex_hull,0.7828186153923546,0.7828186153923546,0.0
0,30,34,20270747,packing,0.8013136945422872,0.8013136945422872,0.03562218468167849
0,30,34,20270747,christoffel,0.7610765583644031,0.7610765583644031,0.0
0,30,35,20270748,convex_hull,0.6364378872457632,0.6364378872457632,0.0
0,30,35,20270748,packing,0.7474088872263,0.7474088872263,0.04996367363168641
0,30,35,20270748,christoffel,0.7944249444427722,0.7944249444427722,0.0
0,30,36,20270749,convex_hull,0.5339073322449968,0.5339073322449968,0.0
0,30,36,20270749,packing,0.8260650005220819,0.8260650005220819,0.024173918338013634
0,30,36,20270749,christoffel,0.8461573756778418,0.8461573756778418,0.0
0,30,37,20270750,convex_hull,0.4011331353628387,0.4011331353628387,0.0
0,30,37,20270750,packing,0.6779793700413275,0.6779793700413275,0.0
0,30,37,20270750,christoffel,0.6140689325489642,0.6140689325489642,0.0
0,30,38,20270751,convex_hull,1.209103934676773,1.209103934676773,0.0
0,30,38,20270751,packing,1.1591039346767729,1.1591039346767729,0.018706875993147076
0,30,38,20270751,christoffel,1.209103934676773,1.209103934676773,0.0
0,30,39,20270752,convex_hull,0.40958700327981806,0.40958700327981806,0.0
0,30,39,20270752,packing,0.7204282633178787,0.7204282633178787,0.0387893027706121
0,30,39,20270752,christoffel,0.6703657767091952,0.6703657767091952,0.0
0,30,40,20270753,convex_hull,0.5117310135706626,0.5117310135706626,0.0
0,30,40,20270753,packing,0.7910796870682724,0.7910796870682724,0.04612807754103532
0,30,40,20270753,christoffel,0.6952529019984963,0.6952529019984963,0.0
0,30,41,20270754,convex_hull,0.6946357124301367,0.6946357124301367,0.0
0,30,41,20270754,packing,0.7819605314482817,0.7819605314482817,0.005066188102132774
0,30,41,20270754,christoffel,0.812929404314899,0.812929404314899,0.0
0,30,42,20270755,convex_hull,0.5129360140338689,0.5129360140338689,0.0
0,30,42,20270755,packing,0.7118311927860222,0.7118311927860222,0.014447482257526123
0,30,42,20270755,christoffel,0.7464508419128203,0.7464508419128203,0.0
0,30,43,20270756,convex_hull,0.3907696233507257,0.3907696233507257,0.0
0,30,43,20270756,packing,0.663953049086292,0.663953049086292,0.045928702541165545
0,30,43,20270756,christoffel,0.6762490161758437,0.6762490161758437,0.0
0,30,44,20270757,convex_hull,0.4040839852313087,0.4040839852313087,0.0
0,30,44,20270757,packing,0.7471776248808903,0.7471776248808903,0.039430768144637085
0,30,44,20270757,christoffel,0.7523994393121155,0.7523994393121155,0.00042463318020004493
0,30,45,20270758,convex_hull,0.7177860441313321,0.7177860441313321,0.0
0,30,45,20270758,packing,0.8901554872019658,0.8901554872019658,0.0467254960896053
0,30,45,20270758,christoffel,0.8524507684279327,0.8524507684279327,0.0
0,30,46,20270759,convex_hull,0.6981352661207788,0.6981352661207788,0.0
0,30,46,20270759,packing,1.0404782103948587,1.0404782103948587,0.04258150019682061
0,30,46,20270759,christoffel,0.9857365224210543,0.9857365224210543,0.0
0,30,47,20270760,convex_hull,0.7194329426062565,0.7194329426062565,0.0
0,30,47,20270760,packing,0.8711172948802034,0.8711172948802034,0.044341808895634105
0,30,47,20270760,christoffel,0.8780655689425724,0.8780655689425724,0.0
0,30,48,20270761,convex_hull,1.4242833067058251,1.4242833067058251,0.0
0,30,48,20270761,packing,1.4920761926817379,1.4920761926817379,0.011017509372308165
0,30,48,20270761,christoffel,1.5410454430105862,1.5410454430105862,0.0
0,30,49,20270762,convex_hull,0.36237116590092183,0.36237116590092183,0.0
0,30,49,20270762,packing,0.6850567328708957,0.6850567328708957,0.04807085297752023
0,30,49,20270762,christoffel,0.6153072222282477,0.6153072222282477,0.0
2,30,0,20270713,convex_hull,1.4929968991369038,1.4929968991369038,0.0
2,30,0,20270713,packing,1.4429968991369038,1.4429968991369038,0.0
2,30,0,20270713,christoffel,1.4763759265247838,1.4763759265247838,0.0
2,30,1,20270714,convex_hull,1.2963969050115511,1.2963969050115511,0.0
2,30,1,20270714,packing,1.246396905011551,1.246396905011551,0.0
2,30,1,20270714,christoffel,1.2799920991757268,1.2799920991757268,0.0
2,30,2,20270715,convex_hull,1.2511051678311031,1.2511051678311031,0.0
2,30,2,20270715,packing,1.201105167831103,1.201105167831103,0.0
2,30,2,20270715,christoffel,1.2511051678311031,1.2511051678311031,0.0
2,30,3,20270716,convex_hull,1.1329660227972829,1.1329660227972829,0.0
2,30,3,20270716,packing,1.0829660227972828,1.0829660227972828,0.0
2,30,3,20270716,christoffel,1.1329660227972829,1.1329660227972829,0.0
2,30,4,20270717,convex_hull,2.024701705738842,2.024701705738842,0.0
2,30,4,20270717,packing,1.9756933198613538,1.9756933198613538,0.0
2,30,4,20270717,christoffel,2.006361079975795,2.006361079975795,0.0
2,30,5,20270718,convex_hull,1.2243859208948855,1.2243859208948855,0.0
2,30,5,20270718,packing,1.1743859208948855,1.1743859208948855,0.0
2,30,5,20270718,christoffel,1.2066626365713728,1.2066626365713728,0.0
2,30,6,20270719,convex_hull,1.2958634632090555,1.2958634632090555,0.0
2,30,6,20270719,packing,1.2458634632090555,1.2458634632090555,0.0
2,30,6,20270719,christoffel,1.2958634632090555,1.2958634632090555,0.0
2,30,7,20270720,convex_hull,1.1181519955109067,1.1181519955109067,0.0
2,30,7,20270720,packing,1.0681519955109067,1.0681519955109067,0.0
2,30,7,20270720,christoffel,1.1181519955109067,1.1181519955109067,0.0
2,30,8,20270721,convex_hull,1.2706396718997082,1.2706396718997082,0.0
2,30,8,20270721,packing,1.2206396718997081,1.2206396718997081,0.0
2,30,8,20270721,christoffel,1.2698283361348746,1.2698283361348746,0.0
2,30,9,20270722,convex_hull,1.1381424878531345,1.1381424878531345,0.0
2,30,9,20270722,packing,1.141838798448928,1.141838798448928,0.0
2,30,9,20270722,christoffel,1.191838798448928,1.191838798448928,0.0
2,30,10,20270723,convex_hull,0.7571806733831702,0.7571806733831702,0.0
2,30,10,20270723,packing,0.8124297926877417,0.8124297926877417,0.0
2,30,10,20270723,christoffel,0.796333876573249,0.796333876573249,0.0
2,30,11,20270724,convex_hull,1.1930947903770095,1.1930947903770095,0.0
2,30,11,20270724,packing,1.1430947903770095,1.1430947903770095,0.0
2,30,11,20270724,christoffel,1.1930947903770095,1.1930947903770095,0.0
2,30,12,20270725,convex_hull,1.34231720011223,1.34231720011223,0.0
2,30,12,20270725,packing,1.29231720011223,1.29231720011223,0.0
2,30,12,20270725,christoffel,1.3223741554752535,1.3223741554752535,0.0
2,30,13,20270726,convex_hull,1.1271227766871246,1.1271227766871246,0.0
2,30,13,20270726,packing,1.0771227766871245,1.0771227766871245,0.0
2,30,13,20270726,christoffel,1.1271227766871246,1.1271227766871246,0.0
2,30,14,20270727,convex_hull,0.8018701687184324,0.8018701687184324,0.0
2,30,14,20270727,packing,0.8125869814972131,0.8125869814972131,0.0
2,30,14,20270727,christoffel,0.821297683046543,0.821297683046543,0.0
2,30,15,20270728,convex_hull,1.3947317179626684,1.3947317179626684,0.0
2,30,15,20270728,packing,1.349158463343522,1.349158463343522,0.0
2,30,15,20270728,christoffel,1.3810938150219576,1.3810938150219576,0.0
2,30,16,20270729,convex_hull,1.0473447572018877,1.0473447572018877,0.0
2,30,16,20270729,packing,0.9973447572018876,0.9973447572018876,0.0
2,30,16,20270729,christoffel,1.0423993509412859,1.0423993509412859,0.0
2,30,17,20270730,convex_hull,1.4920041212748911,1.4920041212748911,0.0
2,30,17,20270730,packing,1.442004121274891,1.442004121274891,0.0
2,30,17,20270730,christoffel,1.4920041212748911,1.4920041212748911,0.0
2,30,18,20270731,convex_hull,1.1487988431864533,1.1487988431864533,0.0
2,30,18,20270731,packing,1.1067904393668562,1.1067904393668562,0.0
2,30,18,20270731,christoffel,1.1164143617182827,1.1164143617182827,0.0
2,30,19,20270732,convex_hull,1.494217198721029,1.494217198721029,0.0
2,30,19,20270732,packing,1.444217198721029,1.444217198721029,0.0
2,30,19,20270732,christoffel,1.4871028104417257,1.4871028104417257,0.0
2,30,20,20270733,convex_hull,1.1167937029885635,1.1167937029885635,0.0
2,30,20,20270733,packing,1.0791568615114688,1.0791568615114688,0.0
2,30,20,20270733,christoffel,1.1178482322486183,1.1178482322486183,0.0
2,30,21,20270734,convex_hull,1.21226474565818,1.21226474565818,0.0
2,30,21,20270734,packing,1.16226474565818,1.16226474565818,0.0
2,30,21,20270734,christoffel,1.21226474565818,1.21226474565818,0.0
2,30,22,20270735,convex_hull,1.499290275297847,1.499290275297847,0.0
2,30,22,20270735,packing,1.4876277460687808,1.4876277460687808,0.0
2,30,22,20270735,christoffel,1.5376277460687808,1.5376277460687808,0.0
2,30,23,20270736,convex_hull,1.1509431920427404,1.1509431920427404,0.0
2,30,23,20270736,packing,1.1025193551571926,1.1025193551571926,0.0
2,30,23,20270736,christoffel,1.1019751772608684,1.1019751772608684,0.0
2,30,24,20270737,convex_hull,1.3935561139820507,1.3935561139820507,0.0
2,30,24,20270737,packing,1.3435561139820507,1.3435561139820507,0.0
2,30,24,20270737,christoffel,1.3935561139820507,1.3935561139820507,0.0
2,30,25,20270738,convex_hull,1.3151820806048466,1.3151820806048466,0.0
2,30,25,20270738,packing,1.2651820806048466,1.2651820806048466,0.0
2,30,25,20270738,christoffel,1.3151820806048466,1.3151820806048466,0.0
2,30,26,20270739,convex_hull,1.2819260354365845,1.2819260354365845,0.0
2,30,26,20270739,packing,1.2319260354365844,1.2319260354365844,0.0
2,30,26,20270739,christoffel,1.2609549640996622,1.2609549640996622,0.0
2,30,27,20270740,convex_hull,1.4289710181138027,1.4289710181138027,0.0
2,30,27,20270740,packing,1.3888815884295773,1.3888815884295773,0.0
2,30,27,20270740,christoffel,1.4240563146076584,1.4240563146076584,0.0
2,30,28,20270741,convex_hull,1.1338165529042585,1.1338165529042585,0.0
2,30,28,20270741,packing,1.113803455595655,1.113803455595655,0.0
2,30,28,20270741,christoffel,1.1638034555956551,1.1638034555956551,0.0
2,30,29,20270742,convex_hull,1.3937751433873975,1.3937751433873975,0.0
2,30,29,20270742,packing,1.3437751433873975,1.3437751433873975,0.0
2,30,29,20270742,christoffel,1.3673353335622518,1.3673353335622518,0.0
2,30,30,20270743,convex_hull,1.2152151593973146,1.2152151593973146,0.0
2,30,30,20270743,packing,1.1652151593973146,1.1652151593973146,0.0
2,30,30,20270743,christoffel,1.2106906940593003,1.2106906940593003,0.0
2,30,31,20270744,convex_hull,1.5988463599289688,1.5988463599289688,0.0
2,30,31,20270744,packing,1.5488463599289688,1.5488463599289688,0.0
2,30,31,20270744,christoffel,1.5600320394365481,1.5600320394365481,0.0
2,30,32,20270745,convex_hull,1.5231397531754831,1.5231397531754831,0.0
2,30,32,20270745,packing,1.473139753175483,1.473139753175483,0.0
2,30,32,20270745,christoffel,1.5231397531754831,1.5231397531754831,0.0
2,30,33,20270746,convex_hull,1.1748095751471257,1.1748095751471257,0.0
2,30,33,20270746,packing,1.1255358833513214,1.1255358833513214,0.0
2,30,33,20270746,christoffel,1.1511704987575768,1.1511704987575768,0.0
2,30,34,20270747,convex_hull,1.310196076561548,1.310196076561548,0.0
2,30,34,20270747,packing,1.2979415854016305,1.2979415854016305,0.0
2,30,34,20270747,christoffel,1.3479415854016306,1.3479415854016306,0.0
2,30,35,20270748,convex_hull,1.1555207141018429,1.1555207141018429,0.0
2,30,35,20270748,packing,1.1055207141018428,1.1055207141018428,0.0
2,30,35,20270748,christoffel,1.1555207141018429,1.1555207141018429,0.0
2,30,36,20270749,convex_hull,1.210940229158512,1.210940229158512,0.0
2,30,36,20270749,packing,1.160940229158512,1.160940229158512,0.0
2,30,36,20270749,christoffel,1.2079615428304784,1.2079615428304784,0.0
2,30,37,20270750,convex_hull,1.0249761333775649,1.0249761333775649,0.0
2,30,37,20270750,packing,0.9749761333775648,0.9749761333775648,0.0
2,30,37,20270750,christoffel,1.0249761333775649,1.0249761333775649,0.0
2,30,38,20270751,convex_hull,1.0573364692058578,1.0573364692058578,0.0
2,30,38,20270751,packing,1.0073364692058577,1.0073364692058577,0.0
2,30,38,20270751,christoffel,1.0573364692058578,1.0573364692058578,0.0
2,30,39,20270752,convex_hull,1.3939632711638843,1.3939632711638843,0.0
2,30,39,20270752,packing,1.3551916658304175,1.3551916658304175,0.0
2,30,39,20270752,christoffel,1.4051916658304175,1.4051916658304175,0.0
2,30,40,20270753,convex_hull,1.1637567070914199,1.1637567070914199,0.0
2,30,40,20270753,packing,1.1181521410124242,1.1181521410124242,0.0
2,30,40,20270753,christoffel,1.1598077045853432,1.1598077045853432,0.0
2,30,41,20270754,convex_hull,1.3288555168432625,1.3288555168432625,0.0
2,30,41,20270754,packing,1.3656549031054923,1.3656549031054923,0.0
2,30,41,20270754,christoffel,1.4156549031054924,1.4156549031054924,0.0
2,30,42,20270755,convex_hull,1.5509262737213676,1.5509262737213676,0.0
2,30,42,20270755,packing,1.5009262737213676,1.5009262737213676,0.0
2,30,42,20270755,christoffel,1.4995413234696089,1.4995413234696089,0.0
2,30,43,20270756,convex_hull,1.171823809461005,1.171823809461005,0.0
2,30,43,20270756,packing,1.1223662597611497,1.1223662597611497,0.0
2,30,43,20270756,christoffel,1.154968273255982,1.154968273255982,0.0
2,30,44,20270757,convex_hull,1.6049692532230866,1.6049692532230866,0.0
2,30,44,20270757,packing,1.5549692532230865,1.5549692532230865,0.0
2,30,44,20270757,christoffel,1.5789269289767203,1.5789269289767203,0.0
2,30,45,20270758,convex_hull,1.5503367048572378,1.5503367048572378,0.0
2,30,45,20270758,packing,1.500454229695133,1.500454229695133,0.0
2,30,45,20270758,christoffel,1.5308491085288483,1.5308491085288483,0.0
2,30,46,20270759,convex_hull,1.4042370042050998,1.4042370042050998,0.0
2,30,46,20270759,packing,1.3542370042050997,1.3542370042050997,0.0
2,30,46,20270759,christoffel,1.4042370042050998,1.4042370042050998,0.0
2,30,47,20270760,convex_hull,1.3351647701732943,1.3351647701732943,0.0
2,30,47,20270760,packing,1.2992521772424894,1.2992521772424894,0.0
2,30,47,20270760,christoffel,1.3251009570958663,1.3251009570958663,0.0
2,30,48,20270761,convex_hull,1.1629251404098482,1.1629251404098482,0.0
2,30,48,20270761,packing,1.179797407885406,1.179797407885406,0.0
2,30,48,20270761,christoffel,1.2297974078854061,1.2297974078854061,0.0
2,30,49,20270762,convex_hull,1.271543801407565,1.271543801407565,0.0
2,30,49,20270762,packing,1.221543801407565,1.221543801407565,0.0
2,30,49,20270762,christoffel,1.2609549640996622,1.2609549640996622,0.0
4,30,0,20270713,convex_hull,1.9536258567729288,1.9536258567729288,0.0
4,30,0,20270713,packing,1.9036258567729287,1.9036258567729287,0.0
4,30,0,20270713,christoffel,1.8971371970299236,1.8971371970299236,0.0
4,30,1,20270714,convex_hull,1.401865505798107,1.401865505798107,0.0
4,30,1,20270714,packing,1.351865505798107,1.351865505798107,0.0
4,30,1,20270714,christoffel,1.3680956296647449,1.3680956296647449,0.0
4,30,2,20270715,convex_hull,1.5250301538115143,1.5250301538115143,0.0
4,30,2,20270715,packing,1.4750301538115143,1.4750301538115143,0.0
4,30,2,20270715,christoffel,1.5250301538115143,1.5250301538115143,0.0
4,30,3,20270716,convex_hull,1.5712301278161793,1.5712301278161793,0.0
4,30,3,20270716,packing,1.5212301278161793,1.5212301278161793,0.0
4,30,3,20270716,christoffel,1.5712301278161793,1.5712301278161793,0.0
4,30,4,20270717,convex_hull,2.2316700510998935,2.2316700510998935,0.0
4,30,4,20270717,packing,2.1829812323722035,2.1829812323722035,0.0
4,30,4,20270717,christoffel,2.1639773565708142,2.1639773565708142,0.0
4,30,5,20270718,convex_hull,1.5153850585096449,1.5153850585096449,0.0
4,30,5,20270718,packing,1.4653850585096448,1.4653850585096448,0.0
4,30,5,20270718,christoffel,1.5136809803893068,1.5136809803893068,0.0
4,30,6,20270719,convex_hull,1.6421474041250468,1.6421474041250468,0.0
4,30,6,20270719,packing,1.5932685345855195,1.5932685345855195,0.0
4,30,6,20270719,christoffel,1.580808892776814,1.580808892776814,0.0
4,30,7,20270720,convex_hull,1.9736235356804357,1.9736235356804357,0.0
4,30,7,20270720,packing,1.9236235356804356,1.9236235356804356,0.0
4,30,7,20270720,christoffel,1.954922123630511,1.954922123630511,0.0
4,30,8,20270721,convex_hull,1.6938429726199113,1.6938429726199113,0.0
4,30,8,20270721,packing,1.6438429726199113,1.6438429726199113,0.0
4,30,8,20270721,christoffel,1.6877970981849175,1.6877970981849175,0.0
4,30,9,20270722,convex_hull,1.4834787922527979,1.4834787922527979,0.0
4,30,9,20270722,packing,1.4334787922527978,1.4334787922527978,0.0
4,30,9,20270722,christoffel,1.4787969641981984,1.4787969641981984,0.0
4,30,10,20270723,convex_hull,1.1976111040513064,1.1976111040513064,0.0
4,30,10,20270723,packing,1.1622313309943546,1.1622313309943546,0.0
4,30,10,20270723,christoffel,1.2108448745247156,1.2108448745247156,0.0
4,30,11,20270724,convex_hull,1.5791667807696599,1.5791667807696599,0.0
4,30,11,20270724,packing,1.5291667807696598,1.5291667807696598,0.0
4,30,11,20270724,christoffel,1.5791667807696599,1.5791667807696599,0.0
4,30,12,20270725,convex_hull,1.2449867286360654,1.2449867286360654,0.0
4,30,12,20270725,packing,1.1949867286360654,1.1949867286360654,0.0
4,30,12,20270725,christoffel,1.2449867286360654,1.2449867286360654,0.0
4,30,13,20270726,convex_hull,1.5688734828325321,1.5688734828325321,0.0
4,30,13,20270726,packing,1.518873482832532,1.518873482832532,0.0
4,30,13,20270726,christoffel,1.5600320394365481,1.5600320394365481,0.0
4,30,14,20270727,convex_hull,1.1695202146919126,1.1695202146919126,0.0
4,30,14,20270727,packing,1.1195202146919125,1.1195202146919125,0.0
4,30,14,20270727,christoffel,1.1695202146919126,1.1695202146919126,0.0
4,30,15,20270728,convex_hull,1.7090688764038076,1.7090688764038076,0.0
4,30,15,20270728,packing,1.6590688764038075,1.6590688764038075,0.0
4,30,15,20270728,christoffel,1.700714211699422,1.700714211699422,0.0
4,30,16,20270729,convex_hull,1.63974157522409,1.63974157522409,0.0
4,30,16,20270729,packing,1.58974157522409,1.58974157522409,0.0
4,30,16,20270729,christoffel,1.585504118866583,1.585504118866583,0.0
4,30,17,20270730,convex_hull,1.8768646782378926,1.8768646782378926,0.0
4,30,17,20270730,packing,1.8268646782378926,1.8268646782378926,0.0
4,30,17,20270730,christoffel,1.845439635112722,1.845439635112722,0.0
4,30,18,20270731,convex_hull,1.509600928556766,1.509600928556766,0.0
4,30,18,20270731,packing,1.459600928556766,1.459600928556766,0.0
4,30,18,20270731,christoffel,1.509600928556766,1.509600928556766,0.0
4,30,19,20270732,convex_hull,1.8187744501680296,1.8187744501680296,0.0
4,30,19,20270732,packing,1.7827781136857728,1.7827781136857728,0.0
4,30,19,20270732,christoffel,1.7668034826025534,1.7668034826025534,0.0
4,30,20,20270733,convex_hull,1.4381439003199636,1.4381439003199636,0.0
4,30,20,20270733,packing,1.3881439003199636,1.3881439003199636,0.0
4,30,20,20270733,christoffel,1.4381439003199636,1.4381439003199636,0.0
4,30,21,20270734,convex_hull,1.5238665976982197,1.5238665976982197,0.0
4,30,21,20270734,packing,1.4738665976982197,1.4738665976982197,0.0
4,30,21,20270734,christoffel,1.5238665976982197,1.5238665976982197,0.0
4,30,22,20270735,convex_hull,1.3644912456374523,1.3644912456374523,0.0
4,30,22,20270735,packing,1.3144912456374522,1.3144912456374522,0.0
4,30,22,20270735,christoffel,1.3644912456374523,1.3644912456374523,0.0
4,30,23,20270736,convex_hull,1.5488843997160542,1.5488843997160542,0.0
4,30,23,20270736,packing,1.4988843997160541,1.4988843997160541,0.0
4,30,23,20270736,christoffel,1.5259237927069267,1.5259237927069267,0.0
4,30,24,20270737,convex_hull,1.6505649031598282,1.6505649031598282,0.0
4,30,24,20270737,packing,1.6005649031598281,1.6005649031598281,0.0
4,30,24,20270737,christoffel,1.6505649031598282,1.6505649031598282,0.0
4,30,25,20270738,convex_hull,1.8195757095731613,1.8195757095731613,0.0
4,30,25,20270738,packing,1.7695757095731612,1.7695757095731612,0.0
4,30,25,20270738,christoffel,1.7908945574288295,1.7908945574288295,0.0
4,30,26,20270739,convex_hull,1.763148027247867,1.763148027247867,0.0
4,30,26,20270739,packing,1.713148027247867,1.713148027247867,0.0
4,30,26,20270739,christoffel,1.7379002921027928,1.7379002921027928,0.0
4,30,27,20270740,convex_hull,1.821807282000719,1.821807282000719,0.0
4,30,27,20270740,packing,1.771807282000719,1.771807282000719,0.0
4,30,27,20270740,christoffel,1.8116180213929838,1.8116180213929838,0.0
4,30,28,20270741,convex_hull,1.3187658344870175,1.3187658344870175,0.0
4,30,28,20270741,packing,1.2687658344870174,1.2687658344870174,0.0
4,30,28,20270741,christoffel,1.3187658344870175,1.3187658344870175,0.0
4,30,29,20270742,convex_hull,1.7428895968242155,1.7428895968242155,0.0
4,30,29,20270742,packing,1.6928895968242155,1.6928895968242155,0.0
4,30,29,20270742,christoffel,1.689237471192194,1.689237471192194,0.0
4,30,30,20270743,convex_hull,1.6821119044962116,1.6821119044962116,0.0
4,30,30,20270743,packing,1.6321119044962116,1.6321119044962116,0.0
4,30,30,20270743,christoffel,1.6821119044962116,1.6821119044962116,0.0
4,30,31,20270744,convex_hull,1.7214258429489644,1.7214258429489644,0.0
4,30,31,20270744,packing,1.6714258429489643,1.6714258429489643,0.0
4,30,31,20270744,christoffel,1.710980510862435,1.710980510862435,0.0
4,30,32,20270745,convex_hull,1.8871925373030054,1.8871925373030054,0.0
4,30,32,20270745,packing,1.8371925373030054,1.8371925373030054,0.0
4,30,32,20270745,christoffel,1.8871925373030054,1.8871925373030054,0.0
4,30,33,20270746,convex_hull,1.4948425182431182,1.4948425182431182,0.0
4,30,33,20270746,packing,1.4448425182431182,1.4448425182431182,0.0
4,30,33,20270746,christoffel,1.4524741642068415,1.4524741642068415,0.0
4,30,34,20270747,convex_hull,1.7429373272054949,1.7429373272054949,0.0
4,30,34,20270747,packing,1.6963920905171035,1.6963920905171035,0.0
4,30,34,20270747,christoffel,1.7437239308187702,1.7437239308187702,0.0
4,30,35,20270748,convex_hull,1.7126851379616508,1.7126851379616508,0.0
4,30,35,20270748,packing,1.6626851379616507,1.6626851379616507,0.0
4,30,35,20270748,christoffel,1.7126851379616508,1.7126851379616508,0.0
4,30,36,20270749,convex_hull,1.5920022701031964,1.5920022701031964,0.0
4,30,36,20270749,packing,1.5420022701031963,1.5420022701031963,0.0
4,30,36,20270749,christoffel,1.5789178219538555,1.5789178219538555,0.0
4,30,37,20270750,convex_hull,1.4903761241174478,1.4903761241174478,0.0
4,30,37,20270750,packing,1.4403761241174478,1.4403761241174478,0.0
4,30,37,20270750,christoffel,1.4903761241174478,1.4903761241174478,0.0
4,30,38,20270751,convex_hull,1.5579137536155168,1.5579137536155168,0.0
4,30,38,20270751,packing,1.5079137536155167,1.5079137536155167,0.0
4,30,38,20270751,christoffel,1.5579137536155168,1.5579137536155168,0.0
4,30,39,20270752,convex_hull,1.735661521871285,1.735661521871285,0.0
4,30,39,20270752,packing,1.685661521871285,1.685661521871285,0.0
4,30,39,20270752,christoffel,1.735661521871285,1.735661521871285,0.0
4,30,40,20270753,convex_hull,1.450306136295762,1.450306136295762,0.0
4,30,40,20270753,packing,1.400306136295762,1.400306136295762,0.0
4,30,40,20270753,christoffel,1.450306136295762,1.450306136295762,0.0
4,30,41,20270754,convex_hull,1.6313916309366179,1.6313916309366179,0.0
4,30,41,20270754,packing,1.582054520636194,1.582054520636194,0.0
4,30,41,20270754,christoffel,1.632054520636194,1.632054520636194,0.0
4,30,42,20270755,convex_hull,1.8863946655340758,1.8863946655340758,0.0
4,30,42,20270755,packing,1.8363946655340757,1.8363946655340757,0.0
4,30,42,20270755,christoffel,1.845439635112722,1.845439635112722,0.0
4,30,43,20270756,convex_hull,1.6131369601429757,1.6131369601429757,0.0
4,30,43,20270756,packing,1.572164006377649,1.572164006377649,0.0
4,30,43,20270756,christoffel,1.5789178219538555,1.5789178219538555,0.0
4,30,44,20270757,convex_hull,1.94177504345189,1.94177504345189,0.0
4,30,44,20270757,packing,1.8917750434518898,1.8917750434518898,0.0
4,30,44,20270757,christoffel,1.89688859273074,1.89688859273074,0.0
4,30,45,20270758,convex_hull,1.7810731078544406,1.7810731078544406,0.0
4,30,45,20270758,packing,1.7310731078544406,1.7310731078544406,0.0
4,30,45,20270758,christoffel,1.7810731078544406,1.7810731078544406,0.0
4,30,46,20270759,convex_hull,1.6981076764618084,1.6981076764618084,0.0
4,30,46,20270759,packing,1.6481076764618083,1.6481076764618083,0.0
4,30,46,20270759,christoffel,1.6981076764618084,1.6981076764618084,0.0
4,30,47,20270760,convex_hull,1.7132973337018103,1.7132973337018103,0.0
4,30,47,20270760,packing,1.6655375497029814,1.6655375497029814,0.0
4,30,47,20270760,christoffel,1.6319119190748699,1.6319119190748699,0.0
4,30,48,20270761,convex_hull,1.4774513867156847,1.4774513867156847,0.0
4,30,48,20270761,packing,1.4274513867156846,1.4274513867156846,0.0
4,30,48,20270761,christoffel,1.4774513867156847,1.4774513867156847,0.0
4,30,49,20270762,convex_hull,1.7268196722192097,1.7268196722192097,0.0
4,30,49,20270762,packing,1.6781748888412207,1.6781748888412207,0.0
4,30,49,20270762,christoffel,1.6849060776655906,1.6849060776655906,0.0
0,100,0,20280713,convex_hull,0.24727598896169165,0.24727598896169165,0.0
0,100,0,20280713,packing,0.46124019905087826,0.46124019905087826,0.048333103693001256
0,100,0,20280713,christoffel,0.2172253206974857,0.2172253206974857,0.028521680947555694
0,100,1,20280714,convex_hull,0.20601282715534586,0.20601282715534586,0.0
0,100,1,20280714,packing,0.4473316875854053,0.4473316875854053,0.0454045296135106
0,100,1,20280714,christoffel,0.3386716083057719,0.3386716083057719,0.01628759189653783
0,100,2,20280715,convex_hull,0.2806556101151589,0.2806556101151589,0.0
0,100,2,20280715,packing,0.5671577962792062,0.5671577962792062,0.04730149639542569
0,100,2,20280715,christoffel,0.292624526444249,0.292624526444249,0.033932969048923046
0,100,3,20280716,convex_hull,0.3046418731840455,0.3046418731840455,0.0
0,100,3,20280716,packing,0.3947461970320066,0.3947461970320066,0.04060666481945363
0,100,3,20280716,christoffel,0.22841094202888262,0.22841094202888262,0.013400995499124928
0,100,4,20280717,convex_hull,0.3191754579739524,0.3191754579739524,0.0
0,100,4,20280717,packing,0.4019422267093847,0.4019422267093847,0.04520659862593268
0,100,4,20280717,christoffel,0.25419784683262214,0.25419784683262214,0.0053851062952007065
0,100,5,20280718,convex_hull,0.37427218505346815,0.37427218505346815,0.0
0,100,5,20280718,packing,0.4526950602893908,0.4526950602893908,0.03881759590583034
0,100,5,20280718,christoffel,0.36013297178970405,0.36013297178970405,0.0
0,100,6,20280719,convex_hull,0.34524366252768146,0.34524366252768146,0.0
0,100,6,20280719,packing,0.5058266810901306,0.5058266810901306,0.04071566991739328
0,100,6,20280719,christoffel,0.3617613290531206,0.3617613290531206,0.024432078838803627
0,100,7,20280720,convex_hull,0.28944728358585436,0.28944728358585436,0.0
0,100,7,20280720,packing,0.39343503629083504,0.39343503629083504,0.04944682404253253
0,100,7,20280720,christoffel,0.23442064179801206,0.23442064179801206,0.024578088643181145
0,100,8,20280721,convex_hull,0.5170771411765889,0.5170771411765889,0.0
0,100,8,20280721,packing,0.500807466129135,0.500807466129135,0.04411891542845359
0,100,8,20280721,christoffel,0.4664781127331079,0.4664781127331079,0.008342060793595164
0,100,9,20280722,convex_hull,0.2760678650983244,0.2760678650983244,0.0
0,100,9,20280722,packing,0.47170861878307696,0.47170861878307696,0.041030493912957766
0,100,9,20280722,christoffel,0.2559661663334246,0.2559661663334246,0.024432078838803627
0,100,10,20280723,convex_hull,0.2062344910391309,0.2062344910391309,0.0
0,100,10,20280723,packing,0.4407123762925382,0.4407123762925382,0.03530629238886991
0,100,10,20280723,christoffel,0.16627183649717045,0.16627183649717045,0.03118737512213835
0,100,11,20280724,convex_hull,0.34175049137768637,0.34175049137768637,0.0
0,100,11,20280724,packing,0.43249653146358114,0.43249653146358114,0.04399287482258396
0,100,11,20280724,christoffel,0.26048397424227737,0.26048397424227737,0.035727575325743284
0,100,12,20280725,convex_hull,0.20941657262637176,0.20941657262637176,0.0
0,100,12,20280725,packing,0.35948112947217264,0.35948112947217264,0.04539023956704446
0,100,12,20280725,christoffel,0.19524234428414097,0.19524234428414097,0.060578461276696985
0,100,13,20280726,convex_hull,0.20808666487883248,0.20808666487883248,0.0
0,100,13,20280726,packing,0.4097398871191203,0.4097398871191203,0.04248756437142259
0,100,13,20280726,christoffel,0.1900660505327854,0.1900660505327854,0.01092352326571851
0,100,14,20280727,convex_hull,0.5163688012691701,0.5163688012691701,0.0
0,100,14,20280727,packing,0.5903457669409613,0.5903457669409613,0.033813364857752104
0,100,14,20280727,christoffel,0.5101812718053312,0.5101812718053312,0.012222019140403719
0,100,15,20280728,convex_hull,0.2620178002977999,0.2620178002977999,0.0
0,100,15,20280728,packing,0.45470676122403236,0.45470676122403236,0.035921660533784094
0,100,15,20280728,christoffel,0.30092780875683556,0.30092780875683556,0.03058024747470014
0,100,16,20280729,convex_hull,0.3697920728907042,0.3697920728907042,0.0
0,100,16,20280729,packing,0.4651187053558599,0.4651187053558599,0.04701785827748184
0,100,16,20280729,christoffel,0.36304650110825587,0.36304650110825587,0.053421636211948335
0,100,17,20280730,convex_hull,0.39777100374150587,0.39777100374150587,0.0
0,100,17,20280730,packing,0.44519460332993915,0.44519460332993915,0.0334584862031897
0,100,17,20280730,christoffel,0.36013297178970405,0.36013297178970405,0.03279943240470049
0,100,18,20280731,convex_hull,0.38327686310210757,0.38327686310210757,0.0
0,100,18,20280731,packing,0.6025362996845982,0.6025362996845982,0.036898399946498905
0,100,18,20280731,christoffel,0.4430552267846556,0.4430552267846556,0.0
0,100,19,20280732,convex_hull,0.44159521299894255,0.44159521299894255,0.0
0,100,19,20280732,packing,0.56193301674508,0.56193301674508,0.03641344905536403
0,100,19,20280732,christoffel,0.4660931158133984,0.4660931158133984,0.029052955138626414
0,100,20,20280733,convex_hull,0.3041930412428852,0.3041930412428852,0.0
0,100,20,20280733,packing,0.4279689570989724,0.4279689570989724,0.047031041605187396
0,100,20,20280733,christoffel,0.2538903524200198,0.2538903524200198,0.029052955138626414
0,100,21,20280734,convex_hull,0.2009443494486871,0.2009443494486871,0.0
0,100,21,20280734,packing,0.43958479619879315,0.43958479619879315,0.03858839169838468
0,100,21,20280734,christoffel,0.2728235699819839,0.2728235699819839,0.01355859481069111
0,100,22,20280735,convex_hull,0.3734186841218974,0.3734186841218974,0.0
0,100,22,20280735,packing,0.40813314053880795,0.40813314053880795,0.042348229181657704
0,100,22,20280735,christoffel,0.31705019504334014,0.31705019504334014,0.03828243110441574
0,100,23,20280736,convex_hull,0.46569687723160397,0.46569687723160397,0.0
0,100,23,20280736,packing,0.500182872759869,0.500182872759869,0.04441051891818376
0,100,23,20280736,christoffel,0.4131111195417165,0.4131111195417165,0.03913034258366247
0,100,24,20280737,convex_hull,0.49985152634434465,0.49985152634434465,0.0
0,100,24,20280737,packing,0.49752610363661137,0.49752610363661137,0.04835132102667039
0,100,24,20280737,christoffel,0.4549364728785442,0.4549364728785442,0.0196960343398699
0,100,25,20280738,convex_hull,0.2666686099643618,0.2666686099643618,0.0
0,100,25,20280738,packing,0.46183731259666566,0.46183731259666566,0.04782862519478992
0,100,25,20280738,christoffel,0.4276928312618085,0.4276928312618085,0.03337667913481273
0,100,26,20280739,convex_hull,0.3362021913828031,0.3362021913828031,0.0
0,100,26,20280739,packing,0.5199485617408004,0.5199485617408004,0.04583747323220666
0,100,26,20280739,christoffel,0.30557042538257023,0.30557042538257023,0.045255090531232764
0,100,27,20280740,convex_hull,0.4108796543687278,0.4108796543687278,0.0
0,100,27,20280740,packing,0.4226408402634322,0.4226408402634322,0.04460204982687044
0,100,27,20280740,christoffel,0.36176132905312053,0.36176132905312053,0.015255476712893627
0,100,28,20280741,convex_hull,0.19501261606476403,0.19501261606476403,0.0
0,100,28,20280741,packing,0.4140863485169101,0.4140863485169101,0.04952064876769269
0,100,28,20280741,christoffel,0.2839827113821105,0.2839827113821105,0.03279943240470049
0,100,29,20280742,convex_hull,0.24929884085332157,0.24929884085332157,0.0
0,100,29,20280742,packing,0.5748601575182745,0.5748601575182745,0.03266783881952619
0,100,29,20280742,christoffel,0.2736442029456649,0.2736442029456649,0.052265183146864375
0,100,30,20280743,convex_hull,0.22032580234357796,0.22032580234357796,0.0
0,100,30,20280743,packing,0.66068012868774,0.66068012868774,0.030316736051987814
0,100,30,20280743,christoffel,0.4527949841410115,0.4527949841410115,0.024578088643181145
0,100,31,20280744,convex_hull,0.336062694493385,0.336062694493385,0.0
0,100,31,20280744,packing,0.4657869364562717,0.4657869364562717,0.043734825743233396
0,100,31,20280744,christoffel,0.2610249873268311,0.2610249873268311,0.03828243110441574
0,100,32,20280745,convex_hull,0.21689075841384545,0.21689075841384545,0.0
0,100,32,20280745,packing,0.5061254664178709,0.5061254664178709,0.049065752601001655
0,100,32,20280745,christoffel,0.26297275954733945,0.26297275954733945,0.03828243110441574
0,100,33,20280746,convex_hull,0.3794870560254984,0.3794870560254984,0.0
0,100,33,20280746,packing,0.4313926047322609,0.4313926047322609,0.04327623577005818
0,100,33,20280746,christoffel,0.4069354198731326,0.4069354198731326,0.04627301998835065
0,100,34,20280747,convex_hull,0.3901491798082834,0.3901491798082834,0.0
0,100,34,20280747,packing,0.5482835132666792,0.5482835132666792,0.04800584933081842
0,100,34,20280747,christoffel,0.47458987613495485,0.47458987613495485,0.0099594931431341
0,100,35,20280748,convex_hull,0.3231994007395838,0.3231994007395838,0.0
0,100,35,20280748,packing,0.43601348316721067,0.43601348316721067,0.047166225767561354
0,100,35,20280748,christoffel,0.25832381634590007,0.25832381634590007,0.029386235525330602
0,100,36,20280749,convex_hull,0.38953858962721144,0.38953858962721144,0.0
0,100,36,20280749,packing,0.416380037504565,0.416380037504565,0.0456205049487326
0,100,36,20280749,christoffel,0.36013297178970405,0.36013297178970405,0.008342060793595164
0,100,37,20280750,convex_hull,0.15656110029937614,0.15656110029937614,0.0
0,100,37,20280750,packing,0.42759336434872913,0.42759336434872913,0.048946363897961476
0,100,37,20280750,christoffel,0.13506173316892092,0.13506173316892092,0.023709067035944317
0,100,38,20280751,convex_hull,0.269007480534907,0.269007480534907,0.0
0,100,38,20280751,packing,0.4604684172687051,0.4604684172687051,0.03943652802037956
0,100,38,20280751,christoffel,0.2456301506265858,0.2456301506265858,0.010041765834816167
0,100,39,20280752,convex_hull,0.27081938996899163,0.27081938996899163,0.0
0,100,39,20280752,packing,0.40068133343566875,0.40068133343566875,0.04647307980886106
0,100,39,20280752,christoffel,0.21528784421108324,0.21528784421108324,0.046273019988351316
0,100,40,20280753,convex_hull,0.24282095493305467,0.24282095493305467,0.0
0,100,40,20280753,packing,0.37083957302814397,0.37083957302814397,0.049284794890588235
0,100,40,20280753,christoffel,0.22841094202888262,0.22841094202888262,0.03138048342320762
0,100,41,20280754,convex_hull,0.2652694694343228,0.2652694694343228,0.0
0,100,41,20280754,packing,0.4315887614974848,0.4315887614974848,0.038805269096790274
0,100,41,20280754,christoffel,0.22695989264047606,0.22695989264047606,0.031187375122138362
0,100,42,20280755,convex_hull,0.27191319881774545,0.27191319881774545,0.0
0,100,42,20280755,packing,0.49007298199965826,0.49007298199965826,0.04916759299770801
0,100,42,20280755,christoffel,0.3667495265606951,0.3667495265606951,0.030815622939739246
0,100,43,20280756,convex_hull,0.22137465809020937,0.22137465809020937,0.0
0,100,43,20280756,packing,0.4156982632555813,0.4156982632555813,0.04679879504019613
0,100,43,20280756,christoffel,0.17056405556926135,0.17056405556926135,0.04456116457463702
0,100,44,20280757,convex_hull,0.31610046358622634,0.31610046358622634,0.0
0,100,44,20280757,packing,0.5586758083830914,0.5586758083830914,0.04798259049607356
0,100,44,20280757,christoffel,0.2541978468326227,0.2541978468326227,0.03279943240470049
0,100,45,20280758,convex_hull,0.25291034705728704,0.25291034705728704,0.0
0,100,45,20280758,packing,0.5307852651294239,0.5307852651294239,0.04746381827387225
0,100,45,20280758,christoffel,0.34975135478813346,0.34975135478813346,0.03337667913481273
0,100,46,20280759,convex_hull,0.2252182275811806,0.2252182275811806,0.0
0,100,46,20280759,packing,0.3944857635514697,0.3944857635514697,0.049372330165222245
0,100,46,20280759,christoffel,0.18849591243142033,0.18849591243142033,0.07271804147277208
0,100,47,20280760,convex_hull,0.2484683450760971,0.2484683450760971,0.0
0,100,47,20280760,packing,0.484954199507667,0.484954199507667,0.04595362008642634
0,100,47,20280760,christoffel,0.22463586032618346,0.22463586032618346,0.06657128715791694
0,100,48,20280761,convex_hull,0.4194656732336203,0.4194656732336203,0.0
0,100,48,20280761,packing,0.494177784332733,0.494177784332733,0.04024518401679067
0,100,48,20280761,christoffel,0.35935146535149975,0.35935146535149975,0.005385106295200323
0,100,49,20280762,convex_hull,0.1908857213176062,0.1908857213176062,0.0
0,100,49,20280762,packing,0.4275383329216516,0.4275383329216516,0.0496450401957087
0,100,49,20280762,christoffel,0.20089533240425633,0.20089533240425633,0.018974765612752874
2,100,0,20280713,convex_hull,1.1296539843981532,1.1296539843981532,0.0
2,100,0,20280713,packing,1.0858521775064498,1.0858521775064498,0.0
2,100,0,20280713,christoffel,1.0489822811520908,1.0489822811520908,0.0
2,100,1,20280714,convex_hull,0.9183988517667505,0.9183988517667505,0.0
2,100,1,20280714,packing,0.8683988517667505,0.8683988517667505,0.0
2,100,1,20280714,christoffel,0.9183988517667505,0.9183988517667505,0.0
2,100,2,20280715,convex_hull,0.9119074541701198,0.9119074541701198,0.0
2,100,2,20280715,packing,0.8619074541701197,0.8619074541701197,0.0
2,100,2,20280715,christoffel,0.8370134548893279,0.8370134548893279,0.0
2,100,3,20280716,convex_hull,1.1590160153148161,1.1590160153148161,0.0
2,100,3,20280716,packing,1.1301842310861299,1.1301842310861299,0.0
2,100,3,20280716,christoffel,1.0738794412963408,1.0738794412963408,0.0
2,100,4,20280717,convex_hull,0.6850401996198163,0.6850401996198163,0.0
2,100,4,20280717,packing,0.6448127583006067,0.6448127583006067,0.0
2,100,4,20280717,christoffel,0.6849649254121033,0.6849649254121033,0.0
2,100,5,20280718,convex_hull,1.010347239299684,1.010347239299684,0.0
2,100,5,20280718,packing,0.9603472392996839,0.9603472392996839,0.0
2,100,5,20280718,christoffel,0.9568351765624409,0.9568351765624409,0.0
2,100,6,20280719,convex_hull,0.8877717474768322,0.8877717474768322,0.0
2,100,6,20280719,packing,0.8378995282263816,0.8378995282263816,0.0
2,100,6,20280719,christoffel,0.8394863326582768,0.8394863326582768,0.0
2,100,7,20280720,convex_hull,1.0214761422483702,1.0214761422483702,0.0
2,100,7,20280720,packing,0.9714761422483702,0.9714761422483702,0.0
2,100,7,20280720,christoffel,0.9959896168352702,0.9959896168352702,0.0
2,100,8,20280721,convex_hull,0.7583684347363688,0.7583684347363688,0.0
2,100,8,20280721,packing,0.7226756112508893,0.7226756112508893,0.0
2,100,8,20280721,christoffel,0.6818026369428865,0.6818026369428865,0.0
2,100,9,20280722,convex_hull,0.53327355795524,0.53327355795524,0.0
2,100,9,20280722,packing,0.7911989329272681,0.7911989329272681,0.0
2,100,9,20280722,christoffel,0.7256113759712086,0.7256113759712086,0.0
2,100,10,20280723,convex_hull,0.7538119667542672,0.7538119667542672,0.0
2,100,10,20280723,packing,0.8622054870795762,0.8622054870795762,0.0
2,100,10,20280723,christoffel,0.8954124589273662,0.8954124589273662,0.0
2,100,11,20280724,convex_hull,1.0627530175156372,1.0627530175156372,0.0
2,100,11,20280724,packing,1.0257728230150078,1.0257728230150078,0.0
2,100,11,20280724,christoffel,1.058107434839561,1.058107434839561,0.0
2,100,12,20280725,convex_hull,0.6348752451344268,0.6348752451344268,0.0
2,100,12,20280725,packing,0.6366444986092851,0.6366444986092851,0.0
2,100,12,20280725,christoffel,0.5778538987328407,0.5778538987328407,0.0
2,100,13,20280726,convex_hull,0.8648527727669987,0.8648527727669987,0.0
2,100,13,20280726,packing,0.830360529574998,0.830360529574998,0.0
2,100,13,20280726,christoffel,0.8541452176560829,0.8541452176560829,0.0
2,100,14,20280727,convex_hull,0.9190728925404797,0.9190728925404797,0.0
2,100,14,20280727,packing,0.8690728925404797,0.8690728925404797,0.0
2,100,14,20280727,christoffel,0.8595807105938238,0.8595807105938238,0.0
2,100,15,20280728,convex_hull,1.1157112815032373,1.1157112815032373,0.0
2,100,15,20280728,packing,1.0657112815032372,1.0657112815032372,0.0
2,100,15,20280728,christoffel,1.1019751772608686,1.1019751772608686,0.0
2,100,16,20280729,convex_hull,1.0783211902706071,1.0783211902706071,0.0
2,100,16,20280729,packing,1.051327419132119,1.051327419132119,0.0
2,100,16,20280729,christoffel,0.9996427177916591,0.9996427177916591,0.0
2,100,17,20280730,convex_hull,0.9777383644038843,0.9777383644038843,0.0
2,100,17,20280730,packing,0.9277383644038842,0.9277383644038842,0.0
2,100,17,20280730,christoffel,0.9436901703193336,0.9436901703193336,0.0
2,100,18,20280731,convex_hull,0.9523380006135547,0.9523380006135547,0.0
2,100,18,20280731,packing,0.9023380006135546,0.9023380006135546,0.0
2,100,18,20280731,christoffel,0.9429972233877464,0.9429972233877464,0.0
2,100,19,20280732,convex_hull,0.772200785825198,0.772200785825198,0.0
2,100,19,20280732,packing,0.7806518954324266,0.7806518954324266,0.0
2,100,19,20280732,christoffel,0.8183462683534388,0.8183462683534388,0.0
2,100,20,20280733,convex_hull,0.9527854168934731,0.9527854168934731,0.0
2,100,20,20280733,packing,0.902785416893473,0.902785416893473,0.0
2,100,20,20280733,christoffel,0.9429972233877463,0.9429972233877463,0.0
2,100,21,20280734,convex_hull,0.7362128028767888,0.7362128028767888,0.0
2,100,21,20280734,packing,0.7122266099972414,0.7122266099972414,0.0
2,100,21,20280734,christoffel,0.7293357138345997,0.7293357138345997,0.0
2,100,22,20280735,convex_hull,0.8267363265638882,0.8267363265638882,0.0
2,100,22,20280735,packing,0.7767363265638881,0.7767363265638881,0.0
2,100,22,20280735,christoffel,0.8267363265638882,0.8267363265638882,0.0
2,100,23,20280736,convex_hull,0.9819075107239449,0.9819075107239449,0.0
2,100,23,20280736,packing,0.9319075107239448,0.9319075107239448,0.0
2,100,23,20280736,christoffel,0.9496216602579167,0.9496216602579167,0.0
2,100,24,20280737,convex_hull,0.8885639884574899,0.8885639884574899,0.0
2,100,24,20280737,packing,0.8385639884574898,0.8385639884574898,0.0
2,100,24,20280737,christoffel,0.8810420182533011,0.8810420182533011,0.0
2,100,25,20280738,convex_hull,0.7363149094063488,0.7363149094063488,0.0
2,100,25,20280738,packing,0.8269648411454716,0.8269648411454716,0.0
2,100,25,20280738,christoffel,0.8532736187370387,0.8532736187370387,0.0
2,100,26,20280739,convex_hull,1.149057548672129,1.149057548672129,0.0
2,100,26,20280739,packing,1.1001190872332196,1.1001190872332196,0.0
2,100,26,20280739,christoffel,1.0793442283742178,1.0793442283742178,0.0
2,100,27,20280740,convex_hull,0.9401673851478537,0.9401673851478537,0.0
2,100,27,20280740,packing,0.9530560491375595,0.9530560491375595,0.0
2,100,27,20280740,christoffel,0.9429972233877464,0.9429972233877464,0.0
2,100,28,20280741,convex_hull,0.9249797178007583,0.9249797178007583,0.0
2,100,28,20280741,packing,0.8771485346001207,0.8771485346001207,0.0
2,100,28,20280741,christoffel,0.8991939164012153,0.8991939164012153,0.0
2,100,29,20280742,convex_hull,0.9396464896517834,0.9396464896517834,0.0
2,100,29,20280742,packing,0.9096220683311325,0.9096220683311325,0.0
2,100,29,20280742,christoffel,0.8725321262025435,0.8725321262025435,0.0
2,100,30,20280743,convex_hull,0.7061548064910395,0.7061548064910395,0.0
2,100,30,20280743,packing,0.6865663202079044,0.6865663202079044,0.0
2,100,30,20280743,christoffel,0.6793504923187231,0.6793504923187231,0.0
2,100,31,20280744,convex_hull,0.8796015977339717,0.8796015977339717,0.0
2,100,31,20280744,packing,0.8296015977339717,0.8296015977339717,0.0
2,100,31,20280744,christoffel,0.8796015977339717,0.8796015977339717,0.0
2,100,32,20280745,convex_hull,0.8315327704152695,0.8315327704152695,0.0
2,100,32,20280745,packing,0.7815327704152695,0.7815327704152695,0.032017838454420966
2,100,32,20280745,christoffel,0.784022217504843,0.784022217504843,0.0
2,100,33,20280746,convex_hull,1.0144657388560807,1.0144657388560807,0.0
2,100,33,20280746,packing,0.9743882042263308,0.9743882042263308,0.0
2,100,33,20280746,christoffel,0.9223962473602916,0.9223962473602916,0.0
2,100,34,20280747,convex_hull,1.4035108547130803,1.4035108547130803,0.0
2,100,34,20280747,packing,1.3535108547130803,1.3535108547130803,0.0
2,100,34,20280747,christoffel,1.3749225284241173,1.3749225284241173,0.0
2,100,35,20280748,convex_hull,1.1251742851400834,1.1251742851400834,0.0
2,100,35,20280748,packing,1.1427278140301333,1.1427278140301333,0.0
2,100,35,20280748,christoffel,1.1127554848911028,1.1127554848911028,0.0
2,100,36,20280749,convex_hull,0.9978627724206388,0.9978627724206388,0.0
2,100,36,20280749,packing,0.9478627724206388,0.9478627724206388,0.0
2,100,36,20280749,christoffel,0.9788968616919244,0.9788968616919244,0.0
2,100,37,20280750,convex_hull,0.729450011132659,0.729450011132659,0.0
2,100,37,20280750,packing,0.7014384035637655,0.7014384035637655,0.0
2,100,37,20280750,christoffel,0.7040000994947383,0.7040000994947383,0.0
2,100,38,20280751,convex_hull,0.6444650342822891,0.6444650342822891,0.0
2,100,38,20280751,packing,0.6463235878337148,0.6463235878337148,0.0
2,100,38,20280751,christoffel,0.6360707126835687,0.6360707126835687,0.0
2,100,39,20280752,convex_hull,0.678818321401278,0.678818321401278,0.0
2,100,39,20280752,packing,0.6288183214012779,0.6288183214012779,0.0
2,100,39,20280752,christoffel,0.6780415420121438,0.6780415420121438,0.0
2,100,40,20280753,convex_hull,1.02340668734453,1.02340668734453,0.0
2,100,40,20280753,packing,1.0012746001957835,1.0012746001957835,0.0
2,100,40,20280753,christoffel,0.9862620092786624,0.9862620092786624,0.0
2,100,41,20280754,convex_hull,0.9435103249237311,0.9435103249237311,0.0
2,100,41,20280754,packing,0.8935103249237311,0.8935103249237311,0.0
2,100,41,20280754,christoffel,0.9102778296197341,0.9102778296197341,0.0
2,100,42,20280755,convex_hull,1.1791514638585918,1.1791514638585918,0.0
2,100,42,20280755,packing,1.1291514638585918,1.1291514638585918,0.0
2,100,42,20280755,christoffel,1.1482988057196382,1.1482988057196382,0.0
2,100,43,20280756,convex_hull,0.514273611656919,0.514273611656919,0.0
2,100,43,20280756,packing,0.6777995229261279,0.6777995229261279,0.0
2,100,43,20280756,christoffel,0.576540014020879,0.576540014020879,0.0
2,100,44,20280757,convex_hull,0.7353618668991682,0.7353618668991682,0.0
2,100,44,20280757,packing,0.6887633139151185,0.6887633139151185,0.0
2,100,44,20280757,christoffel,0.7314119584865304,0.7314119584865304,0.0
2,100,45,20280758,convex_hull,0.6998376784240331,0.6998376784240331,0.0
2,100,45,20280758,packing,0.7798104488086232,0.7798104488086232,0.0
2,100,45,20280758,christoffel,0.6922681512472747,0.6922681512472747,0.0
2,100,46,20280759,convex_hull,1.3215243937088725,1.3215243937088725,0.0
2,100,46,20280759,packing,1.274471304069988,1.274471304069988,0.0
2,100,46,20280759,christoffel,1.232638768754909,1.232638768754909,0.0
2,100,47,20280760,convex_hull,1.0489485768537252,1.0489485768537252,0.0
2,100,47,20280760,packing,1.0224596288256196,1.0224596288256196,0.0
2,100,47,20280760,christoffel,0.995989616835271,0.995989616835271,0.0
2,100,48,20280761,convex_hull,1.0166739111370335,1.0166739111370335,0.0
2,100,48,20280761,packing,0.9666739111370335,0.9666739111370335,0.0
2,100,48,20280761,christoffel,1.0020546120560134,1.0020546120560134,0.0
2,100,49,20280762,convex_hull,0.7750404018592927,0.7750404018592927,0.0
2,100,49,20280762,packing,0.7635361474915213,0.7635361474915213,0.0
2,100,49,20280762,christoffel,0.7496996816418771,0.7496996816418771,0.0
4,100,0,20280713,convex_hull,1.0790397933980378,1.0790397933980378,0.0
4,100,0,20280713,packing,1.0290397933980377,1.0290397933980377,0.0
4,100,0,20280713,christoffel,1.0790397933980378,1.0790397933980378,0.0
4,100,1,20280714,convex_hull,1.3645908997320024,1.3645908997320024,0.0
4,100,1,20280714,packing,1.3145908997320024,1.3145908997320024,0.0
4,100,1,20280714,christoffel,1.3645908997320024,1.3645908997320024,0.0
4,100,2,20280715,convex_hull,1.3282396915584156,1.3282396915584156,0.0
4,100,2,20280715,packing,1.2782396915584155,1.2782396915584155,0.0
4,100,2,20280715,christoffel,1.2609549640996622,1.2609549640996622,0.0
4,100,3,20280716,convex_hull,1.3851538832711674,1.3851538832711674,0.0
4,100,3,20280716,packing,1.3393265536335786,1.3393265536335786,0.0
4,100,3,20280716,christoffel,1.3179743185557737,1.3179743185557737,0.0
4,100,4,20280717,convex_hull,1.2459645379662851,1.2459645379662851,0.0
4,100,4,20280717,packing,1.195964537966285,1.195964537966285,0.0
4,100,4,20280717,christoffel,1.2375188920228568,1.2375188920228568,0.0
4,100,5,20280718,convex_hull,1.4890925214752186,1.4890925214752186,0.0
4,100,5,20280718,packing,1.4390925214752186,1.4390925214752186,0.0
4,100,5,20280718,christoffel,1.3692358773065683,1.3692358773065683,0.0
4,100,6,20280719,convex_hull,1.322192583097446,1.322192583097446,0.0
4,100,6,20280719,packing,1.2723566424983297,1.2723566424983297,0.0
4,100,6,20280719,christoffel,1.2613957561610871,1.2613957561610871,0.0
4,100,7,20280720,convex_hull,1.5956480484204154,1.5956480484204154,0.0
4,100,7,20280720,packing,1.5456480484204154,1.5456480484204154,0.0
4,100,7,20280720,christoffel,1.5259237927069267,1.5259237927069267,0.0
4,100,8,20280721,convex_hull,1.113658538052787,1.113658538052787,0.0
4,100,8,20280721,packing,1.063658538052787,1.063658538052787,0.0
4,100,8,20280721,christoffel,1.10354872500121,1.10354872500121,0.0
4,100,9,20280722,convex_hull,0.7228302635192543,0.7228302635192543,0.0
4,100,9,20280722,packing,0.8615432139150991,0.8615432139150991,0.0
4,100,9,20280722,christoffel,0.8247822241520972,0.8247822241520972,0.0
4,100,10,20280723,convex_hull,1.189975720460355,1.189975720460355,0.0
4,100,10,20280723,packing,1.139975720460355,1.139975720460355,0.0
4,100,10,20280723,christoffel,1.154968273255982,1.154968273255982,0.0
4,100,11,20280724,convex_hull,1.461431016408659,1.461431016408659,0.0
4,100,11,20280724,packing,1.411431016408659,1.411431016408659,0.0
4,100,11,20280724,christoffel,1.4396888828073147,1.4396888828073147,0.0
4,100,12,20280725,convex_hull,1.0325738632606016,1.0325738632606016,0.0
4,100,12,20280725,packing,0.9825738632606016,0.9825738632606016,0.0
4,100,12,20280725,christoffel,1.0325738632606016,1.0325738632606016,0.0
4,100,13,20280726,convex_hull,1.0447025274338932,1.0447025274338932,0.0
4,100,13,20280726,packing,0.9947025274338932,0.9947025274338932,0.0
4,100,13,20280726,christoffel,1.0423993509412859,1.0423993509412859,0.0
4,100,14,20280727,convex_hull,1.251455196904152,1.251455196904152,0.0
4,100,14,20280727,packing,1.201455196904152,1.201455196904152,0.0
4,100,14,20280727,christoffel,1.2174464880386837,1.2174464880386837,0.0
4,100,15,20280728,convex_hull,1.6062066881642159,1.6062066881642159,0.0
4,100,15,20280728,packing,1.5562066881642158,1.5562066881642158,0.0
4,100,15,20280728,christoffel,1.5259237927069271,1.5259237927069271,0.0
4,100,16,20280729,convex_hull,1.4111492692418752,1.4111492692418752,0.0
4,100,16,20280729,packing,1.3611492692418752,1.3611492692418752,0.0
4,100,16,20280729,christoffel,1.3673353335622518,1.3673353335622518,0.0
4,100,17,20280730,convex_hull,1.2997269571168717,1.2997269571168717,0.0
4,100,17,20280730,packing,1.2497269571168717,1.2497269571168717,0.0
4,100,17,20280730,christoffel,1.2613957561610867,1.2613957561610867,0.0
4,100,18,20280731,convex_hull,1.3958998073922562,1.3958998073922562,0.0
4,100,18,20280731,packing,1.3458998073922561,1.3458998073922561,0.0
4,100,18,20280731,christoffel,1.3669421911515038,1.3669421911515038,0.0
4,100,19,20280732,convex_hull,1.0751362384372518,1.0751362384372518,0.0
4,100,19,20280732,packing,1.0256169322666284,1.0256169322666284,0.0
4,100,19,20280732,christoffel,1.068942243171409,1.068942243171409,0.0
4,100,20,20280733,convex_hull,1.35602619233397,1.35602619233397,0.0
4,100,20,20280733,packing,1.30602619233397,1.30602619233397,0.0
4,100,20,20280733,christoffel,1.3139485187093425,1.3139485187093425,0.0
4,100,21,20280734,convex_hull,1.2177248508518612,1.2177248508518612,0.0
4,100,21,20280734,packing,1.1677248508518612,1.1677248508518612,0.0
4,100,21,20280734,christoffel,1.2079615428304784,1.2079615428304784,0.0
4,100,22,20280735,convex_hull,1.3577209788754765,1.3577209788754765,0.0
4,100,22,20280735,packing,1.3077209788754764,1.3077209788754764,0.0
4,100,22,20280735,christoffel,1.3577209788754765,1.3577209788754765,0.0
4,100,23,20280736,convex_hull,1.3827405989727977,1.3827405989727977,0.0
4,100,23,20280736,packing,1.3412946121867921,1.3412946121867921,0.0
4,100,23,20280736,christoffel,1.3111405710663508,1.3111405710663508,0.0
4,100,24,20280737,convex_hull,1.2813820044529716,1.2813820044529716,0.0
4,100,24,20280737,packing,1.2313820044529715,1.2313820044529715,0.0
4,100,24,20280737,christoffel,1.2728360709302604,1.2728360709302604,0.0
4,100,25,20280738,convex_hull,1.116313476157447,1.116313476157447,0.0
4,100,25,20280738,packing,1.0663134761574469,1.0663134761574469,0.0
4,100,25,20280738,christoffel,1.1097399336976512,1.1097399336976512,0.0
4,100,26,20280739,convex_hull,1.2659742054277139,1.2659742054277139,0.0
4,100,26,20280739,packing,1.2172171903396278,1.2172171903396278,0.0
4,100,26,20280739,christoffel,1.2281881554030567,1.2281881554030567,0.0
4,100,27,20280740,convex_hull,1.2537914413831277,1.2537914413831277,0.0
4,100,27,20280740,packing,1.2400410699464282,1.2400410699464282,0.0
4,100,27,20280740,christoffel,1.286271642506518,1.286271642506518,0.0
4,100,28,20280741,convex_hull,1.3214232025943833,1.3214232025943833,0.0
4,100,28,20280741,packing,1.2999881849046313,1.2999881849046313,0.0
4,100,28,20280741,christoffel,1.2609549640996622,1.2609549640996622,0.0
4,100,29,20280742,convex_hull,1.2937739505753216,1.2937739505753216,0.0
4,100,29,20280742,packing,1.2437739505753216,1.2437739505753216,0.0
4,100,29,20280742,christoffel,1.1921361856274917,1.1921361856274917,0.0
4,100,30,20280743,convex_hull,1.1905733437474102,1.1905733437474102,0.0
4,100,30,20280743,packing,1.1463628056032433,1.1463628056032433,0.0
4,100,30,20280743,christoffel,1.141779489210442,1.141779489210442,0.0
4,100,31,20280744,convex_hull,1.2231026521309758,1.2231026521309758,0.0
4,100,31,20280744,packing,1.1731026521309758,1.1731026521309758,0.0
4,100,31,20280744,christoffel,1.2079615428304784,1.2079615428304784,0.0
4,100,32,20280745,convex_hull,1.2009669277316164,1.2009669277316164,0.0
4,100,32,20280745,packing,1.1509669277316164,1.1509669277316164,0.0
4,100,32,20280745,christoffel,1.154968273255982,1.154968273255982,0.0
4,100,33,20280746,convex_hull,1.377772098013735,1.377772098013735,0.0
4,100,33,20280746,packing,1.3277720980137349,1.3277720980137349,0.0
4,100,33,20280746,christoffel,1.3139485187093425,1.3139485187093425,0.0
4,100,34,20280747,convex_hull,1.7207716914585112,1.7207716914585112,0.0
4,100,34,20280747,packing,1.6707716914585111,1.6707716914585111,0.0
4,100,34,20280747,christoffel,1.7207716914585112,1.7207716914585112,0.0
4,100,35,20280748,convex_hull,1.5005970999759732,1.5005970999759732,0.0
4,100,35,20280748,packing,1.4509349769276345,1.4509349769276345,0.0
4,100,35,20280748,christoffel,1.4210310654006348,1.4210310654006348,0.0
4,100,36,20280749,convex_hull,1.3492238219746926,1.3492238219746926,0.0
4,100,36,20280749,packing,1.2992238219746925,1.2992238219746925,0.0
4,100,36,20280749,christoffel,1.3283531238310071,1.3283531238310071,0.0
4,100,37,20280750,convex_hull,1.2616465980873923,1.2616465980873923,0.0
4,100,37,20280750,packing,1.2116465980873923,1.2116465980873923,0.0
4,100,37,20280750,christoffel,1.2084310775430687,1.2084310775430687,0.0
4,100,38,20280751,convex_hull,0.8941304974752673,0.8941304974752673,0.0
4,100,38,20280751,packing,0.8441304974752672,0.8441304974752672,0.0
4,100,38,20280751,christoffel,0.8941304974752673,0.8941304974752673,0.0
4,100,39,20280752,convex_hull,1.0726546987408665,1.0726546987408665,0.0
4,100,39,20280752,packing,1.0226546987408665,1.0226546987408665,0.0
4,100,39,20280752,christoffel,1.0726546987408665,1.0726546987408665,0.0
4,100,40,20280753,convex_hull,1.32198385629888,1.32198385629888,0.0
4,100,40,20280753,packing,1.27198385629888,1.27198385629888,0.0
4,100,40,20280753,christoffel,1.2991762275952976,1.2991762275952976,0.0
4,100,41,20280754,convex_hull,1.0239653327642044,1.0239653327642044,0.0
4,100,41,20280754,packing,0.9749357891291601,0.9749357891291601,0.0
4,100,41,20280754,christoffel,0.9959896168352702,0.9959896168352702,0.0
4,100,42,20280755,convex_hull,1.5568992238206014,1.5568992238206014,0.0
4,100,42,20280755,packing,1.5068992238206014,1.5068992238206014,0.0
4,100,42,20280755,christoffel,1.4995413234696089,1.4995413234696089,0.0
4,100,43,20280756,convex_hull,0.832940944552705,0.832940944552705,0.0
4,100,43,20280756,packing,0.8152662380508406,0.8152662380508406,0.0
4,100,43,20280756,christoffel,0.832940944552705,0.832940944552705,0.0
4,100,44,20280757,convex_hull,1.1739679576639281,1.1739679576639281,0.0
4,100,44,20280757,packing,1.123967957663928,1.123967957663928,0.0
4,100,44,20280757,christoffel,1.1598077045853432,1.1598077045853432,0.0
4,100,45,20280758,convex_hull,1.3840653934291591,1.3840653934291591,0.0
4,100,45,20280758,packing,1.334065393429159,1.334065393429159,0.0
4,100,45,20280758,christoffel,1.313948518709343,1.313948518709343,0.0
4,100,46,20280759,convex_hull,1.5642540372512985,1.5642540372512985,0.0
4,100,46,20280759,packing,1.5142540372512985,1.5142540372512985,0.0
4,100,46,20280759,christoffel,1.5136809803893068,1.5136809803893068,0.0
4,100,47,20280760,convex_hull,1.392611191345052,1.392611191345052,0.0
4,100,47,20280760,packing,1.3746929714912195,1.3746929714912195,0.0
4,100,47,20280760,christoffel,1.3358907898982981,1.3358907898982981,0.0
4,100,48,20280761,convex_hull,1.4244943832887316,1.4244943832887316,0.0
4,100,48,20280761,packing,1.3744943832887315,1.3744943832887315,0.0
4,100,48,20280761,christoffel,1.4199359682332078,1.4199359682332078,0.0
4,100,49,20280762,convex_hull,1.2832369099204017,1.2832369099204017,0.0
4,100,49,20280762,packing,1.2332369099204017,1.2332369099204017,0.0
4,100,49,20280762,christoffel,1.2652199175771586,1.2652199175771586,0.0
0,300,0,20290713,convex_hull,0.18460153082239358,0.18460153082239358,0.0
0,300,0,20290713,packing,0.22332850173004487,0.22332850173004487,0.04817644683222633
0,300,0,20290713,christoffel,0.09552432039018947,0.09552432039018947,0.04546669641813476
0,300,1,20290714,convex_hull,0.10110809281812566,0.10110809281812566,0.0
0,300,1,20290714,packing,0.31871690754012305,0.31871690754012305,0.04894346814068706
0,300,1,20290714,christoffel,0.10860329597028984,0.04493036665073745,0.10860329597028984
0,300,2,20290715,convex_hull,0.17810304450387165,0.17810304450387165,0.0
0,300,2,20290715,packing,0.24557272651090967,0.24557272651090967,0.0402112965634851
0,300,2,20290715,christoffel,0.11174743129246502,0.11174743129246502,0.016158316071926433
0,300,3,20290716,convex_hull,0.16979902521896462,0.16979902521896462,0.0
0,300,3,20290716,packing,0.3346467051046247,0.3346467051046247,0.04935050607060054
0,300,3,20290716,christoffel,0.10170994360203145,0.10170994360203145,0.035727575325743284
0,300,4,20290717,convex_hull,0.2624595023945356,0.2624595023945356,0.0
0,300,4,20290717,packing,0.29690581003809974,0.29690581003809974,0.0497870333945335
0,300,4,20290717,christoffel,0.1620237895555606,0.1620237895555606,0.05261829939264596
0,300,5,20290718,convex_hull,0.09552037804321994,0.09552037804321994,0.0
0,300,5,20290718,packing,0.2335415801044422,0.2335415801044422,0.044104509647683976
0,300,5,20290718,christoffel,0.06814284798928076,0.06814284798928076,0.0317179858428828
0,300,6,20290719,convex_hull,0.13931470485233036,0.13931470485233036,0.0
0,300,6,20290719,packing,0.2316536453583698,0.2316536453583698,0.04918142008851083
0,300,6,20290719,christoffel,0.09113047175779616,0.09113047175779616,0.046273019988351316
0,300,7,20290720,convex_hull,0.1774770570665459,0.1774770570665459,0.0
0,300,7,20290720,packing,0.3020743619074716,0.3020743619074716,0.0440576222933132
0,300,7,20290720,christoffel,0.08934094600229714,0.08934094600229714,0.04456116457463702
0,300,8,20290721,convex_hull,0.19175229454515924,0.19175229454515924,0.0
0,300,8,20290721,packing,0.30172320292407434,0.30172320292407434,0.049221469132585516
0,300,8,20290721,christoffel,0.11082474680631829,0.11082474680631829,0.061461512803416364
0,300,9,20290722,convex_hull,0.11298902110137202,0.11298902110137202,0.0
0,300,9,20290722,packing,0.23197462702548094,0.23197462702548094,0.04913598945608588
0,300,9,20290722,christoffel,0.06945304970132432,0.05630539430947805,0.06945304970132432
0,300,10,20290723,convex_hull,0.210116175113675,0.210116175113675,0.0
0,300,10,20290723,packing,0.2790722862386898,0.2790722862386898,0.04949007305588726
0,300,10,20290723,christoffel,0.17047158519666586,0.17047158519666586,0.03118737512213971
0,300,11,20290724,convex_hull,0.20664864216380804,0.20664864216380804,0.0
0,300,11,20290724,packing,0.2218316062247695,0.2218316062247695,0.04948824604869362
0,300,11,20290724,christoffel,0.14834135128619733,0.14834135128619733,0.035727575325743284
0,300,12,20290725,convex_hull,0.1293657942012679,0.1293657942012679,0.0
0,300,12,20290725,packing,0.2366330650870137,0.2366330650870137,0.04958099271894456
0,300,12,20290725,christoffel,0.07227475556897153,0.07227475556897153,0.04627301998835065
0,300,13,20290726,convex_hull,0.11497938866870011,0.11497938866870011,0.0
0,300,13,20290726,packing,0.24841483164662775,0.24841483164662775,0.045639246175399495
0,300,13,20290726,christoffel,0.05226518314686529,0.03895489932733468,0.05226518314686529
0,300,14,20290727,convex_hull,0.1740421999947528,0.1740421999947528,0.0
0,300,14,20290727,packing,0.2596306071437209,0.2596306071437209,0.049401941493174784
0,300,14,20290727,christoffel,0.13924318344074899,0.13924318344074899,0.07693691794635482
0,300,15,20290728,convex_hull,0.15623996516494387,0.15623996516494387,0.0
0,300,15,20290728,packing,0.22451384285248482,0.22451384285248482,0.04667974844827927
0,300,15,20290728,christoffel,0.09552432039018947,0.09552432039018947,0.05261829939264596
0,300,16,20290729,convex_hull,0.16988122999737046,0.16988122999737046,0.0
0,300,16,20290729,packing,0.30941439471326426,0.30941439471326426,0.04389292756350105
0,300,16,20290729,christoffel,0.08745964575864015,0.08745964575864015,0.07774450960890106
0,300,17,20290730,convex_hull,0.2352174247080293,0.2352174247080293,0.0
0,300,17,20290730,packing,0.25405889271857085,0.25405889271857085,0.04651003751298255
0,300,17,20290730,christoffel,0.16202378955556057,0.16202378955556057,0.035727575325743284
0,300,18,20290731,convex_hull,0.1895447824634998,0.1895447824634998,0.0
0,300,18,20290731,packing,0.2691420910855229,0.2691420910855229,0.04783862309064693
0,300,18,20290731,christoffel,0.09552432039018947,0.09552432039018947,0.03279943240470049
0,300,19,20290732,convex_hull,0.16197499370933557,0.16197499370933557,0.0
0,300,19,20290732,packing,0.271511185204847,0.271511185204847,0.045090535820774935
0,300,19,20290732,christoffel,0.09350503366910248,0.09350503366910248,0.052333780526606005
0,300,20,20290733,convex_hull,0.2770943769909923,0.2770943769909923,0.0
0,300,20,20290733,packing,0.32112585869659366,0.32112585869659366,0.049270160104349814
0,300,20,20290733,christoffel,0.20125201369806528,0.20125201369806528,0.043994480030691
0,300,21,20290734,convex_hull,0.1609470866156176,0.1609470866156176,0.0
0,300,21,20290734,packing,0.28421888751422775,0.28421888751422775,0.04674014856149755
0,300,21,20290734,christoffel,0.10238008327536967,0.10238008327536967,0.04959059941077843
0,300,22,20290735,convex_hull,0.21413625184880727,0.21413625184880727,0.0
0,300,22,20290735,packing,0.4053454344438653,0.4053454344438653,0.049778420655449684
0,300,22,20290735,christoffel,0.2012520136980645,0.2012520136980645,0.052265183146864375
0,300,23,20290736,convex_hull,0.2019599788625768,0.2019599788625768,0.0
0,300,23,20290736,packing,0.2771086650441662,0.2771086650441662,0.04955295459274467
0,300,23,20290736,christoffel,0.09552432039018989,0.09552432039018989,0.07693691794635482
0,300,24,20290737,convex_hull,0.1773544847454651,0.1773544847454651,0.0
0,300,24,20290737,packing,0.23719096595118216,0.23719096595118216,0.04992161844826848
0,300,24,20290737,christoffel,0.11427431634800471,0.11427431634800471,0.04959059941077843
0,300,25,20290738,convex_hull,0.20157017996534585,0.20157017996534585,0.0
0,300,25,20290738,packing,0.273172820839787,0.273172820839787,0.049325591019220294
0,300,25,20290738,christoffel,0.10405606805271428,0.10405606805271428,0.06644630610411131
0,300,26,20290739,convex_hull,0.11581743714131529,0.11581743714131529,0.0
0,300,26,20290739,packing,0.26041120343484875,0.26041120343484875,0.049872234530487336
0,300,26,20290739,christoffel,0.08624240204674505,0.08624240204674505,0.05233378052660546
0,300,27,20290740,convex_hull,0.15825680947219967,0.15825680947219967,0.0
0,300,27,20290740,packing,0.26844233776084975,0.26844233776084975,0.04563933832122813
0,300,27,20290740,christoffel,0.10238008327536963,0.10238008327536963,0.07821284142953688
0,300,28,20290741,convex_hull,0.1221825989441896,0.1221825989441896,0.0
0,300,28,20290741,packing,0.21010153734810522,0.21010153734810522,0.04846274060709854
0,300,28,20290741,christoffel,0.09030091078557217,0.08831241248890075,0.09030091078557217
0,300,29,20290742,convex_hull,0.1653130409034684,0.1653130409034684,0.0
0,300,29,20290742,packing,0.24506539819677542,0.24506539819677542,0.04983839430032022
0,300,29,20290742,christoffel,0.12448660567782399,0.12448660567782399,0.03107885877400019
0,300,30,20290743,convex_hull,0.17882693757637247,0.17882693757637247,0.0
0,300,30,20290743,packing,0.25196694030717576,0.25196694030717576,0.04771494747987082
0,300,30,20290743,christoffel,0.08422396076828874,0.08422396076828874,0.06945304970132295
0,300,31,20290744,convex_hull,0.12314974057886569,0.12314974057886569,0.0
0,300,31,20290744,packing,0.36326498468306434,0.36326498468306434,0.04749023728342783
0,300,31,20290744,christoffel,0.07034500305672245,0.07034500305672245,0.05226518314686529
0,300,32,20290745,convex_hull,0.12341322371026432,0.12341322371026432,0.0
0,300,32,20290745,packing,0.3270158960587432,0.3270158960587432,0.04748700410673967
0,300,32,20290745,christoffel,0.07001659895857505,0.07001659895857505,0.06057846127669757
0,300,33,20290746,convex_hull,0.12081967153351707,0.12081967153351707,0.0
0,300,33,20290746,packing,0.28460193047499655,0.28460193047499655,0.04803811377016087
0,300,33,20290746,christoffel,0.0743649744927729,0.0743649744927729,0.05226518314686529
0,300,34,20290747,convex_hull,0.23422482844437786,0.23422482844437786,0.0
0,300,34,20290747,packing,0.23537390762727634,0.23537390762727634,0.04742670018895101
0,300,34,20290747,christoffel,0.1541549706606225,0.1541549706606225,0.05608094942302204
0,300,35,20290748,convex_hull,0.11207657205952633,0.11207657205952633,0.0
0,300,35,20290748,packing,0.2682525996779399,0.2682525996779399,0.04469883885964254
0,300,35,20290748,christoffel,0.07758300363427971,0.07758300363427971,0.05502959494900558
0,300,36,20290749,convex_hull,0.10738339853485383,0.10738339853485383,0.0
0,300,36,20290749,packing,0.23472412791024388,0.23472412791024388,0.04986120205507155
0,300,36,20290749,christoffel,0.07822042237736458,0.07822042237736458,0.04780165361985041
0,300,37,20290750,convex_hull,0.2071006586854054,0.2071006586854054,0.0
0,300,37,20290750,packing,0.2511693616948808,0.2511693616948808,0.049946788513967055
0,300,37,20290750,christoffel,0.1483413512861971,0.1483413512861971,0.056611648043035596
0,300,38,20290751,convex_hull,0.21157928984742255,0.21157928984742255,0.0
0,300,38,20290751,packing,0.22111369549680854,0.22111369549680854,0.04372457446507827
0,300,38,20290751,christoffel,0.11817345523414537,0.11817345523414537,0.07271804147277208
0,300,39,20290752,convex_hull,0.11629329050364143,0.11629329050364143,0.0
0,300,39,20290752,packing,0.25797391988366913,0.25797391988366913,0.04707873543585722
0,300,39,20290752,christoffel,0.08496463625349862,0.08496463625349862,0.07271804147277254
0,300,40,20290753,convex_hull,0.11374403590426028,0.11374403590426028,0.0
0,300,40,20290753,packing,0.20968790539849963,0.20968790539849963,0.0494159110569026
0,300,40,20290753,christoffel,0.07022484324191769,0.07022484324191769,0.06669505233082386
0,300,41,20290754,convex_hull,0.17247461592013638,0.17247461592013638,0.0
0,300,41,20290754,packing,0.2503493098355423,0.2503493098355423,0.04979218423289333
0,300,41,20290754,christoffel,0.11427431634800471,0.11427431634800471,0.06057846127669757
0,300,42,20290755,convex_hull,0.12754211760524944,0.12754211760524944,0.0
0,300,42,20290755,packing,0.2119174634217566,0.2119174634217566,0.044305359233574704
0,300,42,20290755,christoffel,0.08802168908377893,0.08802168908377893,0.017371845995348998
0,300,43,20290756,convex_hull,0.12729505877303296,0.12729505877303296,0.0
0,300,43,20290756,packing,0.2337755341404143,0.2337755341404143,0.04890163761723909
0,300,43,20290756,christoffel,0.09552432039018947,0.09552432039018947,0.04105483292932908
0,300,44,20290757,convex_hull,0.20093361266559467,0.20093361266559467,0.0
0,300,44,20290757,packing,0.2579527633403606,0.2579527633403606,0.04387669035828401
0,300,44,20290757,christoffel,0.14834135128619733,0.14834135128619733,0.018061584170299825
0,300,45,20290758,convex_hull,0.1188540658992204,0.1188540658992204,0.0
0,300,45,20290758,packing,0.30177023631073385,0.30177023631073385,0.0499709323040447
0,300,45,20290758,christoffel,0.09595758536869317,0.09595758536869317,0.06657128715791655
0,300,46,20290759,convex_hull,0.21117042960015958,0.21117042960015958,0.0
0,300,46,20290759,packing,0.27075331845681344,0.27075331845681344,0.049613070003398096
0,300,46,20290759,christoffel,0.1369051507718598,0.1369051507718598,0.07693691794635482
0,300,47,20290760,convex_hull,0.12352398934292427,0.12352398934292427,0.0
0,300,47,20290760,packing,0.3282595925050602,0.3282595925050602,0.04903288713260556
0,300,47,20290760,christoffel,0.07352715075814294,0.07352715075814294,0.03171798584288311
0,300,48,20290761,convex_hull,0.1987588307759827,0.1987588307759827,0.0
0,300,48,20290761,packing,0.2747889982971955,0.2747889982971955,0.04394690889547259
0,300,48,20290761,christoffel,0.14030371435212852,0.14030371435212852,0.052265183146864375
0,300,49,20290762,convex_hull,0.2485958470228329,0.2485958470228329,0.0
0,300,49,20290762,packing,0.28921184123270965,0.28921184123270965,0.04868724624711174
0,300,49,20290762,christoffel,0.19800490074397512,0.19800490074397512,0.061305464360090524
2,300,0,20290713,convex_hull,0.5498651823652639,0.5498651823652639,0.0
2,300,0,20290713,packing,0.6008860820894771,0.6008860820894771,0.0
2,300,0,20290713,christoffel,0.49808247297877234,0.49808247297877234,0.0
2,300,1,20290714,convex_hull,0.740483601368413,0.740483601368413,0.0
2,300,1,20290714,packing,0.6904836013684129,0.6904836013684129,0.0
2,300,1,20290714,christoffel,0.6781244791940798,0.6781244791940798,0.0
2,300,2,20290715,convex_hull,0.6673286476337881,0.6673286476337881,0.0
2,300,2,20290715,packing,0.629530832088448,0.629530832088448,0.0
2,300,2,20290715,christoffel,0.573834402731415,0.573834402731415,0.0
2,300,3,20290716,convex_hull,0.6692563819768996,0.6692563819768996,0.0
2,300,3,20290716,packing,0.627678279641042,0.627678279641042,0.0
2,300,3,20290716,christoffel,0.5720643766657876,0.5720643766657876,0.0
2,300,4,20290717,convex_hull,0.6994927609588322,0.6994927609588322,0.0
2,300,4,20290717,packing,0.6857852227824371,0.6857852227824371,0.0
2,300,4,20290717,christoffel,0.6780415420121433,0.6780415420121433,0.0
2,300,5,20290718,convex_hull,0.3675068045051672,0.3675068045051672,0.0
2,300,5,20290718,packing,0.48862240949957475,0.48862240949957475,0.0
2,300,5,20290718,christoffel,0.3406949087205803,0.3406949087205803,0.0
2,300,6,20290719,convex_hull,0.4607929402027336,0.4607929402027336,0.0
2,300,6,20290719,packing,0.5131787125497794,0.5131787125497794,0.0
2,300,6,20290719,christoffel,0.4131111195417165,0.4131111195417165,0.0
2,300,7,20290720,convex_hull,0.5994495247121834,0.5994495247121834,0.0
2,300,7,20290720,packing,0.5769951420278886,0.5769951420278886,0.0
2,300,7,20290720,christoffel,0.5720643766657875,0.5720643766657875,0.0
2,300,8,20290721,convex_hull,0.6382151336379854,0.6382151336379854,0.0
2,300,8,20290721,packing,0.6435637884924866,0.6435637884924866,0.0
2,300,8,20290721,christoffel,0.6250524089800454,0.6250524089800454,0.0
2,300,9,20290722,convex_hull,0.583470789587273,0.583470789587273,0.0
2,300,9,20290722,packing,0.5661682507602578,0.5661682507602578,0.0
2,300,9,20290722,christoffel,0.5218482541769675,0.5218482541769675,0.0
2,300,10,20290723,convex_hull,0.7415103222340551,0.7415103222340551,0.0
2,300,10,20290723,packing,0.763947795183703,0.763947795183703,0.0
2,300,10,20290723,christoffel,0.7127183566361692,0.7127183566361692,0.0
2,300,11,20290724,convex_hull,0.5064703130488836,0.5064703130488836,0.0
2,300,11,20290724,packing,0.636439756991581,0.636439756991581,0.0
2,300,11,20290724,christoffel,0.525869225243734,0.525869225243734,0.0
2,300,12,20290725,convex_hull,0.5765292530598543,0.5765292530598543,0.0
2,300,12,20290725,packing,0.6009483907861362,0.6009483907861362,0.0
2,300,12,20290725,christoffel,0.5059946936684997,0.5059946936684997,0.0
2,300,13,20290726,convex_hull,0.7046417149137199,0.7046417149137199,0.0
2,300,13,20290726,packing,0.6546417149137198,0.6546417149137198,0.0
2,300,13,20290726,christoffel,0.6780415420121438,0.6780415420121438,0.0
2,300,14,20290727,convex_hull,0.44971932452199886,0.44971932452199886,0.0
2,300,14,20290727,packing,0.5308604075756421,0.5308604075756421,0.0
2,300,14,20290727,christoffel,0.5097266320633896,0.5097266320633896,0.0
2,300,15,20290728,convex_hull,0.8737399394411145,0.8737399394411145,0.0
2,300,15,20290728,packing,0.8248199094628734,0.8248199094628734,0.0
2,300,15,20290728,christoffel,0.7840222175048431,0.7840222175048431,0.0
2,300,16,20290729,convex_hull,0.5961359411263719,0.5961359411263719,0.0
2,300,16,20290729,packing,0.5768875543349039,0.5768875543349039,0.0
2,300,16,20290729,christoffel,0.5720643766657876,0.5720643766657876,0.0
2,300,17,20290730,convex_hull,0.6721626194285002,0.6721626194285002,0.0
2,300,17,20290730,packing,0.6221626194285002,0.6221626194285002,0.0
2,300,17,20290730,christoffel,0.6250524089800462,0.6250524089800462,0.0
2,300,18,20290731,convex_hull,0.44491790376787727,0.44491790376787727,0.0
2,300,18,20290731,packing,0.4816347703828138,0.4816347703828138,0.0
2,300,18,20290731,christoffel,0.3810886376484601,0.3810886376484601,0.0
2,300,19,20290732,convex_hull,0.8208022130459925,0.8208022130459925,0.0
2,300,19,20290732,packing,0.7708022130459925,0.7708022130459925,0.0
2,300,19,20290732,christoffel,0.7840757905792245,0.7840757905792245,0.0
2,300,20,20290733,convex_hull,0.5867089425314063,0.5867089425314063,0.0
2,300,20,20290733,packing,0.5498505258302325,0.5498505258302325,0.0
2,300,20,20290733,christoffel,0.5714006078974537,0.5714006078974537,0.0
2,300,21,20290734,convex_hull,0.48734549670400146,0.48734549670400146,0.0
2,300,21,20290734,packing,0.5181859301956869,0.5181859301956869,0.0
2,300,21,20290734,christoffel,0.4755275049482035,0.4755275049482035,0.0
2,300,22,20290735,convex_hull,0.7036787781053776,0.7036787781053776,0.0
2,300,22,20290735,packing,0.711562366095683,0.711562366095683,0.0
2,300,22,20290735,christoffel,0.6250524089800462,0.6250524089800462,0.0
2,300,23,20290736,convex_hull,0.7480219052983058,0.7480219052983058,0.0
2,300,23,20290736,packing,0.7228485360816745,0.7228485360816745,0.0
2,300,23,20290736,christoffel,0.6780415420121438,0.6780415420121438,0.0
2,300,24,20290737,convex_hull,0.62629630833388,0.62629630833388,0.0
2,300,24,20290737,packing,0.6329494099795943,0.6329494099795943,0.0
2,300,24,20290737,christoffel,0.5702489521239652,0.5702489521239652,0.0
2,300,25,20290738,convex_hull,0.8920622518684802,0.8920622518684802,0.0
2,300,25,20290738,packing,0.867494236724191,0.867494236724191,0.0
2,300,25,20290738,christoffel,0.8240400717204307,0.8240400717204307,0.0
2,300,26,20290739,convex_hull,0.5947604112935992,0.5947604112935992,0.0
2,300,26,20290739,packing,0.6018397705216056,0.6018397705216056,0.0
2,300,26,20290739,christoffel,0.5271615201337846,0.5271615201337846,0.0
2,300,27,20290740,convex_hull,0.5326683375553192,0.5326683375553192,0.0
2,300,27,20290740,packing,0.5012477464443029,0.5012477464443029,0.0
2,300,27,20290740,christoffel,0.4660931158133984,0.4660931158133984,0.0
2,300,28,20290741,convex_hull,0.8357028205365225,0.8357028205365225,0.0
2,300,28,20290741,packing,0.7875209505042229,0.7875209505042229,0.0
2,300,28,20290741,christoffel,0.7310315364041121,0.7310315364041121,0.0
2,300,29,20290742,convex_hull,0.5020834948489318,0.5020834948489318,0.0
2,300,29,20290742,packing,0.5040143491076035,0.5040143491076035,0.0
2,300,29,20290742,christoffel,0.4549364728785442,0.4549364728785442,0.0
2,300,30,20290743,convex_hull,0.5524031292456173,0.5524031292456173,0.0
2,300,30,20290743,packing,0.5216303580464853,0.5216303580464853,0.0
2,300,30,20290743,christoffel,0.5190777821569491,0.5190777821569491,0.0
2,300,31,20290744,convex_hull,0.6079348246074254,0.6079348246074254,0.0
2,300,31,20290744,packing,0.5951201929727507,0.5951201929727507,0.0
2,300,31,20290744,christoffel,0.5190777821569491,0.5190777821569491,0.0
2,300,32,20290745,convex_hull,0.5515268906784918,0.5515268906784918,0.0
2,300,32,20290745,packing,0.5120862584326429,0.5120862584326429,0.0
2,300,32,20290745,christoffel,0.5190777821569491,0.5190777821569491,0.0
2,300,33,20290746,convex_hull,0.6071047706286371,0.6071047706286371,0.0
2,300,33,20290746,packing,0.6947247742988929,0.6947247742988929,0.0
2,300,33,20290746,christoffel,0.584753687669868,0.584753687669868,0.0
2,300,34,20290747,convex_hull,0.6364947061095901,0.6364947061095901,0.0
2,300,34,20290747,packing,0.5957436063526111,0.5957436063526111,0.0
2,300,34,20290747,christoffel,0.5720643766657875,0.5720643766657875,0.0
2,300,35,20290748,convex_hull,0.6040390854437699,0.6040390854437699,0.0
2,300,35,20290748,packing,0.6333955119445536,0.6333955119445536,0.0
2,300,35,20290748,christoffel,0.5722141630889522,0.5722141630889522,0.0
2,300,36,20290749,convex_hull,0.6017915762668751,0.6017915762668751,0.0
2,300,36,20290749,packing,0.5856539178615585,0.5856539178615585,0.0
2,300,36,20290749,christoffel,0.591730458978182,0.591730458978182,0.0
2,300,37,20290750,convex_hull,0.6947868234597063,0.6947868234597063,0.0
2,300,37,20290750,packing,0.7017817929852443,0.7017817929852443,0.0
2,300,37,20290750,christoffel,0.6574476378295679,0.6574476378295679,0.0
2,300,38,20290751,convex_hull,0.7328243318490817,0.7328243318490817,0.0
2,300,38,20290751,packing,0.7315354145587825,0.7315354145587825,0.0
2,300,38,20290751,christoffel,0.6250524089800454,0.6250524089800454,0.0
2,300,39,20290752,convex_hull,0.41005791688517595,0.41005791688517595,0.0
2,300,39,20290752,packing,0.441665359972086,0.441665359972086,0.008175383384266766
2,300,39,20290752,christoffel,0.36013297178970405,0.36013297178970405,0.0
2,300,40,20290753,convex_hull,0.5197414811178764,0.5197414811178764,0.0
2,300,40,20290753,packing,0.5396360270244799,0.5396360270244799,0.0
2,300,40,20290753,christoffel,0.5190777821569491,0.5190777821569491,0.0
2,300,41,20290754,convex_hull,0.7622859357965033,0.7622859357965033,0.0
2,300,41,20290754,packing,0.7123051599844209,0.7123051599844209,0.0
2,300,41,20290754,christoffel,0.7373719049268125,0.7373719049268125,0.0
2,300,42,20290755,convex_hull,0.671883068036505,0.671883068036505,0.0
2,300,42,20290755,packing,0.6554453210926591,0.6554453210926591,0.0
2,300,42,20290755,christoffel,0.6250524089800462,0.6250524089800462,0.0
2,300,43,20290756,convex_hull,0.7202110221791741,0.7202110221791741,0.0
2,300,43,20290756,packing,0.681664363827777,0.681664363827777,0.0
2,300,43,20290756,christoffel,0.6780415420121438,0.6780415420121438,0.0
2,300,44,20290757,convex_hull,0.5003699105069787,0.5003699105069787,0.0
2,300,44,20290757,packing,0.48241091653534235,0.48241091653534235,0.0
2,300,44,20290757,christoffel,0.4659503959816411,0.4659503959816411,0.0
2,300,45,20290758,convex_hull,0.6201989623010556,0.6201989623010556,0.0
2,300,45,20290758,packing,0.6362117841300987,0.6362117841300987,0.0
2,300,45,20290758,christoffel,0.5716251486401999,0.5716251486401999,0.0
2,300,46,20290759,convex_hull,0.7210528923661228,0.7210528923661228,0.0
2,300,46,20290759,packing,0.6710528923661228,0.6710528923661228,0.0
2,300,46,20290759,christoffel,0.6251611888741481,0.6251611888741481,0.0
2,300,47,20290760,convex_hull,0.4864177180727028,0.4864177180727028,0.0
2,300,47,20290760,packing,0.6166979416246307,0.6166979416246307,0.0
2,300,47,20290760,christoffel,0.44305522678465525,0.44305522678465525,0.0
2,300,48,20290761,convex_hull,0.4823920201902585,0.4823920201902585,0.0
2,300,48,20290761,packing,0.5227980986538198,0.5227980986538198,0.0
2,300,48,20290761,christoffel,0.4755275049482029,0.4755275049482029,0.0
2,300,49,20290762,convex_hull,0.6927768419036725,0.6927768419036725,0.0
2,300,49,20290762,packing,0.662862549065417,0.662862549065417,0.0
2,300,49,20290762,christoffel,0.6251611888741493,0.6251611888741493,0.0
4,300,0,20290713,convex_hull,1.0609279922319437,1.0609279922319437,0.0
4,300,0,20290713,packing,1.0196886990574257,1.0196886990574257,0.0
4,300,0,20290713,christoffel,0.9996427177916591,0.9996427177916591,0.0
4,300,1,20290714,convex_hull,1.237170820257345,1.237170820257345,0.0
4,300,1,20290714,packing,1.1904073134063786,1.1904073134063786,0.0
4,300,1,20290714,christoffel,1.1549874784342589,1.1549874784342589,0.0
4,300,2,20290715,convex_hull,1.2712939430055552,1.2712939430055552,0.0
4,300,2,20290715,packing,1.2232398457408464,1.2232398457408464,0.0
4,300,2,20290715,christoffel,1.1025141997082366,1.1025141997082366,0.0
4,300,3,20290716,convex_hull,1.0359540396473463,1.0359540396473463,0.0
4,300,3,20290716,packing,0.9859540396473463,0.9859540396473463,0.0
4,300,3,20290716,christoffel,0.995989616835271,0.995989616835271,0.0
4,300,4,20290717,convex_hull,0.9952403586700503,0.9952403586700503,0.0
4,300,4,20290717,packing,0.9452403586700503,0.9452403586700503,0.0
4,300,4,20290717,christoffel,0.9951053668467744,0.9951053668467744,0.0
4,300,5,20290718,convex_hull,0.8545307452827757,0.8545307452827757,0.0
4,300,5,20290718,packing,0.8169183950710224,0.8169183950710224,0.0
4,300,5,20290718,christoffel,0.784022217504843,0.784022217504843,0.0
4,300,6,20290719,convex_hull,1.0987515476737222,1.0987515476737222,0.0
4,300,6,20290719,packing,1.0487515476737221,1.0487515476737221,0.0
4,300,6,20290719,christoffel,1.0489822811520904,1.0489822811520904,0.0
4,300,7,20290720,convex_hull,1.1377433133438073,1.1377433133438073,0.0
4,300,7,20290720,packing,1.0877433133438072,1.0877433133438072,0.0
4,300,7,20290720,christoffel,1.0523501695138453,1.0523501695138453,0.0
4,300,8,20290721,convex_hull,1.0278429380186416,1.0278429380186416,0.0
4,300,8,20290721,packing,0.9778429380186415,0.9778429380186415,0.0
4,300,8,20290721,christoffel,0.996622533545984,0.996622533545984,0.0
4,300,9,20290722,convex_hull,1.0919188699509268,1.0919188699509268,0.0
4,300,9,20290722,packing,1.0419188699509268,1.0419188699509268,0.0
4,300,9,20290722,christoffel,0.9959896168352702,0.9959896168352702,0.0
4,300,10,20290723,convex_hull,1.056519194878368,1.056519194878368,0.0
4,300,10,20290723,packing,1.006519194878368,1.006519194878368,0.0
4,300,10,20290723,christoffel,1.0086628761841896,1.0086628761841896,0.0
4,300,11,20290724,convex_hull,0.7263258183125104,0.7263258183125104,0.0
4,300,11,20290724,packing,0.6775216616046049,0.6775216616046049,0.0
4,300,11,20290724,christoffel,0.7263258183125104,0.7263258183125104,0.0
4,300,12,20290725,convex_hull,0.9262113491154558,0.9262113491154558,0.0
4,300,12,20290725,packing,0.8762113491154557,0.8762113491154557,0.0
4,300,12,20290725,christoffel,0.8491624379963316,0.8491624379963316,0.0
4,300,13,20290726,convex_hull,1.0352811287274104,1.0352811287274104,0.0
4,300,13,20290726,packing,1.0119991505136607,1.0119991505136607,0.0
4,300,13,20290726,christoffel,0.9959896168352702,0.9959896168352702,0.0
4,300,14,20290727,convex_hull,0.7044626767023885,0.7044626767023885,0.0
4,300,14,20290727,packing,0.720449530612166,0.720449530612166,0.0
4,300,14,20290727,christoffel,0.6340783647802306,0.6340783647802306,0.0
4,300,15,20290728,convex_hull,1.0197047337148915,1.0197047337148915,0.0
4,300,15,20290728,packing,0.9721985736716483,0.9721985736716483,0.0
4,300,15,20290728,christoffel,0.9469887630302818,0.9469887630302818,0.0
4,300,16,20290729,convex_hull,1.351556953423714,1.351556953423714,0.0
4,300,16,20290729,packing,1.301556953423714,1.301556953423714,0.0
4,300,16,20290729,christoffel,1.2079615428304784,1.2079615428304784,0.0
4,300,17,20290730,convex_hull,1.1218857067531292,1.1218857067531292,0.0
4,300,17,20290730,packing,1.071885706753129,1.071885706753129,0.0
4,300,17,20290730,christoffel,1.0489822811520908,1.0489822811520908,0.0
4,300,18,20290731,convex_hull,0.8658536650294684,0.8658536650294684,0.0
4,300,18,20290731,packing,0.8559529221440103,0.8559529221440103,0.0
4,300,18,20290731,christoffel,0.7849889369188434,0.7849889369188434,0.0
4,300,19,20290732,convex_hull,0.8740068063461599,0.8740068063461599,0.0
4,300,19,20290732,packing,0.8247893560953665,0.8247893560953665,0.0
4,300,19,20290732,christoffel,0.8370134548893284,0.8370134548893284,0.0
4,300,20,20290733,convex_hull,1.008605167555526,1.008605167555526,0.0
4,300,20,20290733,packing,0.958605167555526,0.958605167555526,0.0
4,300,20,20290733,christoffel,0.9429972233877463,0.9429972233877463,0.0
4,300,21,20290734,convex_hull,0.8465951406588963,0.8465951406588963,0.0
4,300,21,20290734,packing,0.802046721449676,0.802046721449676,0.0
4,300,21,20290734,christoffel,0.7977282895221149,0.7977282895221149,0.0
4,300,22,20290735,convex_hull,0.9711638530949179,0.9711638530949179,0.0
4,300,22,20290735,packing,0.9211638530949179,0.9211638530949179,0.0
4,300,22,20290735,christoffel,0.9295353934296859,0.9295353934296859,0.0
4,300,23,20290736,convex_hull,1.174461229402183,1.174461229402183,0.0
4,300,23,20290736,packing,1.124461229402183,1.124461229402183,0.0
4,300,23,20290736,christoffel,1.1019751772608684,1.1019751772608684,0.0
4,300,24,20290737,convex_hull,1.1120639949457916,1.1120639949457916,0.0
4,300,24,20290737,packing,1.0620639949457915,1.0620639949457915,0.0
4,300,24,20290737,christoffel,0.996622533545984,0.996622533545984,0.0
4,300,25,20290738,convex_hull,1.2570042698470918,1.2570042698470918,0.0
4,300,25,20290738,packing,1.2148728614287012,1.2148728614287012,0.0
4,300,25,20290738,christoffel,1.2079615428304793,1.2079615428304793,0.0
4,300,26,20290739,convex_hull,1.1701610561626081,1.1701610561626081,0.0
4,300,26,20290739,packing,1.1289465775555652,1.1289465775555652,0.0
4,300,26,20290739,christoffel,1.0489822811520904,1.0489822811520904,0.0
4,300,27,20290740,convex_hull,1.0814999367152969,1.0814999367152969,0.0
4,300,27,20290740,packing,1.1221326428861782,1.1221326428861782,0.0
4,300,27,20290740,christoffel,1.1128244861216205,1.1128244861216205,0.0
4,300,28,20290741,convex_hull,1.139394054960321,1.139394054960321,0.0
4,300,28,20290741,packing,1.089394054960321,1.089394054960321,0.0
4,300,28,20290741,christoffel,1.0495646686336693,1.0495646686336693,0.0
4,300,29,20290742,convex_hull,1.0910875813790715,1.0910875813790715,0.0
4,300,29,20290742,packing,1.046589180700294,1.046589180700294,0.0
4,300,29,20290742,christoffel,1.0229680124081477,1.0229680124081477,0.0
4,300,30,20290743,convex_hull,1.1944599145568608,1.1944599145568608,0.0
4,300,30,20290743,packing,1.1455366522508184,1.1455366522508184,0.0
4,300,30,20290743,christoffel,1.1019751772608684,1.1019751772608684,0.0
4,300,31,20290744,convex_hull,0.9953687404977386,0.9953687404977386,0.0
4,300,31,20290744,packing,0.9453687404977386,0.9453687404977386,0.0
4,300,31,20290744,christoffel,0.9429972233877464,0.9429972233877464,0.0
4,300,32,20290745,convex_hull,0.9912057946089714,0.9912057946089714,0.0
4,300,32,20290745,packing,0.9412057946089714,0.9412057946089714,0.0
4,300,32,20290745,christoffel,0.9429972233877463,0.9429972233877463,0.0
4,300,33,20290746,convex_hull,0.925584420626246,0.925584420626246,0.0
4,300,33,20290746,packing,0.9215664828590115,0.9215664828590115,0.0
4,300,33,20290746,christoffel,0.8907544049151819,0.8907544049151819,0.0
4,300,34,20290747,convex_hull,0.9562629788088461,0.9562629788088461,0.0
4,300,34,20290747,packing,0.9069831082486826,0.9069831082486826,0.0
4,300,34,20290747,christoffel,0.881042018253301,0.881042018253301,0.0
4,300,35,20290748,convex_hull,1.0327460834520144,1.0327460834520144,0.0
4,300,35,20290748,packing,0.9827460834520143,0.9827460834520143,0.0
4,300,35,20290748,christoffel,1.0050625376122775,1.0050625376122775,0.0
4,300,36,20290749,convex_hull,1.1389510557970162,1.1389510557970162,0.0
4,300,36,20290749,packing,1.0889510557970161,1.0889510557970161,0.0
4,300,36,20290749,christoffel,1.107164143653231,1.107164143653231,0.0
4,300,37,20290750,convex_hull,1.1566036127644381,1.1566036127644381,0.0
4,300,37,20290750,packing,1.106603612764438,1.106603612764438,0.0
4,300,37,20290750,christoffel,1.1019751772608684,1.1019751772608684,0.0
4,300,38,20290751,convex_hull,1.0203677775548674,1.0203677775548674,0.0
4,300,38,20290751,packing,1.0076504404070576,1.0076504404070576,0.0
4,300,38,20290751,christoffel,0.9959896168352702,0.9959896168352702,0.0
4,300,39,20290752,convex_hull,0.7328702861380293,0.7328702861380293,0.0
4,300,39,20290752,packing,0.6828702861380292,0.6828702861380292,0.0
4,300,39,20290752,christoffel,0.7278271834980939,0.7278271834980939,0.0
4,300,40,20290753,convex_hull,1.0537597485343577,1.0537597485343577,0.0
4,300,40,20290753,packing,1.0037597485343577,1.0037597485343577,0.0
4,300,40,20290753,christoffel,1.0489822811520908,1.0489822811520908,0.0
4,300,41,20290754,convex_hull,1.1210912991947035,1.1210912991947035,0.0
4,300,41,20290754,packing,1.0710912991947035,1.0710912991947035,0.0
4,300,41,20290754,christoffel,1.0523501695138462,1.0523501695138462,0.0
4,300,42,20290755,convex_hull,0.7302743969583587,0.7302743969583587,0.0
4,300,42,20290755,packing,0.6870607990069741,0.6870607990069741,0.0
4,300,42,20290755,christoffel,0.7300237232915953,0.7300237232915953,0.0
4,300,43,20290756,convex_hull,1.151241723380993,1.151241723380993,0.0
4,300,43,20290756,packing,1.1161133461505603,1.1161133461505603,0.0
4,300,43,20290756,christoffel,1.0606728256306102,1.0606728256306102,0.0
4,300,44,20290757,convex_hull,0.9018374959509332,0.9018374959509332,0.0
4,300,44,20290757,packing,0.8701310488741044,0.8701310488741044,0.0
4,300,44,20290757,christoffel,0.8370134548893284,0.8370134548893284,0.0
4,300,45,20290758,convex_hull,0.909842567858079,0.909842567858079,0.0
4,300,45,20290758,packing,0.8974340590689077,0.8974340590689077,0.0
4,300,45,20290758,christoffel,0.8725775990098554,0.8725775990098554,0.0
4,300,46,20290759,convex_hull,0.8532014425847972,0.8532014425847972,0.0
4,300,46,20290759,packing,0.8032014425847972,0.8032014425847972,0.0
4,300,46,20290759,christoffel,0.8532014425847972,0.8532014425847972,0.0
4,300,47,20290760,convex_hull,1.2816915469865748,1.2816915469865748,0.0
4,300,47,20290760,packing,1.2316915469865748,1.2316915469865748,0.0
4,300,47,20290760,christoffel,1.2609549640996622,1.2609549640996622,0.0
4,300,48,20290761,convex_hull,0.8900194063158585,0.8900194063158585,0.0
4,300,48,20290761,packing,0.8400662625906882,0.8400662625906882,0.0
4,300,48,20290761,christoffel,0.8900662625906882,0.8900662625906882,0.0
4,300,49,20290762,convex_hull,1.1225200903599244,1.1225200903599244,0.0
4,300,49,20290762,packing,1.0725200903599243,1.0725200903599243,0.0
4,300,49,20290762,christoffel,1.0490064762630973,1.0490064762630973,0.0
0,1000,0,20300713,convex_hull,0.06437518753074174,0.06437518753074174,0.0
0,1000,0,20300713,packing,0.15694901984670057,0.15694901984670057,0.049506705161073805
0,1000,0,20300713,christoffel,0.09398470949053125,0.04843838748660462,0.09398470949053125
0,1000,1,20300714,convex_hull,0.07093496907799943,0.07093496907799943,0.0
0,1000,1,20300714,packing,0.11536151468268092,0.11536151468268092,0.049609553754994096
0,1000,1,20300714,christoffel,0.056742948540583746,0.056742948540583746,0.052333780526606005
0,1000,2,20300715,convex_hull,0.06440335787847427,0.06440335787847427,0.0
0,1000,2,20300715,packing,0.15635375667050444,0.15635375667050444,0.04955379279785632
0,1000,2,20300715,christoffel,0.04528699411361522,0.04528699411361522,0.023709067035944317
0,1000,3,20300716,convex_hull,0.07401676186921462,0.07401676186921462,0.0
0,1000,3,20300716,packing,0.13380195692939612,0.13380195692939612,0.04829082200116752
0,1000,3,20300716,christoffel,0.0577498986353255,0.0577498986353255,0.03058024747470034
0,1000,4,20300717,convex_hull,0.0762444686522577,0.0762444686522577,0.0
0,1000,4,20300717,packing,0.20111986194687426,0.20111986194687426,0.049663753542592226
0,1000,4,20300717,christoffel,0.04657064744729063,0.04657064744729063,0.04456116457463702
0,1000,5,20300718,convex_hull,0.08686141387750945,0.08686141387750945,0.0
0,1000,5,20300718,packing,0.13195227515557878,0.13195227515557878,0.04972882355602515
0,1000,5,20300718,christoffel,0.052265183146864375,0.03887542769676504,0.052265183146864375
0,1000,6,20300719,convex_hull,0.06556618927887425,0.06556618927887425,0.0
0,1000,6,20300719,packing,0.12079359862535048,0.12079359862535048,0.04994764081044378
0,1000,6,20300719,christoffel,0.04466467339689026,0.04466467339689026,0.025625615873292325
0,1000,7,20300720,convex_hull,0.05238711057042055,0.05238711057042055,0.0
0,1000,7,20300720,packing,0.1174616821514692,0.1174616821514692,0.047926994940931236
0,1000,7,20300720,christoffel,0.043146157086167675,0.043146157086167675,0.03279943240470049
0,1000,8,20300721,convex_hull,0.07314709204771702,0.07314709204771702,0.0
0,1000,8,20300721,packing,0.2040667015597083,0.2040667015597083,0.04885973474991134
0,1000,8,20300721,christoffel,0.07774450960890106,0.0452869941136154,0.07774450960890106
0,1000,9,20300722,convex_hull,0.083282478184686,0.083282478184686,0.0
0,1000,9,20300722,packing,0.14213852825157086,0.14213852825157086,0.04862546871473955
0,1000,9,20300722,christoffel,0.049114840443735014,0.049114840443735014,0.02562561587329097
0,1000,10,20300723,convex_hull,0.08527222235923033,0.08527222235923033,0.0
0,1000,10,20300723,packing,0.12264205587065129,0.12264205587065129,0.049235359524026356
0,1000,10,20300723,christoffel,0.06644630610411131,0.04366011146524493,0.06644630610411131
0,1000,11,20300724,convex_hull,0.11616628304890714,0.11616628304890714,0.0
0,1000,11,20300724,packing,0.14397137170996094,0.14397137170996094,0.0499773714898728
0,1000,11,20300724,christoffel,0.09552432039018989,0.09552432039018989,0.06657128715791694
0,1000,12,20300725,convex_hull,0.05372834177475632,0.05372834177475632,0.0
0,1000,12,20300725,packing,0.11832871499808252,0.11832871499808252,0.04968690869147707
0,1000,12,20300725,christoffel,0.046697505355184625,0.046697505355184625,0.03279943240470049
0,1000,13,20300726,convex_hull,0.07677202792240322,0.07677202792240322,0.0
0,1000,13,20300726,packing,0.12827839807726044,0.12827839807726044,0.047992513498019584
0,1000,13,20300726,christoffel,0.07001659895857486,0.07001659895857486,0.02562561587329097
0,1000,14,20300727,convex_hull,0.07634258950657141,0.07634258950657141,0.0
0,1000,14,20300727,packing,0.1844004397445766,0.1844004397445766,0.04994361531855507
0,1000,14,20300727,christoffel,0.07884444274892498,0.05374294168884687,0.07884444274892498
0,1000,15,20300728,convex_hull,0.09818916867012382,0.09818916867012382,0.0
0,1000,15,20300728,packing,0.1619597403544702,0.1619597403544702,0.04973773766456269
0,1000,15,20300728,christoffel,0.06137095758028953,0.06137095758028953,0.05608094942302204
0,1000,16,20300729,convex_hull,0.09230742531347683,0.09230742531347683,0.0
0,1000,16,20300729,packing,0.1293718276749296,0.1293718276749296,0.049729858832564644
0,1000,16,20300729,christoffel,0.09552432039018989,0.09552432039018989,0.025625615873292325
0,1000,17,20300730,convex_hull,0.060731798770972456,0.060731798770972456,0.0
0,1000,17,20300730,packing,0.11757457524651786,0.11757457524651786,0.048236228073223364
0,1000,17,20300730,christoffel,0.04090987190749395,0.04090987190749395,0.025625615873292325
0,1000,18,20300731,convex_hull,0.08660481171486886,0.08660481171486886,0.0
0,1000,18,20300731,packing,0.11773919239095289,0.11773919239095289,0.04994750798780112
0,1000,18,20300731,christoffel,0.05502959494900558,0.03195945377784792,0.05502959494900558
0,1000,19,20300732,convex_hull,0.10789387199780935,0.10789387199780935,0.0
0,1000,19,20300732,packing,0.1426622756764072,0.1426622756764072,0.04814139763654146
0,1000,19,20300732,christoffel,0.06657128715791694,0.05141265297815537,0.06657128715791694
0,1000,20,20300733,convex_hull,0.05179932457433574,0.05179932457433574,0.0
0,1000,20,20300733,packing,0.12122090257616895,0.12122090257616895,0.04951667430263962
0,1000,20,20300733,christoffel,0.05975673151000178,0.043874551016793883,0.05975673151000178
0,1000,21,20300734,convex_hull,0.05702587611800162,0.05702587611800162,0.0
0,1000,21,20300734,packing,0.14744416351978645,0.14744416351978645,0.04880050161294325
0,1000,21,20300734,christoffel,0.051412652978155345,0.051412652978155345,0.03279943240470049
0,1000,22,20300735,convex_hull,0.09456770246943516,0.09456770246943516,0.0
0,1000,22,20300735,packing,0.13707512347343498,0.13707512347343498,0.04951652786918559
0,1000,22,20300735,christoffel,0.06287254959470792,0.06287254959470792,0.013400995499124928
0,1000,23,20300736,convex_hull,0.05087454028895025,0.05087454028895025,0.0
0,1000,23,20300736,packing,0.13156460798221375,0.13156460798221375,0.049593692732017525
0,1000,23,20300736,christoffel,0.064947787182655,0.038954899327333994,0.064947787182655
0,1000,24,20300737,convex_hull,0.06701258957279257,0.06701258957279257,0.0
0,1000,24,20300737,packing,0.10775100658082602,0.10775100658082602,0.048799322518246535
0,1000,24,20300737,christoffel,0.052265183146864375,0.04314615708616706,0.052265183146864375
0,1000,25,20300738,convex_hull,0.07416590087861552,0.07416590087861552,0.0
0,1000,25,20300738,packing,0.14366651213388887,0.14366651213388887,0.04996503926162027
0,1000,25,20300738,christoffel,0.04880625309207139,0.04880625309207139,0.0317179858428828
0,1000,26,20300739,convex_hull,0.04740670534012778,0.04740670534012778,0.0
0,1000,26,20300739,packing,0.1192323525305135,0.1192323525305135,0.04871652441066854
0,1000,26,20300739,christoffel,0.03895489932733444,0.03895489932733444,0.03751743078440074
0,1000,27,20300740,convex_hull,0.08480705298287135,0.08480705298287135,0.0
0,1000,27,20300740,packing,0.1402176690838564,0.1402176690838564,0.04916897114334129
0,1000,27,20300740,christoffel,0.05377956538503009,0.05377956538503009,0.04105483292932888
0,1000,28,20300741,convex_hull,0.09421067185806872,0.09421067185806872,0.0
0,1000,28,20300741,packing,0.15644507637771737,0.15644507637771737,0.047316583303371296
0,1000,28,20300741,christoffel,0.06945304970132432,0.05003628670999238,0.06945304970132432
0,1000,29,20300742,convex_hull,0.05974629754690794,0.05974629754690794,0.0
0,1000,29,20300742,packing,0.155701261534144,0.155701261534144,0.04998917166070438
0,1000,29,20300742,christoffel,0.04414705741684578,0.04414705741684578,0.03337667913481273
0,1000,30,20300743,convex_hull,0.08352942682955118,0.08352942682955118,0.0
0,1000,30,20300743,packing,0.12558093625951006,0.12558093625951006,0.049580311651856945
0,1000,30,20300743,christoffel,0.04456116457463839,0.03248881677090558,0.04456116457463839
0,1000,31,20300744,convex_hull,0.05248665379618285,0.05248665379618285,0.0
0,1000,31,20300744,packing,0.12257242580294987,0.12257242580294987,0.04963214626517143
0,1000,31,20300744,christoffel,0.055029594949005604,0.03895489932733444,0.055029594949005604
0,1000,32,20300745,convex_hull,0.09120382352026406,0.09120382352026406,0.0
0,1000,32,20300745,packing,0.14414075328607545,0.14414075328607545,0.0496893423817526
0,1000,32,20300745,christoffel,0.04978383124923249,0.0452869941136154,0.04978383124923249
0,1000,33,20300746,convex_hull,0.0640395717142245,0.0640395717142245,0.0
0,1000,33,20300746,packing,0.1273424988295927,0.1273424988295927,0.049673230470790086
0,1000,33,20300746,christoffel,0.042532687917489875,0.042532687917489875,0.02716162796331065
0,1000,34,20300747,convex_hull,0.044797454587354874,0.044797454587354874,0.0
0,1000,34,20300747,packing,0.14770002524105852,0.14770002524105852,0.04989543454269785
0,1000,34,20300747,christoffel,0.08761029931730313,0.03248881677090542,0.08761029931730313
0,1000,35,20300748,convex_hull,0.10706139807821538,0.10706139807821538,0.0
0,1000,35,20300748,packing,0.13107389163138522,0.13107389163138522,0.04939003256888408
0,1000,35,20300748,christoffel,0.08802168908377893,0.08802168908377893,0.018061584170299825
0,1000,36,20300749,convex_hull,0.05941631262942246,0.05941631262942246,0.0
0,1000,36,20300749,packing,0.1329628270353806,0.1329628270353806,0.04941208921017104
0,1000,36,20300749,christoffel,0.0514126529781553,0.0514126529781553,0.028542540870424404
0,1000,37,20300750,convex_hull,0.10859220474046431,0.10859220474046431,0.0
0,1000,37,20300750,packing,0.15867910740302688,0.15867910740302688,0.04915639232161362
0,1000,37,20300750,christoffel,0.05774989863532551,0.05774989863532551,0.024823325095205413
0,1000,38,20300751,convex_hull,0.07993038227376553,0.07993038227376553,0.0
0,1000,38,20300751,packing,0.1932040544991388,0.1932040544991388,0.04947455725829819
0,1000,38,20300751,christoffel,0.04843838748660462,0.04843838748660462,0.04456116457463702
0,1000,39,20300752,convex_hull,0.0666909356900912,0.0666909356900912,0.0
0,1000,39,20300752,packing,0.1718583172257684,0.1718583172257684,0.04887290968926698
0,1000,39,20300752,christoffel,0.064947787182655,0.046697505355185284,0.064947787182655
0,1000,40,20300753,convex_hull,0.10115279446097222,0.10115279446097222,0.0
0,1000,40,20300753,packing,0.13544286535300926,0.13544286535300926,0.04847807992145636
0,1000,40,20300753,christoffel,0.055029594949005604,0.046697505355184625,0.055029594949005604
0,1000,41,20300754,convex_hull,0.06470111348830819,0.06470111348830819,0.0
0,1000,41,20300754,packing,0.11556037994550007,0.11556037994550007,0.046502038839026705
0,1000,41,20300754,christoffel,0.051412652978155345,0.051412652978155345,0.03337667913481273
0,1000,42,20300755,convex_hull,0.06230573718478511,0.06230573718478511,0.0
0,1000,42,20300755,packing,0.1303886790399446,0.1303886790399446,0.04901778884713437
0,1000,42,20300755,christoffel,0.05774989863532551,0.05774989863532551,0.045255090531232334
0,1000,43,20300756,convex_hull,0.0491766581663425,0.0491766581663425,0.0
0,1000,43,20300756,packing,0.13011826515185837,0.13011826515185837,0.04954632301300066
0,1000,43,20300756,christoffel,0.047168341681516616,0.047168341681516616,0.025625615873292325
0,1000,44,20300757,convex_hull,0.0877629224125655,0.0877629224125655,0.0
0,1000,44,20300757,packing,0.14923266157123538,0.14923266157123538,0.04990912252950652
0,1000,44,20300757,christoffel,0.060578461276696985,0.04314615708616706,0.060578461276696985
0,1000,45,20300758,convex_hull,0.09353247016487377,0.09353247016487377,0.0
0,1000,45,20300758,packing,0.1463965189349145,0.1463965189349145,0.0493710029079204
0,1000,45,20300758,christoffel,0.06377594915540831,0.06377594915540831,0.017021133090228076
0,1000,46,20300759,convex_hull,0.07944849329043009,0.07944849329043009,0.0
0,1000,46,20300759,packing,0.11024841997904518,0.11024841997904518,0.04949329511190248
0,1000,46,20300759,christoffel,0.060578461276696985,0.040100788931675645,0.060578461276696985
0,1000,47,20300760,convex_hull,0.05005349967437829,0.05005349967437829,0.0
0,1000,47,20300760,packing,0.11026626796956203,0.11026626796956203,0.04973598870728549
0,1000,47,20300760,christoffel,0.052265183146864375,0.046697505355184625,0.052265183146864375
0,1000,48,20300761,convex_hull,0.10208910257176586,0.10208910257176586,0.0
0,1000,48,20300761,packing,0.14875057311754664,0.14875057311754664,0.04963311098112633
0,1000,48,20300761,christoffel,0.09552432039018947,0.09552432039018947,0.024578088643181003
0,1000,49,20300762,convex_hull,0.06370850684453326,0.06370850684453326,0.0
0,1000,49,20300762,packing,0.1254120685316079,0.1254120685316079,0.04695576298859283
0,1000,49,20300762,christoffel,0.04528699411361522,0.04528699411361522,0.02854254087042433
2,1000,0,20300713,convex_hull,0.5020013230253689,0.5020013230253689,0.0
2,1000,0,20300713,packing,0.45250551271576994,0.45250551271576994,0.0
2,1000,0,20300713,christoffel,0.3682212180023667,0.3682212180023667,0.0
2,1000,1,20300714,convex_hull,0.4234999183400359,0.4234999183400359,0.0
2,1000,1,20300714,packing,0.49124520547844935,0.49124520547844935,0.0
2,1000,1,20300714,christoffel,0.36176132905312064,0.36176132905312064,0.0
2,1000,2,20300715,convex_hull,0.49186251721217966,0.49186251721217966,0.0
2,1000,2,20300715,packing,0.5020676054721614,0.5020676054721614,0.0
2,1000,2,20300715,christoffel,0.3790485645373898,0.3790485645373898,0.0
2,1000,3,20300716,convex_hull,0.5008656440977128,0.5008656440977128,0.0
2,1000,3,20300716,packing,0.4988974217473467,0.4988974217473467,0.014749084291727499
2,1000,3,20300716,christoffel,0.41311111954171725,0.41311111954171725,0.0
2,1000,4,20300717,convex_hull,0.4593040725818758,0.4593040725818758,0.0
2,1000,4,20300717,packing,0.4148941931155545,0.4148941931155545,0.0
2,1000,4,20300717,christoffel,0.4131111195417165,0.4131111195417165,0.0
2,1000,5,20300718,convex_hull,0.419060423381875,0.419060423381875,0.0
2,1000,5,20300718,packing,0.47161361872525326,0.47161361872525326,0.0
2,1000,5,20300718,christoffel,0.3071606639071164,0.3071606639071164,0.0
2,1000,6,20300719,convex_hull,0.6488253679889437,0.6488253679889437,0.0
2,1000,6,20300719,packing,0.6314403969772086,0.6314403969772086,0.0
2,1000,6,20300719,christoffel,0.5720643766657875,0.5720643766657875,0.0
2,1000,7,20300720,convex_hull,0.3433128075568408,0.3433128075568408,0.0
2,1000,7,20300720,packing,0.35091864981365556,0.35091864981365556,0.03766611138196896
2,1000,7,20300720,christoffel,0.23991304997171545,0.23991304997171545,0.0
2,1000,8,20300721,convex_hull,0.3378535710569262,0.3378535710569262,0.0
2,1000,8,20300721,packing,0.3654685800432434,0.3654685800432434,0.0
2,1000,8,20300721,christoffel,0.2541978468326227,0.2541978468326227,0.0
2,1000,9,20300722,convex_hull,0.4971050361124975,0.4971050361124975,0.0
2,1000,9,20300722,packing,0.4499744655829339,0.4499744655829339,0.019876929072534022
2,1000,9,20300722,christoffel,0.4131111195417165,0.4131111195417165,0.0
2,1000,10,20300723,convex_hull,0.5614477068728632,0.5614477068728632,0.0
2,1000,10,20300723,packing,0.6605630385968435,0.6605630385968435,0.0
2,1000,10,20300723,christoffel,0.5271615201337855,0.5271615201337855,0.0
2,1000,11,20300724,convex_hull,0.5288286553894062,0.5288286553894062,0.0
2,1000,11,20300724,packing,0.5175571374275899,0.5175571374275899,0.0
2,1000,11,20300724,christoffel,0.41311111954171725,0.41311111954171725,0.0
2,1000,12,20300725,convex_hull,0.4819110840880981,0.4819110840880981,0.0
2,1000,12,20300725,packing,0.45895334409636274,0.45895334409636274,0.0
2,1000,12,20300725,christoffel,0.36013297178970405,0.36013297178970405,0.0
2,1000,13,20300726,convex_hull,0.5206636787301754,0.5206636787301754,0.0
2,1000,13,20300726,packing,0.5794794663586931,0.5794794663586931,0.0
2,1000,13,20300726,christoffel,0.43235046522331444,0.43235046522331444,0.0
2,1000,14,20300727,convex_hull,0.6137255130915511,0.6137255130915511,0.0
2,1000,14,20300727,packing,0.567382483953289,0.567382483953289,0.018490495218079328
2,1000,14,20300727,christoffel,0.4660931158133984,0.4660931158133984,0.0
2,1000,15,20300728,convex_hull,0.5678949001960383,0.5678949001960383,0.0
2,1000,15,20300728,packing,0.5178949001960382,0.5178949001960382,0.01780154161569958
2,1000,15,20300728,christoffel,0.4147918230412076,0.4147918230412076,0.0
2,1000,16,20300729,convex_hull,0.4076245271141357,0.4076245271141357,0.0
2,1000,16,20300729,packing,0.39432274016088914,0.39432274016088914,0.0007619551599411523
2,1000,16,20300729,christoffel,0.2756462270880331,0.2756462270880331,0.0
2,1000,17,20300730,convex_hull,0.45682414209012706,0.45682414209012706,0.0
2,1000,17,20300730,packing,0.4242086133769504,0.4242086133769504,0.018447374219957346
2,1000,17,20300730,christoffel,0.36013297178970405,0.36013297178970405,0.0
2,1000,18,20300731,convex_hull,0.4890452740983279,0.4890452740983279,0.0
2,1000,18,20300731,packing,0.4814313299598651,0.4814313299598651,0.0
2,1000,18,20300731,christoffel,0.4088145614291467,0.4088145614291467,0.0
2,1000,19,20300732,convex_hull,0.386447826254932,0.386447826254932,0.0
2,1000,19,20300732,packing,0.3839508785462414,0.3839508785462414,0.02322114527472463
2,1000,19,20300732,christoffel,0.32946263333375003,0.32946263333375003,0.0
2,1000,20,20300733,convex_hull,0.42208097686910284,0.42208097686910284,0.0
2,1000,20,20300733,packing,0.3824800847165778,0.3824800847165778,0.0
2,1000,20,20300733,christoffel,0.3601329717897042,0.3601329717897042,0.0
2,1000,21,20300734,convex_hull,0.544984068967199,0.544984068967199,0.0
2,1000,21,20300734,packing,0.5136385710533333,0.5136385710533333,0.0
2,1000,21,20300734,christoffel,0.4131111195417165,0.4131111195417165,0.0
2,1000,22,20300735,convex_hull,0.46349420881328357,0.46349420881328357,0.0
2,1000,22,20300735,packing,0.42370204514083515,0.42370204514083515,0.0
2,1000,22,20300735,christoffel,0.4131111195417165,0.4131111195417165,0.0
2,1000,23,20300736,convex_hull,0.45646445846253286,0.45646445846253286,0.0
2,1000,23,20300736,packing,0.407873315454862,0.407873315454862,0.0
2,1000,23,20300736,christoffel,0.36013297178970405,0.36013297178970405,0.0
2,1000,24,20300737,convex_hull,0.460577381672003,0.460577381672003,0.0
2,1000,24,20300737,packing,0.4553537742248836,0.4553537742248836,0.0
2,1000,24,20300737,christoffel,0.36013297178970405,0.36013297178970405,0.0
2,1000,25,20300738,convex_hull,0.590289785568306,0.590289785568306,0.0
2,1000,25,20300738,packing,0.5761222975924715,0.5761222975924715,0.0
2,1000,25,20300738,christoffel,0.5060755029210672,0.5060755029210672,0.0
2,1000,26,20300739,convex_hull,0.44189634665683963,0.44189634665683963,0.0
2,1000,26,20300739,packing,0.4448461083444835,0.4448461083444835,0.0
2,1000,26,20300739,christoffel,0.36013297178970405,0.36013297178970405,0.0
2,1000,27,20300740,convex_hull,0.46325589728943517,0.46325589728943517,0.0
2,1000,27,20300740,packing,0.44312116237667304,0.44312116237667304,0.0
2,1000,27,20300740,christoffel,0.3395978620628288,0.3395978620628288,0.0
2,1000,28,20300741,convex_hull,0.4550305765472273,0.4550305765472273,0.0
2,1000,28,20300741,packing,0.5211179102352775,0.5211179102352775,0.0
2,1000,28,20300741,christoffel,0.37186525852678715,0.37186525852678715,0.0
2,1000,29,20300742,convex_hull,0.48487267259455924,0.48487267259455924,0.0
2,1000,29,20300742,packing,0.5177648573653549,0.5177648573653549,0.0
2,1000,29,20300742,christoffel,0.4660931158133979,0.4660931158133979,0.0
2,1000,30,20300743,convex_hull,0.5749868994129012,0.5749868994129012,0.0
2,1000,30,20300743,packing,0.5249868994129011,0.5249868994129011,0.0
2,1000,30,20300743,christoffel,0.5218482541769671,0.5218482541769671,0.0
2,1000,31,20300744,convex_hull,0.5110644728363511,0.5110644728363511,0.0
2,1000,31,20300744,packing,0.4983035193350162,0.4983035193350162,0.0
2,1000,31,20300744,christoffel,0.4660931158133984,0.4660931158133984,0.0
2,1000,32,20300745,convex_hull,0.42956151953659455,0.42956151953659455,0.0
2,1000,32,20300745,packing,0.45723327114367546,0.45723327114367546,0.0
2,1000,32,20300745,christoffel,0.32079702757989736,0.32079702757989736,0.0
2,1000,33,20300746,convex_hull,0.6666484366375981,0.6666484366375981,0.0
2,1000,33,20300746,packing,0.616648436637598,0.616648436637598,0.0
2,1000,33,20300746,christoffel,0.5190777821569488,0.5190777821569488,0.0
2,1000,34,20300747,convex_hull,0.5157524187878325,0.5157524187878325,0.0
2,1000,34,20300747,packing,0.4657524187878325,0.4657524187878325,0.0
2,1000,34,20300747,christoffel,0.4131111195417165,0.4131111195417165,0.0
2,1000,35,20300748,convex_hull,0.5846417414705926,0.5846417414705926,0.0
2,1000,35,20300748,packing,0.58820077765218,0.58820077765218,0.0
2,1000,35,20300748,christoffel,0.4660931158133979,0.4660931158133979,0.0
2,1000,36,20300749,convex_hull,0.45562529445520933,0.45562529445520933,0.0
2,1000,36,20300749,packing,0.4838796745270803,0.4838796745270803,0.0
2,1000,36,20300749,christoffel,0.41311111954171725,0.41311111954171725,0.0
2,1000,37,20300750,convex_hull,0.5830655550695771,0.5830655550695771,0.0
2,1000,37,20300750,packing,0.5536207349322403,0.5536207349322403,0.0
2,1000,37,20300750,christoffel,0.4660931158133984,0.4660931158133984,0.0
2,1000,38,20300751,convex_hull,0.4619205056549729,0.4619205056549729,0.0
2,1000,38,20300751,packing,0.4354654165004825,0.4354654165004825,0.011116911435138155
2,1000,38,20300751,christoffel,0.41311111954171725,0.41311111954171725,0.0
2,1000,39,20300752,convex_hull,0.5302972411032741,0.5302972411032741,0.0
2,1000,39,20300752,packing,0.5204004374049193,0.5204004374049193,0.0
2,1000,39,20300752,christoffel,0.4660931158133979,0.4660931158133979,0.0
2,1000,40,20300753,convex_hull,0.559472428602499,0.559472428602499,0.0
2,1000,40,20300753,packing,0.5414354634539122,0.5414354634539122,0.0
2,1000,40,20300753,christoffel,0.4660931158133979,0.4660931158133979,0.0
2,1000,41,20300754,convex_hull,0.6085145677108748,0.6085145677108748,0.0
2,1000,41,20300754,packing,0.6127939773959852,0.6127939773959852,0.0
2,1000,41,20300754,christoffel,0.5190777821569488,0.5190777821569488,0.0
2,1000,42,20300755,convex_hull,0.40593320009116984,0.40593320009116984,0.0
2,1000,42,20300755,packing,0.5161308818698018,0.5161308818698018,0.0
2,1000,42,20300755,christoffel,0.3343085019022137,0.3343085019022137,0.0
2,1000,43,20300756,convex_hull,0.6350648168144946,0.6350648168144946,0.0
2,1000,43,20300756,packing,0.5853022130529085,0.5853022130529085,0.0
2,1000,43,20300756,christoffel,0.4660931158133979,0.4660931158133979,0.0
2,1000,44,20300757,convex_hull,0.5452609368768621,0.5452609368768621,0.0
2,1000,44,20300757,packing,0.505450501556701,0.505450501556701,0.0
2,1000,44,20300757,christoffel,0.4028613713471337,0.4028613713471337,0.0
2,1000,45,20300758,convex_hull,0.4117609484741808,0.4117609484741808,0.0
2,1000,45,20300758,packing,0.42783871888866776,0.42783871888866776,0.0
2,1000,45,20300758,christoffel,0.292624526444249,0.292624526444249,0.0
2,1000,46,20300759,convex_hull,0.5692798749500626,0.5692798749500626,0.0
2,1000,46,20300759,packing,0.585847641471854,0.585847641471854,0.0
2,1000,46,20300759,christoffel,0.4660931158133984,0.4660931158133984,0.0
2,1000,47,20300760,convex_hull,0.31217876840796344,0.31217876840796344,0.0
2,1000,47,20300760,packing,0.4806830251374216,0.4806830251374216,0.010121052182109014
2,1000,47,20300760,christoffel,0.23442064179801206,0.23442064179801206,0.0
2,1000,48,20300761,convex_hull,0.5339037254305056,0.5339037254305056,0.0
2,1000,48,20300761,packing,0.5304060812890063,0.5304060812890063,0.0
2,1000,48,20300761,christoffel,0.3914432461644191,0.3914432461644191,0.0
2,1000,49,20300762,convex_hull,0.49601899534095806,0.49601899534095806,0.0
2,1000,49,20300762,packing,0.49825650598592125,0.49825650598592125,0.0
2,1000,49,20300762,christoffel,0.3858852550131377,0.3858852550131377,0.0
4,1000,0,20300713,convex_hull,0.9484961529230899,0.9484961529230899,0.0
4,1000,0,20300713,packing,0.9529347668580044,0.9529347668580044,0.0
4,1000,0,20300713,christoffel,0.8306632443465288,0.8306632443465288,0.0
4,1000,1,20300714,convex_hull,0.8875428580943115,0.8875428580943115,0.0
4,1000,1,20300714,packing,0.8375428580943115,0.8375428580943115,0.0
4,1000,1,20300714,christoffel,0.8875428580943115,0.8875428580943115,0.0
4,1000,2,20300715,convex_hull,1.0074994172893137,1.0074994172893137,0.0
4,1000,2,20300715,packing,0.9596819138583637,0.9596819138583637,0.0
4,1000,2,20300715,christoffel,0.8370134548893284,0.8370134548893284,0.0
4,1000,3,20300716,convex_hull,0.8891856674130835,0.8891856674130835,0.0
4,1000,3,20300716,packing,0.8530627808942514,0.8530627808942514,0.0
4,1000,3,20300716,christoffel,0.7840757905792245,0.7840757905792245,0.0
4,1000,4,20300717,convex_hull,0.9657703279799599,0.9657703279799599,0.0
4,1000,4,20300717,packing,0.9392208630049759,0.9392208630049759,0.0
4,1000,4,20300717,christoffel,0.8370134548893279,0.8370134548893279,0.0
4,1000,5,20300718,convex_hull,0.9522394583191521,0.9522394583191521,0.0
4,1000,5,20300718,packing,0.963247736927102,0.963247736927102,0.0
4,1000,5,20300718,christoffel,0.8900051491935493,0.8900051491935493,0.0
4,1000,6,20300719,convex_hull,0.8001248521513318,0.8001248521513318,0.0
4,1000,6,20300719,packing,0.7501248521513317,0.7501248521513317,0.0
4,1000,6,20300719,christoffel,0.7310315364041121,0.7310315364041121,0.0
4,1000,7,20300720,convex_hull,0.7357575364220785,0.7357575364220785,0.0
4,1000,7,20300720,packing,0.6857575364220785,0.6857575364220785,0.0
4,1000,7,20300720,christoffel,0.6780415420121433,0.6780415420121433,0.0
4,1000,8,20300721,convex_hull,0.8396475962780673,0.8396475962780673,0.0
4,1000,8,20300721,packing,0.8076583797995488,0.8076583797995488,0.0
4,1000,8,20300721,christoffel,0.6780415420121438,0.6780415420121438,0.0
4,1000,9,20300722,convex_hull,0.8012418562634707,0.8012418562634707,0.0
4,1000,9,20300722,packing,0.7512418562634706,0.7512418562634706,0.0
4,1000,9,20300722,christoffel,0.7310315364041119,0.7310315364041119,0.0
4,1000,10,20300723,convex_hull,0.6477228504926102,0.6477228504926102,0.0
4,1000,10,20300723,packing,0.6323633147539721,0.6323633147539721,0.0
4,1000,10,20300723,christoffel,0.6250524089800462,0.6250524089800462,0.0
4,1000,11,20300724,convex_hull,0.9483156935338135,0.9483156935338135,0.0
4,1000,11,20300724,packing,0.9465071933872402,0.9465071933872402,0.0
4,1000,11,20300724,christoffel,0.8370134548893284,0.8370134548893284,0.0
4,1000,12,20300725,convex_hull,0.676311968713779,0.676311968713779,0.0
4,1000,12,20300725,packing,0.6263119687137789,0.6263119687137789,0.0
4,1000,12,20300725,christoffel,0.6250524089800462,0.6250524089800462,0.0
4,1000,13,20300726,convex_hull,0.8713816108677643,0.8713816108677643,0.0
4,1000,13,20300726,packing,0.8213816108677643,0.8213816108677643,0.0
4,1000,13,20300726,christoffel,0.7847131142934111,0.7847131142934111,0.0
4,1000,14,20300727,convex_hull,0.657617205413311,0.657617205413311,0.0
4,1000,14,20300727,packing,0.6248486783195444,0.6248486783195444,0.0
4,1000,14,20300727,christoffel,0.6266408603531262,0.6266408603531262,0.0
4,1000,15,20300728,convex_hull,0.8110570953041629,0.8110570953041629,0.0
4,1000,15,20300728,packing,0.7771064553585187,0.7771064553585187,0.0
4,1000,15,20300728,christoffel,0.6780415420121433,0.6780415420121433,0.0
4,1000,16,20300729,convex_hull,0.6222127315405446,0.6222127315405446,0.0
4,1000,16,20300729,packing,0.6638187165041989,0.6638187165041989,0.0
4,1000,16,20300729,christoffel,0.5720643766657875,0.5720643766657875,0.0
4,1000,17,20300730,convex_hull,0.9188294616777744,0.9188294616777744,0.0
4,1000,17,20300730,packing,0.8926289880029261,0.8926289880029261,0.0
4,1000,17,20300730,christoffel,0.784022217504843,0.784022217504843,0.0
4,1000,18,20300731,convex_hull,0.7457491852044275,0.7457491852044275,0.0
4,1000,18,20300731,packing,0.6957491852044274,0.6957491852044274,0.0
4,1000,18,20300731,christoffel,0.6780415420121433,0.6780415420121433,0.0
4,1000,19,20300732,convex_hull,0.9046378840892797,0.9046378840892797,0.0
4,1000,19,20300732,packing,0.8824060164609425,0.8824060164609425,0.0
4,1000,19,20300732,christoffel,0.8370134548893284,0.8370134548893284,0.0
4,1000,20,20300733,convex_hull,0.7694634891766756,0.7694634891766756,0.0
4,1000,20,20300733,packing,0.7194634891766756,0.7194634891766756,0.0
4,1000,20,20300733,christoffel,0.7694634891766756,0.7694634891766756,0.0
4,1000,21,20300734,convex_hull,0.9304017850016647,0.9304017850016647,0.0
4,1000,21,20300734,packing,0.8804017850016647,0.8804017850016647,0.0
4,1000,21,20300734,christoffel,0.8370134548893279,0.8370134548893279,0.0
4,1000,22,20300735,convex_hull,0.8295577701381969,0.8295577701381969,0.0
4,1000,22,20300735,packing,0.7795577701381968,0.7795577701381968,0.0
4,1000,22,20300735,christoffel,0.7310315364041119,0.7310315364041119,0.0
4,1000,23,20300736,convex_hull,1.0280499666361325,1.0280499666361325,0.0
4,1000,23,20300736,packing,0.9850309135877502,0.9850309135877502,0.0
4,1000,23,20300736,christoffel,0.8900051491935497,0.8900051491935497,0.0
4,1000,24,20300737,convex_hull,1.0094504374253876,1.0094504374253876,0.0
4,1000,24,20300737,packing,0.9594504374253876,0.9594504374253876,0.0
4,1000,24,20300737,christoffel,0.8370134548893279,0.8370134548893279,0.0
4,1000,25,20300738,convex_hull,0.9209621130092831,0.9209621130092831,0.0
4,1000,25,20300738,packing,0.8709621130092831,0.8709621130092831,0.0
4,1000,25,20300738,christoffel,0.8370134548893284,0.8370134548893284,0.0
4,1000,26,20300739,convex_hull,0.9465889920993856,0.9465889920993856,0.0
4,1000,26,20300739,packing,0.8977024842265288,0.8977024842265288,0.0
4,1000,26,20300739,christoffel,0.8394863326582758,0.8394863326582758,0.0
4,1000,27,20300740,convex_hull,0.8688477524562488,0.8688477524562488,0.0
4,1000,27,20300740,packing,0.8229097769587607,0.8229097769587607,0.0
4,1000,27,20300740,christoffel,0.7840222175048431,0.7840222175048431,0.0
4,1000,28,20300741,convex_hull,0.49737218792083504,0.49737218792083504,0.0
4,1000,28,20300741,packing,0.5820551707249634,0.5820551707249634,0.0
4,1000,28,20300741,christoffel,0.4406568837086767,0.4406568837086767,0.0
4,1000,29,20300742,convex_hull,0.8746665866564475,0.8746665866564475,0.0
4,1000,29,20300742,packing,0.8818568653182944,0.8818568653182944,0.0
4,1000,29,20300742,christoffel,0.7840222175048431,0.7840222175048431,0.0
4,1000,30,20300743,convex_hull,0.6296966222255392,0.6296966222255392,0.0
4,1000,30,20300743,packing,0.6502342722015213,0.6502342722015213,0.0
4,1000,30,20300743,christoffel,0.5778538987328408,0.5778538987328408,0.0
4,1000,31,20300744,convex_hull,0.9130229809739389,0.9130229809739389,0.0
4,1000,31,20300744,packing,0.8690124676645888,0.8690124676645888,0.0
4,1000,31,20300744,christoffel,0.7310972520911249,0.7310972520911249,0.0
4,1000,32,20300745,convex_hull,0.732205847237924,0.732205847237924,0.0
4,1000,32,20300745,packing,0.682205847237924,0.682205847237924,0.0
4,1000,32,20300745,christoffel,0.6818026369428875,0.6818026369428875,0.0
4,1000,33,20300746,convex_hull,0.9283335456616347,0.9283335456616347,0.0
4,1000,33,20300746,packing,0.9198261650477418,0.9198261650477418,0.0
4,1000,33,20300746,christoffel,0.7822780860151036,0.7822780860151036,0.0
4,1000,34,20300747,convex_hull,0.7394266253402112,0.7394266253402112,0.0
4,1000,34,20300747,packing,0.6894266253402112,0.6894266253402112,0.0
4,1000,34,20300747,christoffel,0.6780415420121438,0.6780415420121438,0.0
4,1000,35,20300748,convex_hull,0.8806855683993283,0.8806855683993283,0.0
4,1000,35,20300748,packing,0.8324700269245504,0.8324700269245504,0.0
4,1000,35,20300748,christoffel,0.7840757905792245,0.7840757905792245,0.0
4,1000,36,20300749,convex_hull,0.7192820122895693,0.7192820122895693,0.0
4,1000,36,20300749,packing,0.6890713976155685,0.6890713976155685,0.0
4,1000,36,20300749,christoffel,0.6251611888741493,0.6251611888741493,0.0
4,1000,37,20300750,convex_hull,0.7103110848666743,0.7103110848666743,0.0
4,1000,37,20300750,packing,0.6804719114158935,0.6804719114158935,0.0
4,1000,37,20300750,christoffel,0.6013482427115494,0.6013482427115494,0.0
4,1000,38,20300751,convex_hull,0.751675929498051,0.751675929498051,0.0
4,1000,38,20300751,packing,0.7323569365545869,0.7323569365545869,0.0
4,1000,38,20300751,christoffel,0.6818026369428873,0.6818026369428873,0.0
4,1000,39,20300752,convex_hull,0.8504784827838162,0.8504784827838162,0.0
4,1000,39,20300752,packing,0.8004784827838162,0.8004784827838162,0.0
4,1000,39,20300752,christoffel,0.7310315364041121,0.7310315364041121,0.0
4,1000,40,20300753,convex_hull,0.9807976854816245,0.9807976854816245,0.0
4,1000,40,20300753,packing,0.9522473915367102,0.9522473915367102,0.0
4,1000,40,20300753,christoffel,0.8370134548893279,0.8370134548893279,0.0
4,1000,41,20300754,convex_hull,0.9747618206280381,0.9747618206280381,0.0
4,1000,41,20300754,packing,0.9294747574470944,0.9294747574470944,0.0
4,1000,41,20300754,christoffel,0.7840222175048431,0.7840222175048431,0.0
4,1000,42,20300755,convex_hull,0.9031056812785928,0.9031056812785928,0.0
4,1000,42,20300755,packing,0.8531056812785928,0.8531056812785928,0.0
4,1000,42,20300755,christoffel,0.7310315364041119,0.7310315364041119,0.0
4,1000,43,20300756,convex_hull,0.8505313254845811,0.8505313254845811,0.0
4,1000,43,20300756,packing,0.8005313254845811,0.8005313254845811,0.0
4,1000,43,20300756,christoffel,0.8370134548893279,0.8370134548893279,0.0
4,1000,44,20300757,convex_hull,0.9239922827711737,0.9239922827711737,0.0
4,1000,44,20300757,packing,0.9021971332674813,0.9021971332674813,0.0
4,1000,44,20300757,christoffel,0.8370134548893284,0.8370134548893284,0.0
4,1000,45,20300758,convex_hull,0.6767946200839218,0.6767946200839218,0.0
4,1000,45,20300758,packing,0.6538772691380494,0.6538772691380494,0.0
4,1000,45,20300758,christoffel,0.6251611888741481,0.6251611888741481,0.0
4,1000,46,20300759,convex_hull,0.7882660524041031,0.7882660524041031,0.0
4,1000,46,20300759,packing,0.7785126918477913,0.7785126918477913,0.0
4,1000,46,20300759,christoffel,0.6780415420121433,0.6780415420121433,0.0
4,1000,47,20300760,convex_hull,0.7507171206922754,0.7507171206922754,0.0
4,1000,47,20300760,packing,0.7007171206922753,0.7007171206922753,0.0
4,1000,47,20300760,christoffel,0.6780415420121433,0.6780415420121433,0.0
4,1000,48,20300761,convex_hull,0.7782020583346523,0.7782020583346523,0.0
4,1000,48,20300761,packing,0.7282020583346522,0.7282020583346522,0.0
4,1000,48,20300761,christoffel,0.7310315364041119,0.7310315364041119,0.0
4,1000,49,20300762,convex_hull,0.8097799172024752,0.8097799172024752,0.0
4,1000,49,20300762,packing,0.7881936113134443,0.7881936113134443,0.0
4,1000,49,20300762,christoffel,0.7262106751078737,0.7262106751078737,0.0
0,3000,0,20310713,convex_hull,0.050729220643908814,0.050729220643908814,0.0
0,3000,0,20310713,packing,0.078512192478997,0.078512192478997,0.04952912411803495
0,3000,0,20310713,christoffel,0.04314615708616706,0.04314615708616706,0.03703498959205177
0,3000,1,20310714,convex_hull,0.03556987801044978,0.03556987801044978,0.0
0,3000,1,20310714,packing,0.08361628574270909,0.08361628574270909,0.04845285595541804
0,3000,1,20310714,christoffel,0.04669750535518528,0.04669750535518528,0.03751743078440074
0,3000,2,20310715,convex_hull,0.06843542638601267,0.06843542638601267,0.0
0,3000,2,20310715,packing,0.08667341901399918,0.08667341901399918,0.049579811142859406
0,3000,2,20310715,christoffel,0.0577498986353255,0.0577498986353255,0.02562561587329097
0,3000,3,20310716,convex_hull,0.03633510863572307,0.03633510863572307,0.0
0,3000,3,20310716,packing,0.11168841802234829,0.11168841802234829,0.04990968062768142
0,3000,3,20310716,christoffel,0.03621396544768868,0.03621396544768868,0.02893450926363878
0,3000,4,20310717,convex_hull,0.04074721585483777,0.04074721585483777,0.0
0,3000,4,20310717,packing,0.07259708273347346,0.07259708273347346,0.049415502642340736
0,3000,4,20310717,christoffel,0.04669750535518464,0.04669750535518464,0.024578088643181003
0,3000,5,20310718,convex_hull,0.024040133365028984,0.024040133365028984,0.0
0,3000,5,20310718,packing,0.05633121260117459,0.05633121260117459,0.04940196050313528
0,3000,5,20310718,christoffel,0.04104459679240234,0.04104459679240234,0.02088634268857657
0,3000,6,20310719,convex_hull,0.0536185001636269,0.0536185001636269,0.0
0,3000,6,20310719,packing,0.09151559013763848,0.09151559013763848,0.049986488248007
0,3000,6,20310719,christoffel,0.0452869941136154,0.0452869941136154,0.016158316071926433
0,3000,7,20310720,convex_hull,0.03799013737479475,0.03799013737479475,0.0
0,3000,7,20310720,packing,0.06817841262718397,0.06817841262718397,0.04974195563068712
0,3000,7,20310720,christoffel,0.04669750535518464,0.04669750535518464,0.02562561587329097
0,3000,8,20310721,convex_hull,0.033098247882061255,0.033098247882061255,0.0
0,3000,8,20310721,packing,0.06134299897192266,0.06134299897192266,0.049890541247684383
0,3000,8,20310721,christoffel,0.0514126529781553,0.0514126529781553,0.031187375122138362
0,3000,9,20310722,convex_hull,0.04615929405320095,0.04615929405320095,0.0
0,3000,9,20310722,packing,0.06672873104447062,0.06672873104447062,0.0497190695861478
0,3000,9,20310722,christoffel,0.04528699411361535,0.04528699411361535,0.023709067035944532
0,3000,10,20310723,convex_hull,0.04866242561328071,0.04866242561328071,0.0
0,3000,10,20310723,packing,0.08016707242854194,0.08016707242854194,0.049240567618018205
0,3000,10,20310723,christoffel,0.046697505355185284,0.046697505355185284,0.037517430784402096
0,3000,11,20310724,convex_hull,0.04019469113963307,0.04019469113963307,0.0
0,3000,11,20310724,packing,0.0632915106418047,0.0632915106418047,0.04990482589156664
0,3000,11,20310724,christoffel,0.043146157086167675,0.043146157086167675,0.02088634268857705
0,3000,12,20310725,convex_hull,0.052693901802627806,0.052693901802627806,0.0
0,3000,12,20310725,packing,0.0716603896237832,0.0716603896237832,0.04976487026389442
0,3000,12,20310725,christoffel,0.04314615708616706,0.04314615708616706,0.02562561587329097
0,3000,13,20310726,convex_hull,0.030879302805193423,0.030879302805193423,0.0
0,3000,13,20310726,packing,0.0575786631754288,0.0575786631754288,0.049566274039510194
0,3000,13,20310726,christoffel,0.03751743078440074,0.03389933741534476,0.03751743078440074
0,3000,14,20310727,convex_hull,0.03372137926592979,0.03372137926592979,0.0
0,3000,14,20310727,packing,0.07279735718194381,0.07279735718194381,0.04911174041340344
0,3000,14,20310727,christoffel,0.039047107359235826,0.039047107359235826,0.024578088643181145
0,3000,15,20310728,convex_hull,0.04238193515232414,0.04238193515232414,0.0
0,3000,15,20310728,packing,0.06220664305532486,0.06220664305532486,0.049173744782675666
0,3000,15,20310728,christoffel,0.04528699411361535,0.04528699411361535,0.03828243110441574
0,3000,16,20310729,convex_hull,0.04285819685505731,0.04285819685505731,0.0
0,3000,16,20310729,packing,0.08054150432940198,0.08054150432940198,0.04976631670653864
0,3000,16,20310729,christoffel,0.042532687917489875,0.042532687917489875,0.035727575325743284
0,3000,17,20310730,convex_hull,0.04887773280031135,0.04887773280031135,0.0
0,3000,17,20310730,packing,0.0709820140138791,0.0709820140138791,0.049063842876780006
0,3000,17,20310730,christoffel,0.055029594949005604,0.03615820465692598,0.055029594949005604
0,3000,18,20310731,convex_hull,0.03818212431663511,0.03818212431663511,0.0
0,3000,18,20310731,packing,0.07472623662007116,0.07472623662007116,0.049265829739684186
0,3000,18,20310731,christoffel,0.04281532976588758,0.04281532976588758,0.03058024747470034
0,3000,19,20310732,convex_hull,0.052552570224392095,0.052552570224392095,0.0
0,3000,19,20310732,packing,0.07440997101159683,0.07440997101159683,0.04943905758465261
0,3000,19,20310732,christoffel,0.03895489932733376,0.03895489932733376,0.018061584170299825
0,3000,20,20310733,convex_hull,0.035605776227763335,0.035605776227763335,0.0
0,3000,20,20310733,packing,0.05482777394118438,0.05482777394118438,0.049913335812824755
0,3000,20,20310733,christoffel,0.03615820465692598,0.03615820465692598,0.03337667913481273
0,3000,21,20310734,convex_hull,0.05263328608249484,0.05263328608249484,0.0
0,3000,21,20310734,packing,0.07529910443368533,0.07529910443368533,0.04961126228000712
0,3000,21,20310734,christoffel,0.043146157086167675,0.043146157086167675,0.025625615873292325
0,3000,22,20310735,convex_hull,0.04504707042501505,0.04504707042501505,0.0
0,3000,22,20310735,packing,0.06293070865528519,0.06293070865528519,0.04932592496578092
0,3000,22,20310735,christoffel,0.039130342583662665,0.03706872140110819,0.039130342583662665
0,3000,23,20310736,convex_hull,0.04857587610563598,0.04857587610563598,0.0
0,3000,23,20310736,packing,0.060622133375086595,0.060622133375086595,0.04969680188560721
0,3000,23,20310736,christoffel,0.04399448003069089,0.04314615708616706,0.04399448003069089
0,3000,24,20310737,convex_hull,0.04482203614486274,0.04482203614486274,0.0
0,3000,24,20310737,packing,0.08095012060309935,0.08095012060309935,0.04972153270604096
0,3000,24,20310737,christoffel,0.03279943240470049,0.0311802618061487,0.03279943240470049
0,3000,25,20310738,convex_hull,0.0393448269399056,0.0393448269399056,0.0
0,3000,25,20310738,packing,0.057181721116181694,0.057181721116181694,0.04929338056661797
0,3000,25,20310738,christoffel,0.04528699411361535,0.04528699411361535,0.02562561587329097
0,3000,26,20310739,convex_hull,0.04423634482169175,0.04423634482169175,0.0
0,3000,26,20310739,packing,0.0835068110144526,0.0835068110144526,0.04997318530117161
0,3000,26,20310739,christoffel,0.04314615708616706,0.04314615708616706,0.031187375122138362
0,3000,27,20310740,convex_hull,0.04227702244509271,0.04227702244509271,0.0
0,3000,27,20310740,packing,0.06232891598778839,0.06232891598778839,0.04987522460176086
0,3000,27,20310740,christoffel,0.04386159061236317,0.04386159061236317,0.03751743078440074
0,3000,28,20310741,convex_hull,0.0345324882595648,0.0345324882595648,0.0
0,3000,28,20310741,packing,0.07006754913943042,0.07006754913943042,0.04990368349867569
0,3000,28,20310741,christoffel,0.04104459679240244,0.04104459679240244,0.03751743078440074
0,3000,29,20310742,convex_hull,0.023064400879800603,0.023064400879800603,0.0
0,3000,29,20310742,packing,0.056912224168336176,0.056912224168336176,0.04974577867786639
0,3000,29,20310742,christoffel,0.03351138347447025,0.03351138347447025,0.03337667913481273
0,3000,30,20310743,convex_hull,0.04903826996255886,0.04903826996255886,0.0
0,3000,30,20310743,packing,0.09392350078894994,0.09392350078894994,0.04992328046471961
0,3000,30,20310743,christoffel,0.043146157086167675,0.043146157086167675,0.02443207883880394
0,3000,31,20310744,convex_hull,0.07081721543502653,0.07081721543502653,0.0
0,3000,31,20310744,packing,0.06658280944390058,0.06658280944390058,0.04998370729570245
0,3000,31,20310744,christoffel,0.04314615708616706,0.04314615708616706,0.03751743078440074
0,3000,32,20310745,convex_hull,0.02797911226799193,0.02797911226799193,0.0
0,3000,32,20310745,packing,0.06434061626231692,0.06434061626231692,0.049682371061160246
0,3000,32,20310745,christoffel,0.04528699411361522,0.04528699411361522,0.024578088643181003
0,3000,33,20310746,convex_hull,0.04212752251849506,0.04212752251849506,0.0
0,3000,33,20310746,packing,0.0653773113892527,0.0653773113892527,0.04942191081155922
0,3000,33,20310746,christoffel,0.051412652978155345,0.051412652978155345,0.031380483423208295
0,3000,34,20310747,convex_hull,0.04707861128691472,0.04707861128691472,0.0
0,3000,34,20310747,packing,0.0679061499627775,0.0679061499627775,0.04968802977484321
0,3000,34,20310747,christoffel,0.041377921692158176,0.041377921692158176,0.024578088643181003
0,3000,35,20310748,convex_hull,0.049222629113391855,0.049222629113391855,0.0
0,3000,35,20310748,packing,0.07086488980297381,0.07086488980297381,0.049075739448024014
0,3000,35,20310748,christoffel,0.05502959494900558,0.03232419093261614,0.05502959494900558
0,3000,36,20310749,convex_hull,0.03327735708345335,0.03327735708345335,0.0
0,3000,36,20310749,packing,0.06541169045392507,0.06541169045392507,0.049597457272973544
0,3000,36,20310749,christoffel,0.043146157086167675,0.043146157086167675,0.023596637134869453
0,3000,37,20310750,convex_hull,0.039467252528241924,0.039467252528241924,0.0
0,3000,37,20310750,packing,0.09233325824692408,0.09233325824692408,0.04992999394900943
0,3000,37,20310750,christoffel,0.04978383124923212,0.04528699411361522,0.04978383124923212
0,3000,38,20310751,convex_hull,0.0342424819487921,0.0342424819487921,0.0
0,3000,38,20310751,packing,0.06020911195076402,0.06020911195076402,0.04898975918100623
0,3000,38,20310751,christoffel,0.04253268791748987,0.04253268791748987,0.03279943240470049
0,3000,39,20310752,convex_hull,0.030287453851998988,0.030287453851998988,0.0
0,3000,39,20310752,packing,0.07300710115413106,0.07300710115413106,0.049992571640546934
0,3000,39,20310752,christoffel,0.043146157086167675,0.043146157086167675,0.025625615873292325
0,3000,40,20310753,convex_hull,0.034681792631157456,0.034681792631157456,0.0
0,3000,40,20310753,packing,0.08179051668651018,0.08179051668651018,0.04989566768031373
0,3000,40,20310753,christoffel,0.04528699411361535,0.04528699411361535,0.02443207883880394
0,3000,41,20310754,convex_hull,0.04956269328131438,0.04956269328131438,0.0
0,3000,41,20310754,packing,0.07179528675051991,0.07179528675051991,0.04956412200913518
0,3000,41,20310754,christoffel,0.043146157086167675,0.043146157086167675,0.024432078838803627
0,3000,42,20310755,convex_hull,0.030295559048647076,0.030295559048647076,0.0
0,3000,42,20310755,packing,0.08159747732579999,0.08159747732579999,0.04981209127883712
0,3000,42,20310755,christoffel,0.04207157632795117,0.04207157632795117,0.015255476712893627
0,3000,43,20310756,convex_hull,0.044135629788208175,0.044135629788208175,0.0
0,3000,43,20310756,packing,0.07185411624063961,0.07185411624063961,0.04961458927051332
0,3000,43,20310756,christoffel,0.05141265297815537,0.05141265297815537,0.04525509053123258
0,3000,44,20310757,convex_hull,0.04190585329968224,0.04190585329968224,0.0
0,3000,44,20310757,packing,0.07816499959212019,0.07816499959212019,0.04939426215909215
0,3000,44,20310757,christoffel,0.043146157086167675,0.043146157086167675,0.01663793097212805
0,3000,45,20310758,convex_hull,0.047070532365287,0.047070532365287,0.0
0,3000,45,20310758,packing,0.07720528979421949,0.07720528979421949,0.04937911702998843
0,3000,45,20310758,christoffel,0.05141265297815483,0.05141265297815483,0.02912944315509829
0,3000,46,20310759,convex_hull,0.04459520956629169,0.04459520956629169,0.0
0,3000,46,20310759,packing,0.07166293062038577,0.07166293062038577,0.04957108552533929
0,3000,46,20310759,christoffel,0.041665579198307635,0.041665579198307635,0.031187375122138362
0,3000,47,20310760,convex_hull,0.04531266142787401,0.04531266142787401,0.0
0,3000,47,20310760,packing,0.06181117768151437,0.06181117768151437,0.049806532484374944
0,3000,47,20310760,christoffel,0.03895489932733444,0.03895489932733444,0.024578088643181145
0,3000,48,20310761,convex_hull,0.046702741035115056,0.046702741035115056,0.0
0,3000,48,20310761,packing,0.0722685474766351,0.0722685474766351,0.04921861984956322
0,3000,48,20310761,christoffel,0.043146157086167675,0.043146157086167675,0.01702113309022853
0,3000,49,20310762,convex_hull,0.03139519072381537,0.03139519072381537,0.0
0,3000,49,20310762,packing,0.06510467215374066,0.06510467215374066,0.049979344680392224
0,3000,49,20310762,christoffel,0.041665579198308704,0.041665579198308704,0.037517430784402096
2,3000,0,20310713,convex_hull,0.295232318175019,0.295232318175019,0.0
2,3000,0,20310713,packing,0.3186452432462785,0.3186452432462785,0.002080354064396106
2,3000,0,20310713,christoffel,0.245736323382889,0.245736323382889,0.0
2,3000,1,20310714,convex_hull,0.30673543654056423,0.30673543654056423,0.0
2,3000,1,20310714,packing,0.3322260898368367,0.3322260898368367,0.0
2,3000,1,20310714,christoffel,0.2518684345810418,0.2518684345810418,0.0
2,3000,2,20310715,convex_hull,0.40002019470288575,0.40002019470288575,0.0
2,3000,2,20310715,packing,0.3831591358938098,0.3831591358938098,0.0
2,3000,2,20310715,christoffel,0.2541978468326227,0.2541978468326227,0.0
2,3000,3,20310716,convex_hull,0.3129352312532537,0.3129352312532537,0.0
2,3000,3,20310716,packing,0.3586751321567879,0.3586751321567879,0.0
2,3000,3,20310716,christoffel,0.2012520136980645,0.2012520136980645,0.0
2,3000,4,20310717,convex_hull,0.281461393669416,0.281461393669416,0.0
2,3000,4,20310717,packing,0.2603630578757419,0.2603630578757419,0.002321608457349411
2,3000,4,20310717,christoffel,0.25419784683262214,0.25419784683262214,0.0
2,3000,5,20310718,convex_hull,0.4112345460635469,0.4112345460635469,0.0
2,3000,5,20310718,packing,0.36575261510577034,0.36575261510577034,0.0032671183029533424
2,3000,5,20310718,christoffel,0.3071606639071167,0.3071606639071167,0.0
2,3000,6,20310719,convex_hull,0.30738777685291424,0.30738777685291424,0.0
2,3000,6,20310719,packing,0.3365278585402715,0.3365278585402715,0.007593933208927539
2,3000,6,20310719,christoffel,0.25419784683262214,0.25419784683262214,0.0
2,3000,7,20310720,convex_hull,0.24282754117821426,0.24282754117821426,0.0
2,3000,7,20310720,packing,0.2965896104268513,0.2965896104268513,0.0
2,3000,7,20310720,christoffel,0.1759296009241543,0.1759296009241543,0.0
2,3000,8,20310721,convex_hull,0.36108497449955734,0.36108497449955734,0.0
2,3000,8,20310721,packing,0.36518335322800477,0.36518335322800477,0.0
2,3000,8,20310721,christoffel,0.3071606639071167,0.3071606639071167,0.0
2,3000,9,20310722,convex_hull,0.4019058794982441,0.4019058794982441,0.0
2,3000,9,20310722,packing,0.4350550546872103,0.4350550546872103,0.017052747486527298
2,3000,9,20310722,christoffel,0.25419784683262214,0.25419784683262214,0.0
2,3000,10,20310723,convex_hull,0.30418881463583586,0.30418881463583586,0.0
2,3000,10,20310723,packing,0.3290722037334377,0.3290722037334377,0.0
2,3000,10,20310723,christoffel,0.271293539099076,0.271293539099076,0.0
2,3000,11,20310724,convex_hull,0.3449752547844951,0.3449752547844951,0.0
2,3000,11,20310724,packing,0.35210602754812276,0.35210602754812276,0.021490582728155738
2,3000,11,20310724,christoffel,0.25419784683262214,0.25419784683262214,0.0
2,3000,12,20310725,convex_hull,0.2679903424307628,0.2679903424307628,0.0
2,3000,12,20310725,packing,0.31005175222942627,0.31005175222942627,0.0
2,3000,12,20310725,christoffel,0.14834135128619733,0.14834135128619733,0.0
2,3000,13,20310726,convex_hull,0.40980842056283184,0.40980842056283184,0.0
2,3000,13,20310726,packing,0.3847508400550417,0.3847508400550417,0.0
2,3000,13,20310726,christoffel,0.31352503122400205,0.31352503122400205,0.0
2,3000,14,20310727,convex_hull,0.3483825057646633,0.3483825057646633,0.0
2,3000,14,20310727,packing,0.35375068146288424,0.35375068146288424,0.012776012072719611
2,3000,14,20310727,christoffel,0.26744795931124393,0.26744795931124393,0.0
2,3000,15,20310728,convex_hull,0.3382493749609778,0.3382493749609778,0.0
2,3000,15,20310728,packing,0.29932910641694715,0.29932910641694715,0.007393495202205003
2,3000,15,20310728,christoffel,0.1951159607126408,0.1951159607126408,0.006173331345568603
2,3000,16,20310729,convex_hull,0.2749564637160482,0.2749564637160482,0.0
2,3000,16,20310729,packing,0.28506708492963156,0.28506708492963156,0.0
2,3000,16,20310729,christoffel,0.2012520136980645,0.2012520136980645,0.0
2,3000,17,20310730,convex_hull,0.4253958114929468,0.4253958114929468,0.0
2,3000,17,20310730,packing,0.38827489180590063,0.38827489180590063,0.001083491314683549
2,3000,17,20310730,christoffel,0.3071606639071164,0.3071606639071164,0.0
2,3000,18,20310731,convex_hull,0.2996791298898459,0.2996791298898459,0.0
2,3000,18,20310731,packing,0.27646559717966174,0.27646559717966174,0.0
2,3000,18,20310731,christoffel,0.20125201369806528,0.20125201369806528,0.0
2,3000,19,20310732,convex_hull,0.36560154144543316,0.36560154144543316,0.0
2,3000,19,20310732,packing,0.4002984516278424,0.4002984516278424,0.023662012181827174
2,3000,19,20310732,christoffel,0.25419784683262214,0.25419784683262214,0.012222019140403719
2,3000,20,20310733,convex_hull,0.3787859390010914,0.3787859390010914,0.0
2,3000,20,20310733,packing,0.35461261883378725,0.35461261883378725,0.0
2,3000,20,20310733,christoffel,0.2541978468326227,0.2541978468326227,0.0
2,3000,21,20310734,convex_hull,0.4704409785363716,0.4704409785363716,0.0
2,3000,21,20310734,packing,0.465728979300626,0.465728979300626,0.0
2,3000,21,20310734,christoffel,0.3071606639071164,0.3071606639071164,0.0
2,3000,22,20310735,convex_hull,0.3212102072070304,0.3212102072070304,0.0
2,3000,22,20310735,packing,0.30931839802119326,0.30931839802119326,0.004682581065502955
2,3000,22,20310735,christoffel,0.2012520136980645,0.2012520136980645,0.0
2,3000,23,20310736,convex_hull,0.3473286147744513,0.3473286147744513,0.0
2,3000,23,20310736,packing,0.3107033387737934,0.3107033387737934,0.0031970197527799726
2,3000,23,20310736,christoffel,0.3071606639071167,0.3071606639071167,0.0
2,3000,24,20310737,convex_hull,0.29766647171410243,0.29766647171410243,0.0
2,3000,24,20310737,packing,0.35039746419111184,0.35039746419111184,0.0
2,3000,24,20310737,christoffel,0.274963919116942,0.274963919116942,0.0
2,3000,25,20310738,convex_hull,0.3780414093385468,0.3780414093385468,0.0
2,3000,25,20310738,packing,0.37070219809890076,0.37070219809890076,0.0
2,3000,25,20310738,christoffel,0.2541978468326227,0.2541978468326227,0.0
2,3000,26,20310739,convex_hull,0.31588279041485307,0.31588279041485307,0.0
2,3000,26,20310739,packing,0.30578575645076866,0.30578575645076866,0.0
2,3000,26,20310739,christoffel,0.20125201369806528,0.20125201369806528,0.0
2,3000,27,20310740,convex_hull,0.32393519580286945,0.32393519580286945,0.0
2,3000,27,20310740,packing,0.3558858258938444,0.3558858258938444,0.01070665038598323
2,3000,27,20310740,christoffel,0.2059338820246909,0.2059338820246909,0.0
2,3000,28,20310741,convex_hull,0.5012156320428931,0.5012156320428931,0.0
2,3000,28,20310741,packing,0.46048692366607086,0.46048692366607086,0.0
2,3000,28,20310741,christoffel,0.3071606639071167,0.3071606639071167,0.0
2,3000,29,20310742,convex_hull,0.4005781586379361,0.4005781586379361,0.0
2,3000,29,20310742,packing,0.362868510871844,0.362868510871844,0.0
2,3000,29,20310742,christoffel,0.3071606639071164,0.3071606639071164,0.0
2,3000,30,20310743,convex_hull,0.3369412102941599,0.3369412102941599,0.0
2,3000,30,20310743,packing,0.3170625592228409,0.3170625592228409,0.009781252786007166
2,3000,30,20310743,christoffel,0.3071606639071164,0.3071606639071164,0.0
2,3000,31,20310744,convex_hull,0.2559587733063219,0.2559587733063219,0.0
2,3000,31,20310744,packing,0.2916695904651344,0.2916695904651344,0.011307555682051107
2,3000,31,20310744,christoffel,0.16202378955556024,0.16202378955556024,0.0
2,3000,32,20310745,convex_hull,0.3527816151761238,0.3527816151761238,0.0
2,3000,32,20310745,packing,0.3505762233763089,0.3505762233763089,0.044822051763807824
2,3000,32,20310745,christoffel,0.2012520136980645,0.2012520136980645,0.010923523265718408
2,3000,33,20310746,convex_hull,0.28897688776434727,0.28897688776434727,0.0
2,3000,33,20310746,packing,0.31566162646624724,0.31566162646624724,0.0
2,3000,33,20310746,christoffel,0.2541978468326227,0.2541978468326227,0.0
2,3000,34,20310747,convex_hull,0.35790897598318033,0.35790897598318033,0.0
2,3000,34,20310747,packing,0.35567836522843593,0.35567836522843593,0.008065333638291983
2,3000,34,20310747,christoffel,0.2012520136980645,0.2012520136980645,0.0
2,3000,35,20310748,convex_hull,0.31504781455448544,0.31504781455448544,0.0
2,3000,35,20310748,packing,0.36769802862452294,0.36769802862452294,0.013357953313246962
2,3000,35,20310748,christoffel,0.14834135128619733,0.14834135128619733,0.0
2,3000,36,20310749,convex_hull,0.3551553010696032,0.3551553010696032,0.0
2,3000,36,20310749,packing,0.3833988480453788,0.3833988480453788,0.0006065791340381654
2,3000,36,20310749,christoffel,0.2012520136980645,0.2012520136980645,0.0
2,3000,37,20310750,convex_hull,0.3423070120613222,0.3423070120613222,0.0
2,3000,37,20310750,packing,0.3130150908131751,0.3130150908131751,0.0
2,3000,37,20310750,christoffel,0.2541978468326227,0.2541978468326227,0.0
2,3000,38,20310751,convex_hull,0.29610674219355976,0.29610674219355976,0.0
2,3000,38,20310751,packing,0.34254287073134304,0.34254287073134304,0.020905112565761552
2,3000,38,20310751,christoffel,0.2012520136980645,0.2012520136980645,0.0004246331801999446
2,3000,39,20310752,convex_hull,0.337483565152553,0.337483565152553,0.0
2,3000,39,20310752,packing,0.3302052542517442,0.3302052542517442,0.02785302110514154
2,3000,39,20310752,christoffel,0.2012520136980645,0.2012520136980645,0.0
2,3000,40,20310753,convex_hull,0.3772700527414639,0.3772700527414639,0.0
2,3000,40,20310753,packing,0.36645343177096046,0.36645343177096046,0.0
2,3000,40,20310753,christoffel,0.3071606639071164,0.3071606639071164,0.0
2,3000,41,20310754,convex_hull,0.3289262841662638,0.3289262841662638,0.0
2,3000,41,20310754,packing,0.31332606234803506,0.31332606234803506,0.0
2,3000,41,20310754,christoffel,0.20125201369806528,0.20125201369806528,0.0
2,3000,42,20310755,convex_hull,0.44103673028449536,0.44103673028449536,0.0
2,3000,42,20310755,packing,0.4966249656383171,0.4966249656383171,0.008662327631903999
2,3000,42,20310755,christoffel,0.3071606639071167,0.3071606639071167,0.00042463318020004493
2,3000,43,20310756,convex_hull,0.40372710167548737,0.40372710167548737,0.0
2,3000,43,20310756,packing,0.3845369985164144,0.3845369985164144,0.0
2,3000,43,20310756,christoffel,0.3068853911850655,0.3068853911850655,0.0
2,3000,44,20310757,convex_hull,0.3894756789763653,0.3894756789763653,0.0
2,3000,44,20310757,packing,0.3877271680249178,0.3877271680249178,0.004443504767936091
2,3000,44,20310757,christoffel,0.3071606639071167,0.3071606639071167,0.0
2,3000,45,20310758,convex_hull,0.437738951803757,0.437738951803757,0.0
2,3000,45,20310758,packing,0.44197003260049056,0.44197003260049056,0.006393912736349039
2,3000,45,20310758,christoffel,0.3071606639071164,0.3071606639071164,0.0
2,3000,46,20310759,convex_hull,0.32232191048331543,0.32232191048331543,0.0
2,3000,46,20310759,packing,0.3494232937985822,0.3494232937985822,0.0
2,3000,46,20310759,christoffel,0.2541978468326227,0.2541978468326227,0.0
2,3000,47,20310760,convex_hull,0.2863394244666562,0.2863394244666562,0.0
2,3000,47,20310760,packing,0.35253021519061184,0.35253021519061184,0.0
2,3000,47,20310760,christoffel,0.21430759638199048,0.21430759638199048,0.0
2,3000,48,20310761,convex_hull,0.3251943291646955,0.3251943291646955,0.0
2,3000,48,20310761,packing,0.32045198232350885,0.32045198232350885,0.006089555036385086
2,3000,48,20310761,christoffel,0.2541978468326227,0.2541978468326227,0.0
2,3000,49,20310762,convex_hull,0.31245625655465536,0.31245625655465536,0.0
2,3000,49,20310762,packing,0.32259512300266946,0.32259512300266946,0.0
2,3000,49,20310762,christoffel,0.2541978468326227,0.2541978468326227,0.0
4,3000,0,20310713,convex_hull,0.683525225893689,0.683525225893689,0.0
4,3000,0,20310713,packing,0.6375987713416668,0.6375987713416668,0.0
4,3000,0,20310713,christoffel,0.5722141630889522,0.5722141630889522,0.0
4,3000,1,20310714,convex_hull,0.6487574373550304,0.6487574373550304,0.0
4,3000,1,20310714,packing,0.6075389566436087,0.6075389566436087,0.0
4,3000,1,20310714,christoffel,0.5720643766657875,0.5720643766657875,0.0
4,3000,2,20310715,convex_hull,0.73036100637198,0.73036100637198,0.0
4,3000,2,20310715,packing,0.7180412911924167,0.7180412911924167,0.0
4,3000,2,20310715,christoffel,0.5720643766657876,0.5720643766657876,0.0
4,3000,3,20310716,convex_hull,0.68852182377819,0.68852182377819,0.0
4,3000,3,20310716,packing,0.6396669112497153,0.6396669112497153,0.0
4,3000,3,20310716,christoffel,0.5190777821569491,0.5190777821569491,0.0
4,3000,4,20310717,convex_hull,0.5970721187409812,0.5970721187409812,0.0
4,3000,4,20310717,packing,0.5481147091064902,0.5481147091064902,0.0
4,3000,4,20310717,christoffel,0.5720643766657876,0.5720643766657876,0.0
4,3000,5,20310718,convex_hull,0.7962925932915675,0.7962925932915675,0.0
4,3000,5,20310718,packing,0.757222185789162,0.757222185789162,0.0
4,3000,5,20310718,christoffel,0.6400938189991546,0.6400938189991546,0.0
4,3000,6,20310719,convex_hull,0.6781610276420112,0.6781610276420112,0.0
4,3000,6,20310719,packing,0.6281610276420112,0.6281610276420112,0.0
4,3000,6,20310719,christoffel,0.5720643766657875,0.5720643766657875,0.0
4,3000,7,20310720,convex_hull,0.7180534346284579,0.7180534346284579,0.0
4,3000,7,20310720,packing,0.6792827963565974,0.6792827963565974,0.0
4,3000,7,20310720,christoffel,0.5720643766657876,0.5720643766657876,0.0
4,3000,8,20310721,convex_hull,0.6008348157552668,0.6008348157552668,0.0
4,3000,8,20310721,packing,0.5626374684358902,0.5626374684358902,0.0
4,3000,8,20310721,christoffel,0.4660931158133984,0.4660931158133984,0.0
4,3000,9,20310722,convex_hull,0.6930154448146985,0.6930154448146985,0.0
4,3000,9,20310722,packing,0.6430154448146984,0.6430154448146984,0.0
4,3000,9,20310722,christoffel,0.5720643766657875,0.5720643766657875,0.0
4,3000,10,20310723,convex_hull,0.8581425910121708,0.8581425910121708,0.0
4,3000,10,20310723,packing,0.8081425910121708,0.8081425910121708,0.0
4,3000,10,20310723,christoffel,0.6250524089800454,0.6250524089800454,0.0
4,3000,11,20310724,convex_hull,0.6571012839181989,0.6571012839181989,0.0
4,3000,11,20310724,packing,0.6136165334250284,0.6136165334250284,0.0
4,3000,11,20310724,christoffel,0.5446055673769522,0.5446055673769522,0.0
4,3000,12,20310725,convex_hull,0.7444523363739465,0.7444523363739465,0.0
4,3000,12,20310725,packing,0.7528223913333851,0.7528223913333851,0.0
4,3000,12,20310725,christoffel,0.6251611888741493,0.6251611888741493,0.0
4,3000,13,20310726,convex_hull,0.4204291811594106,0.4204291811594106,0.0
4,3000,13,20310726,packing,0.44922229397926455,0.44922229397926455,0.0
4,3000,13,20310726,christoffel,0.35698712448836967,0.35698712448836967,0.0
4,3000,14,20310727,convex_hull,0.6555420286544704,0.6555420286544704,0.0
4,3000,14,20310727,packing,0.6213249306632318,0.6213249306632318,0.0
4,3000,14,20310727,christoffel,0.5193009999351273,0.5193009999351273,0.0
4,3000,15,20310728,convex_hull,0.703826938430342,0.703826938430342,0.0
4,3000,15,20310728,packing,0.6584309921318047,0.6584309921318047,0.0
4,3000,15,20310728,christoffel,0.5720643766657876,0.5720643766657876,0.0
4,3000,16,20310729,convex_hull,0.5910511952710588,0.5910511952710588,0.0
4,3000,16,20310729,packing,0.586584759005764,0.586584759005764,0.0
4,3000,16,20310729,christoffel,0.5190777821569491,0.5190777821569491,0.0
4,3000,17,20310730,convex_hull,0.8076425027893692,0.8076425027893692,0.0
4,3000,17,20310730,packing,0.7582504055743147,0.7582504055743147,0.0
4,3000,17,20310730,christoffel,0.6250524089800462,0.6250524089800462,0.0
4,3000,18,20310731,convex_hull,0.8818749878182319,0.8818749878182319,0.0
4,3000,18,20310731,packing,0.8347188174337151,0.8347188174337151,0.0
4,3000,18,20310731,christoffel,0.7310315364041119,0.7310315364041119,0.0
4,3000,19,20310732,convex_hull,0.8553805799377253,0.8553805799377253,0.0
4,3000,19,20310732,packing,0.8053913595163181,0.8053913595163181,0.0
4,3000,19,20310732,christoffel,0.7310315364041119,0.7310315364041119,0.0
4,3000,20,20310733,convex_hull,0.709994520210952,0.709994520210952,0.0
4,3000,20,20310733,packing,0.6682536083672227,0.6682536083672227,0.0
4,3000,20,20310733,christoffel,0.6250524089800462,0.6250524089800462,0.0
4,3000,21,20310734,convex_hull,0.7501697763008821,0.7501697763008821,0.0
4,3000,21,20310734,packing,0.7276717925675065,0.7276717925675065,0.0
4,3000,21,20310734,christoffel,0.5720643766657876,0.5720643766657876,0.0
4,3000,22,20310735,convex_hull,0.6241213021792534,0.6241213021792534,0.0
4,3000,22,20310735,packing,0.5741213021792534,0.5741213021792534,0.0
4,3000,22,20310735,christoffel,0.6130016816597718,0.6130016816597718,0.0
4,3000,23,20310736,convex_hull,0.7269086821600185,0.7269086821600185,0.0
4,3000,23,20310736,packing,0.6769086821600184,0.6769086821600184,0.0
4,3000,23,20310736,christoffel,0.6250524089800462,0.6250524089800462,0.0
4,3000,24,20310737,convex_hull,0.6685235734107023,0.6685235734107023,0.0
4,3000,24,20310737,packing,0.618651209361649,0.618651209361649,0.0
4,3000,24,20310737,christoffel,0.5218482541769675,0.5218482541769675,0.0
4,3000,25,20310738,convex_hull,0.7605258143450043,0.7605258143450043,0.0
4,3000,25,20310738,packing,0.7105258143450043,0.7105258143450043,0.0
4,3000,25,20310738,christoffel,0.5720643766657876,0.5720643766657876,0.0
4,3000,26,20310739,convex_hull,0.8111035889101643,0.8111035889101643,0.0
4,3000,26,20310739,packing,0.7611035889101643,0.7611035889101643,0.0
4,3000,26,20310739,christoffel,0.6296071150490612,0.6296071150490612,0.0
4,3000,27,20310740,convex_hull,0.4282752323088764,0.4282752323088764,0.0
4,3000,27,20310740,packing,0.48859463229680505,0.48859463229680505,0.0
4,3000,27,20310740,christoffel,0.3207970275798975,0.3207970275798975,0.0
4,3000,28,20310741,convex_hull,0.8756547174305387,0.8756547174305387,0.0
4,3000,28,20310741,packing,0.8266489914679076,0.8266489914679076,0.0
4,3000,28,20310741,christoffel,0.7310315364041121,0.7310315364041121,0.0
4,3000,29,20310742,convex_hull,0.8612234583265546,0.8612234583265546,0.0
4,3000,29,20310742,packing,0.8260995603613435,0.8260995603613435,0.0
4,3000,29,20310742,christoffel,0.6250524089800462,0.6250524089800462,0.0
4,3000,30,20310743,convex_hull,0.7045738647999211,0.7045738647999211,0.0
4,3000,30,20310743,packing,0.6825891185615675,0.6825891185615675,0.0
4,3000,30,20310743,christoffel,0.6400938189991546,0.6400938189991546,0.0
4,3000,31,20310744,convex_hull,0.6982167765602113,0.6982167765602113,0.0
4,3000,31,20310744,packing,0.6929514058689347,0.6929514058689347,0.0
4,3000,31,20310744,christoffel,0.5582055588797693,0.5582055588797693,0.0
4,3000,32,20310745,convex_hull,0.7101880320338213,0.7101880320338213,0.0
4,3000,32,20310745,packing,0.6737222628918418,0.6737222628918418,0.0
4,3000,32,20310745,christoffel,0.5720643766657876,0.5720643766657876,0.0
4,3000,33,20310746,convex_hull,0.7370686056325382,0.7370686056325382,0.0
4,3000,33,20310746,packing,0.7037019012386676,0.7037019012386676,0.0
4,3000,33,20310746,christoffel,0.6250524089800462,0.6250524089800462,0.0
4,3000,34,20310747,convex_hull,0.7360647370817163,0.7360647370817163,0.0
4,3000,34,20310747,packing,0.6860647370817162,0.6860647370817162,0.0
4,3000,34,20310747,christoffel,0.5720643766657876,0.5720643766657876,0.0
4,3000,35,20310748,convex_hull,0.6805130979149479,0.6805130979149479,0.0
4,3000,35,20310748,packing,0.6627245062549193,0.6627245062549193,0.0
4,3000,35,20310748,christoffel,0.5190777821569488,0.5190777821569488,0.0
4,3000,36,20310749,convex_hull,0.7495522713483027,0.7495522713483027,0.0
4,3000,36,20310749,packing,0.6995522713483027,0.6995522713483027,0.0
4,3000,36,20310749,christoffel,0.6250524089800454,0.6250524089800454,0.0
4,3000,37,20310750,convex_hull,0.722390647797334,0.722390647797334,0.0
4,3000,37,20310750,packing,0.6752899757376399,0.6752899757376399,0.0
4,3000,37,20310750,christoffel,0.6250524089800462,0.6250524089800462,0.0
4,3000,38,20310751,convex_hull,0.7341161751371542,0.7341161751371542,0.0
4,3000,38,20310751,packing,0.7064539601641113,0.7064539601641113,0.0
4,3000,38,20310751,christoffel,0.5720643766657876,0.5720643766657876,0.0
4,3000,39,20310752,convex_hull,0.7426971483454526,0.7426971483454526,0.0
4,3000,39,20310752,packing,0.7101779992697952,0.7101779992697952,0.0
4,3000,39,20310752,christoffel,0.5720643766657876,0.5720643766657876,0.0
4,3000,40,20310753,convex_hull,0.6527230557900846,0.6527230557900846,0.0
4,3000,40,20310753,packing,0.6054051821015446,0.6054051821015446,0.0
4,3000,40,20310753,christoffel,0.6250524089800462,0.6250524089800462,0.0
4,3000,41,20310754,convex_hull,0.789550677291255,0.789550677291255,0.0
4,3000,41,20310754,packing,0.7458063874529776,0.7458063874529776,0.0
4,3000,41,20310754,christoffel,0.6250524089800454,0.6250524089800454,0.0
4,3000,42,20310755,convex_hull,0.6975745224687727,0.6975745224687727,0.0
4,3000,42,20310755,packing,0.6614234080921567,0.6614234080921567,0.0
4,3000,42,20310755,christoffel,0.5720643766657875,0.5720643766657875,0.0
4,3000,43,20310756,convex_hull,0.8042104103441874,0.8042104103441874,0.0
4,3000,43,20310756,packing,0.7542104103441873,0.7542104103441873,0.0
4,3000,43,20310756,christoffel,0.6250524089800454,0.6250524089800454,0.0
4,3000,44,20310757,convex_hull,0.6993630117653165,0.6993630117653165,0.0
4,3000,44,20310757,packing,0.6905508529764998,0.6905508529764998,0.0
4,3000,44,20310757,christoffel,0.5190777821569491,0.5190777821569491,0.0
4,3000,45,20310758,convex_hull,0.6900659491608792,0.6900659491608792,0.0
4,3000,45,20310758,packing,0.6696144154770199,0.6696144154770199,0.0
4,3000,45,20310758,christoffel,0.500622730845273,0.500622730845273,0.0
4,3000,46,20310759,convex_hull,0.6100834728542804,0.6100834728542804,0.0
4,3000,46,20310759,packing,0.5600834728542804,0.5600834728542804,0.0
4,3000,46,20310759,christoffel,0.5720643766657875,0.5720643766657875,0.0
4,3000,47,20310760,convex_hull,0.6656128913467705,0.6656128913467705,0.0
4,3000,47,20310760,packing,0.6173347419529803,0.6173347419529803,0.0
4,3000,47,20310760,christoffel,0.6190137169092864,0.6190137169092864,0.0
4,3000,48,20310761,convex_hull,0.7247614213641238,0.7247614213641238,0.0
4,3000,48,20310761,packing,0.6747614213641238,0.6747614213641238,0.0
4,3000,48,20310761,christoffel,0.6780415420121433,0.6780415420121433,0.0
4,3000,49,20310762,convex_hull,0.6661744246394677,0.6661744246394677,0.0
4,3000,49,20310762,packing,0.6292962260875198,0.6292962260875198,0.0
4,3000,49,20310762,christoffel,0.5720643766657875,0.5720643766657875,0.0
0,10000,0,20320713,convex_hull,0.019045094550599908,0.019045094550599908,0.0
0,10000,0,20320713,packing,0.049769872848307806,0.030495696412181555,0.049769872848307806
0,10000,0,20320713,christoffel,0.037278466221106456,0.037278466221106456,0.014076318536028856
0,10000,1,20320714,convex_hull,0.0166730898264762,0.0166730898264762,0.0
0,10000,1,20320714,packing,0.04961967768922726,0.03113058899005372,0.04961967768922726
0,10000,1,20320714,christoffel,0.038595110714833326,0.038595110714833326,0.016637930972128175
0,10000,2,20320715,convex_hull,0.016117490240914276,0.016117490240914276,0.0
0,10000,2,20320715,packing,0.049773871793759916,0.030874474096496296,0.049773871793759916
0,10000,2,20320715,christoffel,0.036965998189727685,0.036965998189727685,0.0166379309721278
0,10000,3,20320716,convex_hull,0.01750144568511304,0.01750144568511304,0.0
0,10000,3,20320716,packing,0.049800157954877466,0.03876196160858297,0.049800157954877466
0,10000,3,20320716,christoffel,0.04314615708616706,0.04314615708616706,0.02088634268857657
0,10000,4,20320717,convex_hull,0.022203309250379163,0.022203309250379163,0.0
0,10000,4,20320717,packing,0.049743614064998165,0.02766015005707821,0.049743614064998165
0,10000,4,20320717,christoffel,0.03277682533412152,0.03277682533412152,0.02088634268857705
0,10000,5,20320718,convex_hull,0.022179191699745568,0.022179191699745568,0.0
0,10000,5,20320718,packing,0.04980917094652204,0.0246347183016854,0.04980917094652204
0,10000,5,20320718,christoffel,0.04253268791748987,0.04253268791748987,0.018061584170299825
0,10000,6,20320719,convex_hull,0.017212805255117425,0.017212805255117425,0.0
0,10000,6,20320719,packing,0.049914761832147825,0.03462327894148347,0.049914761832147825
0,10000,6,20320719,christoffel,0.034400357574845386,0.034400357574845386,0.013868929215800333
0,10000,7,20320720,convex_hull,0.013431194631578906,0.013431194631578906,0.0
0,10000,7,20320720,packing,0.049953630527034165,0.045506725582335844,0.049953630527034165
0,10000,7,20320720,christoffel,0.038595110714833326,0.038595110714833326,0.006173331345568603
0,10000,8,20320721,convex_hull,0.01885470323802278,0.01885470323802278,0.0
0,10000,8,20320721,packing,0.04962427026740174,0.034999993845970134,0.04962427026740174
0,10000,8,20320721,christoffel,0.03977430424338351,0.03977430424338351,0.02088634268857657
0,10000,9,20320722,convex_hull,0.02191138564519628,0.02191138564519628,0.0
0,10000,9,20320722,packing,0.04974714594251117,0.02876269027382085,0.04974714594251117
0,10000,9,20320722,christoffel,0.0375486983706045,0.0375486983706045,0.01092352326571851
0,10000,10,20320723,convex_hull,0.018932476472723118,0.018932476472723118,0.0
0,10000,10,20320723,packing,0.04978513912589477,0.035698270577797286,0.04978513912589477
0,10000,10,20320723,christoffel,0.04220145180355117,0.04220145180355117,0.017021133090228076
0,10000,11,20320724,convex_hull,0.015023663873340996,0.015023663873340996,0.0
0,10000,11,20320724,packing,0.049937336191957726,0.03323031062435376,0.049937336191957726
0,10000,11,20320724,christoffel,0.038954899327333994,0.038954899327333994,0.018061584170299825
0,10000,12,20320725,convex_hull,0.02355876696950929,0.02355876696950929,0.0
0,10000,12,20320725,packing,0.04990904329667972,0.03514258041237853,0.04990904329667972
0,10000,12,20320725,christoffel,0.03859001765698125,0.03859001765698125,0.023596637134869453
0,10000,13,20320726,convex_hull,0.024497079978972887,0.024497079978972887,0.0
0,10000,13,20320726,packing,0.0498968785408731,0.021311328232387572,0.0498968785408731
0,10000,13,20320726,christoffel,0.04186522449818904,0.04186522449818904,0.023596637134869654
0,10000,14,20320727,convex_hull,0.018964867363933224,0.018964867363933224,0.0
0,10000,14,20320727,packing,0.049935799470729125,0.033666383744806516,0.049935799470729125
0,10000,14,20320727,christoffel,0.03934126698728811,0.03934126698728811,0.013868929215800638
0,10000,15,20320728,convex_hull,0.018633487477015934,0.018633487477015934,0.0
0,10000,15,20320728,packing,0.04982347082673311,0.0313183121770802,0.04982347082673311
0,10000,15,20320728,christoffel,0.03859001765698125,0.03859001765698125,0.019097831794491926
0,10000,16,20320729,convex_hull,0.015767327714741233,0.015767327714741233,0.0
0,10000,16,20320729,packing,0.049904962829936395,0.026133978038815966,0.049904962829936395
0,10000,16,20320729,christoffel,0.04253268791748926,0.04253268791748926,0.014076318536028856
0,10000,17,20320730,convex_hull,0.022313999566128985,0.022313999566128985,0.0
0,10000,17,20320730,packing,0.04958365026455791,0.023543884614373872,0.04958365026455791
0,10000,17,20320730,christoffel,0.038595110714833326,0.038595110714833326,0.014076318536030193
0,10000,18,20320731,convex_hull,0.01919096557979647,0.01919096557979647,0.0
0,10000,18,20320731,packing,0.04990451192905354,0.029380255134425035,0.04990451192905354
0,10000,18,20320731,christoffel,0.0400624751397975,0.0400624751397975,0.013400995499125025
0,10000,19,20320732,convex_hull,0.01893634862539747,0.01893634862539747,0.0
0,10000,19,20320732,packing,0.04970061489427968,0.03121281144882962,0.04970061489427968
0,10000,19,20320732,christoffel,0.03516109577228689,0.03516109577228689,0.013868929215800638
0,10000,20,20320733,convex_hull,0.016224962457109485,0.016224962457109485,0.0
0,10000,20,20320733,packing,0.04990500089633776,0.03812803364975022,0.04990500089633776
0,10000,20,20320733,christoffel,0.04137710312703367,0.04137710312703367,0.01628759189653783
0,10000,21,20320734,convex_hull,0.015935381613885472,0.015935381613885472,0.0
0,10000,21,20320734,packing,0.04995011202990485,0.02442770251834321,0.04995011202990485
0,10000,21,20320734,christoffel,0.04314615708616706,0.04314615708616706,0.017021133090228076
0,10000,22,20320735,convex_hull,0.018872394638535035,0.018872394638535035,0.0
0,10000,22,20320735,packing,0.049915127351333854,0.044360978845044016,0.049915127351333854
0,10000,22,20320735,christoffel,0.03872519483378006,0.03872519483378006,0.017021133090228076
0,10000,23,20320736,convex_hull,0.014345488781602586,0.014345488781602586,0.0
0,10000,23,20320736,packing,0.04968055821358036,0.03726120761941773,0.04968055821358036
0,10000,23,20320736,christoffel,0.034905029751627736,0.034905029751627736,0.024578088643181145
0,10000,24,20320737,convex_hull,0.022217335900956568,0.022217335900956568,0.0
0,10000,24,20320737,packing,0.04992730898131936,0.0379472546754987,0.04992730898131936
0,10000,24,20320737,christoffel,0.03887542769676504,0.03887542769676504,0.014076318536030193
0,10000,25,20320738,convex_hull,0.012981877606055087,0.012981877606055087,0.0
0,10000,25,20320738,packing,0.04949262025521378,0.03134863536188194,0.04949262025521378
0,10000,25,20320738,christoffel,0.0425326879174892,0.0425326879174892,0.013868929215800638
0,10000,26,20320739,convex_hull,0.024108546051454516,0.024108546051454516,0.0
0,10000,26,20320739,packing,0.04964706617677517,0.03808508782183634,0.04964706617677517
0,10000,26,20320739,christoffel,0.04012109743251922,0.04012109743251922,0.0166379309721278
0,10000,27,20320740,convex_hull,0.01296334783767114,0.01296334783767114,0.0
0,10000,27,20320740,packing,0.049854800525031884,0.03321955963880194,0.049854800525031884
0,10000,27,20320740,christoffel,0.03977430424338354,0.03977430424338354,0.024578088643181003
0,10000,28,20320741,convex_hull,0.017108745837060176,0.017108745837060176,0.0
0,10000,28,20320741,packing,0.049865139344304366,0.03026725432372336,0.049865139344304366
0,10000,28,20320741,christoffel,0.03706872140110932,0.03706872140110932,0.019097831794491926
0,10000,29,20320742,convex_hull,0.01958564546231672,0.01958564546231672,0.0
0,10000,29,20320742,packing,0.0494187227577636,0.0336900007455099,0.0494187227577636
0,10000,29,20320742,christoffel,0.03706872140110819,0.03706872140110819,0.013868929215800638
0,10000,30,20320743,convex_hull,0.013472654531550454,0.013472654531550454,0.0
0,10000,30,20320743,packing,0.04988959648814628,0.03910546506304412,0.04988959648814628
0,10000,30,20320743,christoffel,0.03490502975162884,0.03490502975162884,0.02321635052465665
0,10000,31,20320744,convex_hull,0.024446069224440974,0.024446069224440974,0.0
0,10000,31,20320744,packing,0.049835818684434985,0.029440403781117494,0.049835818684434985
0,10000,31,20320744,christoffel,0.04314615708616706,0.04314615708616706,0.0232163505246558
0,10000,32,20320745,convex_hull,0.025663510373731498,0.025663510373731498,0.0
0,10000,32,20320745,packing,0.049592892733426375,0.04161948527083599,0.049592892733426375
0,10000,32,20320745,christoffel,0.0385900176569812,0.0385900176569812,0.018061584170299825
0,10000,33,20320746,convex_hull,0.0200455918798837,0.0200455918798837,0.0
0,10000,33,20320746,packing,0.04960846696608212,0.027297657559960692,0.04960846696608212
0,10000,33,20320746,christoffel,0.042532687917489875,0.042532687917489875,0.013868929215800435
0,10000,34,20320747,convex_hull,0.014298382760357855,0.014298382760357855,0.0
0,10000,34,20320747,packing,0.049736922063136735,0.02853040263856249,0.049736922063136735
0,10000,34,20320747,christoffel,0.04104459679240244,0.04104459679240244,0.0166379309721278
0,10000,35,20320748,convex_hull,0.013977394570164666,0.013977394570164666,0.0
0,10000,35,20320748,packing,0.049909413596488705,0.027791183625413746,0.049909413596488705
0,10000,35,20320748,christoffel,0.038614045645391754,0.038614045645391754,0.009140262949423958
0,10000,36,20320749,convex_hull,0.01623164159384555,0.01623164159384555,0.0
0,10000,36,20320749,packing,0.04996675927970662,0.0410436405230411,0.04996675927970662
0,10000,36,20320749,christoffel,0.03789364503983667,0.03789364503983667,0.013868929215800435
0,10000,37,20320750,convex_hull,0.01784379641724174,0.01784379641724174,0.0
0,10000,37,20320750,packing,0.04986147007000247,0.03299297492244613,0.04986147007000247
0,10000,37,20320750,christoffel,0.03232419093261614,0.03232419093261614,0.025625615873292325
0,10000,38,20320751,convex_hull,0.02806080858740642,0.02806080858740642,0.0
0,10000,38,20320751,packing,0.049851422410524204,0.029481645233352935,0.049851422410524204
0,10000,38,20320751,christoffel,0.04314615708616706,0.04314615708616706,0.0166379309721278
0,10000,39,20320752,convex_hull,0.018987604504105485,0.018987604504105485,0.0
0,10000,39,20320752,packing,0.04949890428198034,0.03756808518476687,0.04949890428198034
0,10000,39,20320752,christoffel,0.03887542769676503,0.03887542769676503,0.015255476712894116
0,10000,40,20320753,convex_hull,0.016234484186237314,0.016234484186237314,0.0
0,10000,40,20320753,packing,0.04956620013484603,0.0336268205109502,0.04956620013484603
0,10000,40,20320753,christoffel,0.03705600885576262,0.03705600885576262,0.018061584170299825
0,10000,41,20320754,convex_hull,0.016794413880153434,0.016794413880153434,0.0
0,10000,41,20320754,packing,0.04973684310177562,0.040332349666239525,0.04973684310177562
0,10000,41,20320754,christoffel,0.04200441334573062,0.04200441334573062,0.0166379309721278
0,10000,42,20320755,convex_hull,0.03543690292341163,0.03543690292341163,0.0
0,10000,42,20320755,packing,0.049687135218109954,0.032414650473908305,0.049687135218109954
0,10000,42,20320755,christoffel,0.04314615708616706,0.04314615708616706,0.015255476712893732
0,10000,43,20320756,convex_hull,0.022346244930949662,0.022346244930949662,0.0
0,10000,43,20320756,packing,0.04999386626168212,0.03166031838415831,0.04999386626168212
0,10000,43,20320756,christoffel,0.04198893781871181,0.04198893781871181,0.019097831794491926
0,10000,44,20320757,convex_hull,0.025239813629716196,0.025239813629716196,0.0
0,10000,44,20320757,packing,0.049733389586994026,0.0352521401444265,0.049733389586994026
0,10000,44,20320757,christoffel,0.04104459679240234,0.04104459679240234,0.01663793097212805
0,10000,45,20320758,convex_hull,0.027331223061911457,0.027331223061911457,0.0
0,10000,45,20320758,packing,0.049604351368387256,0.040457913915992044,0.049604351368387256
0,10000,45,20320758,christoffel,0.036973291996975036,0.036973291996975036,0.02088634268857657
0,10000,46,20320759,convex_hull,0.012006817934207662,0.012006817934207662,0.0
0,10000,46,20320759,packing,0.04998131565772401,0.02925804793426219,0.04998131565772401
0,10000,46,20320759,christoffel,0.03816620977783258,0.03816620977783258,0.018061584170299825
0,10000,47,20320760,convex_hull,0.01887796062195813,0.01887796062195813,0.0
0,10000,47,20320760,packing,0.04966749271891402,0.032457433360059296,0.04966749271891402
0,10000,47,20320760,christoffel,0.041044596792403396,0.041044596792403396,0.018061584170299825
0,10000,48,20320761,convex_hull,0.019925427445887472,0.019925427445887472,0.0
0,10000,48,20320761,packing,0.04981182340386603,0.031725654262407824,0.04981182340386603
0,10000,48,20320761,christoffel,0.043146157086167675,0.043146157086167675,0.016287591896537737
0,10000,49,20320762,convex_hull,0.018394335054516233,0.018394335054516233,0.0
0,10000,49,20320762,packing,0.049806156530552315,0.027834464645784568,0.049806156530552315
0,10000,49,20320762,christoffel,0.04035185166444743,0.04035185166444743,0.01663793097212805
2,10000,0,20320713,convex_hull,0.18581062743856874,0.18581062743856874,0.0
2,10000,0,20320713,packing,0.2160364099959316,0.2160364099959316,0.010038655646072092
2,10000,0,20320713,christoffel,0.14834135128619733,0.14834135128619733,0.0
2,10000,1,20320714,convex_hull,0.3050950335181705,0.3050950335181705,0.0
2,10000,1,20320714,packing,0.2640920702538703,0.2640920702538703,0.03291161091591688
2,10000,1,20320714,christoffel,0.14834135128619733,0.14834135128619733,0.02893450926363878
2,10000,2,20320715,convex_hull,0.20548895425314528,0.20548895425314528,0.0
2,10000,2,20320715,packing,0.24304806165038972,0.24304806165038972,0.03685176116501632
2,10000,2,20320715,christoffel,0.11123483032845154,0.11123483032845154,0.0
2,10000,3,20320716,convex_hull,0.31741695110354534,0.31741695110354534,0.0
2,10000,3,20320716,packing,0.2809445558009177,0.2809445558009177,0.006113907508539906
2,10000,3,20320716,christoffel,0.2012520136980645,0.2012520136980645,0.0
2,10000,4,20320717,convex_hull,0.35735763985786584,0.35735763985786584,0.0
2,10000,4,20320717,packing,0.31422013931154164,0.31422013931154164,0.01944706849605149
2,10000,4,20320717,christoffel,0.16909633538423885,0.16909633538423885,0.01909783179449197
2,10000,5,20320718,convex_hull,0.23284144315333902,0.23284144315333902,0.0
2,10000,5,20320718,packing,0.21244355352315408,0.21244355352315408,0.014633839575901586
2,10000,5,20320718,christoffel,0.14834135128619733,0.14834135128619733,0.0
2,10000,6,20320719,convex_hull,0.2257410578123544,0.2257410578123544,0.0
2,10000,6,20320719,packing,0.20289729718017846,0.20289729718017846,0.025795748268550023
2,10000,6,20320719,christoffel,0.14834135128619733,0.14834135128619733,0.010172702771266333
2,10000,7,20320720,convex_hull,0.22815495001195296,0.22815495001195296,0.0
2,10000,7,20320720,packing,0.22665457817557527,0.22665457817557527,0.016319475800284255
2,10000,7,20320720,christoffel,0.13004412988302116,0.13004412988302116,0.0
2,10000,8,20320721,convex_hull,0.28401918230745543,0.28401918230745543,0.0
2,10000,8,20320721,packing,0.27953790354949454,0.27953790354949454,0.012086644868966101
2,10000,8,20320721,christoffel,0.25419784683262214,0.25419784683262214,0.0
2,10000,9,20320722,convex_hull,0.18722089555604043,0.18722089555604043,0.0
2,10000,9,20320722,packing,0.24575753230497288,0.24575753230497288,0.020354947568182125
2,10000,9,20320722,christoffel,0.14807618759367816,0.14807618759367816,0.023596637134869654
2,10000,10,20320723,convex_hull,0.3496653886297405,0.3496653886297405,0.0
2,10000,10,20320723,packing,0.3161336448248837,0.3161336448248837,0.008736868041500756
2,10000,10,20320723,christoffel,0.2012520136980645,0.2012520136980645,0.0
2,10000,11,20320724,convex_hull,0.23521514135986138,0.23521514135986138,0.0
2,10000,11,20320724,packing,0.2406624964053019,0.2406624964053019,0.006838244828925533
2,10000,11,20320724,christoffel,0.2012520136980645,0.2012520136980645,0.0
2,10000,12,20320725,convex_hull,0.2696162418830985,0.2696162418830985,0.0
2,10000,12,20320725,packing,0.2453797653662168,0.2453797653662168,0.02224953895565296
2,10000,12,20320725,christoffel,0.16909633538423868,0.16909633538423868,0.0
2,10000,13,20320726,convex_hull,0.2219129480108876,0.2219129480108876,0.0
2,10000,13,20320726,packing,0.23552580723114325,0.23552580723114325,0.017929983110967385
2,10000,13,20320726,christoffel,0.16068340312854765,0.16068340312854765,0.0
2,10000,14,20320727,convex_hull,0.18256706294890726,0.18256706294890726,0.0
2,10000,14,20320727,packing,0.23167191018935845,0.23167191018935845,0.023422166283084352
2,10000,14,20320727,christoffel,0.10405606805271382,0.10405606805271382,0.004892487529059445
2,10000,15,20320728,convex_hull,0.2508624222562256,0.2508624222562256,0.0
2,10000,15,20320728,packing,0.26051886266206187,0.26051886266206187,0.003557559188294035
2,10000,15,20320728,christoffel,0.20125201369806528,0.20125201369806528,0.0
2,10000,16,20320729,convex_hull,0.2719349080773691,0.2719349080773691,0.0
2,10000,16,20320729,packing,0.26767325927667224,0.26767325927667224,0.025242652244265695
2,10000,16,20320729,christoffel,0.14834135128619733,0.14834135128619733,0.0
2,10000,17,20320730,convex_hull,0.20262355426380466,0.20262355426380466,0.0
2,10000,17,20320730,packing,0.2412721866656537,0.2412721866656537,0.026156501833353385
2,10000,17,20320730,christoffel,0.12448660567782377,0.12448660567782377,0.0
2,10000,18,20320731,convex_hull,0.2564563074992438,0.2564563074992438,0.0
2,10000,18,20320731,packing,0.22323716443877878,0.22323716443877878,0.012402856819424879
2,10000,18,20320731,christoffel,0.18240532788618313,0.18240532788618313,0.0
2,10000,19,20320732,convex_hull,0.23186305554574854,0.23186305554574854,0.0
2,10000,19,20320732,packing,0.2536834317222217,0.2536834317222217,0.024403908110658845
2,10000,19,20320732,christoffel,0.1483413512861971,0.1483413512861971,0.0
2,10000,20,20320733,convex_hull,0.24342018362897982,0.24342018362897982,0.0
2,10000,20,20320733,packing,0.24405535132883294,0.24405535132883294,0.0065635492467046586
2,10000,20,20320733,christoffel,0.16202378955556057,0.16202378955556057,0.0
2,10000,21,20320734,convex_hull,0.26122465719070537,0.26122465719070537,0.0
2,10000,21,20320734,packing,0.24092690785455512,0.24092690785455512,0.015452794046188156
2,10000,21,20320734,christoffel,0.16909633538423885,0.16909633538423885,0.0
2,10000,22,20320735,convex_hull,0.258803240947437,0.258803240947437,0.0
2,10000,22,20320735,packing,0.27489720850390453,0.27489720850390453,0.0443651100820146
2,10000,22,20320735,christoffel,0.1483413512861971,0.1483413512861971,0.018061584170299825
2,10000,23,20320736,convex_hull,0.3007755263760772,0.3007755263760772,0.0
2,10000,23,20320736,packing,0.28332789100314487,0.28332789100314487,0.023254190853941314
2,10000,23,20320736,christoffel,0.20125201369806528,0.20125201369806528,0.0
2,10000,24,20320737,convex_hull,0.33263703276611595,0.33263703276611595,0.0
2,10000,24,20320737,packing,0.35861991577197727,0.35861991577197727,0.03350699753929731
2,10000,24,20320737,christoffel,0.16909633538423904,0.16909633538423904,0.0061733313455689
2,10000,25,20320738,convex_hull,0.25790942205347533,0.25790942205347533,0.0
2,10000,25,20320738,packing,0.27993973015645024,0.27993973015645024,0.019695322288815098
2,10000,25,20320738,christoffel,0.17592960092415508,0.17592960092415508,0.0
2,10000,26,20320739,convex_hull,0.32507629761336176,0.32507629761336176,0.0
2,10000,26,20320739,packing,0.313932845186006,0.313932845186006,0.004767552332147096
2,10000,26,20320739,christoffel,0.20125201369806528,0.20125201369806528,0.0
2,10000,27,20320740,convex_hull,0.2401285590870715,0.2401285590870715,0.0
2,10000,27,20320740,packing,0.2510609073772074,0.2510609073772074,0.03894295532921199
2,10000,27,20320740,christoffel,0.10405606805271428,0.10405606805271428,0.013868929215800638
2,10000,28,20320741,convex_hull,0.17199311442262905,0.17199311442262905,0.0
2,10000,28,20320741,packing,0.20928380809278552,0.20928380809278552,0.028331766565945937
2,10000,28,20320741,christoffel,0.11817345523414605,0.11817345523414605,0.00042463318020004493
2,10000,29,20320742,convex_hull,0.16561721290160455,0.16561721290160455,0.0
2,10000,29,20320742,packing,0.20019189854604613,0.20019189854604613,0.03259823883667967
2,10000,29,20320742,christoffel,0.09552432039018947,0.09552432039018947,0.00035123284760715123
2,10000,30,20320743,convex_hull,0.23332766718585393,0.23332766718585393,0.0
2,10000,30,20320743,packing,0.21782778053444934,0.21782778053444934,0.021071792640582565
2,10000,30,20320743,christoffel,0.1300441298830215,0.1300441298830215,0.0
2,10000,31,20320744,convex_hull,0.2101620196060176,0.2101620196060176,0.0
2,10000,31,20320744,packing,0.20645840640086982,0.20645840640086982,0.00809407154152042
2,10000,31,20320744,christoffel,0.14815467372412358,0.14815467372412358,0.0
2,10000,32,20320745,convex_hull,0.32760941451569214,0.32760941451569214,0.0
2,10000,32,20320745,packing,0.306750647583861,0.306750647583861,0.0023415902969136093
2,10000,32,20320745,christoffel,0.2012520136980645,0.2012520136980645,0.0
2,10000,33,20320746,convex_hull,0.23746071635522437,0.23746071635522437,0.0
2,10000,33,20320746,packing,0.24970065307858696,0.24970065307858696,0.015180747444096587
2,10000,33,20320746,christoffel,0.1974723836399427,0.1974723836399427,0.0
2,10000,34,20320747,convex_hull,0.30173189086401053,0.30173189086401053,0.0
2,10000,34,20320747,packing,0.30468253161615244,0.30468253161615244,0.026002878839649246
2,10000,34,20320747,christoffel,0.14834135128619733,0.14834135128619733,0.0004246331801999446
2,10000,35,20320748,convex_hull,0.23199488434246102,0.23199488434246102,0.0
2,10000,35,20320748,packing,0.23112633839219138,0.23112633839219138,0.01621932423136907
2,10000,35,20320748,christoffel,0.20125201369806528,0.20125201369806528,0.0
2,10000,36,20320749,convex_hull,0.231657354883768,0.231657354883768,0.0
2,10000,36,20320749,packing,0.2528964750532119,0.2528964750532119,0.032678892182705255
2,10000,36,20320749,christoffel,0.12448660567782399,0.12448660567782399,0.013400995499124928
2,10000,37,20320750,convex_hull,0.32979125066233045,0.32979125066233045,0.0
2,10000,37,20320750,packing,0.29872331808786956,0.29872331808786956,0.0
2,10000,37,20320750,christoffel,0.20125201369806528,0.20125201369806528,0.0
2,10000,38,20320751,convex_hull,0.32030032634015865,0.32030032634015865,0.0
2,10000,38,20320751,packing,0.32024467780288524,0.32024467780288524,0.033367420700821215
2,10000,38,20320751,christoffel,0.2012520136980645,0.2012520136980645,0.0
2,10000,39,20320752,convex_hull,0.24295546116508532,0.24295546116508532,0.0
2,10000,39,20320752,packing,0.2423722593974435,0.2423722593974435,0.006193417391252343
2,10000,39,20320752,christoffel,0.2012520136980645,0.2012520136980645,0.0
2,10000,40,20320753,convex_hull,0.2950863871412295,0.2950863871412295,0.0
2,10000,40,20320753,packing,0.3265323503040604,0.3265323503040604,0.0
2,10000,40,20320753,christoffel,0.2059338820246912,0.2059338820246912,0.0
2,10000,41,20320754,convex_hull,0.23938714973020747,0.23938714973020747,0.0
2,10000,41,20320754,packing,0.23814559661523654,0.23814559661523654,0.006901539345294916
2,10000,41,20320754,christoffel,0.20125201369806528,0.20125201369806528,0.0
2,10000,42,20320755,convex_hull,0.26226933152538046,0.26226933152538046,0.0
2,10000,42,20320755,packing,0.2586569776864097,0.2586569776864097,0.030158015589248688
2,10000,42,20320755,christoffel,0.14834135128619733,0.14834135128619733,0.0
2,10000,43,20320756,convex_hull,0.24633063366394503,0.24633063366394503,0.0
2,10000,43,20320756,packing,0.24755242048276344,0.24755242048276344,0.019281404042295835
2,10000,43,20320756,christoffel,0.1620237895555606,0.1620237895555606,0.0
2,10000,44,20320757,convex_hull,0.21038186327346584,0.21038186327346584,0.0
2,10000,44,20320757,packing,0.2142663514875076,0.2142663514875076,0.019453749969407852
2,10000,44,20320757,christoffel,0.14834135128619733,0.14834135128619733,0.0
2,10000,45,20320758,convex_hull,0.24317516332027417,0.24317516332027417,0.0
2,10000,45,20320758,packing,0.2279014910071132,0.2279014910071132,0.015299692860545555
2,10000,45,20320758,christoffel,0.1483413512861971,0.1483413512861971,0.0003512328476073647
2,10000,46,20320759,convex_hull,0.32604352310749446,0.32604352310749446,0.0
2,10000,46,20320759,packing,0.29606175018659636,0.29606175018659636,0.016810268592244215
2,10000,46,20320759,christoffel,0.22253670209470794,0.22253670209470794,0.0
2,10000,47,20320760,convex_hull,0.2370790230810299,0.2370790230810299,0.0
2,10000,47,20320760,packing,0.23760493945170763,0.23760493945170763,0.012692104064551013
2,10000,47,20320760,christoffel,0.14834135128619733,0.14834135128619733,0.0004246331801999446
2,10000,48,20320761,convex_hull,0.2307331538650887,0.2307331538650887,0.0
2,10000,48,20320761,packing,0.23228545106977283,0.23228545106977283,0.011743267878360539
2,10000,48,20320761,christoffel,0.13004412988302116,0.13004412988302116,0.018061584170299825
2,10000,49,20320762,convex_hull,0.2796269440169294,0.2796269440169294,0.0
2,10000,49,20320762,packing,0.2615896759086386,0.2615896759086386,0.0054749925142985045
2,10000,49,20320762,christoffel,0.14834135128619733,0.14834135128619733,0.00035123284760687665
4,10000,0,20320713,convex_hull,0.5697452608789199,0.5697452608789199,0.0
4,10000,0,20320713,packing,0.5408579956551688,0.5408579956551688,0.0
4,10000,0,20320713,christoffel,0.4561433916724646,0.4561433916724646,0.0
4,10000,1,20320714,convex_hull,0.5893512145193553,0.5893512145193553,0.0
4,10000,1,20320714,packing,0.5821560219117826,0.5821560219117826,0.0
4,10000,1,20320714,christoffel,0.4660931158133984,0.4660931158133984,0.0
4,10000,2,20320715,convex_hull,0.5948470977467363,0.5948470977467363,0.0
4,10000,2,20320715,packing,0.584102788860511,0.584102788860511,0.0
4,10000,2,20320715,christoffel,0.4660931158133984,0.4660931158133984,0.0
4,10000,3,20320716,convex_hull,0.567494288028451,0.567494288028451,0.0
4,10000,3,20320716,packing,0.5413948825147382,0.5413948825147382,0.0
4,10000,3,20320716,christoffel,0.41311111954171725,0.41311111954171725,0.0
4,10000,4,20320717,convex_hull,0.6603706709629343,0.6603706709629343,0.0
4,10000,4,20320717,packing,0.6801737296878249,0.6801737296878249,0.0
4,10000,4,20320717,christoffel,0.5002286955126278,0.5002286955126278,0.0
4,10000,5,20320718,convex_hull,0.5032688800293305,0.5032688800293305,0.0
4,10000,5,20320718,packing,0.5010985730853392,0.5010985730853392,0.0
4,10000,5,20320718,christoffel,0.4131111195417165,0.4131111195417165,0.0
4,10000,6,20320719,convex_hull,0.5636780440230008,0.5636780440230008,0.0
4,10000,6,20320719,packing,0.5616416919412436,0.5616416919412436,0.0
4,10000,6,20320719,christoffel,0.4660931158133979,0.4660931158133979,0.0
4,10000,7,20320720,convex_hull,0.5558455059201971,0.5558455059201971,0.0
4,10000,7,20320720,packing,0.5315390764618194,0.5315390764618194,0.0
4,10000,7,20320720,christoffel,0.5190777821569488,0.5190777821569488,0.0
4,10000,8,20320721,convex_hull,0.4619937334510408,0.4619937334510408,0.0
4,10000,8,20320721,packing,0.44357622969349736,0.44357622969349736,0.0
4,10000,8,20320721,christoffel,0.4131111195417165,0.4131111195417165,0.0
4,10000,9,20320722,convex_hull,0.5045084862266696,0.5045084862266696,0.0
4,10000,9,20320722,packing,0.5214701505952801,0.5214701505952801,0.0
4,10000,9,20320722,christoffel,0.369083011013042,0.369083011013042,0.0
4,10000,10,20320723,convex_hull,0.5849058482671264,0.5849058482671264,0.0
4,10000,10,20320723,packing,0.5513633867169205,0.5513633867169205,0.0
4,10000,10,20320723,christoffel,0.3904818309314014,0.3904818309314014,0.0
4,10000,11,20320724,convex_hull,0.5887218234812585,0.5887218234812585,0.0
4,10000,11,20320724,packing,0.5387218234812584,0.5387218234812584,0.0
4,10000,11,20320724,christoffel,0.5352397875653966,0.5352397875653966,0.0
4,10000,12,20320725,convex_hull,0.51233217568395,0.51233217568395,0.0
4,10000,12,20320725,packing,0.48130655685176255,0.48130655685176255,0.0
4,10000,12,20320725,christoffel,0.3071606639071164,0.3071606639071164,0.0
4,10000,13,20320726,convex_hull,0.6235199927846836,0.6235199927846836,0.0
4,10000,13,20320726,packing,0.6052747809282811,0.6052747809282811,0.0
4,10000,13,20320726,christoffel,0.41311111954171725,0.41311111954171725,0.0
4,10000,14,20320727,convex_hull,0.6361516981114046,0.6361516981114046,0.0
4,10000,14,20320727,packing,0.5948260799255615,0.5948260799255615,0.0
4,10000,14,20320727,christoffel,0.4660931158133984,0.4660931158133984,0.0
4,10000,15,20320728,convex_hull,0.5845704671015118,0.5845704671015118,0.0
4,10000,15,20320728,packing,0.5696436982707256,0.5696436982707256,0.0
4,10000,15,20320728,christoffel,0.4660931158133979,0.4660931158133979,0.0
4,10000,16,20320729,convex_hull,0.4884621677080111,0.4884621677080111,0.0
4,10000,16,20320729,packing,0.45326773695764383,0.45326773695764383,0.0
4,10000,16,20320729,christoffel,0.36013297178970405,0.36013297178970405,0.0
4,10000,17,20320730,convex_hull,0.5343931013697941,0.5343931013697941,0.0
4,10000,17,20320730,packing,0.4855651366338843,0.4855651366338843,0.0
4,10000,17,20320730,christoffel,0.4131111195417165,0.4131111195417165,0.0
4,10000,18,20320731,convex_hull,0.49730170056922407,0.49730170056922407,0.0
4,10000,18,20320731,packing,0.49252601361675447,0.49252601361675447,0.0
4,10000,18,20320731,christoffel,0.41311111954171725,0.41311111954171725,0.0
4,10000,19,20320732,convex_hull,0.4205699867522701,0.4205699867522701,0.0
4,10000,19,20320732,packing,0.4630778258520802,0.4630778258520802,0.0
4,10000,19,20320732,christoffel,0.3601329717897042,0.3601329717897042,0.0
4,10000,20,20320733,convex_hull,0.5763643144600017,0.5763643144600017,0.0
4,10000,20,20320733,packing,0.5446045006716269,0.5446045006716269,0.0
4,10000,20,20320733,christoffel,0.4707018316705931,0.4707018316705931,0.0
4,10000,21,20320734,convex_hull,0.538566807404023,0.538566807404023,0.0
4,10000,21,20320734,packing,0.5004829216017644,0.5004829216017644,0.0
4,10000,21,20320734,christoffel,0.41311111954171725,0.41311111954171725,0.0
4,10000,22,20320735,convex_hull,0.5570875689675652,0.5570875689675652,0.0
4,10000,22,20320735,packing,0.551627619303445,0.551627619303445,0.0
4,10000,22,20320735,christoffel,0.41311111954171725,0.41311111954171725,0.0
4,10000,23,20320736,convex_hull,0.5305771465561235,0.5305771465561235,0.0
4,10000,23,20320736,packing,0.48066107124143803,0.48066107124143803,0.0
4,10000,23,20320736,christoffel,0.3601329717897042,0.3601329717897042,0.0
4,10000,24,20320737,convex_hull,0.5413449809099186,0.5413449809099186,0.0
4,10000,24,20320737,packing,0.5045818711084318,0.5045818711084318,0.0
4,10000,24,20320737,christoffel,0.36013297178970405,0.36013297178970405,0.0
4,10000,25,20320738,convex_hull,0.6392135304910503,0.6392135304910503,0.0
4,10000,25,20320738,packing,0.6088553633183652,0.6088553633183652,0.0
4,10000,25,20320738,christoffel,0.5190777821569488,0.5190777821569488,0.0
4,10000,26,20320739,convex_hull,0.5254146703609147,0.5254146703609147,0.0
4,10000,26,20320739,packing,0.47950386333295864,0.47950386333295864,0.0
4,10000,26,20320739,christoffel,0.3601329717897042,0.3601329717897042,0.0
4,10000,27,20320740,convex_hull,0.6434468685603284,0.6434468685603284,0.0
4,10000,27,20320740,packing,0.6035723294726905,0.6035723294726905,0.0
4,10000,27,20320740,christoffel,0.5720643766657875,0.5720643766657875,0.0
4,10000,28,20320741,convex_hull,0.5878408036248552,0.5878408036248552,0.0
4,10000,28,20320741,packing,0.5641118732210029,0.5641118732210029,0.0
4,10000,28,20320741,christoffel,0.4660931158133979,0.4660931158133979,0.0
4,10000,29,20320742,convex_hull,0.49806590322983246,0.49806590322983246,0.0
4,10000,29,20320742,packing,0.45740881222792945,0.45740881222792945,0.0
4,10000,29,20320742,christoffel,0.3071606639071167,0.3071606639071167,0.0
4,10000,30,20320743,convex_hull,0.5121254008789292,0.5121254008789292,0.0
4,10000,30,20320743,packing,0.49849185786330336,0.49849185786330336,0.0
4,10000,30,20320743,christoffel,0.41311111954171725,0.41311111954171725,0.0
4,10000,31,20320744,convex_hull,0.6253947306170234,0.6253947306170234,0.0
4,10000,31,20320744,packing,0.5778242858170192,0.5778242858170192,0.0
4,10000,31,20320744,christoffel,0.5190777821569491,0.5190777821569491,0.0
4,10000,32,20320745,convex_hull,0.5377212949835634,0.5377212949835634,0.0
4,10000,32,20320745,packing,0.48772129498356337,0.48772129498356337,0.0
4,10000,32,20320745,christoffel,0.47070183167059304,0.47070183167059304,0.0
4,10000,33,20320746,convex_hull,0.4319153704669487,0.4319153704669487,0.0
4,10000,33,20320746,packing,0.4501394459235571,0.4501394459235571,0.0
4,10000,33,20320746,christoffel,0.4062150340671714,0.4062150340671714,0.0
4,10000,34,20320747,convex_hull,0.5559051153078423,0.5559051153078423,0.0
4,10000,34,20320747,packing,0.5575911538328813,0.5575911538328813,0.0
4,10000,34,20320747,christoffel,0.4660931158133984,0.4660931158133984,0.0
4,10000,35,20320748,convex_hull,0.6588430571255209,0.6588430571255209,0.0
4,10000,35,20320748,packing,0.6124324554531054,0.6124324554531054,0.0
4,10000,35,20320748,christoffel,0.5190777821569491,0.5190777821569491,0.0
4,10000,36,20320749,convex_hull,0.48058781289284064,0.48058781289284064,0.0
4,10000,36,20320749,packing,0.483456030657958,0.483456030657958,0.0
4,10000,36,20320749,christoffel,0.36013297178970405,0.36013297178970405,0.0
4,10000,37,20320750,convex_hull,0.5224899600720236,0.5224899600720236,0.0
4,10000,37,20320750,packing,0.49374824314832894,0.49374824314832894,0.0
4,10000,37,20320750,christoffel,0.4131111195417165,0.4131111195417165,0.0
4,10000,38,20320751,convex_hull,0.645900373923261,0.645900373923261,0.0
4,10000,38,20320751,packing,0.6399967641242243,0.6399967641242243,0.0
4,10000,38,20320751,christoffel,0.4660931158133984,0.4660931158133984,0.0
4,10000,39,20320752,convex_hull,0.5632020769646754,0.5632020769646754,0.0
4,10000,39,20320752,packing,0.5361547665439698,0.5361547665439698,0.0
4,10000,39,20320752,christoffel,0.5190777821569488,0.5190777821569488,0.0
4,10000,40,20320753,convex_hull,0.4742268867226177,0.4742268867226177,0.0
4,10000,40,20320753,packing,0.45453634276099314,0.45453634276099314,0.0
4,10000,40,20320753,christoffel,0.41311111954171725,0.41311111954171725,0.0
4,10000,41,20320754,convex_hull,0.4789757260354929,0.4789757260354929,0.0
4,10000,41,20320754,packing,0.46937386077798887,0.46937386077798887,0.0
4,10000,41,20320754,christoffel,0.41311111954171725,0.41311111954171725,0.0
4,10000,42,20320755,convex_hull,0.5868850578477427,0.5868850578477427,0.0
4,10000,42,20320755,packing,0.547141806376992,0.547141806376992,0.0
4,10000,42,20320755,christoffel,0.4660931158133979,0.4660931158133979,0.0
4,10000,43,20320756,convex_hull,0.465356907548708,0.465356907548708,0.0
4,10000,43,20320756,packing,0.4939626242255735,0.4939626242255735,0.0
4,10000,43,20320756,christoffel,0.3071606639071164,0.3071606639071164,0.0
4,10000,44,20320757,convex_hull,0.508017648352443,0.508017648352443,0.0
4,10000,44,20320757,packing,0.4932502861386228,0.4932502861386228,0.0
4,10000,44,20320757,christoffel,0.3601329717897042,0.3601329717897042,0.0
4,10000,45,20320758,convex_hull,0.506015081485567,0.506015081485567,0.0
4,10000,45,20320758,packing,0.4826522561179842,0.4826522561179842,0.0
4,10000,45,20320758,christoffel,0.4660931158133979,0.4660931158133979,0.0
4,10000,46,20320759,convex_hull,0.6624021488094173,0.6624021488094173,0.0
4,10000,46,20320759,packing,0.6232121044541091,0.6232121044541091,0.0
4,10000,46,20320759,christoffel,0.4660931158133979,0.4660931158133979,0.0
4,10000,47,20320760,convex_hull,0.6162433924152472,0.6162433924152472,0.0
4,10000,47,20320760,packing,0.5836069939137344,0.5836069939137344,0.0
4,10000,47,20320760,christoffel,0.4660931158133979,0.4660931158133979,0.0
4,10000,48,20320761,convex_hull,0.5936984820308946,0.5936984820308946,0.0
4,10000,48,20320761,packing,0.5819431783548186,0.5819431783548186,0.0
4,10000,48,20320761,christoffel,0.4660931158133979,0.4660931158133979,0.0
4,10000,49,20320762,convex_hull,0.5191677065843994,0.5191677065843994,0.0
4,10000,49,20320762,packing,0.46917119728007367,0.46917119728007367,0.0
4,10000,49,20320762,christoffel,0.4660931158133979,0.4660931158133979,0.0
0,30000,0,20330713,convex_hull,0.006437589047838375,0.006437589047838375,0.0
0,30000,0,20330713,packing,0.049886836316563654,0.016523255771473136,0.049886836316563654
0,30000,0,20330713,christoffel,0.02822724101524846,0.02822724101524846,0.014076318536030193
0,30000,1,20330714,convex_hull,0.011343375885652283,0.011343375885652283,0.0
0,30000,1,20330714,packing,0.04989190541321975,0.014712421923829364,0.04989190541321975
0,30000,1,20330714,christoffel,0.029078815505173626,0.029078815505173626,0.0166379309721278
0,30000,2,20330715,convex_hull,0.007542486306109983,0.007542486306109983,0.0
0,30000,2,20330715,packing,0.049979327282176245,0.01491745563928401,0.049979327282176245
0,30000,2,20330715,christoffel,0.029359014912698995,0.029359014912698995,0.010172702771266333
0,30000,3,20330716,convex_hull,0.007791040128231489,0.007791040128231489,0.0
0,30000,3,20330716,packing,0.0499948184834893,0.017779813828880955,0.0499948184834893
0,30000,3,20330716,christoffel,0.030660080189300536,0.030660080189300536,0.017021133090228974
0,30000,4,20330717,convex_hull,0.007483743264170237,0.007483743264170237,0.0
0,30000,4,20330717,packing,0.0497847428592727,0.013491803920122891,0.0497847428592727
0,30000,4,20330717,christoffel,0.028981457850617957,0.028981457850617957,0.0061733313455689
0,30000,5,20330718,convex_hull,0.011596769555349313,0.011596769555349313,0.0
0,30000,5,20330718,packing,0.04999314537240629,0.014769547502943223,0.04999314537240629
0,30000,5,20330718,christoffel,0.03414652116689245,0.03414652116689245,0.012222019140403719
0,30000,6,20330719,convex_hull,0.00730195364450383,0.00730195364450383,0.0
0,30000,6,20330719,packing,0.04969500399492194,0.013277108743422666,0.04969500399492194
0,30000,6,20330719,christoffel,0.028347585708132544,0.028347585708132544,0.009140262949423855
0,30000,7,20330720,convex_hull,0.008164900670194278,0.008164900670194278,0.0
0,30000,7,20330720,packing,0.04991481771329265,0.01564041212906228,0.04991481771329265
0,30000,7,20330720,christoffel,0.030468484760001024,0.030468484760001024,0.008443068162366068
0,30000,8,20330721,convex_hull,0.013922440291677803,0.013922440291677803,0.0
0,30000,8,20330721,packing,0.04999863590773229,0.015729418732548933,0.04999863590773229
0,30000,8,20330721,christoffel,0.02960527199450174,0.02960527199450174,0.01092352326571851
0,30000,9,20330722,convex_hull,0.007360378011389522,0.007360378011389522,0.0
0,30000,9,20330722,packing,0.04975076547750423,0.012641333226741533,0.04975076547750423
0,30000,9,20330722,christoffel,0.029042818595510982,0.029042818595510982,0.010172702771266333
0,30000,10,20330723,convex_hull,0.007327217485506529,0.007327217485506529,0.0
0,30000,10,20330723,packing,0.04999083374825064,0.013733390532392184,0.04999083374825064
0,30000,10,20330723,christoffel,0.028460477626675407,0.028460477626675407,0.013868929215800333
0,30000,11,20330724,convex_hull,0.007370053110976949,0.007370053110976949,0.0
0,30000,11,20330724,packing,0.04978670890564035,0.021129006230042366,0.04978670890564035
0,30000,11,20330724,christoffel,0.029691254121959713,0.029691254121959713,0.011089869843868125
0,30000,12,20330725,convex_hull,0.009078508647102657,0.009078508647102657,0.0
0,30000,12,20330725,packing,0.049476250435876556,0.025573786878133886,0.049476250435876556
0,30000,12,20330725,christoffel,0.02936575908704934,0.02936575908704934,0.01628759189653783
0,30000,13,20330726,convex_hull,0.013112884290049736,0.013112884290049736,0.0
0,30000,13,20330726,packing,0.04986288806791073,0.014734946162257234,0.04986288806791073
0,30000,13,20330726,christoffel,0.028921706507567316,0.028921706507567316,0.013400995499125025
0,30000,14,20330727,convex_hull,0.010533360769057719,0.010533360769057719,0.0
0,30000,14,20330727,packing,0.04986408275369214,0.0160052473388701,0.04986408275369214
0,30000,14,20330727,christoffel,0.028131584949679905,0.028131584949679905,0.013868929215800435
0,30000,15,20330728,convex_hull,0.007203122042976934,0.007203122042976934,0.0
0,30000,15,20330728,packing,0.049941960629392934,0.015698144722801066,0.049941960629392934
0,30000,15,20330728,christoffel,0.027902295117040704,0.027902295117040704,0.013089160251105162
0,30000,16,20330729,convex_hull,0.010425802131827864,0.010425802131827864,0.0
0,30000,16,20330729,packing,0.049846709283966284,0.01896886945045763,0.049846709283966284
0,30000,16,20330729,christoffel,0.034658492623966884,0.034658492623966884,0.01092352326571851
0,30000,17,20330730,convex_hull,0.007740831756514426,0.007740831756514426,0.0
0,30000,17,20330730,packing,0.049877172401380454,0.01519157232072979,0.049877172401380454
0,30000,17,20330730,christoffel,0.027984773256814626,0.027984773256814626,0.009140262949423958
0,30000,18,20330731,convex_hull,0.007385179072185686,0.007385179072185686,0.0
0,30000,18,20330731,packing,0.04997854295177517,0.013505832918811883,0.04997854295177517
0,30000,18,20330731,christoffel,0.035980368759772924,0.035980368759772924,0.016637930972128175
0,30000,19,20330732,convex_hull,0.00951341559558495,0.00951341559558495,0.0
0,30000,19,20330732,packing,0.04996340807021826,0.01889476098033356,0.04996340807021826
0,30000,19,20330732,christoffel,0.02997992787408515,0.02997992787408515,0.006173331345568603
0,30000,20,20330733,convex_hull,0.008962487462479388,0.008962487462479388,0.0
0,30000,20,20330733,packing,0.049930735125005565,0.022085218707356136,0.049930735125005565
0,30000,20,20330733,christoffel,0.03131082742565331,0.03131082742565331,0.013868929215800333
0,30000,21,20330734,convex_hull,0.01130381788454211,0.01130381788454211,0.0
0,30000,21,20330734,packing,0.0498883428671143,0.013034516600547774,0.0498883428671143
0,30000,21,20330734,christoffel,0.03216732883907291,0.03216732883907291,0.018061584170299825
0,30000,22,20330735,convex_hull,0.00996441958617797,0.00996441958617797,0.0
0,30000,22,20330735,packing,0.04962420476772256,0.016246116242643285,0.04962420476772256
0,30000,22,20330735,christoffel,0.02904150027085743,0.02904150027085743,0.013868929215800333
0,30000,23,20330736,convex_hull,0.009215623095602898,0.009215623095602898,0.0
0,30000,23,20330736,packing,0.049970251799421384,0.016983592298099565,0.049970251799421384
0,30000,23,20330736,christoffel,0.026798212077034235,0.026798212077034235,0.009140262949423958
0,30000,24,20330737,convex_hull,0.00676264100249298,0.00676264100249298,0.0
0,30000,24,20330737,packing,0.0498658101763465,0.02583446103618843,0.0498658101763465
0,30000,24,20330737,christoffel,0.028119018033249354,0.028119018033249354,0.012440341776683992
0,30000,25,20330738,convex_hull,0.010906790977911454,0.010906790977911454,0.0
0,30000,25,20330738,packing,0.04976210903153255,0.01799937281467144,0.04976210903153255
0,30000,25,20330738,christoffel,0.028580466976299897,0.028580466976299897,0.013558594810690251
0,30000,26,20330739,convex_hull,0.012420885369276786,0.012420885369276786,0.0
0,30000,26,20330739,packing,0.049896131056674786,0.013266531085482702,0.049896131056674786
0,30000,26,20330739,christoffel,0.02938230476180632,0.02938230476180632,0.016637930972128175
0,30000,27,20330740,convex_hull,0.012212295858319509,0.012212295858319509,0.0
0,30000,27,20330740,packing,0.04973164597011337,0.018243476696999508,0.04973164597011337
0,30000,27,20330740,christoffel,0.030744353091795094,0.030744353091795094,0.013089160251105162
0,30000,28,20330741,convex_hull,0.007534426703813354,0.007534426703813354,0.0
0,30000,28,20330741,packing,0.04995262887233931,0.016322804226190354,0.04995262887233931
0,30000,28,20330741,christoffel,0.029662174236689244,0.029662174236689244,0.0061733313455689
0,30000,29,20330742,convex_hull,0.010771494297664006,0.010771494297664006,0.0
0,30000,29,20330742,packing,0.04979365071755726,0.016386214851830894,0.04979365071755726
0,30000,29,20330742,christoffel,0.028201765279077275,0.028201765279077275,0.015255476712893627
0,30000,30,20330743,convex_hull,0.012818197576272778,0.012818197576272778,0.0
0,30000,30,20330743,packing,0.049831761847126455,0.02240315854546475,0.049831761847126455
0,30000,30,20330743,christoffel,0.029020013355560075,0.029020013355560075,0.01702113309022853
0,30000,31,20330744,convex_hull,0.010904800790175534,0.010904800790175534,0.0
0,30000,31,20330744,packing,0.04986320607802419,0.011188983818951878,0.04986320607802419
0,30000,31,20330744,christoffel,0.027972767284928805,0.027972767284928805,0.009140262949423958
0,30000,32,20330745,convex_hull,0.009027977204810312,0.009027977204810312,0.0
0,30000,32,20330745,packing,0.04990941089419443,0.014233714781350923,0.04990941089419443
0,30000,32,20330745,christoffel,0.02935073123391434,0.02935073123391434,0.011089869843868125
0,30000,33,20330746,convex_hull,0.011605365459669033,0.011605365459669033,0.0
0,30000,33,20330746,packing,0.04954835006254443,0.013881048181872899,0.04954835006254443
0,30000,33,20330746,christoffel,0.028831503895671462,0.028831503895671462,0.013089160251105254
0,30000,34,20330747,convex_hull,0.01002122035030663,0.01002122035030663,0.0
0,30000,34,20330747,packing,0.049951216937373144,0.016974767668018892,0.049951216937373144
0,30000,34,20330747,christoffel,0.03631769144030108,0.03631769144030108,0.013868929215800333
0,30000,35,20330748,convex_hull,0.008634582306219454,0.008634582306219454,0.0
0,30000,35,20330748,packing,0.04994453383535813,0.014122233187315564,0.04994453383535813
0,30000,35,20330748,christoffel,0.02960777987635021,0.02960777987635021,0.01209011474076631
0,30000,36,20330749,convex_hull,0.008782876888792169,0.008782876888792169,0.0
0,30000,36,20330749,packing,0.04983629570119952,0.014388718399485578,0.04983629570119952
0,30000,36,20330749,christoffel,0.02777377751179156,0.02777377751179156,0.013400995499125025
0,30000,37,20330750,convex_hull,0.010324010710124936,0.010324010710124936,0.0
0,30000,37,20330750,packing,0.04986786979444635,0.013268771022938303,0.04986786979444635
0,30000,37,20330750,christoffel,0.028122773110123307,0.028122773110123307,0.01092352326571851
0,30000,38,20330751,convex_hull,0.010110307060280554,0.010110307060280554,0.0
0,30000,38,20330751,packing,0.04996685435802539,0.01729868986555262,0.04996685435802539
0,30000,38,20330751,christoffel,0.030489987940914016,0.030489987940914016,0.006173331345568603
0,30000,39,20330752,convex_hull,0.011575315523742016,0.011575315523742016,0.0
0,30000,39,20330752,packing,0.04984874147294022,0.01608254811710555,0.04984874147294022
0,30000,39,20330752,christoffel,0.0289464646952007,0.0289464646952007,0.006173331345568603
0,30000,40,20330753,convex_hull,0.012418620906142413,0.012418620906142413,0.0
0,30000,40,20330753,packing,0.049894579236002046,0.02031373528699218,0.049894579236002046
0,30000,40,20330753,christoffel,0.029078815505173567,0.029078815505173567,0.009140262949423855
0,30000,41,20330754,convex_hull,0.011895650806782555,0.011895650806782555,0.0
0,30000,41,20330754,packing,0.049945366071158404,0.01891683282295377,0.049945366071158404
0,30000,41,20330754,christoffel,0.03150893548955951,0.03150893548955951,0.010923523265718408
0,30000,42,20330755,convex_hull,0.012284381418247446,0.012284381418247446,0.0
0,30000,42,20330755,packing,0.049949954819813236,0.015861478032980283,0.049949954819813236
0,30000,42,20330755,christoffel,0.03194911176084785,0.03194911176084785,0.01109015657649938
0,30000,43,20330756,convex_hull,0.014202750294492117,0.014202750294492117,0.0
0,30000,43,20330756,packing,0.049903648380874466,0.01296494774152504,0.049903648380874466
0,30000,43,20330756,christoffel,0.030574638624705164,0.030574638624705164,0.009140262949423958
0,30000,44,20330757,convex_hull,0.012971516739926163,0.012971516739926163,0.0
0,30000,44,20330757,packing,0.04936321015625511,0.012893414984506246,0.04936321015625511
0,30000,44,20330757,christoffel,0.032891480449623395,0.032891480449623395,0.016287591896537737
0,30000,45,20330758,convex_hull,0.011814487864584477,0.011814487864584477,0.0
0,30000,45,20330758,packing,0.04994011336746862,0.014829107755480284,0.04994011336746862
0,30000,45,20330758,christoffel,0.02905410337235635,0.02905410337235635,0.013089160251105162
0,30000,46,20330759,convex_hull,0.00654769591272457,0.00654769591272457,0.0
0,30000,46,20330759,packing,0.04963075818830698,0.011987793967453662,0.04963075818830698
0,30000,46,20330759,christoffel,0.029605271994502635,0.029605271994502635,0.0061733313455689
0,30000,47,20330760,convex_hull,0.008519996369417625,0.008519996369417625,0.0
0,30000,47,20330760,packing,0.04989628430963178,0.015448614334255623,0.04989628430963178
0,30000,47,20330760,christoffel,0.02883150389567198,0.02883150389567198,0.012440341776683574
0,30000,48,20330761,convex_hull,0.009892688917184592,0.009892688917184592,0.0
0,30000,48,20330761,packing,0.049926121776800336,0.012491485387953867,0.049926121776800336
0,30000,48,20330761,christoffel,0.030678960806457763,0.030678960806457763,0.018061584170299825
0,30000,49,20330762,convex_hull,0.013410932840279808,0.013410932840279808,0.0
0,30000,49,20330762,packing,0.04971199432893536,0.01533825335153785,0.04971199432893536
0,30000,49,20330762,christoffel,0.028499315447141255,0.028499315447141255,0.013400995499124928
2,30000,0,20330713,convex_hull,0.20188100919231178,0.20188100919231178,0.0
2,30000,0,20330713,packing,0.20410210311229088,0.20410210311229088,0.02766883523411945
2,30000,0,20330713,christoffel,0.09552432039018989,0.09552432039018989,0.013868929215800638
2,30000,1,20330714,convex_hull,0.21264504100564252,0.21264504100564252,0.0
2,30000,1,20330714,packing,0.2277772802917794,0.2277772802917794,0.03799905343458132
2,30000,1,20330714,christoffel,0.09671954848455831,0.09671954848455831,0.013868929215800638
2,30000,2,20330715,convex_hull,0.20151662553462407,0.20151662553462407,0.0
2,30000,2,20330715,packing,0.19119386924362292,0.19119386924362292,0.03205831041046603
2,30000,2,20330715,christoffel,0.14834135128619733,0.14834135128619733,0.0
2,30000,3,20330716,convex_hull,0.19044805026951325,0.19044805026951325,0.0
2,30000,3,20330716,packing,0.19933807667555264,0.19933807667555264,0.017522702186128614
2,30000,3,20330716,christoffel,0.1483413512861971,0.1483413512861971,0.0
2,30000,4,20330717,convex_hull,0.1816984637742128,0.1816984637742128,0.0
2,30000,4,20330717,packing,0.21201953757277414,0.21201953757277414,0.018067169663729565
2,30000,4,20330717,christoffel,0.13924318344074915,0.13924318344074915,0.0
2,30000,5,20330718,convex_hull,0.19005338644141034,0.19005338644141034,0.0
2,30000,5,20330718,packing,0.18615866258328162,0.18615866258328162,0.01570995843039147
2,30000,5,20330718,christoffel,0.09552432039018989,0.09552432039018989,0.013868929215800333
2,30000,6,20330719,convex_hull,0.20934553215497434,0.20934553215497434,0.0
2,30000,6,20330719,packing,0.187969702792454,0.187969702792454,0.021972734213287715
2,30000,6,20330719,christoffel,0.09552432039018989,0.09552432039018989,0.010041765834816167
2,30000,7,20330720,convex_hull,0.2825356717159187,0.2825356717159187,0.0
2,30000,7,20330720,packing,0.26631376642460536,0.26631376642460536,0.006075854481557119
2,30000,7,20330720,christoffel,0.1483413512861971,0.1483413512861971,0.009140262949423855
2,30000,8,20330721,convex_hull,0.175648593701269,0.175648593701269,0.0
2,30000,8,20330721,packing,0.1530977575512183,0.1530977575512183,0.03533703329012661
2,30000,8,20330721,christoffel,0.11123483032845104,0.11123483032845104,0.009140262949423958
2,30000,9,20330722,convex_hull,0.1743435851913392,0.1743435851913392,0.0
2,30000,9,20330722,packing,0.1480161587513365,0.1480161587513365,0.033978177156422706
2,30000,9,20330722,christoffel,0.09552432039018989,0.09552432039018989,0.01628759189653783
2,30000,10,20330723,convex_hull,0.198269603779464,0.198269603779464,0.0
2,30000,10,20330723,packing,0.1849604605214597,0.1849604605214597,0.03340863081009082
2,30000,10,20330723,christoffel,0.09552432039018989,0.09552432039018989,0.01092352326571851
2,30000,11,20330724,convex_hull,0.20472791113967875,0.20472791113967875,0.0
2,30000,11,20330724,packing,0.21705251348822724,0.21705251348822724,0.026728049445411184
2,30000,11,20330724,christoffel,0.12448660567782377,0.12448660567782377,0.012222019140403719
2,30000,12,20330725,convex_hull,0.16266233808879083,0.16266233808879083,0.0
2,30000,12,20330725,packing,0.15444805629644032,0.15444805629644032,0.02873439143508627
2,30000,12,20330725,christoffel,0.14834135128619733,0.14834135128619733,0.0
2,30000,13,20330726,convex_hull,0.15953532316321478,0.15953532316321478,0.0
2,30000,13,20330726,packing,0.164436169760382,0.164436169760382,0.03428435053268286
2,30000,13,20330726,christoffel,0.10405606805271411,0.10405606805271411,0.0004246331801999446
2,30000,14,20330727,convex_hull,0.2387421431857581,0.2387421431857581,0.0
2,30000,14,20330727,packing,0.21389957582317765,0.21389957582317765,0.024151019619410352
2,30000,14,20330727,christoffel,0.09552432039018947,0.09552432039018947,0.0004246331801999446
2,30000,15,20330728,convex_hull,0.1910741361230197,0.1910741361230197,0.0
2,30000,15,20330728,packing,0.19821656428343803,0.19821656428343803,0.0334847413172199
2,30000,15,20330728,christoffel,0.09671954848455849,0.09671954848455849,0.018061584170299825
2,30000,16,20330729,convex_hull,0.1573404088953128,0.1573404088953128,0.0
2,30000,16,20330729,packing,0.18316185617875508,0.18316185617875508,0.013312099923346477
2,30000,16,20330729,christoffel,0.14834135128619733,0.14834135128619733,0.0
2,30000,17,20330730,convex_hull,0.15431577325965642,0.15431577325965642,0.0
2,30000,17,20330730,packing,0.1567207604061967,0.1567207604061967,0.03699879871155487
2,30000,17,20330730,christoffel,0.09552432039018989,0.09552432039018989,0.010041765834815955
2,30000,18,20330731,convex_hull,0.19738188648967941,0.19738188648967941,0.0
2,30000,18,20330731,packing,0.19941196034358466,0.19941196034358466,0.018016427914358868
2,30000,18,20330731,christoffel,0.14834135128619733,0.14834135128619733,0.0
2,30000,19,20330732,convex_hull,0.1889595355316363,0.1889595355316363,0.0
2,30000,19,20330732,packing,0.18981879036771426,0.18981879036771426,0.03409817601126852
2,30000,19,20330732,christoffel,0.09552432039018989,0.09552432039018989,0.023596637134869654
2,30000,20,20330733,convex_hull,0.19503247058549306,0.19503247058549306,0.0
2,30000,20,20330733,packing,0.20614257940706965,0.20614257940706965,0.046700752979435656
2,30000,20,20330733,christoffel,0.07001659895857486,0.07001659895857486,0.02729505727501933
2,30000,21,20330734,convex_hull,0.17477215329640405,0.17477215329640405,0.0
2,30000,21,20330734,packing,0.16107439888822755,0.16107439888822755,0.02741855365345991
2,30000,21,20330734,christoffel,0.10405606805271411,0.10405606805271411,0.012222019140403719
2,30000,22,20330735,convex_hull,0.14935712084261768,0.14935712084261768,0.0
2,30000,22,20330735,packing,0.1461525321879376,0.1461525321879376,0.03092483728178097
2,30000,22,20330735,christoffel,0.09552432039018947,0.09552432039018947,0.013868929215800435
2,30000,23,20330736,convex_hull,0.1874757452943678,0.1874757452943678,0.0
2,30000,23,20330736,packing,0.18262339368900082,0.18262339368900082,0.03895026408848401
2,30000,23,20330736,christoffel,0.09671954848455803,0.09671954848455803,0.010923523265718408
2,30000,24,20330737,convex_hull,0.2326522790839052,0.2326522790839052,0.0
2,30000,24,20330737,packing,0.2212731837264495,0.2212731837264495,0.017600738853781994
2,30000,24,20330737,christoffel,0.14834135128619733,0.14834135128619733,0.0
2,30000,25,20330738,convex_hull,0.2136166336766354,0.2136166336766354,0.0
2,30000,25,20330738,packing,0.1792474737730202,0.1792474737730202,0.03833159952591836
2,30000,25,20330738,christoffel,0.09671954848455803,0.09671954848455803,0.03058024747470014
2,30000,26,20330739,convex_hull,0.13621491234071956,0.13621491234071956,0.0
2,30000,26,20330739,packing,0.1766477229428614,0.1766477229428614,0.018304654460393477
2,30000,26,20330739,christoffel,0.09552432039018947,0.09552432039018947,0.0
2,30000,27,20330740,convex_hull,0.222201934941392,0.222201934941392,0.0
2,30000,27,20330740,packing,0.20400924998494346,0.20400924998494346,0.041518863557138186
2,30000,27,20330740,christoffel,0.11817345523414605,0.11817345523414605,0.02893450926363878
2,30000,28,20330741,convex_hull,0.14823309882870236,0.14823309882870236,0.0
2,30000,28,20330741,packing,0.160757676197179,0.160757676197179,0.0250003750805593
2,30000,28,20330741,christoffel,0.09552432039018947,0.09552432039018947,0.018061584170299825
2,30000,29,20330742,convex_hull,0.2323410020505162,0.2323410020505162,0.0
2,30000,29,20330742,packing,0.2075533007429458,0.2075533007429458,0.018959240078017414
2,30000,29,20330742,christoffel,0.15723515574741118,0.15723515574741118,0.0
2,30000,30,20330743,convex_hull,0.20433765944012336,0.20433765944012336,0.0
2,30000,30,20330743,packing,0.20648549580695869,0.20648549580695869,0.021310679015143164
2,30000,30,20330743,christoffel,0.1112348303284512,0.1112348303284512,0.009140262949423958
2,30000,31,20330744,convex_hull,0.21025129663801714,0.21025129663801714,0.0
2,30000,31,20330744,packing,0.20462773892595437,0.20462773892595437,0.028192998229822797
2,30000,31,20330744,christoffel,0.14834135128619733,0.14834135128619733,0.012222019140403719
2,30000,32,20330745,convex_hull,0.19179625715065016,0.19179625715065016,0.0
2,30000,32,20330745,packing,0.15669931034488505,0.15669931034488505,0.020741301694770842
2,30000,32,20330745,christoffel,0.14834135128619733,0.14834135128619733,0.0
2,30000,33,20330746,convex_hull,0.1762564090633113,0.1762564090633113,0.0
2,30000,33,20330746,packing,0.15868739796099246,0.15868739796099246,0.020760015300753942
2,30000,33,20330746,christoffel,0.09552432039018989,0.09552432039018989,0.018061584170299825
2,30000,34,20330747,convex_hull,0.17545184736744468,0.17545184736744468,0.0
2,30000,34,20330747,packing,0.18128635118904296,0.18128635118904296,0.01817795184081228
2,30000,34,20330747,christoffel,0.11817345523414605,0.11817345523414605,0.0
2,30000,35,20330748,convex_hull,0.21840331364499632,0.21840331364499632,0.0
2,30000,35,20330748,packing,0.18625709471657942,0.18625709471657942,0.007429992313443989
2,30000,35,20330748,christoffel,0.14834135128619733,0.14834135128619733,0.0
2,30000,36,20330749,convex_hull,0.1671645312114612,0.1671645312114612,0.0
2,30000,36,20330749,packing,0.19709350069562787,0.19709350069562787,0.019632411756804746
2,30000,36,20330749,christoffel,0.11114211754399826,0.11114211754399826,0.0
2,30000,37,20330750,convex_hull,0.2220846601589093,0.2220846601589093,0.0
2,30000,37,20330750,packing,0.18215290085424046,0.18215290085424046,0.03750951804253466
2,30000,37,20330750,christoffel,0.09552432039018947,0.09552432039018947,0.03279943240470049
2,30000,38,20330751,convex_hull,0.15995357850844144,0.15995357850844144,0.0
2,30000,38,20330751,packing,0.15851824387170094,0.15851824387170094,0.02816240899610256
2,30000,38,20330751,christoffel,0.09552432039018989,0.09552432039018989,0.023596637134869654
2,30000,39,20330752,convex_hull,0.18220303898689846,0.18220303898689846,0.0
2,30000,39,20330752,packing,0.1617385285758391,0.1617385285758391,0.04253646552638468
2,30000,39,20330752,christoffel,0.07525726044940888,0.07525726044940888,0.035727575325743284
2,30000,40,20330753,convex_hull,0.16607546635333467,0.16607546635333467,0.0
2,30000,40,20330753,packing,0.17107576502252814,0.17107576502252814,0.04185442537463624
2,30000,40,20330753,christoffel,0.09552432039018989,0.09552432039018989,0.02729505727501933
2,30000,41,20330754,convex_hull,0.1405411799728382,0.1405411799728382,0.0
2,30000,41,20330754,packing,0.17915583129945867,0.17915583129945867,0.020492753858101898
2,30000,41,20330754,christoffel,0.09671954848455831,0.09671954848455831,0.0
2,30000,42,20330755,convex_hull,0.19101273341393366,0.19101273341393366,0.0
2,30000,42,20330755,packing,0.17623756697120785,0.17623756697120785,0.012549158642633174
2,30000,42,20330755,christoffel,0.10405606805271382,0.10405606805271382,0.0004246331801999446
2,30000,43,20330756,convex_hull,0.20420085290527462,0.20420085290527462,0.0
2,30000,43,20330756,packing,0.19244604779887908,0.19244604779887908,0.045484219050363484
2,30000,43,20330756,christoffel,0.11123483032845154,0.11123483032845154,0.01909783179449197
2,30000,44,20330757,convex_hull,0.18629637952253802,0.18629637952253802,0.0
2,30000,44,20330757,packing,0.19411872808572522,0.19411872808572522,0.030752242745055725
2,30000,44,20330757,christoffel,0.09671954848455831,0.09671954848455831,0.018061584170299825
2,30000,45,20330758,convex_hull,0.17253191738225312,0.17253191738225312,0.0
2,30000,45,20330758,packing,0.18397283859853508,0.18397283859853508,0.028410975246133674
2,30000,45,20330758,christoffel,0.05774989863532595,0.05774989863532595,0.018061584170299825
2,30000,46,20330759,convex_hull,0.14993181668327307,0.14993181668327307,0.0
2,30000,46,20330759,packing,0.1433003548282255,0.1433003548282255,0.02413217273119772
2,30000,46,20330759,christoffel,0.09552432039018989,0.09552432039018989,0.00035123284760715123
2,30000,47,20330760,convex_hull,0.1816727620973808,0.1816727620973808,0.0
2,30000,47,20330760,packing,0.18433654955070067,0.18433654955070067,0.018519429628005235
2,30000,47,20330760,christoffel,0.1483413512861971,0.1483413512861971,0.0
2,30000,48,20330761,convex_hull,0.23138429090682622,0.23138429090682622,0.0
2,30000,48,20330761,packing,0.195904333202008,0.195904333202008,0.025415179343481586
2,30000,48,20330761,christoffel,0.11123483032845129,0.11123483032845129,0.018061584170299825
2,30000,49,20330762,convex_hull,0.15671917408912453,0.15671917408912453,0.0
2,30000,49,20330762,packing,0.20114412134775522,0.20114412134775522,0.022435524963497988
2,30000,49,20330762,christoffel,0.14834135128619733,0.14834135128619733,0.00035123284760687665
4,30000,0,20330713,convex_hull,0.3820986837638028,0.3820986837638028,0.0
4,30000,0,20330713,packing,0.3552244164018965,0.3552244164018965,0.0
4,30000,0,20330713,christoffel,0.3071606639071164,0.3071606639071164,0.0
4,30000,1,20330714,convex_hull,0.6180101194410642,0.6180101194410642,0.0
4,30000,1,20330714,packing,0.5860456789178148,0.5860456789178148,0.0
4,30000,1,20330714,christoffel,0.36013297178970405,0.36013297178970405,0.0
4,30000,2,20330715,convex_hull,0.4661655873399541,0.4661655873399541,0.0
4,30000,2,20330715,packing,0.4702469769462681,0.4702469769462681,0.0
4,30000,2,20330715,christoffel,0.3071606639071167,0.3071606639071167,0.0
4,30000,3,20330716,convex_hull,0.44377816441274115,0.44377816441274115,0.0
4,30000,3,20330716,packing,0.4307072786146471,0.4307072786146471,0.0
4,30000,3,20330716,christoffel,0.41311111954171725,0.41311111954171725,0.0
4,30000,4,20330717,convex_hull,0.4558585570990718,0.4558585570990718,0.0
4,30000,4,20330717,packing,0.44446202646878624,0.44446202646878624,0.0
4,30000,4,20330717,christoffel,0.3071606639071167,0.3071606639071167,0.0
4,30000,5,20330718,convex_hull,0.5117974145437528,0.5117974145437528,0.0
4,30000,5,20330718,packing,0.488609858305649,0.488609858305649,0.0
4,30000,5,20330718,christoffel,0.3601329717897042,0.3601329717897042,0.0
4,30000,6,20330719,convex_hull,0.48149974410244273,0.48149974410244273,0.0
4,30000,6,20330719,packing,0.4628759720218209,0.4628759720218209,0.0
4,30000,6,20330719,christoffel,0.3601329717897042,0.3601329717897042,0.0
4,30000,7,20330720,convex_hull,0.47274996442914125,0.47274996442914125,0.0
4,30000,7,20330720,packing,0.432930505856816,0.432930505856816,0.0
4,30000,7,20330720,christoffel,0.2541978468326227,0.2541978468326227,0.0
4,30000,8,20330721,convex_hull,0.4472099903018293,0.4472099903018293,0.0
4,30000,8,20330721,packing,0.44823000802757107,0.44823000802757107,0.0
4,30000,8,20330721,christoffel,0.3601329717897042,0.3601329717897042,0.0
4,30000,9,20330722,convex_hull,0.33094478755412854,0.33094478755412854,0.0
4,30000,9,20330722,packing,0.32869972281301485,0.32869972281301485,0.0
4,30000,9,20330722,christoffel,0.3071606639071164,0.3071606639071164,0.0
4,30000,10,20330723,convex_hull,0.49612571640740105,0.49612571640740105,0.0
4,30000,10,20330723,packing,0.4464456137951329,0.4464456137951329,0.0
4,30000,10,20330723,christoffel,0.3601329717897042,0.3601329717897042,0.0
4,30000,11,20330724,convex_hull,0.4928295192688033,0.4928295192688033,0.0
4,30000,11,20330724,packing,0.47130759345295087,0.47130759345295087,0.0
4,30000,11,20330724,christoffel,0.2972103007585076,0.2972103007585076,0.0
4,30000,12,20330725,convex_hull,0.5946512796976622,0.5946512796976622,0.0
4,30000,12,20330725,packing,0.576385133289757,0.576385133289757,0.0
4,30000,12,20330725,christoffel,0.4131111195417165,0.4131111195417165,0.0
4,30000,13,20330726,convex_hull,0.4545362887488438,0.4545362887488438,0.0
4,30000,13,20330726,packing,0.4518406684220965,0.4518406684220965,0.0
4,30000,13,20330726,christoffel,0.4082451956863053,0.4082451956863053,0.0
4,30000,14,20330727,convex_hull,0.4492572347153688,0.4492572347153688,0.0
4,30000,14,20330727,packing,0.45171789510901333,0.45171789510901333,0.0
4,30000,14,20330727,christoffel,0.36013297178970405,0.36013297178970405,0.0
4,30000,15,20330728,convex_hull,0.4343687213807841,0.4343687213807841,0.0
4,30000,15,20330728,packing,0.4226843371188357,0.4226843371188357,0.0
4,30000,15,20330728,christoffel,0.3071606639071167,0.3071606639071167,0.0
4,30000,16,20330729,convex_hull,0.5005931002810826,0.5005931002810826,0.0
4,30000,16,20330729,packing,0.4783356242558124,0.4783356242558124,0.0
4,30000,16,20330729,christoffel,0.3601329717897042,0.3601329717897042,0.0
4,30000,17,20330730,convex_hull,0.5333664466937473,0.5333664466937473,0.0
4,30000,17,20330730,packing,0.49993184595517143,0.49993184595517143,0.0
4,30000,17,20330730,christoffel,0.41311111954171725,0.41311111954171725,0.0
4,30000,18,20330731,convex_hull,0.4052683189138715,0.4052683189138715,0.0
4,30000,18,20330731,packing,0.377218115639921,0.377218115639921,0.02233081270770776
4,30000,18,20330731,christoffel,0.2012520136980645,0.2012520136980645,0.013868929215800435
4,30000,19,20330732,convex_hull,0.5036605625873142,0.5036605625873142,0.0
4,30000,19,20330732,packing,0.4799863035962422,0.4799863035962422,0.0
4,30000,19,20330732,christoffel,0.31344112233014504,0.31344112233014504,0.0
4,30000,20,20330733,convex_hull,0.5349625117287673,0.5349625117287673,0.0
4,30000,20,20330733,packing,0.4850841753321555,0.4850841753321555,0.0
4,30000,20,20330733,christoffel,0.25419784683262214,0.25419784683262214,0.0
4,30000,21,20330734,convex_hull,0.5053924631978571,0.5053924631978571,0.0
4,30000,21,20330734,packing,0.4971042123981588,0.4971042123981588,0.0
4,30000,21,20330734,christoffel,0.3601329717897042,0.3601329717897042,0.0
4,30000,22,20330735,convex_hull,0.49209605072237433,0.49209605072237433,0.0
4,30000,22,20330735,packing,0.4717235169523731,0.4717235169523731,0.0
4,30000,22,20330735,christoffel,0.3071606639071164,0.3071606639071164,0.0
4,30000,23,20330736,convex_hull,0.481008065634134,0.481008065634134,0.0
4,30000,23,20330736,packing,0.4331420354393805,0.4331420354393805,0.0
4,30000,23,20330736,christoffel,0.2592873490404216,0.2592873490404216,0.0
4,30000,24,20330737,convex_hull,0.5189445399910324,0.5189445399910324,0.0
4,30000,24,20330737,packing,0.5377624857265123,0.5377624857265123,0.0
4,30000,24,20330737,christoffel,0.28801468217868326,0.28801468217868326,0.0
4,30000,25,20330738,convex_hull,0.4680196560564201,0.4680196560564201,0.0
4,30000,25,20330738,packing,0.4303904437401077,0.4303904437401077,0.0
4,30000,25,20330738,christoffel,0.36013297178970405,0.36013297178970405,0.0
4,30000,26,20330739,convex_hull,0.44980811000628573,0.44980811000628573,0.0
4,30000,26,20330739,packing,0.45198553638279354,0.45198553638279354,0.0
4,30000,26,20330739,christoffel,0.3071606639071167,0.3071606639071167,0.0
4,30000,27,20330740,convex_hull,0.4945295528985086,0.4945295528985086,0.0
4,30000,27,20330740,packing,0.46409015653545366,0.46409015653545366,0.004563859491544253
4,30000,27,20330740,christoffel,0.25419784683262214,0.25419784683262214,0.0
4,30000,28,20330741,convex_hull,0.43294924871018264,0.43294924871018264,0.0
4,30000,28,20330741,packing,0.3903730195459693,0.3903730195459693,0.0
4,30000,28,20330741,christoffel,0.3601329717897042,0.3601329717897042,0.0
4,30000,29,20330742,convex_hull,0.5060064742455753,0.5060064742455753,0.0
4,30000,29,20330742,packing,0.45958228304578913,0.45958228304578913,0.0
4,30000,29,20330742,christoffel,0.4660931158133979,0.4660931158133979,0.0
4,30000,30,20330743,convex_hull,0.5358308342714873,0.5358308342714873,0.0
4,30000,30,20330743,packing,0.5016230525019805,0.5016230525019805,0.0
4,30000,30,20330743,christoffel,0.4235490689945179,0.4235490689945179,0.0
4,30000,31,20330744,convex_hull,0.3490706468414291,0.3490706468414291,0.0
4,30000,31,20330744,packing,0.35960415452270944,0.35960415452270944,0.0
4,30000,31,20330744,christoffel,0.30609775474469164,0.30609775474469164,0.0
4,30000,32,20330745,convex_hull,0.5310325959376118,0.5310325959376118,0.0
4,30000,32,20330745,packing,0.4914197920340913,0.4914197920340913,0.0
4,30000,32,20330745,christoffel,0.41311111954171725,0.41311111954171725,0.0
4,30000,33,20330746,convex_hull,0.4603839252961433,0.4603839252961433,0.0
4,30000,33,20330746,packing,0.4473954406994486,0.4473954406994486,0.0
4,30000,33,20330746,christoffel,0.41311111954171725,0.41311111954171725,0.0
4,30000,34,20330747,convex_hull,0.518457428447716,0.518457428447716,0.0
4,30000,34,20330747,packing,0.4873099622491775,0.4873099622491775,0.0
4,30000,34,20330747,christoffel,0.3601329717897042,0.3601329717897042,0.0
4,30000,35,20330748,convex_hull,0.4975347386159036,0.4975347386159036,0.0
4,30000,35,20330748,packing,0.49180499270113237,0.49180499270113237,0.0
4,30000,35,20330748,christoffel,0.2541978468326227,0.2541978468326227,0.0
4,30000,36,20330749,convex_hull,0.4647366130677447,0.4647366130677447,0.0
4,30000,36,20330749,packing,0.44825765642196974,0.44825765642196974,0.0
4,30000,36,20330749,christoffel,0.3601329717897042,0.3601329717897042,0.0
4,30000,37,20330750,convex_hull,0.4506602751019279,0.4506602751019279,0.0
4,30000,37,20330750,packing,0.43175254734769725,0.43175254734769725,0.0
4,30000,37,20330750,christoffel,0.4131111195417165,0.4131111195417165,0.0
4,30000,38,20330751,convex_hull,0.40156229191581017,0.40156229191581017,0.0
4,30000,38,20330751,packing,0.4018785420236476,0.4018785420236476,0.0
4,30000,38,20330751,christoffel,0.3601329717897042,0.3601329717897042,0.0
4,30000,39,20330752,convex_hull,0.47375767124255314,0.47375767124255314,0.0
4,30000,39,20330752,packing,0.5252005040131696,0.5252005040131696,0.0
4,30000,39,20330752,christoffel,0.3071606639071167,0.3071606639071167,0.0
4,30000,40,20330753,convex_hull,0.35635152809249043,0.35635152809249043,0.0
4,30000,40,20330753,packing,0.3831265219190996,0.3831265219190996,0.0
4,30000,40,20330753,christoffel,0.14834135128619733,0.14834135128619733,0.0004246331801999446
4,30000,41,20330754,convex_hull,0.4810053168177652,0.4810053168177652,0.0
4,30000,41,20330754,packing,0.4333717221442807,0.4333717221442807,0.0
4,30000,41,20330754,christoffel,0.3071606639071167,0.3071606639071167,0.0
4,30000,42,20330755,convex_hull,0.33332822165825804,0.33332822165825804,0.0
4,30000,42,20330755,packing,0.35516844979573864,0.35516844979573864,0.0
4,30000,42,20330755,christoffel,0.3048419106819334,0.3048419106819334,0.0
4,30000,43,20330756,convex_hull,0.512579986540216,0.512579986540216,0.0
4,30000,43,20330756,packing,0.46621762428786034,0.46621762428786034,0.0
4,30000,43,20330756,christoffel,0.3071606639071164,0.3071606639071164,0.0
4,30000,44,20330757,convex_hull,0.47950139443861506,0.47950139443861506,0.0
4,30000,44,20330757,packing,0.47962303009986723,0.47962303009986723,0.0
4,30000,44,20330757,christoffel,0.36013297178970405,0.36013297178970405,0.0
4,30000,45,20330758,convex_hull,0.46762472330578725,0.46762472330578725,0.0
4,30000,45,20330758,packing,0.41762472330578726,0.41762472330578726,0.0
4,30000,45,20330758,christoffel,0.3071606639071167,0.3071606639071167,0.0
4,30000,46,20330759,convex_hull,0.5378376832052841,0.5378376832052841,0.0
4,30000,46,20330759,packing,0.5102962397932579,0.5102962397932579,0.0
4,30000,46,20330759,christoffel,0.41311111954171725,0.41311111954171725,0.0
4,30000,47,20330760,convex_hull,0.4571918787455914,0.4571918787455914,0.0
4,30000,47,20330760,packing,0.45159401926135573,0.45159401926135573,0.0
4,30000,47,20330760,christoffel,0.36013297178970405,0.36013297178970405,0.0
4,30000,48,20330761,convex_hull,0.4202640072502918,0.4202640072502918,0.0
4,30000,48,20330761,packing,0.4422640800572881,0.4422640800572881,0.0
4,30000,48,20330761,christoffel,0.35338269814205214,0.35338269814205214,0.0
4,30000,49,20330762,convex_hull,0.5344551306491494,0.5344551306491494,0.0
4,30000,49,20330762,packing,0.5122680417013228,0.5122680417013228,0.0
4,30000,49,20330762,christoffel,0.36013297178970405,0.36013297178970405,0.0
0,100000,0,20340713,convex_hull,0.004093677913470562,0.004093677913470562,0.0
0,100000,0,20340713,packing,0.04984285956561085,0.00856619201333212,0.04984285956561085
0,100000,0,20340713,christoffel,0.02133602604246193,0.02133602604246193,0.009140262949423958
0,100000,1,20340714,convex_hull,0.004325441588071015,0.004325441588071015,0.0
0,100000,1,20340714,packing,0.049903076280986,0.007188530150329345,0.049903076280986
0,100000,1,20340714,christoffel,0.019073937629714845,0.019073937629714845,0.008763886235589016
0,100000,2,20340715,convex_hull,0.004386822838324647,0.004386822838324647,0.0
0,100000,2,20340715,packing,0.04999891861792971,0.00779953160877471,0.04999891861792971
0,100000,2,20340715,christoffel,0.022288510434300593,0.022288510434300593,0.0061733313455689
0,100000,3,20340716,convex_hull,0.005176642642511648,0.005176642642511648,0.0
0,100000,3,20340716,packing,0.049969170563955,0.007413768843855757,0.049969170563955
0,100000,3,20340716,christoffel,0.019721190913446596,0.019721190913446596,0.0061733313455689
0,100000,4,20340717,convex_hull,0.005752502953484598,0.005752502953484598,0.0
0,100000,4,20340717,packing,0.04993088506613441,0.009466890071550278,0.04993088506613441
0,100000,4,20340717,christoffel,0.021892782492846936,0.021892782492846936,0.008443068162366068
0,100000,5,20340718,convex_hull,0.004757946018297501,0.004757946018297501,0.0
0,100000,5,20340718,packing,0.04999490157930331,0.006209706386301583,0.04999490157930331
0,100000,5,20340718,christoffel,0.019533039471580242,0.019533039471580242,0.009140262949423958
0,100000,6,20340719,convex_hull,0.00486739014156926,0.00486739014156926,0.0
0,100000,6,20340719,packing,0.049691360605754076,0.008390989099031396,0.049691360605754076
0,100000,6,20340719,christoffel,0.018709192503340986,0.018709192503340986,0.0061733313455689
0,100000,7,20340720,convex_hull,0.004313115464254408,0.004313115464254408,0.0
0,100000,7,20340720,packing,0.04999944371206898,0.005772457532819471,0.04999944371206898
0,100000,7,20340720,christoffel,0.02007441345637581,0.02007441345637581,0.008763886235589016
0,100000,8,20340721,convex_hull,0.004254916434413135,0.004254916434413135,0.0
0,100000,8,20340721,packing,0.04991057143417721,0.006754091397972575,0.04991057143417721
0,100000,8,20340721,christoffel,0.019599538771412336,0.019599538771412336,0.009140262949423958
0,100000,9,20340722,convex_hull,0.00386594470809656,0.00386594470809656,0.0
0,100000,9,20340722,packing,0.049983462226684705,0.005120820626578065,0.049983462226684705
0,100000,9,20340722,christoffel,0.019768895187943652,0.019768895187943652,0.009140262949423958
0,100000,10,20340723,convex_hull,0.004197928173878912,0.004197928173878912,0.0
0,100000,10,20340723,packing,0.049974069826040024,0.006604253702083909,0.049974069826040024
0,100000,10,20340723,christoffel,0.01928055210205105,0.01928055210205105,0.009140262949423855
0,100000,11,20340724,convex_hull,0.003714100835846583,0.003714100835846583,0.0
0,100000,11,20340724,packing,0.04984943561272448,0.007597820923506589,0.04984943561272448
0,100000,11,20340724,christoffel,0.01823061440346106,0.01823061440346106,0.008443068162366068
0,100000,12,20340725,convex_hull,0.005306381936304687,0.005306381936304687,0.0
0,100000,12,20340725,packing,0.04994156394558602,0.005813713087458629,0.04994156394558602
0,100000,12,20340725,christoffel,0.019436158299796436,0.019436158299796436,0.0061733313455689
0,100000,13,20340726,convex_hull,0.004873096960729816,0.004873096960729816,0.0
0,100000,13,20340726,packing,0.04994356354258889,0.00825061751034925,0.04994356354258889
0,100000,13,20340726,christoffel,0.01813665551803969,0.01813665551803969,0.009140262949423855
0,100000,14,20340727,convex_hull,0.005593035189599135,0.005593035189599135,0.0
0,100000,14,20340727,packing,0.04997707014544017,0.007975181630150104,0.04997707014544017
0,100000,14,20340727,christoffel,0.02004130765242046,0.02004130765242046,0.0061733313455689
0,100000,15,20340728,convex_hull,0.005253128579214459,0.005253128579214459,0.0
0,100000,15,20340728,packing,0.049825532674004136,0.007232653637374499,0.049825532674004136
0,100000,15,20340728,christoffel,0.019885326773561814,0.019885326773561814,0.0061733313455689
0,100000,16,20340729,convex_hull,0.004165875685133304,0.004165875685133304,0.0
0,100000,16,20340729,packing,0.04991686276817808,0.005786572217183476,0.04991686276817808
0,100000,16,20340729,christoffel,0.022286765024918557,0.022286765024918557,0.009140262949423958
0,100000,17,20340730,convex_hull,0.004530441970018306,0.004530441970018306,0.0
0,100000,17,20340730,packing,0.0499554540273186,0.011393609934776394,0.0499554540273186
0,100000,17,20340730,christoffel,0.01903578283206002,0.01903578283206002,0.0061733313455689
0,100000,18,20340731,convex_hull,0.005528277306122175,0.005528277306122175,0.0
0,100000,18,20340731,packing,0.04983703944896667,0.008748047013115795,0.04983703944896667
0,100000,18,20340731,christoffel,0.02048906843254426,0.02048906843254426,0.009140262949423855
0,100000,19,20340732,convex_hull,0.0032821762165572317,0.0032821762165572317,0.0
0,100000,19,20340732,packing,0.04988218139512923,0.011709964709812191,0.04988218139512923
0,100000,19,20340732,christoffel,0.01796367790599292,0.01796367790599292,0.011089869843868125
0,100000,20,20340733,convex_hull,0.004854512370403624,0.004854512370403624,0.0
0,100000,20,20340733,packing,0.04988377801410265,0.0075671243138154265,0.04988377801410265
0,100000,20,20340733,christoffel,0.02196186497077881,0.02196186497077881,0.009140262949423855
0,100000,21,20340734,convex_hull,0.004703651111355876,0.004703651111355876,0.0
0,100000,21,20340734,packing,0.049964681740855,0.006973606331208297,0.049964681740855
0,100000,21,20340734,christoffel,0.02230250764721134,0.02230250764721134,0.009140262949423958
0,100000,22,20340735,convex_hull,0.004910080019239899,0.004910080019239899,0.0
0,100000,22,20340735,packing,0.04977681782818921,0.006005098257293583,0.04977681782818921
0,100000,22,20340735,christoffel,0.019778855017094185,0.019778855017094185,0.0061733313455689
0,100000,23,20340736,convex_hull,0.004384252592820006,0.004384252592820006,0.0
0,100000,23,20340736,packing,0.04973904730863543,0.008421696365706319,0.04973904730863543
0,100000,23,20340736,christoffel,0.018057125610840257,0.018057125610840257,0.0061733313455689
0,100000,24,20340737,convex_hull,0.0047463673074682675,0.0047463673074682675,0.0
0,100000,24,20340737,packing,0.04999539615617987,0.0073681458006612174,0.04999539615617987
0,100000,24,20340737,christoffel,0.018012720643811365,0.018012720643811365,0.008443068162366068
0,100000,25,20340738,convex_hull,0.003065868181994475,0.003065868181994475,0.0
0,100000,25,20340738,packing,0.04981197703899465,0.007665125328679051,0.04981197703899465
0,100000,25,20340738,christoffel,0.018347853041116958,0.018347853041116958,0.009140262949423958
0,100000,26,20340739,convex_hull,0.0056429575826706865,0.0056429575826706865,0.0
0,100000,26,20340739,packing,0.049923805265642995,0.008926526341630402,0.049923805265642995
0,100000,26,20340739,christoffel,0.02034984414205904,0.02034984414205904,0.009140262949423958
0,100000,27,20340740,convex_hull,0.004833386454293518,0.004833386454293518,0.0
0,100000,27,20340740,packing,0.04992358966954358,0.004702832482597286,0.04992358966954358
0,100000,27,20340740,christoffel,0.019874930714767106,0.019874930714767106,0.009140262949423958
0,100000,28,20340741,convex_hull,0.0055751166498225835,0.0055751166498225835,0.0
0,100000,28,20340741,packing,0.04973655604490612,0.010334938510785138,0.04973655604490612
0,100000,28,20340741,christoffel,0.02105475882809526,0.02105475882809526,0.009140262949423958
0,100000,29,20340742,convex_hull,0.005326428938244126,0.005326428938244126,0.0
0,100000,29,20340742,packing,0.0498979149877361,0.01055456167959884,0.0498979149877361
0,100000,29,20340742,christoffel,0.022171259833750383,0.022171259833750383,0.009140262949423958
0,100000,30,20340743,convex_hull,0.003701878137383753,0.003701878137383753,0.0
0,100000,30,20340743,packing,0.04997833199649104,0.01458948862958058,0.04997833199649104
0,100000,30,20340743,christoffel,0.019399968329435826,0.019399968329435826,0.009140262949423855
0,100000,31,20340744,convex_hull,0.004993664130137899,0.004993664130137899,0.0
0,100000,31,20340744,packing,0.049919437178977955,0.007083240880936113,0.049919437178977955
0,100000,31,20340744,christoffel,0.02100905453672759,0.02100905453672759,0.009140262949423958
0,100000,32,20340745,convex_hull,0.005014131182074909,0.005014131182074909,0.0
0,100000,32,20340745,packing,0.04991374119858949,0.008557285937032776,0.04991374119858949
0,100000,32,20340745,christoffel,0.023314123895714352,0.023314123895714352,0.009140262949423958
0,100000,33,20340746,convex_hull,0.00423244924043354,0.00423244924043354,0.0
0,100000,33,20340746,packing,0.04997745250722696,0.008662312290234973,0.04997745250722696
0,100000,33,20340746,christoffel,0.019586098920975983,0.019586098920975983,0.0061733313455689
0,100000,34,20340747,convex_hull,0.005324831801007789,0.005324831801007789,0.0
0,100000,34,20340747,packing,0.049427822776313635,0.010689184133791427,0.049427822776313635
0,100000,34,20340747,christoffel,0.016788751179143732,0.016788751179143732,0.006173331345568603
0,100000,35,20340748,convex_hull,0.004887601216766053,0.004887601216766053,0.0
0,100000,35,20340748,packing,0.04983544288190922,0.00763588649529115,0.04983544288190922
0,100000,35,20340748,christoffel,0.018666892269790607,0.018666892269790607,0.01092352326571851
0,100000,36,20340749,convex_hull,0.004034724662230812,0.004034724662230812,0.0
0,100000,36,20340749,packing,0.049798449619268936,0.005633621994324101,0.049798449619268936
0,100000,36,20340749,christoffel,0.019703681599087836,0.019703681599087836,0.009140262949423855
0,100000,37,20340750,convex_hull,0.006018924858096715,0.006018924858096715,0.0
0,100000,37,20340750,packing,0.04978240338267037,0.0068443082840828895,0.04978240338267037
0,100000,37,20340750,christoffel,0.018390699197154702,0.018390699197154702,0.0061733313455689
0,100000,38,20340751,convex_hull,0.004063379087957677,0.004063379087957677,0.0
0,100000,38,20340751,packing,0.04999752183829209,0.006855481322033764,0.04999752183829209
0,100000,38,20340751,christoffel,0.020974875659888686,0.020974875659888686,0.009140262949423855
0,100000,39,20340752,convex_hull,0.0045858940073090744,0.0045858940073090744,0.0
0,100000,39,20340752,packing,0.04967875450138237,0.005806234813716192,0.04967875450138237
0,100000,39,20340752,christoffel,0.019389846342847895,0.019389846342847895,0.010923523265718408
0,100000,40,20340753,convex_hull,0.004725726715769856,0.004725726715769856,0.0
0,100000,40,20340753,packing,0.04971325915255154,0.005179202287853145,0.04971325915255154
0,100000,40,20340753,christoffel,0.021487351238865762,0.021487351238865762,0.010041765834816167
0,100000,41,20340754,convex_hull,0.004650914022526322,0.004650914022526322,0.0
0,100000,41,20340754,packing,0.04986516394318663,0.008690977231878796,0.04986516394318663
0,100000,41,20340754,christoffel,0.022577817125401765,0.022577817125401765,0.009140262949423958
0,100000,42,20340755,convex_hull,0.004661231467254693,0.004661231467254693,0.0
0,100000,42,20340755,packing,0.04990853687992769,0.0063819786436274326,0.04990853687992769
0,100000,42,20340755,christoffel,0.019879526854628776,0.019879526854628776,0.0061733313455689
0,100000,43,20340756,convex_hull,0.00455161513836758,0.00455161513836758,0.0
0,100000,43,20340756,packing,0.049903363233685216,0.004006344410297721,0.049903363233685216
0,100000,43,20340756,christoffel,0.02072681065957223,0.02072681065957223,0.0061733313455689
0,100000,44,20340757,convex_hull,0.004443277915486381,0.004443277915486381,0.0
0,100000,44,20340757,packing,0.049951094310234645,0.007853692325287952,0.049951094310234645
0,100000,44,20340757,christoffel,0.025534473149485804,0.025534473149485804,0.01092352326571851
0,100000,45,20340758,convex_hull,0.003933378110554086,0.003933378110554086,0.0
0,100000,45,20340758,packing,0.04990427260866781,0.007638442838001261,0.04990427260866781
0,100000,45,20340758,christoffel,0.018580543068744942,0.018580543068744942,0.0061733313455689
0,100000,46,20340759,convex_hull,0.0070790001154741496,0.0070790001154741496,0.0
0,100000,46,20340759,packing,0.04971384726978323,0.009076852689693458,0.04971384726978323
0,100000,46,20340759,christoffel,0.019217402557551604,0.019217402557551604,0.0061733313455689
0,100000,47,20340760,convex_hull,0.005134023090263774,0.005134023090263774,0.0
0,100000,47,20340760,packing,0.04999847089550791,0.006658913942474441,0.04999847089550791
0,100000,47,20340760,christoffel,0.022925244656543376,0.022925244656543376,0.008443068162366068
0,100000,48,20340761,convex_hull,0.0062955453655467114,0.0062955453655467114,0.0
0,100000,48,20340761,packing,0.04991596005355026,0.012156987982716506,0.04991596005355026
0,100000,48,20340761,christoffel,0.022553146552123565,0.022553146552123565,0.0061733313455689
0,100000,49,20340762,convex_hull,0.00486113566802907,0.00486113566802907,0.0
0,100000,49,20340762,packing,0.04997795445387876,0.0074114924004044305,0.04997795445387876
0,100000,49,20340762,christoffel,0.02185495641931571,0.02185495641931571,0.009140262949423958
2,100000,0,20340713,convex_hull,0.1356908628834442,0.1356908628834442,0.0
2,100000,0,20340713,packing,0.14199137101456588,0.14199137101456588,0.02542259184099782
2,100000,0,20340713,christoffel,0.09552432039018989,0.09552432039018989,0.00042463318020004493
2,100000,1,20340714,convex_hull,0.11297583116276104,0.11297583116276104,0.0
2,100000,1,20340714,packing,0.15030632495607305,0.15030632495607305,0.02891327557759288
2,100000,1,20340714,christoffel,0.08717835109400868,0.08717835109400868,0.01092352326571851
2,100000,2,20340715,convex_hull,0.11337712175632997,0.11337712175632997,0.0
2,100000,2,20340715,packing,0.1199240471844752,0.1199240471844752,0.025441249751244177
2,100000,2,20340715,christoffel,0.09671954848455831,0.09671954848455831,0.012222019140403719
2,100000,3,20340716,convex_hull,0.13222054922488355,0.13222054922488355,0.0
2,100000,3,20340716,packing,0.11043267358330335,0.11043267358330335,0.02727301906098134
2,100000,3,20340716,christoffel,0.07001659895857505,0.07001659895857505,0.03171798584288311
2,100000,4,20340717,convex_hull,0.1362169506889705,0.1362169506889705,0.0
2,100000,4,20340717,packing,0.12736904568268204,0.12736904568268204,0.030207245325283072
2,100000,4,20340717,christoffel,0.09671954848455849,0.09671954848455849,0.009140262949423958
2,100000,5,20340718,convex_hull,0.19242700431027382,0.19242700431027382,0.0
2,100000,5,20340718,packing,0.16260648012362705,0.16260648012362705,0.030375883109933444
2,100000,5,20340718,christoffel,0.1112348303284512,0.1112348303284512,0.013868929215800638
2,100000,6,20340719,convex_hull,0.13603106592049932,0.13603106592049932,0.0
2,100000,6,20340719,packing,0.13163676853336015,0.13163676853336015,0.030889161065686843
2,100000,6,20340719,christoffel,0.09552432039018989,0.09552432039018989,0.018061584170299825
2,100000,7,20340720,convex_hull,0.17526936180790548,0.17526936180790548,0.0
2,100000,7,20340720,packing,0.13963893311870518,0.13963893311870518,0.03425396158110516
2,100000,7,20340720,christoffel,0.09552432039018989,0.09552432039018989,0.023596637134869654
2,100000,8,20340721,convex_hull,0.18373120010947458,0.18373120010947458,0.0
2,100000,8,20340721,packing,0.1770980584386429,0.1770980584386429,0.028119482267176477
2,100000,8,20340721,christoffel,0.11817345523414605,0.11817345523414605,0.00035123284760687665
2,100000,9,20340722,convex_hull,0.17493041828852943,0.17493041828852943,0.0
2,100000,9,20340722,packing,0.16361776661998806,0.16361776661998806,0.03714152156047773
2,100000,9,20340722,christoffel,0.09552432039018989,0.09552432039018989,0.0004246331801999446
2,100000,10,20340723,convex_hull,0.14560209878412908,0.14560209878412908,0.0
2,100000,10,20340723,packing,0.12829641102671557,0.12829641102671557,0.028889071969841584
2,100000,10,20340723,christoffel,0.09552432039018947,0.09552432039018947,0.012222019140403719
2,100000,11,20340724,convex_hull,0.12060290244316166,0.12060290244316166,0.0
2,100000,11,20340724,packing,0.12350965802072629,0.12350965802072629,0.04216022163495481
2,100000,11,20340724,christoffel,0.08002718789732291,0.08002718789732291,0.02729505727501941
2,100000,12,20340725,convex_hull,0.1579986654735089,0.1579986654735089,0.0
2,100000,12,20340725,packing,0.13437876582385716,0.13437876582385716,0.041673220178431114
2,100000,12,20340725,christoffel,0.109928815363556,0.109928815363556,0.009140262949423855
2,100000,13,20340726,convex_hull,0.1769559356835993,0.1769559356835993,0.0
2,100000,13,20340726,packing,0.14078416079177575,0.14078416079177575,0.025646894503858597
2,100000,13,20340726,christoffel,0.1483413512861971,0.1483413512861971,0.0
2,100000,14,20340727,convex_hull,0.13535037346864404,0.13535037346864404,0.0
2,100000,14,20340727,packing,0.14587284629033515,0.14587284629033515,0.026478757095791283
2,100000,14,20340727,christoffel,0.09552432039018989,0.09552432039018989,0.018061584170299825
2,100000,15,20340728,convex_hull,0.10027987462435646,0.10027987462435646,0.0
2,100000,15,20340728,packing,0.12639188614012398,0.12639188614012398,0.035474989744068555
2,100000,15,20340728,christoffel,0.05141265297815537,0.05141265297815537,0.0317179858428828
2,100000,16,20340729,convex_hull,0.14294000968343168,0.14294000968343168,0.0
2,100000,16,20340729,packing,0.13432999057690886,0.13432999057690886,0.02810973011341411
2,100000,16,20340729,christoffel,0.09552432039018989,0.09552432039018989,0.00035123284760715123
2,100000,17,20340730,convex_hull,0.11952748439753086,0.11952748439753086,0.0
2,100000,17,20340730,packing,0.12387976320091758,0.12387976320091758,0.03466027557173845
2,100000,17,20340730,christoffel,0.09552432039018989,0.09552432039018989,0.026726075461524466
2,100000,18,20340731,convex_hull,0.10919533581071784,0.10919533581071784,0.0
2,100000,18,20340731,packing,0.12465250751941188,0.12465250751941188,0.0376962381251813
2,100000,18,20340731,christoffel,0.051412652978155345,0.051412652978155345,0.035727575325743284
2,100000,19,20340732,convex_hull,0.15409505151112923,0.15409505151112923,0.0
2,100000,19,20340732,packing,0.16563766125526208,0.16563766125526208,0.027792813105824044
2,100000,19,20340732,christoffel,0.09552432039018989,0.09552432039018989,0.010923523265718408
2,100000,20,20340733,convex_hull,0.10633570702708589,0.10633570702708589,0.0
2,100000,20,20340733,packing,0.12710911998150737,0.12710911998150737,0.023778498170205054
2,100000,20,20340733,christoffel,0.09552432039018947,0.09552432039018947,0.015255476712893627
2,100000,21,20340734,convex_hull,0.12158389544049343,0.12158389544049343,0.0
2,100000,21,20340734,packing,0.11249754839883754,0.11249754839883754,0.03960319389887468
2,100000,21,20340734,christoffel,0.07001659895857505,0.07001659895857505,0.0317179858428828
2,100000,22,20340735,convex_hull,0.10413161107965202,0.10413161107965202,0.0
2,100000,22,20340735,packing,0.10742526436246362,0.10742526436246362,0.03675025459671488
2,100000,22,20340735,christoffel,0.09497974629419467,0.09497974629419467,0.018061584170299825
2,100000,23,20340736,convex_hull,0.13390852090862668,0.13390852090862668,0.0
2,100000,23,20340736,packing,0.13024747812497073,0.13024747812497073,0.030471550414275184
2,100000,23,20340736,christoffel,0.09552432039018989,0.09552432039018989,0.013868929215800638
2,100000,24,20340737,convex_hull,0.10662306282373668,0.10662306282373668,0.0
2,100000,24,20340737,packing,0.1048215567938091,0.1048215567938091,0.035524114213896674
2,100000,24,20340737,christoffel,0.09552432039018989,0.09552432039018989,0.015255476712894116
2,100000,25,20340738,convex_hull,0.11699321480995684,0.11699321480995684,0.0
2,100000,25,20340738,packing,0.13122964833118494,0.13122964833118494,0.03079507861005415
2,100000,25,20340738,christoffel,0.09552432039018989,0.09552432039018989,0.012222019140403719
2,100000,26,20340739,convex_hull,0.11103036029135183,0.11103036029135183,0.0
2,100000,26,20340739,packing,0.1538596322095675,0.1538596322095675,0.024672626732619385
2,100000,26,20340739,christoffel,0.09497974629419424,0.09497974629419424,0.02893450926363878
2,100000,27,20340740,convex_hull,0.1385141963214018,0.1385141963214018,0.0
2,100000,27,20340740,packing,0.152859410922702,0.152859410922702,0.03617051216809286
2,100000,27,20340740,christoffel,0.09552432039018947,0.09552432039018947,0.023596637134869654
2,100000,28,20340741,convex_hull,0.1235621926029341,0.1235621926029341,0.0
2,100000,28,20340741,packing,0.15151290193207279,0.15151290193207279,0.0284053396437165
2,100000,28,20340741,christoffel,0.09552432039018989,0.09552432039018989,0.018061584170299825
2,100000,29,20340742,convex_hull,0.12843729533879492,0.12843729533879492,0.0
2,100000,29,20340742,packing,0.12532788391302013,0.12532788391302013,0.02960720332614386
2,100000,29,20340742,christoffel,0.09497974629419424,0.09497974629419424,0.00042463318020004493
2,100000,30,20340743,convex_hull,0.179502872901271,0.179502872901271,0.0
2,100000,30,20340743,packing,0.14611778011726784,0.14611778011726784,0.033436869181783235
2,100000,30,20340743,christoffel,0.09552432039018947,0.09552432039018947,0.023596637134869654
2,100000,31,20340744,convex_hull,0.14603133020169642,0.14603133020169642,0.0
2,100000,31,20340744,packing,0.13942602063952836,0.13942602063952836,0.025977780631533776
2,100000,31,20340744,christoffel,0.08422396076828925,0.08422396076828925,0.03393296904892279
2,100000,32,20340745,convex_hull,0.12881875932028222,0.12881875932028222,0.0
2,100000,32,20340745,packing,0.1372620169011558,0.1372620169011558,0.04039632155724515
2,100000,32,20340745,christoffel,0.07525726044940888,0.07525726044940888,0.04105483292932888
2,100000,33,20340746,convex_hull,0.15987555140454812,0.15987555140454812,0.0
2,100000,33,20340746,packing,0.13506916611286013,0.13506916611286013,0.024533201674354688
2,100000,33,20340746,christoffel,0.1483413512861971,0.1483413512861971,0.0
2,100000,34,20340747,convex_hull,0.17980671784212088,0.17980671784212088,0.0
2,100000,34,20340747,packing,0.174950891393939,0.174950891393939,0.025995865225789894
2,100000,34,20340747,christoffel,0.09552432039018947,0.09552432039018947,0.035727575325743284
2,100000,35,20340748,convex_hull,0.1490503859208562,0.1490503859208562,0.0
2,100000,35,20340748,packing,0.14305302279971316,0.14305302279971316,0.03395055032745897
2,100000,35,20340748,christoffel,0.09552432039018989,0.09552432039018989,0.018061584170299825
2,100000,36,20340749,convex_hull,0.1064729834708226,0.1064729834708226,0.0
2,100000,36,20340749,packing,0.15461558289668875,0.15461558289668875,0.030320803004872054
2,100000,36,20340749,christoffel,0.09552432039018947,0.09552432039018947,0.015255476712893732
2,100000,37,20340750,convex_hull,0.15937447375722866,0.15937447375722866,0.0
2,100000,37,20340750,packing,0.1572588435402822,0.1572588435402822,0.034579854514992237
2,100000,37,20340750,christoffel,0.09552432039018989,0.09552432039018989,0.009140262949423958
2,100000,38,20340751,convex_hull,0.13499064547511946,0.13499064547511946,0.0
2,100000,38,20340751,packing,0.11880804607930877,0.11880804607930877,0.03170539988249299
2,100000,38,20340751,christoffel,0.09552432039018989,0.09552432039018989,0.013868929215800638
2,100000,39,20340752,convex_hull,0.14233177615321785,0.14233177615321785,0.0
2,100000,39,20340752,packing,0.1602367659857838,0.1602367659857838,0.041519480626617256
2,100000,39,20340752,christoffel,0.09552432039018989,0.09552432039018989,0.01092352326571851
2,100000,40,20340753,convex_hull,0.14034813081729192,0.14034813081729192,0.0
2,100000,40,20340753,packing,0.11151569789280193,0.11151569789280193,0.036548913824328455
2,100000,40,20340753,christoffel,0.09552432039018947,0.09552432039018947,0.01092352326571851
2,100000,41,20340754,convex_hull,0.1380880591883629,0.1380880591883629,0.0
2,100000,41,20340754,packing,0.13686672340740896,0.13686672340740896,0.043359737169260226
2,100000,41,20340754,christoffel,0.09552432039018989,0.09552432039018989,0.010041765834815955
2,100000,42,20340755,convex_hull,0.15458312781127573,0.15458312781127573,0.0
2,100000,42,20340755,packing,0.14569954797535406,0.14569954797535406,0.02032940063833416
2,100000,42,20340755,christoffel,0.10405606805271382,0.10405606805271382,0.009140262949423958
2,100000,43,20340756,convex_hull,0.14959006970710748,0.14959006970710748,0.0
2,100000,43,20340756,packing,0.13701005523532056,0.13701005523532056,0.03379380563798928
2,100000,43,20340756,christoffel,0.09552432039018947,0.09552432039018947,0.018061584170299825
2,100000,44,20340757,convex_hull,0.1367835612032853,0.1367835612032853,0.0
2,100000,44,20340757,packing,0.1302653286098201,0.1302653286098201,0.03474581685900269
2,100000,44,20340757,christoffel,0.08422396076828886,0.08422396076828886,0.02854254087042433
2,100000,45,20340758,convex_hull,0.1341352184491188,0.1341352184491188,0.0
2,100000,45,20340758,packing,0.15336818543568298,0.15336818543568298,0.03337707762650571
2,100000,45,20340758,christoffel,0.11817345523414605,0.11817345523414605,0.0004246331801999446
2,100000,46,20340759,convex_hull,0.12863351029904177,0.12863351029904177,0.0
2,100000,46,20340759,packing,0.11890991722812742,0.11890991722812742,0.04189527473682497
2,100000,46,20340759,christoffel,0.09552432039018989,0.09552432039018989,0.00042463318020004493
2,100000,47,20340760,convex_hull,0.12189928562285661,0.12189928562285661,0.0
2,100000,47,20340760,packing,0.12630937600868059,0.12630937600868059,0.03678202695443922
2,100000,47,20340760,christoffel,0.09552432039018947,0.09552432039018947,0.013868929215800638
2,100000,48,20340761,convex_hull,0.14007017896150478,0.14007017896150478,0.0
2,100000,48,20340761,packing,0.16214611292370634,0.16214611292370634,0.02348779409796342
2,100000,48,20340761,christoffel,0.09552432039018947,0.09552432039018947,0.018061584170299825
2,100000,49,20340762,convex_hull,0.14865035683057062,0.14865035683057062,0.0
2,100000,49,20340762,packing,0.13277668143532706,0.13277668143532706,0.03166676583560335
2,100000,49,20340762,christoffel,0.09552432039018989,0.09552432039018989,0.018061584170299825
4,100000,0,20340713,convex_hull,0.3555454916434383,0.3555454916434383,0.0
4,100000,0,20340713,packing,0.31225605716683486,0.31225605716683486,0.02233672183390467
4,100000,0,20340713,christoffel,0.20125201369806528,0.20125201369806528,0.0
4,100000,1,20340714,convex_hull,0.31974100778003695,0.31974100778003695,0.0
4,100000,1,20340714,packing,0.3341296330426813,0.3341296330426813,0.0
4,100000,1,20340714,christoffel,0.24038436642076477,0.24038436642076477,0.0
4,100000,2,20340715,convex_hull,0.4493694661186526,0.4493694661186526,0.0
4,100000,2,20340715,packing,0.44831656498796507,0.44831656498796507,0.0
4,100000,2,20340715,christoffel,0.2541978468326227,0.2541978468326227,0.0
4,100000,3,20340716,convex_hull,0.27832849070177235,0.27832849070177235,0.0
4,100000,3,20340716,packing,0.26388938149343477,0.26388938149343477,0.0
4,100000,3,20340716,christoffel,0.20125201369806528,0.20125201369806528,0.0004246331801999446
4,100000,4,20340717,convex_hull,0.4634778481444212,0.4634778481444212,0.0
4,100000,4,20340717,packing,0.41718643069313455,0.41718643069313455,0.0
4,100000,4,20340717,christoffel,0.2541978468326227,0.2541978468326227,0.0
4,100000,5,20340718,convex_hull,0.3953136154621734,0.3953136154621734,0.0
4,100000,5,20340718,packing,0.39481525648886984,0.39481525648886984,0.0
4,100000,5,20340718,christoffel,0.3071606639071167,0.3071606639071167,0.0
4,100000,6,20340719,convex_hull,0.3408622738748622,0.3408622738748622,0.0
4,100000,6,20340719,packing,0.35652637088674594,0.35652637088674594,0.0
4,100000,6,20340719,christoffel,0.2541978468326227,0.2541978468326227,0.0
4,100000,7,20340720,convex_hull,0.39401113502541896,0.39401113502541896,0.0
4,100000,7,20340720,packing,0.3753868570493421,0.3753868570493421,0.0
4,100000,7,20340720,christoffel,0.3071606639071164,0.3071606639071164,0.0
4,100000,8,20340721,convex_hull,0.4780963829348384,0.4780963829348384,0.0
4,100000,8,20340721,packing,0.4530162852229986,0.4530162852229986,0.0
4,100000,8,20340721,christoffel,0.3071606639071164,0.3071606639071164,0.0
4,100000,9,20340722,convex_hull,0.4507935173529117,0.4507935173529117,0.0
4,100000,9,20340722,packing,0.4026379129214804,0.4026379129214804,0.0
4,100000,9,20340722,christoffel,0.2541978468326227,0.2541978468326227,0.0
4,100000,10,20340723,convex_hull,0.37124860395334486,0.37124860395334486,0.0
4,100000,10,20340723,packing,0.3593384878228934,0.3593384878228934,0.0
4,100000,10,20340723,christoffel,0.2541978468326227,0.2541978468326227,0.0
4,100000,11,20340724,convex_hull,0.3445803951683009,0.3445803951683009,0.0
4,100000,11,20340724,packing,0.33648784982315105,0.33648784982315105,0.0
4,100000,11,20340724,christoffel,0.2541978468326227,0.2541978468326227,0.0
4,100000,12,20340725,convex_hull,0.33747232137332844,0.33747232137332844,0.0
4,100000,12,20340725,packing,0.3380175273487008,0.3380175273487008,0.0
4,100000,12,20340725,christoffel,0.2541978468326227,0.2541978468326227,0.0
4,100000,13,20340726,convex_hull,0.3652663640591426,0.3652663640591426,0.0
4,100000,13,20340726,packing,0.319435366836791,0.319435366836791,0.0
4,100000,13,20340726,christoffel,0.36013297178970405,0.36013297178970405,0.0
4,100000,14,20340727,convex_hull,0.3709395315741158,0.3709395315741158,0.0
4,100000,14,20340727,packing,0.3264622692638131,0.3264622692638131,0.0
4,100000,14,20340727,christoffel,0.2541978468326227,0.2541978468326227,0.0
4,100000,15,20340728,convex_hull,0.41298205175947783,0.41298205175947783,0.0
4,100000,15,20340728,packing,0.3700676487887665,0.3700676487887665,0.0
4,100000,15,20340728,christoffel,0.2541978468326227,0.2541978468326227,0.0
4,100000,16,20340729,convex_hull,0.40847413973206187,0.40847413973206187,0.0
4,100000,16,20340729,packing,0.3780185809518851,0.3780185809518851,0.0
4,100000,16,20340729,christoffel,0.3071606639071164,0.3071606639071164,0.0
4,100000,17,20340730,convex_hull,0.36347594873937344,0.36347594873937344,0.0
4,100000,17,20340730,packing,0.334364766343099,0.334364766343099,0.0
4,100000,17,20340730,christoffel,0.20125201369806528,0.20125201369806528,0.0
4,100000,18,20340731,convex_hull,0.40848114648706096,0.40848114648706096,0.0
4,100000,18,20340731,packing,0.3679750541260887,0.3679750541260887,0.0
4,100000,18,20340731,christoffel,0.2592873490404216,0.2592873490404216,0.0
4,100000,19,20340732,convex_hull,0.36916470982231336,0.36916470982231336,0.0
4,100000,19,20340732,packing,0.3353407549474608,0.3353407549474608,0.0
4,100000,19,20340732,christoffel,0.20125201369806528,0.20125201369806528,0.0
4,100000,20,20340733,convex_hull,0.37457415400706484,0.37457415400706484,0.0
4,100000,20,20340733,packing,0.349533745925217,0.349533745925217,0.0
4,100000,20,20340733,christoffel,0.3071606639071167,0.3071606639071167,0.0
4,100000,21,20340734,convex_hull,0.3323853981248039,0.3323853981248039,0.0
4,100000,21,20340734,packing,0.3242403331782342,0.3242403331782342,0.00021060564285058092
4,100000,21,20340734,christoffel,0.20125201369806528,0.20125201369806528,0.0
4,100000,22,20340735,convex_hull,0.42431190859672524,0.42431190859672524,0.0
4,100000,22,20340735,packing,0.39004649314517775,0.39004649314517775,0.0
4,100000,22,20340735,christoffel,0.3071606639071167,0.3071606639071167,0.0
4,100000,23,20340736,convex_hull,0.363615282812058,0.363615282812058,0.0
4,100000,23,20340736,packing,0.35065102418975863,0.35065102418975863,0.0
4,100000,23,20340736,christoffel,0.2541978468326227,0.2541978468326227,0.0
4,100000,24,20340737,convex_hull,0.4012077100043674,0.4012077100043674,0.0
4,100000,24,20340737,packing,0.3775534217335898,0.3775534217335898,0.0
4,100000,24,20340737,christoffel,0.3071606639071167,0.3071606639071167,0.0
4,100000,25,20340738,convex_hull,0.40284195397156825,0.40284195397156825,0.0
4,100000,25,20340738,packing,0.3592730972990424,0.3592730972990424,0.0
4,100000,25,20340738,christoffel,0.3071606639071164,0.3071606639071164,0.0
4,100000,26,20340739,convex_hull,0.3834682926526423,0.3834682926526423,0.0
4,100000,26,20340739,packing,0.3372396377576259,0.3372396377576259,0.0
4,100000,26,20340739,christoffel,0.2541978468326227,0.2541978468326227,0.0
4,100000,27,20340740,convex_hull,0.3997962054137195,0.3997962054137195,0.0
4,100000,27,20340740,packing,0.410989051833778,0.410989051833778,0.0
4,100000,27,20340740,christoffel,0.3071606639071167,0.3071606639071167,0.0
4,100000,28,20340741,convex_hull,0.3839914887763511,0.3839914887763511,0.0
4,100000,28,20340741,packing,0.3666624336108454,0.3666624336108454,0.0
4,100000,28,20340741,christoffel,0.25419784683262214,0.25419784683262214,0.0
4,100000,29,20340742,convex_hull,0.27238976901830975,0.27238976901830975,0.0
4,100000,29,20340742,packing,0.26629391622936077,0.26629391622936077,0.0
4,100000,29,20340742,christoffel,0.20125201369806528,0.20125201369806528,0.0
4,100000,30,20340743,convex_hull,0.3885306512922301,0.3885306512922301,0.0
4,100000,30,20340743,packing,0.3803298461320186,0.3803298461320186,0.0
4,100000,30,20340743,christoffel,0.3071606639071167,0.3071606639071167,0.0
4,100000,31,20340744,convex_hull,0.3089599444585029,0.3089599444585029,0.0
4,100000,31,20340744,packing,0.3465337666386556,0.3465337666386556,0.0
4,100000,31,20340744,christoffel,0.2541978468326227,0.2541978468326227,0.0
4,100000,32,20340745,convex_hull,0.33461392107730303,0.33461392107730303,0.0
4,100000,32,20340745,packing,0.3797467662777572,0.3797467662777572,0.0
4,100000,32,20340745,christoffel,0.2541978468326227,0.2541978468326227,0.0
4,100000,33,20340746,convex_hull,0.4270840172323268,0.4270840172323268,0.0
4,100000,33,20340746,packing,0.3770840172323268,0.3770840172323268,0.0
4,100000,33,20340746,christoffel,0.3071606639071167,0.3071606639071167,0.0
4,100000,34,20340747,convex_hull,0.33917552916203425,0.33917552916203425,0.0
4,100000,34,20340747,packing,0.34259565951165544,0.34259565951165544,0.0
4,100000,34,20340747,christoffel,0.25419784683262214,0.25419784683262214,0.0
4,100000,35,20340748,convex_hull,0.3940535614600273,0.3940535614600273,0.0
4,100000,35,20340748,packing,0.3676900837568494,0.3676900837568494,0.0
4,100000,35,20340748,christoffel,0.3071606639071167,0.3071606639071167,0.0
4,100000,36,20340749,convex_hull,0.3481899795739275,0.3481899795739275,0.0
4,100000,36,20340749,packing,0.364793986200986,0.364793986200986,0.0
4,100000,36,20340749,christoffel,0.2541978468326227,0.2541978468326227,0.0
4,100000,37,20340750,convex_hull,0.44030366059056936,0.44030366059056936,0.0
4,100000,37,20340750,packing,0.3974745071075636,0.3974745071075636,0.0
4,100000,37,20340750,christoffel,0.36013297178970405,0.36013297178970405,0.0
4,100000,38,20340751,convex_hull,0.4354971253431648,0.4354971253431648,0.0
4,100000,38,20340751,packing,0.39442119274172743,0.39442119274172743,0.0
4,100000,38,20340751,christoffel,0.3071606639071164,0.3071606639071164,0.0
4,100000,39,20340752,convex_hull,0.35050206015192814,0.35050206015192814,0.0
4,100000,39,20340752,packing,0.34475723492147714,0.34475723492147714,0.0
4,100000,39,20340752,christoffel,0.25419784683262214,0.25419784683262214,0.0
4,100000,40,20340753,convex_hull,0.375949094211876,0.375949094211876,0.0
4,100000,40,20340753,packing,0.3334277137855133,0.3334277137855133,0.0
4,100000,40,20340753,christoffel,0.2541978468326227,0.2541978468326227,0.0
4,100000,41,20340754,convex_hull,0.3486856176793027,0.3486856176793027,0.0
4,100000,41,20340754,packing,0.3285678507009114,0.3285678507009114,0.0
4,100000,41,20340754,christoffel,0.2541978468326227,0.2541978468326227,0.0
4,100000,42,20340755,convex_hull,0.3584918418515573,0.3584918418515573,0.0
4,100000,42,20340755,packing,0.32112311244098474,0.32112311244098474,0.0
4,100000,42,20340755,christoffel,0.2541978468326227,0.2541978468326227,0.0
4,100000,43,20340756,convex_hull,0.4120474990440225,0.4120474990440225,0.0
4,100000,43,20340756,packing,0.4220452629549205,0.4220452629549205,0.0
4,100000,43,20340756,christoffel,0.3071606639071167,0.3071606639071167,0.0
4,100000,44,20340757,convex_hull,0.398745163439225,0.398745163439225,0.0
4,100000,44,20340757,packing,0.3878517551973753,0.3878517551973753,0.0
4,100000,44,20340757,christoffel,0.2541978468326227,0.2541978468326227,0.0
4,100000,45,20340758,convex_hull,0.34222861932106213,0.34222861932106213,0.0
4,100000,45,20340758,packing,0.3345244939427403,0.3345244939427403,0.0
4,100000,45,20340758,christoffel,0.3415044924436521,0.3415044924436521,0.0
4,100000,46,20340759,convex_hull,0.49305798568536335,0.49305798568536335,0.0
4,100000,46,20340759,packing,0.4748674262410753,0.4748674262410753,0.0
4,100000,46,20340759,christoffel,0.3601329717897042,0.3601329717897042,0.0
4,100000,47,20340760,convex_hull,0.36158565031611467,0.36158565031611467,0.0
4,100000,47,20340760,packing,0.32434295089107734,0.32434295089107734,0.0
4,100000,47,20340760,christoffel,0.2012520136980645,0.2012520136980645,0.015255476712893732
4,100000,48,20340761,convex_hull,0.3793978114210435,0.3793978114210435,0.0
4,100000,48,20340761,packing,0.3825061097137918,0.3825061097137918,0.0
4,100000,48,20340761,christoffel,0.3071606639071167,0.3071606639071167,0.0
4,100000,49,20340762,convex_hull,0.3017178632545717,0.3017178632545717,0.0
4,100000,49,20340762,packing,0.29473532122944585,0.29473532122944585,0.0
4,100000,49,20340762,christoffel,0.21430759638199048,0.21430759638199048,0.0
0,300000,0,20350713,convex_hull,0.00231122520796063,0.00231122520796063,0.0
0,300000,0,20350713,packing,0.04997979221161497,0.004904496433258361,0.04997979221161497
0,300000,0,20350713,christoffel,0.016224449212458216,0.016224449212458216,0.0061733313455689
0,300000,1,20350714,convex_hull,0.0026716354920938634,0.0026716354920938634,0.0
0,300000,1,20350714,packing,0.04992500477965256,0.004495750509127726,0.04992500477965256
0,300000,1,20350714,christoffel,0.01278956446086149,0.01278956446086149,0.0061733313455689
0,300000,2,20350715,convex_hull,0.002007123551095158,0.002007123551095158,0.0
0,300000,2,20350715,packing,0.04999462677672356,0.0035994005656836345,0.04999462677672356
0,300000,2,20350715,christoffel,0.011780069112671493,0.011780069112671493,0.0061733313455689
0,300000,3,20350716,convex_hull,0.0036390080178178128,0.0036390080178178128,0.0
0,300000,3,20350716,packing,0.049845600085516084,0.00367974566429026,0.049845600085516084
0,300000,3,20350716,christoffel,0.012805412375367722,0.012805412375367722,0.009140262949423958
0,300000,4,20350717,convex_hull,0.0024652151911414228,0.0024652151911414228,0.0
0,300000,4,20350717,packing,0.04981519794027989,0.002972623058839427,0.04981519794027989
0,300000,4,20350717,christoffel,0.011711979947010832,0.011711979947010832,0.0061733313455689
0,300000,5,20350718,convex_hull,0.0022825618102082683,0.0022825618102082683,0.0
0,300000,5,20350718,packing,0.04999816829131215,0.004831835973193338,0.04999816829131215
0,300000,5,20350718,christoffel,0.013059104598474454,0.013059104598474454,0.0061733313455689
0,300000,6,20350719,convex_hull,0.003869759981167093,0.003869759981167093,0.0
0,300000,6,20350719,packing,0.04993606658503835,0.002410477226166302,0.04993606658503835
0,300000,6,20350719,christoffel,0.012349356978556422,0.012349356978556422,0.0061733313455689
0,300000,7,20350720,convex_hull,0.0029747863909465435,0.0029747863909465435,0.0
0,300000,7,20350720,packing,0.049963508834146686,0.002872845239505338,0.049963508834146686
0,300000,7,20350720,christoffel,0.013617280443922138,0.013617280443922138,0.008443068162366068
0,300000,8,20350721,convex_hull,0.002669662580947708,0.002669662580947708,0.0
0,300000,8,20350721,packing,0.04999372380145167,0.006258758606428966,0.04999372380145167
0,300000,8,20350721,christoffel,0.01264095862789976,0.01264095862789976,0.0061733313455689
0,300000,9,20350722,convex_hull,0.0023151986762548105,0.0023151986762548105,0.0
0,300000,9,20350722,packing,0.04977173738275509,0.004457023018853708,0.04977173738275509
0,300000,9,20350722,christoffel,0.014713415281275259,0.014713415281275259,0.0061733313455689
0,300000,10,20350723,convex_hull,0.0021905520922572545,0.0021905520922572545,0.0
0,300000,10,20350723,packing,0.049990446215488316,0.005143714020355926,0.049990446215488316
0,300000,10,20350723,christoffel,0.012321835161970747,0.012321835161970747,0.008443068162366068
0,300000,11,20350724,convex_hull,0.0019525190973371169,0.0019525190973371169,0.0
0,300000,11,20350724,packing,0.04989244043219476,0.004180106933887262,0.04989244043219476
0,300000,11,20350724,christoffel,0.011159826461124761,0.011159826461124761,0.009140262949423855
0,300000,12,20350725,convex_hull,0.0025051722838596692,0.0025051722838596692,0.0
0,300000,12,20350725,packing,0.04998880771986913,0.003073065518033595,0.04998880771986913
0,300000,12,20350725,christoffel,0.01487454963109369,0.01487454963109369,0.0061733313455689
0,300000,13,20350726,convex_hull,0.002059637193516383,0.002059637193516383,0.0
0,300000,13,20350726,packing,0.04987236642142884,0.0037494311533875085,0.04987236642142884
0,300000,13,20350726,christoffel,0.0127863705387286,0.0127863705387286,0.0061733313455689
0,300000,14,20350727,convex_hull,0.002543922838507392,0.002543922838507392,0.0
0,300000,14,20350727,packing,0.049976544869760886,0.0043058399938790196,0.049976544869760886
0,300000,14,20350727,christoffel,0.010956307940013057,0.010956307940013057,0.0061733313455689
0,300000,15,20350728,convex_hull,0.0022585333311199063,0.0022585333311199063,0.0
0,300000,15,20350728,packing,0.04995837287131347,0.003693278663445619,0.04995837287131347
0,300000,15,20350728,christoffel,0.011517622349003751,0.011517622349003751,0.0061733313455689
0,300000,16,20350729,convex_hull,0.0023958372581571554,0.0023958372581571554,0.0
0,300000,16,20350729,packing,0.049980789320419994,0.0037815228499075287,0.049980789320419994
0,300000,16,20350729,christoffel,0.012596551079252599,0.012596551079252599,0.0061733313455689
0,300000,17,20350730,convex_hull,0.002601158487717814,0.002601158487717814,0.0
0,300000,17,20350730,packing,0.0498868060457438,0.0031918863021661165,0.0498868060457438
0,300000,17,20350730,christoffel,0.012696561847229317,0.012696561847229317,0.0061733313455689
0,300000,18,20350731,convex_hull,0.002353115181796863,0.002353115181796863,0.0
0,300000,18,20350731,packing,0.049971564902294485,0.0029556703162113146,0.049971564902294485
0,300000,18,20350731,christoffel,0.01212173156558965,0.01212173156558965,0.0061733313455689
0,300000,19,20350732,convex_hull,0.0030347898566142734,0.0030347898566142734,0.0
0,300000,19,20350732,packing,0.04987091115056386,0.003586333858752601,0.04987091115056386
0,300000,19,20350732,christoffel,0.011712174006926281,0.011712174006926281,0.009140262949423855
0,300000,20,20350733,convex_hull,0.002627973288752529,0.002627973288752529,0.0
0,300000,20,20350733,packing,0.04999670438623505,0.00300152976378229,0.04999670438623505
0,300000,20,20350733,christoffel,0.012646380093541383,0.012646380093541383,0.0061733313455689
0,300000,21,20350734,convex_hull,0.0025934157459066272,0.0025934157459066272,0.0
0,300000,21,20350734,packing,0.049887126082304944,0.00506312807137841,0.049887126082304944
0,300000,21,20350734,christoffel,0.01171003702268915,0.01171003702268915,0.0061733313455689
0,300000,22,20350735,convex_hull,0.0021905277630036666,0.0021905277630036666,0.0
0,300000,22,20350735,packing,0.04991240732726987,0.003793712996900296,0.04991240732726987
0,300000,22,20350735,christoffel,0.011767447198809853,0.011767447198809853,0.0061733313455689
0,300000,23,20350736,convex_hull,0.001816943937644708,0.001816943937644708,0.0
0,300000,23,20350736,packing,0.049973249500361194,0.0052230499345787135,0.049973249500361194
0,300000,23,20350736,christoffel,0.011779504279252322,0.011779504279252322,0.0061733313455689
0,300000,24,20350737,convex_hull,0.002439518384864658,0.002439518384864658,0.0
0,300000,24,20350737,packing,0.049901678565643204,0.0022210841345523466,0.049901678565643204
0,300000,24,20350737,christoffel,0.011790835923655275,0.011790835923655275,0.0061733313455689
0,300000,25,20350738,convex_hull,0.00230086412909082,0.00230086412909082,0.0
0,300000,25,20350738,packing,0.04998012356833126,0.00587841377482181,0.04998012356833126
0,300000,25,20350738,christoffel,0.010727276784548762,0.010727276784548762,0.008763886235589016
0,300000,26,20350739,convex_hull,0.0029536226812099916,0.0029536226812099916,0.0
0,300000,26,20350739,packing,0.04996173447029184,0.003607655793858737,0.04996173447029184
0,300000,26,20350739,christoffel,0.012499493139910712,0.012499493139910712,0.0061733313455689
0,300000,27,20350740,convex_hull,0.0029210362975588978,0.0029210362975588978,0.0
0,300000,27,20350740,packing,0.04989400843055303,0.005793031049181004,0.04989400843055303
0,300000,27,20350740,christoffel,0.012696990248708146,0.012696990248708146,0.0061733313455689
0,300000,28,20350741,convex_hull,0.002143277914887343,0.002143277914887343,0.0
0,300000,28,20350741,packing,0.049896066247115234,0.004344180900505541,0.049896066247115234
0,300000,28,20350741,christoffel,0.011404839514254845,0.011404839514254845,0.0061733313455689
0,300000,29,20350742,convex_hull,0.002305521320336637,0.002305521320336637,0.0
0,300000,29,20350742,packing,0.04995985247206747,0.0024909130142773545,0.04995985247206747
0,300000,29,20350742,christoffel,0.012543764418571645,0.012543764418571645,0.0061733313455689
0,300000,30,20350743,convex_hull,0.0024380100124995908,0.0024380100124995908,0.0
0,300000,30,20350743,packing,0.049910004738022984,0.004637260369191376,0.049910004738022984
0,300000,30,20350743,christoffel,0.012610075151330499,0.012610075151330499,0.006173331345568603
0,300000,31,20350744,convex_hull,0.0018986306610008442,0.0018986306610008442,0.0
0,300000,31,20350744,packing,0.049999251543112244,0.0024009909013760836,0.049999251543112244
0,300000,31,20350744,christoffel,0.012486800919023938,0.012486800919023938,0.008443068162366068
0,300000,32,20350745,convex_hull,0.0016855947723916846,0.0016855947723916846,0.0
0,300000,32,20350745,packing,0.04988544755409974,0.00432531552554577,0.04988544755409974
0,300000,32,20350745,christoffel,0.014356454050515723,0.014356454050515723,0.008443068162366068
0,300000,33,20350746,convex_hull,0.0017861022469200854,0.0017861022469200854,0.0
0,300000,33,20350746,packing,0.04998848388725041,0.00474933562475871,0.04998848388725041
0,300000,33,20350746,christoffel,0.012604925549423869,0.012604925549423869,0.009140262949423855
0,300000,34,20350747,convex_hull,0.003192355295062577,0.003192355295062577,0.0
0,300000,34,20350747,packing,0.0499304106420001,0.004087465999633527,0.0499304106420001
0,300000,34,20350747,christoffel,0.011259370163458106,0.011259370163458106,0.0061733313455689
0,300000,35,20350748,convex_hull,0.0028154860249947795,0.0028154860249947795,0.0
0,300000,35,20350748,packing,0.04990096880086581,0.0031509349215439603,0.04990096880086581
0,300000,35,20350748,christoffel,0.011707643110519179,0.011707643110519179,0.008443068162366068
0,300000,36,20350749,convex_hull,0.002332430148025802,0.002332430148025802,0.0
0,300000,36,20350749,packing,0.04982924206661299,0.005470214245431031,0.04982924206661299
0,300000,36,20350749,christoffel,0.011859506044341763,0.011859506044341763,0.0061733313455689
0,300000,37,20350750,convex_hull,0.0020228263520753347,0.0020228263520753347,0.0
0,300000,37,20350750,packing,0.049826451155832174,0.00454540421641015,0.049826451155832174
0,300000,37,20350750,christoffel,0.012396306266111035,0.012396306266111035,0.0061733313455689
0,300000,38,20350751,convex_hull,0.003530120293092247,0.003530120293092247,0.0
0,300000,38,20350751,packing,0.04999673580337549,0.002907364671539972,0.04999673580337549
0,300000,38,20350751,christoffel,0.01278831510591901,0.01278831510591901,0.0061733313455689
0,300000,39,20350752,convex_hull,0.0024441397352747557,0.0024441397352747557,0.0
0,300000,39,20350752,packing,0.04987492797038784,0.00529891123561161,0.04987492797038784
0,300000,39,20350752,christoffel,0.014850673237584641,0.014850673237584641,0.0061733313455689
0,300000,40,20350753,convex_hull,0.0025745791397623913,0.0025745791397623913,0.0
0,300000,40,20350753,packing,0.04991922573896934,0.003379831810254176,0.04991922573896934
0,300000,40,20350753,christoffel,0.010971903569176317,0.010971903569176317,0.0061733313455689
0,300000,41,20350754,convex_hull,0.0026582560972833983,0.0026582560972833983,0.0
0,300000,41,20350754,packing,0.04999050866274096,0.0059535853385571935,0.04999050866274096
0,300000,41,20350754,christoffel,0.014676467632689495,0.014676467632689495,0.0061733313455689
0,300000,42,20350755,convex_hull,0.0023684973361985323,0.0023684973361985323,0.0
0,300000,42,20350755,packing,0.049971880261867774,0.0032615421399924266,0.049971880261867774
0,300000,42,20350755,christoffel,0.011908953540387287,0.011908953540387287,0.0061733313455689
0,300000,43,20350756,convex_hull,0.0025806100005556186,0.0025806100005556186,0.0
0,300000,43,20350756,packing,0.04999444561929778,0.0038102142400940134,0.04999444561929778
0,300000,43,20350756,christoffel,0.013950658409998639,0.013950658409998639,0.0061733313455689
0,300000,44,20350757,convex_hull,0.0021775010229092,0.0021775010229092,0.0
0,300000,44,20350757,packing,0.04995353099085986,0.004048220616867576,0.04995353099085986
0,300000,44,20350757,christoffel,0.011343255708884847,0.011343255708884847,0.0061733313455689
0,300000,45,20350758,convex_hull,0.002276179241945896,0.002276179241945896,0.0
0,300000,45,20350758,packing,0.04991540334510089,0.005070753423261548,0.04991540334510089
0,300000,45,20350758,christoffel,0.010971238925495987,0.010971238925495987,0.0061733313455689
0,300000,46,20350759,convex_hull,0.0021270176857550254,0.0021270176857550254,0.0
0,300000,46,20350759,packing,0.049957078250272624,0.004842578486386057,0.049957078250272624
0,300000,46,20350759,christoffel,0.012662031512034062,0.012662031512034062,0.0061733313455689
0,300000,47,20350760,convex_hull,0.002538205102785197,0.002538205102785197,0.0
0,300000,47,20350760,packing,0.04990617139303283,0.0038247115390053973,0.04990617139303283
0,300000,47,20350760,christoffel,0.01524133900073256,0.01524133900073256,0.009140262949423855
0,300000,48,20350761,convex_hull,0.002660969142946964,0.002660969142946964,0.0
0,300000,48,20350761,packing,0.04994942365722621,0.002339907506638421,0.04994942365722621
0,300000,48,20350761,christoffel,0.011089867895995692,0.011089867895995692,0.0061733313455689
0,300000,49,20350762,convex_hull,0.0021986601480838337,0.0021986601480838337,0.0
0,300000,49,20350762,packing,0.049941998560432466,0.0015637980918060124,0.049941998560432466
0,300000,49,20350762,christoffel,0.013979747268541336,0.013979747268541336,0.0061733313455689
2,300000,0,20350713,convex_hull,0.08530373805360732,0.08530373805360732,0.0
2,300000,0,20350713,packing,0.0783975205390189,0.0783975205390189,0.03625551419973316
2,300000,0,20350713,christoffel,0.0752572604494091,0.0752572604494091,0.023596637134869453
2,300000,1,20350714,convex_hull,0.09962987425143918,0.09962987425143918,0.0
2,300000,1,20350714,packing,0.11417660140097473,0.11417660140097473,0.03809484979617839
2,300000,1,20350714,christoffel,0.09512883682826148,0.09512883682826148,0.018061584170299825
2,300000,2,20350715,convex_hull,0.09422453030102668,0.09422453030102668,0.0
2,300000,2,20350715,packing,0.10706195349625237,0.10706195349625237,0.03744386770112962
2,300000,2,20350715,christoffel,0.09202250902680842,0.09202250902680842,0.01909783179449197
2,300000,3,20350716,convex_hull,0.11957282601524331,0.11957282601524331,0.0
2,300000,3,20350716,packing,0.1107773453528771,0.1107773453528771,0.04025558013632935
2,300000,3,20350716,christoffel,0.07525726044940888,0.07525726044940888,0.035727575325743284
2,300000,4,20350717,convex_hull,0.08931381081904319,0.08931381081904319,0.0
2,300000,4,20350717,packing,0.08372488580504923,0.08372488580504923,0.0329028279385164
2,300000,4,20350717,christoffel,0.07525726044940888,0.07525726044940888,0.018061584170299825
2,300000,5,20350718,convex_hull,0.087938779234101,0.087938779234101,0.0
2,300000,5,20350718,packing,0.09147592517704918,0.09147592517704918,0.03571930913373561
2,300000,5,20350718,christoffel,0.057749898635325946,0.057749898635325946,0.035727575325743284
2,300000,6,20350719,convex_hull,0.09913720376286994,0.09913720376286994,0.0
2,300000,6,20350719,packing,0.09224736373754937,0.09224736373754937,0.03664973065431698
2,300000,6,20350719,christoffel,0.0752572604494091,0.0752572604494091,0.018061584170299825
2,300000,7,20350720,convex_hull,0.09587832445593991,0.09587832445593991,0.0
2,300000,7,20350720,packing,0.09365370118033133,0.09365370118033133,0.032634309295577424
2,300000,7,20350720,christoffel,0.09552432039018947,0.09552432039018947,0.018061584170299825
2,300000,8,20350721,convex_hull,0.08057125507615842,0.08057125507615842,0.0
2,300000,8,20350721,packing,0.08328189029678183,0.08328189029678183,0.040419975465990854
2,300000,8,20350721,christoffel,0.08320656489112911,0.08320656489112911,0.02893450926363878
2,300000,9,20350722,convex_hull,0.09136408280280173,0.09136408280280173,0.0
2,300000,9,20350722,packing,0.07399375677347192,0.07399375677347192,0.04313528125802635
2,300000,9,20350722,christoffel,0.07001659895857486,0.07001659895857486,0.023596637134869654
2,300000,10,20350723,convex_hull,0.09744239174995667,0.09744239174995667,0.0
2,300000,10,20350723,packing,0.10208312699642562,0.10208312699642562,0.036296209768964305
2,300000,10,20350723,christoffel,0.09552432039018989,0.09552432039018989,0.018061584170299825
2,300000,11,20350724,convex_hull,0.06856871499774955,0.06856871499774955,0.0
2,300000,11,20350724,packing,0.0671072902234958,0.0671072902234958,0.037118990607026836
2,300000,11,20350724,christoffel,0.09234479415487999,0.09234479415487999,0.018061584170299825
2,300000,12,20350725,convex_hull,0.09215196911787947,0.09215196911787947,0.0
2,300000,12,20350725,packing,0.10363769146110326,0.10363769146110326,0.03710752847731813
2,300000,12,20350725,christoffel,0.09552432039018947,0.09552432039018947,0.02729505727501933
2,300000,13,20350726,convex_hull,0.09965875995982124,0.09965875995982124,0.0
2,300000,13,20350726,packing,0.09986260261016493,0.09986260261016493,0.04114999495332039
2,300000,13,20350726,christoffel,0.05774989863532551,0.05774989863532551,0.03171798584288311
2,300000,14,20350727,convex_hull,0.09095409277752152,0.09095409277752152,0.0
2,300000,14,20350727,packing,0.08045031585062003,0.08045031585062003,0.04343607602550892
2,300000,14,20350727,christoffel,0.0452869941136154,0.0452869941136154,0.04105483292932908
2,300000,15,20350728,convex_hull,0.10743166525687627,0.10743166525687627,0.0
2,300000,15,20350728,packing,0.09382768908454388,0.09382768908454388,0.03408288530183412
2,300000,15,20350728,christoffel,0.0752572604494091,0.0752572604494091,0.02893450926363878
2,300000,16,20350729,convex_hull,0.106594348595001,0.106594348595001,0.0
2,300000,16,20350729,packing,0.09496529957793128,0.09496529957793128,0.042312534066286434
2,300000,16,20350729,christoffel,0.07001659895857505,0.07001659895857505,0.023596637134869654
2,300000,17,20350730,convex_hull,0.08562959220867933,0.08562959220867933,0.0
2,300000,17,20350730,packing,0.08712421405718464,0.08712421405718464,0.04356985937829938
2,300000,17,20350730,christoffel,0.08510083688033332,0.08510083688033332,0.023596637134869453
2,300000,18,20350731,convex_hull,0.1031106854071112,0.1031106854071112,0.0
2,300000,18,20350731,packing,0.09736791084632611,0.09736791084632611,0.03674599369731735
2,300000,18,20350731,christoffel,0.09301754135194573,0.09301754135194573,0.018061584170299825
2,300000,19,20350732,convex_hull,0.11749283989737952,0.11749283989737952,0.0
2,300000,19,20350732,packing,0.08340719414343305,0.08340719414343305,0.04538622910414511
2,300000,19,20350732,christoffel,0.06377594915540788,0.06377594915540788,0.035727575325743284
2,300000,20,20350733,convex_hull,0.10588143685853886,0.10588143685853886,0.0
2,300000,20,20350733,packing,0.10696360424032887,0.10696360424032887,0.04335388665872242
2,300000,20,20350733,christoffel,0.08446487482853404,0.08446487482853404,0.01909783179449197
2,300000,21,20350734,convex_hull,0.0869861505547701,0.0869861505547701,0.0
2,300000,21,20350734,packing,0.0940017292063688,0.0940017292063688,0.027625476812649596
2,300000,21,20350734,christoffel,0.08953166367085114,0.08953166367085114,0.013868929215800333
2,300000,22,20350735,convex_hull,0.09439381003205055,0.09439381003205055,0.0
2,300000,22,20350735,packing,0.09717930966448786,0.09717930966448786,0.037497853148472204
2,300000,22,20350735,christoffel,0.09552432039018947,0.09552432039018947,0.018061584170299825
2,300000,23,20350736,convex_hull,0.0975012527552473,0.0975012527552473,0.0
2,300000,23,20350736,packing,0.11835934188972565,0.11835934188972565,0.03582955877121008
2,300000,23,20350736,christoffel,0.0935533390266845,0.0935533390266845,0.018061584170299825
2,300000,24,20350737,convex_hull,0.11997247170560607,0.11997247170560607,0.0
2,300000,24,20350737,packing,0.08360498136678875,0.08360498136678875,0.03547269622026028
2,300000,24,20350737,christoffel,0.09552432039018989,0.09552432039018989,0.01092352326571851
2,300000,25,20350738,convex_hull,0.07280977821571157,0.07280977821571157,0.0
2,300000,25,20350738,packing,0.0992180948221215,0.0992180948221215,0.040935076988569685
2,300000,25,20350738,christoffel,0.055476086851854525,0.055476086851854525,0.0317179858428828
2,300000,26,20350739,convex_hull,0.08134962305815667,0.08134962305815667,0.0
2,300000,26,20350739,packing,0.10474006380835614,0.10474006380835614,0.04086735495206506
2,300000,26,20350739,christoffel,0.05774989863532551,0.05774989863532551,0.03171798584288311
2,300000,27,20350740,convex_hull,0.11175724920156364,0.11175724920156364,0.0
2,300000,27,20350740,packing,0.1002609101394895,0.1002609101394895,0.03994478330392903
2,300000,27,20350740,christoffel,0.09552432039018947,0.09552432039018947,0.018061584170299825
2,300000,28,20350741,convex_hull,0.1040869823870308,0.1040869823870308,0.0
2,300000,28,20350741,packing,0.09974889712431463,0.09974889712431463,0.04067579145403538
2,300000,28,20350741,christoffel,0.08002718789732353,0.08002718789732353,0.02729505727501941
2,300000,29,20350742,convex_hull,0.11484787796058116,0.11484787796058116,0.0
2,300000,29,20350742,packing,0.12447996245454153,0.12447996245454153,0.03323850782344717
2,300000,29,20350742,christoffel,0.07001659895857505,0.07001659895857505,0.03171798584288311
2,300000,30,20350743,convex_hull,0.08896167989146228,0.08896167989146228,0.0
2,300000,30,20350743,packing,0.07137885732194095,0.07137885732194095,0.03822063251741192
2,300000,30,20350743,christoffel,0.05141265297815537,0.05141265297815537,0.03171798584288311
2,300000,31,20350744,convex_hull,0.09938736544559704,0.09938736544559704,0.0
2,300000,31,20350744,packing,0.08191983815404037,0.08191983815404037,0.03546715792426247
2,300000,31,20350744,christoffel,0.05774989863532551,0.05774989863532551,0.03171798584288311
2,300000,32,20350745,convex_hull,0.11351626362897624,0.11351626362897624,0.0
2,300000,32,20350745,packing,0.12739591997704586,0.12739591997704586,0.03756064803617054
2,300000,32,20350745,christoffel,0.09552432039018989,0.09552432039018989,0.018061584170299825
2,300000,33,20350746,convex_hull,0.09655522788055439,0.09655522788055439,0.0
2,300000,33,20350746,packing,0.07840829476203688,0.07840829476203688,0.042256652887242285
2,300000,33,20350746,christoffel,0.0752572604494086,0.0752572604494086,0.02893450926363878
2,300000,34,20350747,convex_hull,0.10167116652231807,0.10167116652231807,0.0
2,300000,34,20350747,packing,0.08106304531367163,0.08106304531367163,0.04070788847022899
2,300000,34,20350747,christoffel,0.0514126529781553,0.0514126529781553,0.04105483292932888
2,300000,35,20350748,convex_hull,0.11096025767399069,0.11096025767399069,0.0
2,300000,35,20350748,packing,0.1030866809017764,0.1030866809017764,0.038600969574394406
2,300000,35,20350748,christoffel,0.06377594915540831,0.06377594915540831,0.03171798584288311
2,300000,36,20350749,convex_hull,0.09753019756896175,0.09753019756896175,0.0
2,300000,36,20350749,packing,0.0995006267643873,0.0995006267643873,0.03087825136047162
2,300000,36,20350749,christoffel,0.09552432039018989,0.09552432039018989,0.013868929215800638
2,300000,37,20350750,convex_hull,0.11500236987722665,0.11500236987722665,0.0
2,300000,37,20350750,packing,0.11020832296226742,0.11020832296226742,0.039359003327616326
2,300000,37,20350750,christoffel,0.09552432039018989,0.09552432039018989,0.019097831794491926
2,300000,38,20350751,convex_hull,0.12091393128864729,0.12091393128864729,0.0
2,300000,38,20350751,packing,0.09468112441773348,0.09468112441773348,0.03668521141686565
2,300000,38,20350751,christoffel,0.09552432039018989,0.09552432039018989,0.023596637134869654
2,300000,39,20350752,convex_hull,0.1165670217323325,0.1165670217323325,0.0
2,300000,39,20350752,packing,0.11163436165985262,0.11163436165985262,0.04600741188774826
2,300000,39,20350752,christoffel,0.07525726044940888,0.07525726044940888,0.03171798584288311
2,300000,40,20350753,convex_hull,0.08790368311287497,0.08790368311287497,0.0
2,300000,40,20350753,packing,0.08633236160476142,0.08633236160476142,0.04362748527882432
2,300000,40,20350753,christoffel,0.08422396076828925,0.08422396076828925,0.023596637134869654
2,300000,41,20350754,convex_hull,0.08844602979469943,0.08844602979469943,0.0
2,300000,41,20350754,packing,0.08828298736952482,0.08828298736952482,0.04322119637433253
2,300000,41,20350754,christoffel,0.08002718789732331,0.08002718789732331,0.018061584170299825
2,300000,42,20350755,convex_hull,0.0785081763719428,0.0785081763719428,0.0
2,300000,42,20350755,packing,0.08233756651644282,0.08233756651644282,0.04135227259741314
2,300000,42,20350755,christoffel,0.08222481122315474,0.08222481122315474,0.018061584170299825
2,300000,43,20350756,convex_hull,0.10303311407197645,0.10303311407197645,0.0
2,300000,43,20350756,packing,0.09892819347444064,0.09892819347444064,0.04117590949287653
2,300000,43,20350756,christoffel,0.04329411700695116,0.04329411700695116,0.04105483292932888
2,300000,44,20350757,convex_hull,0.09321930120935595,0.09321930120935595,0.0
2,300000,44,20350757,packing,0.09220203605035278,0.09220203605035278,0.038140303504126116
2,300000,44,20350757,christoffel,0.06377594915540831,0.06377594915540831,0.02893450926363878
2,300000,45,20350758,convex_hull,0.12358581162215788,0.12358581162215788,0.0
2,300000,45,20350758,packing,0.10578854833685174,0.10578854833685174,0.047537817234692525
2,300000,45,20350758,christoffel,0.0452869941136154,0.0452869941136154,0.04105483292932888
2,300000,46,20350759,convex_hull,0.0984809785585149,0.0984809785585149,0.0
2,300000,46,20350759,packing,0.09377657671061569,0.09377657671061569,0.04062714564685166
2,300000,46,20350759,christoffel,0.08422396076828886,0.08422396076828886,0.023596637134869654
2,300000,47,20350760,convex_hull,0.10015333798855387,0.10015333798855387,0.0
2,300000,47,20350760,packing,0.09711983353087707,0.09711983353087707,0.04163244352161488
2,300000,47,20350760,christoffel,0.0577498986353255,0.0577498986353255,0.03171798584288311
2,300000,48,20350761,convex_hull,0.10762550183007887,0.10762550183007887,0.0
2,300000,48,20350761,packing,0.10565442155306463,0.10565442155306463,0.034643231222669435
2,300000,48,20350761,christoffel,0.09552432039018989,0.09552432039018989,0.013868929215800638
2,300000,49,20350762,convex_hull,0.10231439882469856,0.10231439882469856,0.0
2,300000,49,20350762,packing,0.09372148090184211,0.09372148090184211,0.04326581778798988
2,300000,49,20350762,christoffel,0.09552432039018989,0.09552432039018989,0.018061584170299825
4,300000,0,20350713,convex_hull,0.29158802587074506,0.29158802587074506,0.0
4,300000,0,20350713,packing,0.2574379332611661,0.2574379332611661,0.0
4,300000,0,20350713,christoffel,0.2541978468326227,0.2541978468326227,0.0
4,300000,1,20350714,convex_hull,0.338947156995798,0.338947156995798,0.0
4,300000,1,20350714,packing,0.3122811708677779,0.3122811708677779,0.007333565880094262
4,300000,1,20350714,christoffel,0.20125201369806528,0.20125201369806528,0.018061584170299825
4,300000,2,20350715,convex_hull,0.264525660618792,0.264525660618792,0.0
4,300000,2,20350715,packing,0.2665399303572109,0.2665399303572109,0.018138628127537304
4,300000,2,20350715,christoffel,0.15415497066062264,0.15415497066062264,0.013868929215800435
4,300000,3,20350716,convex_hull,0.3640988196227247,0.3640988196227247,0.0
4,300000,3,20350716,packing,0.3397218167343559,0.3397218167343559,0.0
4,300000,3,20350716,christoffel,0.25419784683262214,0.25419784683262214,0.0
4,300000,4,20350717,convex_hull,0.32087405050596995,0.32087405050596995,0.0
4,300000,4,20350717,packing,0.30660746792508187,0.30660746792508187,0.0
4,300000,4,20350717,christoffel,0.2012520136980645,0.2012520136980645,0.01092352326571851
4,300000,5,20350718,convex_hull,0.2799289410191756,0.2799289410191756,0.0
4,300000,5,20350718,packing,0.3056957895758417,0.3056957895758417,0.0
4,300000,5,20350718,christoffel,0.20125201369806528,0.20125201369806528,0.0
4,300000,6,20350719,convex_hull,0.3401873152164948,0.3401873152164948,0.0
4,300000,6,20350719,packing,0.3610786947391479,0.3610786947391479,0.0
4,300000,6,20350719,christoffel,0.25419784683262214,0.25419784683262214,0.0
4,300000,7,20350720,convex_hull,0.30095918127421845,0.30095918127421845,0.0
4,300000,7,20350720,packing,0.28504211868249796,0.28504211868249796,0.0
4,300000,7,20350720,christoffel,0.2541978468326227,0.2541978468326227,0.0
4,300000,8,20350721,convex_hull,0.3484458365213405,0.3484458365213405,0.0
4,300000,8,20350721,packing,0.3495209561801432,0.3495209561801432,0.0
4,300000,8,20350721,christoffel,0.20125201369806528,0.20125201369806528,0.010923523265718408
4,300000,9,20350722,convex_hull,0.2762199866965207,0.2762199866965207,0.0
4,300000,9,20350722,packing,0.25302980996014224,0.25302980996014224,0.0
4,300000,9,20350722,christoffel,0.2541978468326227,0.2541978468326227,0.0
4,300000,10,20350723,convex_hull,0.31466823902116176,0.31466823902116176,0.0
4,300000,10,20350723,packing,0.31202165666441184,0.31202165666441184,0.008792351533326359
4,300000,10,20350723,christoffel,0.14834135128619733,0.14834135128619733,0.035727575325743284
4,300000,11,20350724,convex_hull,0.2750204718945265,0.2750204718945265,0.0
4,300000,11,20350724,packing,0.2586026365026555,0.2586026365026555,0.0
4,300000,11,20350724,christoffel,0.20125201369806528,0.20125201369806528,0.0
4,300000,12,20350725,convex_hull,0.29087397304141616,0.29087397304141616,0.0
4,300000,12,20350725,packing,0.26589857991087507,0.26589857991087507,0.0048834299266966585
4,300000,12,20350725,christoffel,0.20125201369806528,0.20125201369806528,0.0
4,300000,13,20350726,convex_hull,0.2628257942536881,0.2628257942536881,0.0
4,300000,13,20350726,packing,0.23438655846164608,0.23438655846164608,0.004886973126997596
4,300000,13,20350726,christoffel,0.14834135128619733,0.14834135128619733,0.018061584170299825
4,300000,14,20350727,convex_hull,0.28409292292753935,0.28409292292753935,0.0
4,300000,14,20350727,packing,0.25308814984075806,0.25308814984075806,0.0
4,300000,14,20350727,christoffel,0.20125201369806528,0.20125201369806528,0.0
4,300000,15,20350728,convex_hull,0.2752649839686145,0.2752649839686145,0.0
4,300000,15,20350728,packing,0.24326652293202317,0.24326652293202317,0.008697260954663388
4,300000,15,20350728,christoffel,0.25280103813871996,0.25280103813871996,0.0
4,300000,16,20350729,convex_hull,0.264716424104589,0.264716424104589,0.0
4,300000,16,20350729,packing,0.2828552317541773,0.2828552317541773,0.0
4,300000,16,20350729,christoffel,0.20125201369806528,0.20125201369806528,0.0
4,300000,17,20350730,convex_hull,0.28904336415648685,0.28904336415648685,0.0
4,300000,17,20350730,packing,0.27224260706021886,0.27224260706021886,0.0
4,300000,17,20350730,christoffel,0.2012520136980645,0.2012520136980645,0.009140262949423958
4,300000,18,20350731,convex_hull,0.281496550899962,0.281496550899962,0.0
4,300000,18,20350731,packing,0.2688594108402877,0.2688594108402877,0.0
4,300000,18,20350731,christoffel,0.2541978468326227,0.2541978468326227,0.0
4,300000,19,20350732,convex_hull,0.35593408433353935,0.35593408433353935,0.0
4,300000,19,20350732,packing,0.32738105273436435,0.32738105273436435,0.004890360241278868
4,300000,19,20350732,christoffel,0.1483413512861971,0.1483413512861971,0.035727575325743284
4,300000,20,20350733,convex_hull,0.2861225362562934,0.2861225362562934,0.0
4,300000,20,20350733,packing,0.27766813867148427,0.27766813867148427,0.0
4,300000,20,20350733,christoffel,0.21699209128429758,0.21699209128429758,0.0
4,300000,21,20350734,convex_hull,0.3563484406663423,0.3563484406663423,0.0
4,300000,21,20350734,packing,0.316545702674538,0.316545702674538,0.0
4,300000,21,20350734,christoffel,0.14834135128619733,0.14834135128619733,0.03171798584288311
4,300000,22,20350735,convex_hull,0.3408565347998205,0.3408565347998205,0.0
4,300000,22,20350735,packing,0.32749713722303136,0.32749713722303136,0.002700731213310492
4,300000,22,20350735,christoffel,0.2541978468326227,0.2541978468326227,0.0
4,300000,23,20350736,convex_hull,0.2830003253970607,0.2830003253970607,0.0
4,300000,23,20350736,packing,0.2948710583612798,0.2948710583612798,0.0
4,300000,23,20350736,christoffel,0.21430759638199065,0.21430759638199065,0.0
4,300000,24,20350737,convex_hull,0.26159995210132536,0.26159995210132536,0.0
4,300000,24,20350737,packing,0.24634826782101654,0.24634826782101654,0.0
4,300000,24,20350737,christoffel,0.23534829827655998,0.23534829827655998,0.0
4,300000,25,20350738,convex_hull,0.30662063175446047,0.30662063175446047,0.0
4,300000,25,20350738,packing,0.31148969934783294,0.31148969934783294,0.0
4,300000,25,20350738,christoffel,0.2059338820246909,0.2059338820246909,0.0
4,300000,26,20350739,convex_hull,0.2866865130257214,0.2866865130257214,0.0
4,300000,26,20350739,packing,0.27127936039258577,0.27127936039258577,0.0
4,300000,26,20350739,christoffel,0.2541978468326227,0.2541978468326227,0.0
4,300000,27,20350740,convex_hull,0.2991011897772099,0.2991011897772099,0.0
4,300000,27,20350740,packing,0.27892510626849665,0.27892510626849665,0.0
4,300000,27,20350740,christoffel,0.16909633538423904,0.16909633538423904,0.018061584170299825
4,300000,28,20350741,convex_hull,0.26602199213707517,0.26602199213707517,0.0
4,300000,28,20350741,packing,0.26197433263819564,0.26197433263819564,0.0
4,300000,28,20350741,christoffel,0.2541978468326227,0.2541978468326227,0.0
4,300000,29,20350742,convex_hull,0.30569395076688255,0.30569395076688255,0.0
4,300000,29,20350742,packing,0.30097838871624794,0.30097838871624794,0.0
4,300000,29,20350742,christoffel,0.20125201369806528,0.20125201369806528,0.01092352326571851
4,300000,30,20350743,convex_hull,0.312433530481277,0.312433530481277,0.0
4,300000,30,20350743,packing,0.295488099414502,0.295488099414502,0.0
4,300000,30,20350743,christoffel,0.20125201369806528,0.20125201369806528,0.01092352326571851
4,300000,31,20350744,convex_hull,0.35464787356475175,0.35464787356475175,0.0
4,300000,31,20350744,packing,0.3154043541661913,0.3154043541661913,0.0
4,300000,31,20350744,christoffel,0.3071606639071167,0.3071606639071167,0.0
4,300000,32,20350745,convex_hull,0.3672905228001172,0.3672905228001172,0.0
4,300000,32,20350745,packing,0.3382132253771704,0.3382132253771704,0.0
4,300000,32,20350745,christoffel,0.2541978468326227,0.2541978468326227,0.0
4,300000,33,20350746,convex_hull,0.330420733004461,0.330420733004461,0.0
4,300000,33,20350746,packing,0.2896547211154093,0.2896547211154093,0.0
4,300000,33,20350746,christoffel,0.2541978468326227,0.2541978468326227,0.0
4,300000,34,20350747,convex_hull,0.3141303078020264,0.3141303078020264,0.0
4,300000,34,20350747,packing,0.30803195911988324,0.30803195911988324,0.0
4,300000,34,20350747,christoffel,0.20125201369806528,0.20125201369806528,0.0
4,300000,35,20350748,convex_hull,0.30605268953012305,0.30605268953012305,0.0
4,300000,35,20350748,packing,0.2961477409848756,0.2961477409848756,0.0
4,300000,35,20350748,christoffel,0.20125201369806528,0.20125201369806528,0.0
4,300000,36,20350749,convex_hull,0.32942711314645307,0.32942711314645307,0.0
4,300000,36,20350749,packing,0.29677955415240165,0.29677955415240165,0.008010789204637159
4,300000,36,20350749,christoffel,0.25419784683262214,0.25419784683262214,0.0
4,300000,37,20350750,convex_hull,0.3248585231645634,0.3248585231645634,0.0
4,300000,37,20350750,packing,0.30383764086464754,0.30383764086464754,0.0
4,300000,37,20350750,christoffel,0.20125201369806528,0.20125201369806528,0.0
4,300000,38,20350751,convex_hull,0.32615084219162616,0.32615084219162616,0.0
4,300000,38,20350751,packing,0.29812907448060116,0.29812907448060116,0.0
4,300000,38,20350751,christoffel,0.20125201369806528,0.20125201369806528,0.0
4,300000,39,20350752,convex_hull,0.3490762780527847,0.3490762780527847,0.0
4,300000,39,20350752,packing,0.32992874331729877,0.32992874331729877,0.0
4,300000,39,20350752,christoffel,0.2541978468326227,0.2541978468326227,0.0
4,300000,40,20350753,convex_hull,0.28660173388411525,0.28660173388411525,0.0
4,300000,40,20350753,packing,0.2878530418329344,0.2878530418329344,0.011683720422707378
4,300000,40,20350753,christoffel,0.2538496163957866,0.2538496163957866,0.0
4,300000,41,20350754,convex_hull,0.3244612895831673,0.3244612895831673,0.0
4,300000,41,20350754,packing,0.2895590214571421,0.2895590214571421,0.0
4,300000,41,20350754,christoffel,0.2541978468326227,0.2541978468326227,0.0
4,300000,42,20350755,convex_hull,0.26258794649248174,0.26258794649248174,0.0
4,300000,42,20350755,packing,0.23025620477796516,0.23025620477796516,0.0
4,300000,42,20350755,christoffel,0.14834135128619733,0.14834135128619733,0.02893450926363878
4,300000,43,20350756,convex_hull,0.28929288370868245,0.28929288370868245,0.0
4,300000,43,20350756,packing,0.3143964457710377,0.3143964457710377,1.496390249045021e-06
4,300000,43,20350756,christoffel,0.20125201369806528,0.20125201369806528,0.008443068162366068
4,300000,44,20350757,convex_hull,0.3224657831622811,0.3224657831622811,0.0
4,300000,44,20350757,packing,0.27499423050208877,0.27499423050208877,0.002425922036046413
4,300000,44,20350757,christoffel,0.25419784683262214,0.25419784683262214,0.0
4,300000,45,20350758,convex_hull,0.3414828386693467,0.3414828386693467,0.0
4,300000,45,20350758,packing,0.2999121379476205,0.2999121379476205,0.0
4,300000,45,20350758,christoffel,0.20125201369806528,0.20125201369806528,0.009140262949423958
4,300000,46,20350759,convex_hull,0.27503574011037546,0.27503574011037546,0.0
4,300000,46,20350759,packing,0.2731367758746456,0.2731367758746456,0.0
4,300000,46,20350759,christoffel,0.2541978468326227,0.2541978468326227,0.0
4,300000,47,20350760,convex_hull,0.2910028596910862,0.2910028596910862,0.0
4,300000,47,20350760,packing,0.2587111518028615,0.2587111518028615,0.00035478944091082987
4,300000,47,20350760,christoffel,0.14834135128619733,0.14834135128619733,0.018061584170299825
4,300000,48,20350761,convex_hull,0.34333270979751845,0.34333270979751845,0.0
4,300000,48,20350761,packing,0.32285469470054673,0.32285469470054673,0.0
4,300000,48,20350761,christoffel,0.20125201369806528,0.20125201369806528,0.01092352326571851
4,300000,49,20350762,convex_hull,0.3280818048204599,0.3280818048204599,0.0
4,300000,49,20350762,packing,0.2844017962657793,0.2844017962657793,0.0006337552557930115
4,300000,49,20350762,christoffel,0.25419784683262214,0.25419784683262214,0.0
0,1000000,0,20360713,convex_hull,0.000756202948052169,0.000756202948052169,0.0
0,1000000,0,20360713,packing,0.04996900517646452,0.001661992007733655,0.04996900517646452
0,1000000,0,20360713,christoffel,0.006542705608203005,0.006542705608203005,0.0061733313455689
0,1000000,1,20360714,convex_hull,0.001202164805520139,0.001202164805520139,0.0
0,1000000,1,20360714,packing,0.04990913757484039,0.002248933271521099,0.04990913757484039
0,1000000,1,20360714,christoffel,0.006344391216221092,0.006344391216221092,0.0061733313455689
0,1000000,2,20360715,convex_hull,0.0009321204610553247,0.0009321204610553247,0.0
0,1000000,2,20360715,packing,0.04958144158933475,0.0025489912382796118,0.04958144158933475
0,1000000,2,20360715,christoffel,0.007731511220630162,0.007731511220630162,0.0061733313455689
0,1000000,3,20360716,convex_hull,0.0012994248681444354,0.0012994248681444354,0.0
0,1000000,3,20360716,packing,0.04996322753134691,0.00035138253202913333,0.04996322753134691
0,1000000,3,20360716,christoffel,0.0072503747050519365,0.0072503747050519365,0.0061733313455689
0,1000000,4,20360717,convex_hull,0.0012722437086672854,0.0012722437086672854,0.0
0,1000000,4,20360717,packing,0.04999216899971204,0.001784431469936773,0.04999216899971204
0,1000000,4,20360717,christoffel,0.006947833402362839,0.006947833402362839,0.0061733313455689
0,1000000,5,20360718,convex_hull,0.0009369958963714704,0.0009369958963714704,0.0
0,1000000,5,20360718,packing,0.049989242809474865,0.0015927110157570798,0.049989242809474865
0,1000000,5,20360718,christoffel,0.0070448938069025795,0.0070448938069025795,0.0061733313455689
0,1000000,6,20360719,convex_hull,0.0012757248774040368,0.0012757248774040368,0.0
0,1000000,6,20360719,packing,0.04967355667444728,0.0020680647891491294,0.04967355667444728
0,1000000,6,20360719,christoffel,0.006621127600956253,0.006621127600956253,0.0061733313455689
0,1000000,7,20360720,convex_hull,0.0017559021873066025,0.0017559021873066025,0.0
0,1000000,7,20360720,packing,0.04992674328605928,0.0006866726538858059,0.04992674328605928
0,1000000,7,20360720,christoffel,0.0072594167514242166,0.0072594167514242166,0.0061733313455689
0,1000000,8,20360721,convex_hull,0.0011478397775081214,0.0011478397775081214,0.0
0,1000000,8,20360721,packing,0.04986567066708991,0.0011727248879467578,0.04986567066708991
0,1000000,8,20360721,christoffel,0.00639997466847205,0.00639997466847205,0.0061733313455689
0,1000000,9,20360722,convex_hull,0.0015082185454515348,0.0015082185454515348,0.0
0,1000000,9,20360722,packing,0.049931949849356894,0.0016588637379126303,0.049931949849356894
0,1000000,9,20360722,christoffel,0.007211541217895358,0.007211541217895358,0.0061733313455689
0,1000000,10,20360723,convex_hull,0.0010300356538110093,0.0010300356538110093,0.0
0,1000000,10,20360723,packing,0.04998414507244786,0.0018998363613379962,0.04998414507244786
0,1000000,10,20360723,christoffel,0.00708934294048752,0.00708934294048752,0.0061733313455689
0,1000000,11,20360724,convex_hull,0.0012191574599998635,0.0012191574599998635,0.0
0,1000000,11,20360724,packing,0.04997410479694242,0.0023514338117539973,0.04997410479694242
0,1000000,11,20360724,christoffel,0.006721257415161496,0.006721257415161496,0.0061733313455689
0,1000000,12,20360725,convex_hull,0.0011782721920038308,0.0011782721920038308,0.0
0,1000000,12,20360725,packing,0.049948494705331914,0.0010097169152969362,0.049948494705331914
0,1000000,12,20360725,christoffel,0.007313098265426153,0.007313098265426153,0.0061733313455689
0,1000000,13,20360726,convex_hull,0.000890801940118603,0.000890801940118603,0.0
0,1000000,13,20360726,packing,0.04989575408246272,0.0011717248546515846,0.04989575408246272
0,1000000,13,20360726,christoffel,0.006916021435539518,0.006916021435539518,0.0061733313455689
0,1000000,14,20360727,convex_hull,0.0008983113505281589,0.0008983113505281589,0.0
0,1000000,14,20360727,packing,0.04994929969024097,0.0009293622921121569,0.04994929969024097
0,1000000,14,20360727,christoffel,0.006715023022481335,0.006715023022481335,0.0061733313455689
0,1000000,15,20360728,convex_hull,0.0010752277676958182,0.0010752277676958182,0.0
0,1000000,15,20360728,packing,0.04998928937673597,0.0008340633914047171,0.04998928937673597
0,1000000,15,20360728,christoffel,0.0065990326862672985,0.0065990326862672985,0.0061733313455689
0,1000000,16,20360729,convex_hull,0.0008401357361851662,0.0008401357361851662,0.0
0,1000000,16,20360729,packing,0.049950936966201565,0.0010982110799935135,0.049950936966201565
0,1000000,16,20360729,christoffel,0.006932941569379293,0.006932941569379293,0.0061733313455689
0,1000000,17,20360730,convex_hull,0.0008461167787547683,0.0008461167787547683,0.0
0,1000000,17,20360730,packing,0.04998151312147392,0.0016758707521379312,0.04998151312147392
0,1000000,17,20360730,christoffel,0.006841519808749807,0.006841519808749807,0.0061733313455689
0,1000000,18,20360731,convex_hull,0.001221426719683153,0.001221426719683153,0.0
0,1000000,18,20360731,packing,0.049995024365690366,0.002056084271041085,0.049995024365690366
0,1000000,18,20360731,christoffel,0.0063817237869483795,0.0063817237869483795,0.0061733313455689
0,1000000,19,20360732,convex_hull,0.001314987247314147,0.001314987247314147,0.0
0,1000000,19,20360732,packing,0.04992189041872391,0.0018542890902060183,0.04992189041872391
0,1000000,19,20360732,christoffel,0.006330360146280877,0.006330360146280877,0.0061733313455689
0,1000000,20,20360733,convex_hull,0.001191532098550814,0.001191532098550814,0.0
0,1000000,20,20360733,packing,0.04994057938257068,0.000880289324077653,0.04994057938257068
0,1000000,20,20360733,christoffel,0.0065160720843164864,0.0065160720843164864,0.0061733313455689
0,1000000,21,20360734,convex_hull,0.0011160115953170902,0.0011160115953170902,0.0
0,1000000,21,20360734,packing,0.049956213901411695,0.0019961147438496904,0.049956213901411695
0,1000000,21,20360734,christoffel,0.006591683566575936,0.006591683566575936,0.0061733313455689
0,1000000,22,20360735,convex_hull,0.0011288992124357815,0.0011288992124357815,0.0
0,1000000,22,20360735,packing,0.04987014431455128,0.0025540583022399532,0.04987014431455128
0,1000000,22,20360735,christoffel,0.006520446814272818,0.006520446814272818,0.0061733313455689
0,1000000,23,20360736,convex_hull,0.0012438447689405627,0.0012438447689405627,0.0
0,1000000,23,20360736,packing,0.04999501759541514,0.0023408996469713936,0.04999501759541514
0,1000000,23,20360736,christoffel,0.007407506504755362,0.007407506504755362,0.0061733313455689
0,1000000,24,20360737,convex_hull,0.0011466948195884494,0.0011466948195884494,0.0
0,1000000,24,20360737,packing,0.04991080771858514,0.0009168409779629766,0.04991080771858514
0,1000000,24,20360737,christoffel,0.006371055908430334,0.006371055908430334,0.0061733313455689
0,1000000,25,20360738,convex_hull,0.0012452177551970063,0.0012452177551970063,0.0
0,1000000,25,20360738,packing,0.049956734554306714,0.0015416915334478531,0.049956734554306714
0,1000000,25,20360738,christoffel,0.0062962018439254525,0.0062962018439254525,0.006173331345568603
0,1000000,26,20360739,convex_hull,0.0012143371667193096,0.0012143371667193096,0.0
0,1000000,26,20360739,packing,0.04996924243922862,0.0021176295402880185,0.04996924243922862
0,1000000,26,20360739,christoffel,0.006201746378266702,0.006201746378266702,0.0061733313455689
0,1000000,27,20360740,convex_hull,0.0010642884334838383,0.0010642884334838383,0.0
0,1000000,27,20360740,packing,0.049986823186375706,0.001390030256492189,0.049986823186375706
0,1000000,27,20360740,christoffel,0.006649674846602882,0.006649674846602882,0.0061733313455689
0,1000000,28,20360741,convex_hull,0.001032067491992058,0.001032067491992058,0.0
0,1000000,28,20360741,packing,0.0498514602565292,0.0038758898779322967,0.0498514602565292
0,1000000,28,20360741,christoffel,0.0072648631979254025,0.0072648631979254025,0.0061733313455689
0,1000000,29,20360742,convex_hull,0.0012304713095045423,0.0012304713095045423,0.0
0,1000000,29,20360742,packing,0.04995295840023084,0.0036450215819874288,0.04995295840023084
0,1000000,29,20360742,christoffel,0.006741798622777165,0.006741798622777165,0.0061733313455689
0,1000000,30,20360743,convex_hull,0.0010464727882469281,0.0010464727882469281,0.0
0,1000000,30,20360743,packing,0.049852310694084245,0.0021106888901445894,0.049852310694084245
0,1000000,30,20360743,christoffel,0.006773256529355218,0.006773256529355218,0.0061733313455689
0,1000000,31,20360744,convex_hull,0.0011404345160474457,0.0011404345160474457,0.0
0,1000000,31,20360744,packing,0.0499951747814551,0.0006638311141131115,0.0499951747814551
0,1000000,31,20360744,christoffel,0.007134123875234247,0.007134123875234247,0.0061733313455689
0,1000000,32,20360745,convex_hull,0.001333529287011056,0.001333529287011056,0.0
0,1000000,32,20360745,packing,0.04998840835882179,0.0015522450301799565,0.04998840835882179
0,1000000,32,20360745,christoffel,0.007338834524075901,0.007338834524075901,0.0061733313455689
0,1000000,33,20360746,convex_hull,0.0012209667382989398,0.0012209667382989398,0.0
0,1000000,33,20360746,packing,0.0499960584545065,0.0010984942221782812,0.0499960584545065
0,1000000,33,20360746,christoffel,0.007077457739295512,0.007077457739295512,0.0061733313455689
0,1000000,34,20360747,convex_hull,0.0014179820020900505,0.0014179820020900505,0.0
0,1000000,34,20360747,packing,0.049954718395577524,0.002031403706941548,0.049954718395577524
0,1000000,34,20360747,christoffel,0.006709766215875855,0.006709766215875855,0.0061733313455689
0,1000000,35,20360748,convex_hull,0.0010457202768842705,0.0010457202768842705,0.0
0,1000000,35,20360748,packing,0.04998711393141253,0.002213837683536113,0.04998711393141253
0,1000000,35,20360748,christoffel,0.006839189607579787,0.006839189607579787,0.0061733313455689
0,1000000,36,20360749,convex_hull,0.0010215353267319614,0.0010215353267319614,0.0
0,1000000,36,20360749,packing,0.04989123496747139,0.002017757715363465,0.04989123496747139
0,1000000,36,20360749,christoffel,0.0061733313455689,0.006023759396446354,0.0061733313455689
0,1000000,37,20360750,convex_hull,0.0009746989536920398,0.0009746989536920398,0.0
0,1000000,37,20360750,packing,0.049927812759921864,0.003324798841495412,0.049927812759921864
0,1000000,37,20360750,christoffel,0.007354467180370123,0.007354467180370123,0.0061733313455689
0,1000000,38,20360751,convex_hull,0.001262656887530268,0.001262656887530268,0.0
0,1000000,38,20360751,packing,0.049878268291549455,0.0015127223011657809,0.049878268291549455
0,1000000,38,20360751,christoffel,0.007053604676276775,0.007053604676276775,0.0061733313455689
0,1000000,39,20360752,convex_hull,0.0009849463135268451,0.0009849463135268451,0.0
0,1000000,39,20360752,packing,0.049889089943480514,0.002519653878083998,0.049889089943480514
0,1000000,39,20360752,christoffel,0.006677176290905225,0.006677176290905225,0.0061733313455689
0,1000000,40,20360753,convex_hull,0.0013933274677325243,0.0013933274677325243,0.0
0,1000000,40,20360753,packing,0.04999733376678672,0.003572810595051365,0.04999733376678672
0,1000000,40,20360753,christoffel,0.007091394561512404,0.007091394561512404,0.0061733313455689
0,1000000,41,20360754,convex_hull,0.0007855975144034901,0.0007855975144034901,0.0
0,1000000,41,20360754,packing,0.04998266840582577,0.0015743501763024262,0.04998266840582577
0,1000000,41,20360754,christoffel,0.006580660625106235,0.006580660625106235,0.0061733313455689
0,1000000,42,20360755,convex_hull,0.0012296576160125687,0.0012296576160125687,0.0
0,1000000,42,20360755,packing,0.04994084636586216,0.0009581519361843427,0.04994084636586216
0,1000000,42,20360755,christoffel,0.006755587695090989,0.006755587695090989,0.0061733313455689
0,1000000,43,20360756,convex_hull,0.0010990991779431226,0.0010990991779431226,0.0
0,1000000,43,20360756,packing,0.049994139428457984,0.0016233420691500675,0.049994139428457984
0,1000000,43,20360756,christoffel,0.00655979738905338,0.00655979738905338,0.0061733313455689
0,1000000,44,20360757,convex_hull,0.0009310562275083934,0.0009310562275083934,0.0
0,1000000,44,20360757,packing,0.049993903194153866,0.0013634932069260877,0.049993903194153866
0,1000000,44,20360757,christoffel,0.0070998836945924335,0.0070998836945924335,0.0061733313455689
0,1000000,45,20360758,convex_hull,0.0009282073962460652,0.0009282073962460652,0.0
0,1000000,45,20360758,packing,0.04998721118634908,0.0016719842282074474,0.04998721118634908
0,1000000,45,20360758,christoffel,0.00641961310253942,0.00641961310253942,0.0061733313455689
0,1000000,46,20360759,convex_hull,0.0009465300623795845,0.0009465300623795845,0.0
0,1000000,46,20360759,packing,0.049983785217174725,0.002215894627703427,0.049983785217174725
0,1000000,46,20360759,christoffel,0.006982660102112817,0.006982660102112817,0.0061733313455689
0,1000000,47,20360760,convex_hull,0.0009802702540742535,0.0009802702540742535,0.0
0,1000000,47,20360760,packing,0.04980475569211973,0.0020949772375151512,0.04980475569211973
0,1000000,47,20360760,christoffel,0.006175713057158932,0.006175713057158932,0.0061733313455689
0,1000000,48,20360761,convex_hull,0.0010149007291040753,0.0010149007291040753,0.0
0,1000000,48,20360761,packing,0.049965415568503424,0.001669080998702048,0.049965415568503424
0,1000000,48,20360761,christoffel,0.007923384885081425,0.007923384885081425,0.0061733313455689
0,1000000,49,20360762,convex_hull,0.0009570804822033322,0.0009570804822033322,0.0
0,1000000,49,20360762,packing,0.04998486413232239,0.0024629436530271276,0.04998486413232239
0,1000000,49,20360762,christoffel,0.006690981113667086,0.006690981113667086,0.0061733313455689
2,1000000,0,20360713,convex_hull,0.07585404533788558,0.07585404533788558,0.0
2,1000000,0,20360713,packing,0.06788780875546575,0.06788780875546575,0.04609747599277103
2,1000000,0,20360713,christoffel,0.051412652978155345,0.051412652978155345,0.03171798584288311
2,1000000,1,20360714,convex_hull,0.06213305299016565,0.06213305299016565,0.0
2,1000000,1,20360714,packing,0.06574815374293161,0.06574815374293161,0.0421066484386291
2,1000000,1,20360714,christoffel,0.05774989863532551,0.05774989863532551,0.035727575325743284
2,1000000,2,20360715,convex_hull,0.0706924381493865,0.0706924381493865,0.0
2,1000000,2,20360715,packing,0.08422514855165629,0.08422514855165629,0.03949238442944325
2,1000000,2,20360715,christoffel,0.05774989863532595,0.05774989863532595,0.03171798584288311
2,1000000,3,20360716,convex_hull,0.09501546224589907,0.09501546224589907,0.0
2,1000000,3,20360716,packing,0.08129209469471808,0.08129209469471808,0.04631140592685412
2,1000000,3,20360716,christoffel,0.05141265297815537,0.05141265297815537,0.035727575325743284
2,1000000,4,20360717,convex_hull,0.0755065766648243,0.0755065766648243,0.0
2,1000000,4,20360717,packing,0.07097015661539965,0.07097015661539965,0.046321822265443124
2,1000000,4,20360717,christoffel,0.0452869941136154,0.0452869941136154,0.035727575325743284
2,1000000,5,20360718,convex_hull,0.0764706152876377,0.0764706152876377,0.0
2,1000000,5,20360718,packing,0.06403350458160947,0.06403350458160947,0.04012898756919947
2,1000000,5,20360718,christoffel,0.08002718789732285,0.08002718789732285,0.023596637134869654
2,1000000,6,20360719,convex_hull,0.07130274341958655,0.07130274341958655,0.0
2,1000000,6,20360719,packing,0.06874942606862453,0.06874942606862453,0.039267181729324585
2,1000000,6,20360719,christoffel,0.051412652978155345,0.051412652978155345,0.035727575325743284
2,1000000,7,20360720,convex_hull,0.07648075721677666,0.07648075721677666,0.0
2,1000000,7,20360720,packing,0.07499879478055035,0.07499879478055035,0.04012450651632615
2,1000000,7,20360720,christoffel,0.07001659895857502,0.07001659895857502,0.02893450926363878
2,1000000,8,20360721,convex_hull,0.08341602167159533,0.08341602167159533,0.0
2,1000000,8,20360721,packing,0.07130527062753858,0.07130527062753858,0.038757824746827874
2,1000000,8,20360721,christoffel,0.07001659895857437,0.07001659895857437,0.02893450926363878
2,1000000,9,20360722,convex_hull,0.08230340111504188,0.08230340111504188,0.0
2,1000000,9,20360722,packing,0.06762603807938532,0.06762603807938532,0.04272230928395815
2,1000000,9,20360722,christoffel,0.06377594915540831,0.06377594915540831,0.02893450926363878
2,1000000,10,20360723,convex_hull,0.07982326781502923,0.07982326781502923,0.0
2,1000000,10,20360723,packing,0.07699879724103474,0.07699879724103474,0.042813226943892335
2,1000000,10,20360723,christoffel,0.05774989863532551,0.05774989863532551,0.03171798584288311
2,1000000,11,20360724,convex_hull,0.07404943959821525,0.07404943959821525,0.0
2,1000000,11,20360724,packing,0.07121090626266076,0.07121090626266076,0.048115787934599696
2,1000000,11,20360724,christoffel,0.04546669641813476,0.04314615708616706,0.04546669641813476
2,1000000,12,20360725,convex_hull,0.09345873169449938,0.09345873169449938,0.0
2,1000000,12,20360725,packing,0.07981204827981132,0.07981204827981132,0.042336799909224676
2,1000000,12,20360725,christoffel,0.04696536682734941,0.04314615708616706,0.04696536682734941
2,1000000,13,20360726,convex_hull,0.07849038277131727,0.07849038277131727,0.0
2,1000000,13,20360726,packing,0.07900302755096665,0.07900302755096665,0.0475488044357848
2,1000000,13,20360726,christoffel,0.057749898635325946,0.057749898635325946,0.03171798584288311
2,1000000,14,20360727,convex_hull,0.08615358541678815,0.08615358541678815,0.0
2,1000000,14,20360727,packing,0.07668857247742046,0.07668857247742046,0.03932596388393669
2,1000000,14,20360727,christoffel,0.05774989863532595,0.05774989863532595,0.03171798584288311
2,1000000,15,20360728,convex_hull,0.08091192664547381,0.08091192664547381,0.0
2,1000000,15,20360728,packing,0.058005717812086355,0.058005717812086355,0.03821156450730223
2,1000000,15,20360728,christoffel,0.08853961110144938,0.08853961110144938,0.018061584170299825
2,1000000,16,20360729,convex_hull,0.05933983239729022,0.05933983239729022,0.0
2,1000000,16,20360729,packing,0.051113225692175676,0.051113225692175676,0.041738298881030644
2,1000000,16,20360729,christoffel,0.06377594915540788,0.06377594915540788,0.03171798584288311
2,1000000,17,20360730,convex_hull,0.060799420888434416,0.060799420888434416,0.0
2,1000000,17,20360730,packing,0.05151284494380334,0.05151284494380334,0.04340549171985719
2,1000000,17,20360730,christoffel,0.0452869941136154,0.0452869941136154,0.035727575325743284
2,1000000,18,20360731,convex_hull,0.09959408319740763,0.09959408319740763,0.0
2,1000000,18,20360731,packing,0.06760448054744798,0.06760448054744798,0.03805753004227386
2,1000000,18,20360731,christoffel,0.07525726044940888,0.07525726044940888,0.023596637134869453
2,1000000,19,20360732,convex_hull,0.07172293515097818,0.07172293515097818,0.0
2,1000000,19,20360732,packing,0.0667799981601194,0.0667799981601194,0.04167582721449081
2,1000000,19,20360732,christoffel,0.08002718789732331,0.08002718789732331,0.02893450926363878
2,1000000,20,20360733,convex_hull,0.0685237115919537,0.0685237115919537,0.0
2,1000000,20,20360733,packing,0.06326292054912244,0.06326292054912244,0.04422627853041372
2,1000000,20,20360733,christoffel,0.051412652978155345,0.051412652978155345,0.035727575325743284
2,1000000,21,20360734,convex_hull,0.0777902508364624,0.0777902508364624,0.0
2,1000000,21,20360734,packing,0.07361827214059544,0.07361827214059544,0.0388561286322604
2,1000000,21,20360734,christoffel,0.08489977590493893,0.08489977590493893,0.018061584170299825
2,1000000,22,20360735,convex_hull,0.07593211049170571,0.07593211049170571,0.0
2,1000000,22,20360735,packing,0.0663308629554826,0.0663308629554826,0.04016426600954959
2,1000000,22,20360735,christoffel,0.05774989863532551,0.05774989863532551,0.0317179858428828
2,1000000,23,20360736,convex_hull,0.08281506116803368,0.08281506116803368,0.0
2,1000000,23,20360736,packing,0.06477940714287785,0.06477940714287785,0.03716460065820415
2,1000000,23,20360736,christoffel,0.07525726044940878,0.07525726044940878,0.023596637134869654
2,1000000,24,20360737,convex_hull,0.08019862848003886,0.08019862848003886,0.0
2,1000000,24,20360737,packing,0.07627121313605552,0.07627121313605552,0.043087394700648374
2,1000000,24,20360737,christoffel,0.05774989863532595,0.05774989863532595,0.035727575325743284
2,1000000,25,20360738,convex_hull,0.08159123917080352,0.08159123917080352,0.0
2,1000000,25,20360738,packing,0.06703166528607711,0.06703166528607711,0.039446566039605724
2,1000000,25,20360738,christoffel,0.06377594915540831,0.06377594915540831,0.02893450926363878
2,1000000,26,20360739,convex_hull,0.07062894802569863,0.07062894802569863,0.0
2,1000000,26,20360739,packing,0.062011992936678875,0.062011992936678875,0.04598816672074002
2,1000000,26,20360739,christoffel,0.05141265297815537,0.05141265297815537,0.035727575325743284
2,1000000,27,20360740,convex_hull,0.07486458227523647,0.07486458227523647,0.0
2,1000000,27,20360740,packing,0.07669182473430718,0.07669182473430718,0.0402273864432674
2,1000000,27,20360740,christoffel,0.08002718789732285,0.08002718789732285,0.023596637134869453
2,1000000,28,20360741,convex_hull,0.0839279072682311,0.0839279072682311,0.0
2,1000000,28,20360741,packing,0.06831975257347665,0.06831975257347665,0.03868340938262471
2,1000000,28,20360741,christoffel,0.06377594915540788,0.06377594915540788,0.02893450926363878
2,1000000,29,20360742,convex_hull,0.07799305153403514,0.07799305153403514,0.0
2,1000000,29,20360742,packing,0.08377801385730942,0.08377801385730942,0.03347035536566656
2,1000000,29,20360742,christoffel,0.05774989863532595,0.05774989863532595,0.02893450926363878
2,1000000,30,20360743,convex_hull,0.0664090009864414,0.0664090009864414,0.0
2,1000000,30,20360743,packing,0.06468184386561406,0.06468184386561406,0.04319422940878237
2,1000000,30,20360743,christoffel,0.051412652978155345,0.051412652978155345,0.035727575325743284
2,1000000,31,20360744,convex_hull,0.0736445830712117,0.0736445830712117,0.0
2,1000000,31,20360744,packing,0.07078986951881151,0.07078986951881151,0.03663372064929371
2,1000000,31,20360744,christoffel,0.05774989863532595,0.05774989863532595,0.03171798584288311
2,1000000,32,20360745,convex_hull,0.06726131343851012,0.06726131343851012,0.0
2,1000000,32,20360745,packing,0.05093654875645505,0.05093654875645505,0.04201642902665559
2,1000000,32,20360745,christoffel,0.0628240673619047,0.0628240673619047,0.02893450926363878
2,1000000,33,20360746,convex_hull,0.07598409439368152,0.07598409439368152,0.0
2,1000000,33,20360746,packing,0.055454871169411696,0.055454871169411696,0.03670725465320346
2,1000000,33,20360746,christoffel,0.08002718789732291,0.08002718789732291,0.018061584170299825
2,1000000,34,20360747,convex_hull,0.0779036067095207,0.0779036067095207,0.0
2,1000000,34,20360747,packing,0.07309828261567271,0.07309828261567271,0.04287839396236992
2,1000000,34,20360747,christoffel,0.0452869941136154,0.0452869941136154,0.035727575325743284
2,1000000,35,20360748,convex_hull,0.06883607103170108,0.06883607103170108,0.0
2,1000000,35,20360748,packing,0.06903276053808304,0.06903276053808304,0.03947406060156011
2,1000000,35,20360748,christoffel,0.05141265297815537,0.05141265297815537,0.035727575325743284
2,1000000,36,20360749,convex_hull,0.06458165284944851,0.06458165284944851,0.0
2,1000000,36,20360749,packing,0.06439388227777518,0.06439388227777518,0.03805610732397624
2,1000000,36,20360749,christoffel,0.0452869941136154,0.0452869941136154,0.035727575325743284
2,1000000,37,20360750,convex_hull,0.08021085019353122,0.08021085019353122,0.0
2,1000000,37,20360750,packing,0.06929833876394986,0.06929833876394986,0.04005390621172644
2,1000000,37,20360750,christoffel,0.05141265297815537,0.05141265297815537,0.02893450926363878
2,1000000,38,20360751,convex_hull,0.07390540485502657,0.07390540485502657,0.0
2,1000000,38,20360751,packing,0.07034023347861736,0.07034023347861736,0.041953462155827514
2,1000000,38,20360751,christoffel,0.07001659895857505,0.07001659895857505,0.02729505727501941
2,1000000,39,20360752,convex_hull,0.07773686010356483,0.07773686010356483,0.0
2,1000000,39,20360752,packing,0.08050100398673042,0.08050100398673042,0.039747762718275736
2,1000000,39,20360752,christoffel,0.07001659895857486,0.07001659895857486,0.02893450926363878
2,1000000,40,20360753,convex_hull,0.06562921780425236,0.06562921780425236,0.0
2,1000000,40,20360753,packing,0.11335036490405696,0.11335036490405696,0.03696519531001852
2,1000000,40,20360753,christoffel,0.051412652978155345,0.051412652978155345,0.035727575325743284
2,1000000,41,20360754,convex_hull,0.07435206257098916,0.07435206257098916,0.0
2,1000000,41,20360754,packing,0.07479541505282629,0.07479541505282629,0.03915643830386384
2,1000000,41,20360754,christoffel,0.0514126529781553,0.0514126529781553,0.035727575325743284
2,1000000,42,20360755,convex_hull,0.08245038782575187,0.08245038782575187,0.0
2,1000000,42,20360755,packing,0.07610853294414573,0.07610853294414573,0.04321313554273987
2,1000000,42,20360755,christoffel,0.05141265297815537,0.05141265297815537,0.035727575325743284
2,1000000,43,20360756,convex_hull,0.0861772037535001,0.0861772037535001,0.0
2,1000000,43,20360756,packing,0.059599691164050464,0.059599691164050464,0.0435765095432461
2,1000000,43,20360756,christoffel,0.07001659895857505,0.07001659895857505,0.02893450926363878
2,1000000,44,20360757,convex_hull,0.07519164099746559,0.07519164099746559,0.0
2,1000000,44,20360757,packing,0.0736556673022895,0.0736556673022895,0.042598613873069624
2,1000000,44,20360757,christoffel,0.07001659895857437,0.07001659895857437,0.02729505727501941
2,1000000,45,20360758,convex_hull,0.06985437181672757,0.06985437181672757,0.0
2,1000000,45,20360758,packing,0.053818965715827186,0.053818965715827186,0.041993200073357384
2,1000000,45,20360758,christoffel,0.06377594915540831,0.06377594915540831,0.02893450926363878
2,1000000,46,20360759,convex_hull,0.07084636786203773,0.07084636786203773,0.0
2,1000000,46,20360759,packing,0.057436000417814326,0.057436000417814326,0.04230421584843924
2,1000000,46,20360759,christoffel,0.051412652978155345,0.051412652978155345,0.03171798584288311
2,1000000,47,20360760,convex_hull,0.08503085538209589,0.08503085538209589,0.0
2,1000000,47,20360760,packing,0.08302692095673107,0.08302692095673107,0.043112551716270264
2,1000000,47,20360760,christoffel,0.07001659895857437,0.07001659895857437,0.02729505727501941
2,1000000,48,20360761,convex_hull,0.0739149493438801,0.0739149493438801,0.0
2,1000000,48,20360761,packing,0.06119285610655524,0.06119285610655524,0.03997153170315504
2,1000000,48,20360761,christoffel,0.05774989863532551,0.05774989863532551,0.03171798584288311
2,1000000,49,20360762,convex_hull,0.08045192030721154,0.08045192030721154,0.0
2,1000000,49,20360762,packing,0.08091314017668315,0.08091314017668315,0.04644798200036493
2,1000000,49,20360762,christoffel,0.04314615708616706,0.04314615708616706,0.04105483292932908
4,1000000,0,20360713,convex_hull,0.22993154919970318,0.22993154919970318,0.0
4,1000000,0,20360713,packing,0.2278744227597001,0.2278744227597001,0.0012491059948784855
4,1000000,0,20360713,christoffel,0.14834135128619733,0.14834135128619733,0.018061584170299825
4,1000000,1,20360714,convex_hull,0.2586365229788434,0.2586365229788434,0.0
4,1000000,1,20360714,packing,0.2392144670293201,0.2392144670293201,0.01764553035230898
4,1000000,1,20360714,christoffel,0.1112348303284512,0.1112348303284512,0.053421636211948335
4,1000000,2,20360715,convex_hull,0.29622343181907757,0.29622343181907757,0.0
4,1000000,2,20360715,packing,0.2961596367720231,0.2961596367720231,0.0
4,1000000,2,20360715,christoffel,0.11817345523414537,0.11817345523414537,0.053421636211948335
4,1000000,3,20360716,convex_hull,0.2385052041369938,0.2385052041369938,0.0
4,1000000,3,20360716,packing,0.22909984158654617,0.22909984158654617,0.0
4,1000000,3,20360716,christoffel,0.20125201369806528,0.20125201369806528,0.01092352326571851
4,1000000,4,20360717,convex_hull,0.2221887329648464,0.2221887329648464,0.0
4,1000000,4,20360717,packing,0.22583560283635118,0.22583560283635118,0.0
4,1000000,4,20360717,christoffel,0.14834135128619733,0.14834135128619733,0.018061584170299825
4,1000000,5,20360718,convex_hull,0.25823737938948765,0.25823737938948765,0.0
4,1000000,5,20360718,packing,0.25647412370832817,0.25647412370832817,0.0
4,1000000,5,20360718,christoffel,0.2272268163515491,0.2272268163515491,0.0
4,1000000,6,20360719,convex_hull,0.21155903857075775,0.21155903857075775,0.0
4,1000000,6,20360719,packing,0.20119730023354004,0.20119730023354004,0.0
4,1000000,6,20360719,christoffel,0.16909633538423885,0.16909633538423885,0.013868929215800638
4,1000000,7,20360720,convex_hull,0.27278636223398606,0.27278636223398606,0.0
4,1000000,7,20360720,packing,0.27190828311688525,0.27190828311688525,0.0018013624466866052
4,1000000,7,20360720,christoffel,0.20125201369806528,0.20125201369806528,0.013868929215800638
4,1000000,8,20360721,convex_hull,0.23913946107229636,0.23913946107229636,0.0
4,1000000,8,20360721,packing,0.21638595474834932,0.21638595474834932,0.0
4,1000000,8,20360721,christoffel,0.20125201369806528,0.20125201369806528,0.0
4,1000000,9,20360722,convex_hull,0.24418772473585912,0.24418772473585912,0.0
4,1000000,9,20360722,packing,0.2579669132564421,0.2579669132564421,0.0
4,1000000,9,20360722,christoffel,0.20125201369806528,0.20125201369806528,0.013868929215800638
4,1000000,10,20360723,convex_hull,0.2531595066029237,0.2531595066029237,0.0
4,1000000,10,20360723,packing,0.2394885291779691,0.2394885291779691,0.0
4,1000000,10,20360723,christoffel,0.16202378955556024,0.16202378955556024,0.013868929215800638
4,1000000,11,20360724,convex_hull,0.21739615135857618,0.21739615135857618,0.0
4,1000000,11,20360724,packing,0.23860498802622926,0.23860498802622926,0.013516856406279754
4,1000000,11,20360724,christoffel,0.14834135128619733,0.14834135128619733,0.02893450926363878
4,1000000,12,20360725,convex_hull,0.24891651534833498,0.24891651534833498,0.0
4,1000000,12,20360725,packing,0.20885508920621637,0.20885508920621637,0.020053051486709772
4,1000000,12,20360725,christoffel,0.14834135128619733,0.14834135128619733,0.03171798584288311
4,1000000,13,20360726,convex_hull,0.2332832074906397,0.2332832074906397,0.0
4,1000000,13,20360726,packing,0.22877779820187116,0.22877779820187116,0.004191040121085787
4,1000000,13,20360726,christoffel,0.20125201369806528,0.20125201369806528,0.0
4,1000000,14,20360727,convex_hull,0.2747287269399139,0.2747287269399139,0.0
4,1000000,14,20360727,packing,0.263316234083086,0.263316234083086,0.0019645815683932977
4,1000000,14,20360727,christoffel,0.14834135128619733,0.14834135128619733,0.03171798584288311
4,1000000,15,20360728,convex_hull,0.22457313576515556,0.22457313576515556,0.0
4,1000000,15,20360728,packing,0.22855351654239842,0.22855351654239842,0.010686305104107063
4,1000000,15,20360728,christoffel,0.14834135128619733,0.14834135128619733,0.03171798584288311
4,1000000,16,20360729,convex_hull,0.25373209449265993,0.25373209449265993,0.0
4,1000000,16,20360729,packing,0.2309575541874999,0.2309575541874999,0.0
4,1000000,16,20360729,christoffel,0.20125201369806528,0.20125201369806528,0.01092352326571851
4,1000000,17,20360730,convex_hull,0.20276770625015256,0.20276770625015256,0.0
4,1000000,17,20360730,packing,0.20503250310689491,0.20503250310689491,0.0
4,1000000,17,20360730,christoffel,0.1483413512861971,0.1483413512861971,0.04696536682734941
4,1000000,18,20360731,convex_hull,0.23293456973109972,0.23293456973109972,0.0
4,1000000,18,20360731,packing,0.21807679376342765,0.21807679376342765,0.0
4,1000000,18,20360731,christoffel,0.20125201369806528,0.20125201369806528,0.01092352326571851
4,1000000,19,20360732,convex_hull,0.2689977069228606,0.2689977069228606,0.0
4,1000000,19,20360732,packing,0.25096743251785736,0.25096743251785736,0.0
4,1000000,19,20360732,christoffel,0.20125201369806528,0.20125201369806528,0.0
4,1000000,20,20360733,convex_hull,0.2524842517940933,0.2524842517940933,0.0
4,1000000,20,20360733,packing,0.2476264677155297,0.2476264677155297,0.001089578566246141
4,1000000,20,20360733,christoffel,0.2012520136980645,0.2012520136980645,0.009140262949423958
4,1000000,21,20360734,convex_hull,0.27926372810720085,0.27926372810720085,0.0
4,1000000,21,20360734,packing,0.2455997913884131,0.2455997913884131,0.0
4,1000000,21,20360734,christoffel,0.25419784683262214,0.25419784683262214,0.0
4,1000000,22,20360735,convex_hull,0.28022539041167366,0.28022539041167366,0.0
4,1000000,22,20360735,packing,0.2776693240526118,0.2776693240526118,0.0
4,1000000,22,20360735,christoffel,0.20125201369806528,0.20125201369806528,0.0
4,1000000,23,20360736,convex_hull,0.23324700608672244,0.23324700608672244,0.0
4,1000000,23,20360736,packing,0.21517925589107417,0.21517925589107417,0.0
4,1000000,23,20360736,christoffel,0.14834135128619733,0.14834135128619733,0.02893450926363878
4,1000000,24,20360737,convex_hull,0.2483615192322488,0.2483615192322488,0.0
4,1000000,24,20360737,packing,0.23788359204866283,0.23788359204866283,0.00833225393589343
4,1000000,24,20360737,christoffel,0.20125201369806528,0.20125201369806528,0.0
4,1000000,25,20360738,convex_hull,0.2892458218249553,0.2892458218249553,0.0
4,1000000,25,20360738,packing,0.2430728512892028,0.2430728512892028,0.0
4,1000000,25,20360738,christoffel,0.20125201369806528,0.20125201369806528,0.0
4,1000000,26,20360739,convex_hull,0.2496283194629491,0.2496283194629491,0.0
4,1000000,26,20360739,packing,0.22136050792190548,0.22136050792190548,0.00654687844435764
4,1000000,26,20360739,christoffel,0.14834135128619733,0.14834135128619733,0.03171798584288311
4,1000000,27,20360740,convex_hull,0.238311025887564,0.238311025887564,0.0
4,1000000,27,20360740,packing,0.22139105670762305,0.22139105670762305,0.008464420281585783
4,1000000,27,20360740,christoffel,0.1483413512861971,0.1483413512861971,0.02893450926363878
4,1000000,28,20360741,convex_hull,0.23981191952191647,0.23981191952191647,0.0
4,1000000,28,20360741,packing,0.2391971175191822,0.2391971175191822,0.008926521428711087
4,1000000,28,20360741,christoffel,0.2012520136980645,0.2012520136980645,0.00042463318020004493
4,1000000,29,20360742,convex_hull,0.24954030117149797,0.24954030117149797,0.0
4,1000000,29,20360742,packing,0.2501967235743268,0.2501967235743268,0.005848498553110648
4,1000000,29,20360742,christoffel,0.20125201369806528,0.20125201369806528,0.008443068162366068
4,1000000,30,20360743,convex_hull,0.2552843156190115,0.2552843156190115,0.0
4,1000000,30,20360743,packing,0.23444173423804548,0.23444173423804548,0.0
4,1000000,30,20360743,christoffel,0.20125201369806528,0.20125201369806528,0.01092352326571851
4,1000000,31,20360744,convex_hull,0.2399799941814076,0.2399799941814076,0.0
4,1000000,31,20360744,packing,0.2133832587446533,0.2133832587446533,0.009524281480631336
4,1000000,31,20360744,christoffel,0.14834135128619733,0.14834135128619733,0.02893450926363878
4,1000000,32,20360745,convex_hull,0.24516272329075808,0.24516272329075808,0.0
4,1000000,32,20360745,packing,0.22460384231526753,0.22460384231526753,0.0
4,1000000,32,20360745,christoffel,0.2012520136980645,0.2012520136980645,0.0
4,1000000,33,20360746,convex_hull,0.2957497976611499,0.2957497976611499,0.0
4,1000000,33,20360746,packing,0.2622767822242373,0.2622767822242373,0.0
4,1000000,33,20360746,christoffel,0.2012520136980645,0.2012520136980645,0.0
4,1000000,34,20360747,convex_hull,0.2450904502172954,0.2450904502172954,0.0
4,1000000,34,20360747,packing,0.2339172927006859,0.2339172927006859,0.011851498851930042
4,1000000,34,20360747,christoffel,0.14834135128619733,0.14834135128619733,0.02893450926363878
4,1000000,35,20360748,convex_hull,0.2771593030039544,0.2771593030039544,0.0
4,1000000,35,20360748,packing,0.26089575535198856,0.26089575535198856,0.002432378416061254
4,1000000,35,20360748,christoffel,0.20125201369806528,0.20125201369806528,0.008443068162366068
4,1000000,36,20360749,convex_hull,0.21508817105437375,0.21508817105437375,0.0
4,1000000,36,20360749,packing,0.18136168643728962,0.18136168643728962,0.0037777480727725354
4,1000000,36,20360749,christoffel,0.20125201369806528,0.20125201369806528,0.0
4,1000000,37,20360750,convex_hull,0.2732331475881693,0.2732331475881693,0.0
4,1000000,37,20360750,packing,0.23649997960073277,0.23649997960073277,0.0
4,1000000,37,20360750,christoffel,0.2012520136980645,0.2012520136980645,0.01092352326571851
4,1000000,38,20360751,convex_hull,0.2740059700814705,0.2740059700814705,0.0
4,1000000,38,20360751,packing,0.27170151594665415,0.27170151594665415,0.0
4,1000000,38,20360751,christoffel,0.20125201369806528,0.20125201369806528,0.0
4,1000000,39,20360752,convex_hull,0.2607461965728463,0.2607461965728463,0.0
4,1000000,39,20360752,packing,0.22846314068535017,0.22846314068535017,0.0
4,1000000,39,20360752,christoffel,0.20125201369806528,0.20125201369806528,0.0
4,1000000,40,20360753,convex_hull,0.2020819103775798,0.2020819103775798,0.0
4,1000000,40,20360753,packing,0.2003832573776222,0.2003832573776222,0.006940347261767288
4,1000000,40,20360753,christoffel,0.2012520136980645,0.2012520136980645,0.013868929215800435
4,1000000,41,20360754,convex_hull,0.27034329599383294,0.27034329599383294,0.0
4,1000000,41,20360754,packing,0.2764924536918889,0.2764924536918889,0.011021527725394442
4,1000000,41,20360754,christoffel,0.14834135128619733,0.14834135128619733,0.02893450926363878
4,1000000,42,20360755,convex_hull,0.2469020933463663,0.2469020933463663,0.0
4,1000000,42,20360755,packing,0.22492100234612428,0.22492100234612428,0.003701047808200242
4,1000000,42,20360755,christoffel,0.14834135128619733,0.14834135128619733,0.018061584170299825
4,1000000,43,20360756,convex_hull,0.27467855980788325,0.27467855980788325,0.0
4,1000000,43,20360756,packing,0.24325397325290177,0.24325397325290177,0.0
4,1000000,43,20360756,christoffel,0.20125201369806528,0.20125201369806528,0.0
4,1000000,44,20360757,convex_hull,0.2620941763261644,0.2620941763261644,0.0
4,1000000,44,20360757,packing,0.24664083493779582,0.24664083493779582,0.0
4,1000000,44,20360757,christoffel,0.14834135128619733,0.14834135128619733,0.02729505727501933
4,1000000,45,20360758,convex_hull,0.29392509022496427,0.29392509022496427,0.0
4,1000000,45,20360758,packing,0.2551319502604223,0.2551319502604223,0.01925617718733008
4,1000000,45,20360758,christoffel,0.20125201369806528,0.20125201369806528,0.0
4,1000000,46,20360759,convex_hull,0.24932130940877334,0.24932130940877334,0.0
4,1000000,46,20360759,packing,0.2574965613503093,0.2574965613503093,0.0
4,1000000,46,20360759,christoffel,0.20125201369806528,0.20125201369806528,0.01092352326571851
4,1000000,47,20360760,convex_hull,0.22410782039864666,0.22410782039864666,0.0
4,1000000,47,20360760,packing,0.24201701781099222,0.24201701781099222,0.0
4,1000000,47,20360760,christoffel,0.20125201369806528,0.20125201369806528,0.009140262949423855
4,1000000,48,20360761,convex_hull,0.24829645982825593,0.24829645982825593,0.0
4,1000000,48,20360761,packing,0.23297502583803648,0.23297502583803648,0.018940153216317368
4,1000000,48,20360761,christoffel,0.14834135128619733,0.14834135128619733,0.03171798584288311
4,1000000,49,20360762,convex_hull,0.2555478729060873,0.2555478729060873,0.0
4,1000000,49,20360762,packing,0.24094845884698252,0.24094845884698252,0.01860952291917717
4,1000000,49,20360762,christoffel,0.14834135128619733,0.14834135128619733,0.015255476712893732
