beta,N,seed_index,seed,estimator,hausdorff,inner_directed,outer_directed,packing_centers,packing_radius,christoffel_degree,christoffel_regularization,christoffel_threshold,grid_resolution
0,10,0,20260713,convex_hull,0.9060903222489498,0.9060903222489498,0.0,0,nan,6,1e-06,nan,120
0,10,0,20260713,packing,1.0507051208775955,1.0507051208775955,0.13780480576337562,10,0.15,6,1e-06,nan,120
0,10,0,20260713,christoffel,1.2007051208775954,1.2007051208775954,0.0,0,nan,6,1e-06,9.999745490619894,120
0,10,1,20260714,convex_hull,1.226825165733924,1.226825165733924,0.0,0,nan,6,1e-06,nan,120
0,10,1,20260714,packing,1.1724066489235299,1.1724066489235299,0.05235786718063373,10,0.15,6,1e-06,nan,120
0,10,1,20260714,christoffel,1.3224066489235298,1.3224066489235298,0.0,0,nan,6,1e-06,9.999523965620135,120
0,10,2,20260715,convex_hull,0.7196036922968793,0.7196036922968793,0.0,0,nan,6,1e-06,nan,120
0,10,2,20260715,packing,1.3177400326389455,1.3177400326389455,0.12309592557629312,10,0.15,6,1e-06,nan,120
0,10,2,20260715,christoffel,1.4651125849122504,1.4651125849122504,0.0,0,nan,6,1e-06,9.999620921733124,120
0,10,3,20260716,convex_hull,1.1855809181640122,1.1855809181640122,0.0,0,nan,6,1e-06,nan,120
0,10,3,20260716,packing,1.340946712264556,1.340946712264556,0.14951172313617267,10,0.15,6,1e-06,nan,120
0,10,3,20260716,christoffel,1.4909467122645559,1.4909467122645559,0.0,0,nan,6,1e-06,9.999199491295256,120
0,10,4,20260717,convex_hull,1.0797936576557055,1.0797936576557055,0.0,0,nan,6,1e-06,nan,120
0,10,4,20260717,packing,1.075172094174811,1.075172094174811,0.07321154818920883,9,0.15,6,1e-06,nan,120
0,10,4,20260717,christoffel,1.225172094174811,1.225172094174811,0.0,0,nan,6,1e-06,9.99955133104101,120
0,10,5,20260718,convex_hull,0.6795403773525774,0.6795403773525774,0.0,0,nan,6,1e-06,nan,120
0,10,5,20260718,packing,1.0951759350815065,1.0951759350815065,0.04014039741442113,10,0.15,6,1e-06,nan,120
0,10,5,20260718,christoffel,1.2451759350815064,1.2451759350815064,0.0,0,nan,6,1e-06,9.998954497041515,120
0,10,6,20260719,convex_hull,1.1025894106424816,1.1025894106424816,0.0,0,nan,6,1e-06,nan,120
0,10,6,20260719,packing,1.2170187530884802,1.2170187530884802,0.13003101728843536,10,0.15,6,1e-06,nan,120
0,10,6,20260719,christoffel,1.355299105816238,1.355299105816238,0.0,0,nan,6,1e-06,9.999870539835069,120
0,10,7,20260720,convex_hull,1.1880900646277113,1.1880900646277113,0.0,0,nan,6,1e-06,nan,120
0,10,7,20260720,packing,1.0380900646277114,1.0380900646277114,0.06712232780149352,10,0.15,6,1e-06,nan,120
0,10,7,20260720,christoffel,1.1880900646277113,1.1880900646277113,0.0,0,nan,6,1e-06,9.999408166860693,120
0,10,8,20260721,convex_hull,1.3010596546693596,1.3010596546693596,0.0,0,nan,6,1e-06,nan,120
0,10,8,20260721,packing,1.1608444879590833,1.1608444879590833,0.0,10,0.15,6,1e-06,nan,120
0,10,8,20260721,christoffel,1.3108444879590833,1.3108444879590833,0.0,0,nan,6,1e-06,9.999177688573303,120
0,10,9,20260722,convex_hull,0.7948299107752475,0.7948299107752475,0.0,0,nan,6,1e-06,nan,120
0,10,9,20260722,packing,1.0326678323492942,1.0326678323492942,0.05726690365921794,9,0.15,6,1e-06,nan,120
0,10,9,20260722,christoffel,1.182667832349294,1.182667832349294,0.0,0,nan,6,1e-06,9.999595243127217,120
0,10,10,20260723,convex_hull,1.3309218130720704,1.3309218130720704,0.0,0,nan,6,1e-06,nan,120
0,10,10,20260723,packing,1.19481405373263,1.19481405373263,0.10939468850420009,10,0.15,6,1e-06,nan,120
0,10,10,20260723,christoffel,1.3448140537326299,1.3448140537326299,0.0,0,nan,6,1e-06,9.999799445291417,120
0,10,11,20260724,convex_hull,0.471555360918952,0.471555360918952,0.0,0,nan,6,1e-06,nan,120
0,10,11,20260724,packing,0.9961933043658168,0.9961933043658168,0.12789651925356882,10,0.15,6,1e-06,nan,120
0,10,11,20260724,christoffel,1.1461933043658168,1.1461933043658168,0.0,0,nan,6,1e-06,9.99935147282214,120
0,10,12,20260725,convex_hull,1.2262075394598357,1.2262075394598357,0.0,0,nan,6,1e-06,nan,120
0,10,12,20260725,packing,1.1067678835898056,1.1067678835898056,0.0,10,0.15,6,1e-06,nan,120
0,10,12,20260725,christoffel,1.2567678835898055,1.2567678835898055,0.0,0,nan,6,1e-06,9.999092029831031,120
0,10,13,20260726,convex_hull,1.4367806954818154,1.4367806954818154,0.0,0,nan,6,1e-06,nan,120
0,10,13,20260726,packing,1.2867806954818155,1.2867806954818155,0.1350024561462052,10,0.15,6,1e-06,nan,120
0,10,13,20260726,christoffel,1.4367806954818154,1.4367806954818154,0.0,0,nan,6,1e-06,9.999808836940504,120
0,10,14,20260727,convex_hull,0.9479013528889764,0.9479013528889764,0.0,0,nan,6,1e-06,nan,120
0,10,14,20260727,packing,1.0483623336722927,1.0483623336722927,0.14815142097232536,10,0.15,6,1e-06,nan,120
0,10,14,20260727,christoffel,1.1911441687598925,1.1911441687598925,0.0,0,nan,6,1e-06,9.999478336319394,120
0,10,15,20260728,convex_hull,0.8482816595986727,0.8482816595986727,0.0,0,nan,6,1e-06,nan,120
0,10,15,20260728,packing,0.918008958608101,0.918008958608101,0.09710574443471831,10,0.15,6,1e-06,nan,120
0,10,15,20260728,christoffel,1.06383388601906,1.06383388601906,0.0,0,nan,6,1e-06,9.999672248782073,120
0,10,16,20260729,convex_hull,1.3952444611625723,1.3952444611625723,0.0,0,nan,6,1e-06,nan,120
0,10,16,20260729,packing,1.2452444611625724,1.2452444611625724,0.11566766385564953,10,0.15,6,1e-06,nan,120
0,10,16,20260729,christoffel,1.3952444611625723,1.3952444611625723,0.0,0,nan,6,1e-06,9.993827717811639,120
0,10,17,20260730,convex_hull,0.579969107931044,0.579969107931044,0.0,0,nan,6,1e-06,nan,120
0,10,17,20260730,packing,0.9244533550167419,0.9244533550167419,0.1383866881299659,10,0.15,6,1e-06,nan,120
0,10,17,20260730,christoffel,1.0744533550167419,1.0744533550167419,0.0,0,nan,6,1e-06,9.99985612537286,120
0,10,18,20260731,convex_hull,0.9117669996984757,0.9117669996984757,0.0,0,nan,6,1e-06,nan,120
0,10,18,20260731,packing,1.3077902122896643,1.3077902122896643,0.06328666182491638,10,0.15,6,1e-06,nan,120
0,10,18,20260731,christoffel,1.4577902122896642,1.4577902122896642,0.0,0,nan,6,1e-06,9.99986504190708,120
0,10,19,20260732,convex_hull,0.8020350855919819,0.8020350855919819,0.0,0,nan,6,1e-06,nan,120
0,10,19,20260732,packing,1.240341218915197,1.240341218915197,0.12496901813588346,10,0.15,6,1e-06,nan,120
0,10,19,20260732,christoffel,1.390341218915197,1.390341218915197,0.0,0,nan,6,1e-06,9.999746122309126,120
0,10,20,20260733,convex_hull,0.9563023394345743,0.9563023394345743,0.0,0,nan,6,1e-06,nan,120
0,10,20,20260733,packing,1.0223846322426142,1.0223846322426142,0.07717285210029612,10,0.15,6,1e-06,nan,120
0,10,20,20260733,christoffel,1.1723846322426141,1.1723846322426141,0.0,0,nan,6,1e-06,9.999668193659092,120
0,10,21,20260734,convex_hull,1.3369364944043252,1.3369364944043252,0.0,0,nan,6,1e-06,nan,120
0,10,21,20260734,packing,1.2030795153332248,1.2030795153332248,0.10765999708008311,10,0.15,6,1e-06,nan,120
0,10,21,20260734,christoffel,1.3530795153332247,1.3530795153332247,0.0,0,nan,6,1e-06,9.99856737928107,120
0,10,22,20260735,convex_hull,1.1087199806626609,1.1087199806626609,0.0,0,nan,6,1e-06,nan,120
0,10,22,20260735,packing,1.0321726728907592,1.0321726728907592,0.10916863623327466,10,0.15,6,1e-06,nan,120
0,10,22,20260735,christoffel,1.1821726728907591,1.1821726728907591,0.0,0,nan,6,1e-06,9.9995959050587,120
0,10,23,20260736,convex_hull,0.8084698477261509,0.8084698477261509,0.0,0,nan,6,1e-06,nan,120
0,10,23,20260736,packing,1.091292133212039,1.091292133212039,0.10780254491184238,10,0.15,6,1e-06,nan,120
0,10,23,20260736,christoffel,1.241292133212039,1.241292133212039,0.0,0,nan,6,1e-06,9.999767804288519,120
0,10,24,20260737,convex_hull,1.7160358922816492,1.7160358922816492,0.0,0,nan,6,1e-06,nan,120
0,10,24,20260737,packing,1.5660358922816493,1.5660358922816493,0.11156097340630944,10,0.15,6,1e-06,nan,120
0,10,24,20260737,christoffel,1.7160358922816492,1.7160358922816492,0.0,0,nan,6,1e-06,9.999480311122792,120
0,10,25,20260738,convex_hull,1.0718333849801511,1.0718333849801511,0.0,0,nan,6,1e-06,nan,120
0,10,25,20260738,packing,1.051536798335151,1.051536798335151,0.10266663033509082,10,0.15,6,1e-06,nan,120
0,10,25,20260738,christoffel,1.2015367983351508,1.2015367983351508,0.0,0,nan,6,1e-06,9.999762945870483,120
0,10,26,20260739,convex_hull,1.4761066740095143,1.4761066740095143,0.0,0,nan,6,1e-06,nan,120
0,10,26,20260739,packing,1.3932921757186514,1.3932921757186514,0.0,10,0.15,6,1e-06,nan,120
0,10,26,20260739,christoffel,1.5432921757186513,1.5432921757186513,0.0,0,nan,6,1e-06,9.998492019289474,120
0,10,27,20260740,convex_hull,1.1560664468538513,1.1560664468538513,0.0,0,nan,6,1e-06,nan,120
0,10,27,20260740,packing,1.1676700939977167,1.1676700939977167,0.12304879560303061,9,0.15,6,1e-06,nan,120
0,10,27,20260740,christoffel,1.31633961832658,1.31633961832658,0.0,0,nan,6,1e-06,9.999613974980834,120
0,10,28,20260741,convex_hull,1.434942596869832,1.434942596869832,0.0,0,nan,6,1e-06,nan,120
0,10,28,20260741,packing,1.284942596869832,1.284942596869832,0.10495107871838516,10,0.15,6,1e-06,nan,120
0,10,28,20260741,christoffel,1.434942596869832,1.434942596869832,0.0,0,nan,6,1e-06,9.999487931676263,120
0,10,29,20260742,convex_hull,1.0465314674147994,1.0465314674147994,0.0,0,nan,6,1e-06,nan,120
0,10,29,20260742,packing,1.0394016520697693,1.0394016520697693,0.13612400767042,10,0.15,6,1e-06,nan,120
0,10,29,20260742,christoffel,1.1894016520697692,1.1894016520697692,0.0,0,nan,6,1e-06,9.9998029888176,120
0,10,30,20260743,convex_hull,1.3272880924097883,1.3272880924097883,0.0,0,nan,6,1e-06,nan,120
0,10,30,20260743,packing,1.1772880924097884,1.1772880924097884,0.12943103565855285,10,0.15,6,1e-06,nan,120
0,10,30,20260743,christoffel,1.3272880924097883,1.3272880924097883,0.0,0,nan,6,1e-06,9.999915118194117,120
0,10,31,20260744,convex_hull,1.3589344979365046,1.3589344979365046,0.0,0,nan,6,1e-06,nan,120
0,10,31,20260744,packing,1.2089344979365046,1.2089344979365046,0.1459500844207129,9,0.15,6,1e-06,nan,120
0,10,31,20260744,christoffel,1.3589344979365046,1.3589344979365046,0.0,0,nan,6,1e-06,9.999520764625233,120
0,10,32,20260745,convex_hull,1.281966213395091,1.281966213395091,0.0,0,nan,6,1e-06,nan,120
0,10,32,20260745,packing,1.2561677207096205,1.2561677207096205,0.12072303062727685,10,0.15,6,1e-06,nan,120
0,10,32,20260745,christoffel,1.4061677207096204,1.4061677207096204,0.0,0,nan,6,1e-06,9.999367059259372,120
0,10,33,20260746,convex_hull,0.9645884590953643,0.9645884590953643,0.0,0,nan,6,1e-06,nan,120
0,10,33,20260746,packing,1.073742228860892,1.073742228860892,0.04770572264976425,10,0.15,6,1e-06,nan,120
0,10,33,20260746,christoffel,1.223742228860892,1.223742228860892,0.0,0,nan,6,1e-06,9.999551679534404,120
0,10,34,20260747,convex_hull,1.0770095672024358,1.0770095672024358,0.0,0,nan,6,1e-06,nan,120
0,10,34,20260747,packing,1.172756504063011,1.172756504063011,0.10337936416029458,9,0.15,6,1e-06,nan,120
0,10,34,20260747,christoffel,1.322756504063011,1.322756504063011,0.0,0,nan,6,1e-06,9.999782155137476,120
0,10,35,20260748,convex_hull,1.272119014672429,1.272119014672429,0.0,0,nan,6,1e-06,nan,120
0,10,35,20260748,packing,1.1221190146724291,1.1221190146724291,0.0,10,0.15,6,1e-06,nan,120
0,10,35,20260748,christoffel,1.272119014672429,1.272119014672429,0.0,0,nan,6,1e-06,9.997483804534285,120
0,10,36,20260749,convex_hull,2.274760110101486,2.274760110101486,0.0,0,nan,6,1e-06,nan,120
0,10,36,20260749,packing,2.124760110101486,2.124760110101486,0.1171381274223775,9,0.15,6,1e-06,nan,120
0,10,36,20260749,christoffel,2.274760110101486,2.274760110101486,0.0,0,nan,6,1e-06,9.999401406569724,120
0,10,37,20260750,convex_hull,0.664009751841237,0.664009751841237,0.0,0,nan,6,1e-06,nan,120
0,10,37,20260750,packing,1.1553464296657872,1.1553464296657872,0.08655125475079384,10,0.15,6,1e-06,nan,120
0,10,37,20260750,christoffel,1.305346429665787,1.305346429665787,0.0,0,nan,6,1e-06,9.999690772018702,120
0,10,38,20260751,convex_hull,1.6475628304609673,1.6475628304609673,0.0,0,nan,6,1e-06,nan,120
0,10,38,20260751,packing,1.4975628304609674,1.4975628304609674,0.12992341744564695,9,0.15,6,1e-06,nan,120
0,10,38,20260751,christoffel,1.6475628304609673,1.6475628304609673,0.0,0,nan,6,1e-06,9.999693186347226,120
0,10,39,20260752,convex_hull,0.9796524273566264,0.9796524273566264,0.0,0,nan,6,1e-06,nan,120
0,10,39,20260752,packing,1.027632081846281,1.027632081846281,0.13679674232002803,9,0.15,6,1e-06,nan,120
0,10,39,20260752,christoffel,1.1776320818462809,1.1776320818462809,0.0,0,nan,6,1e-06,9.999739894908933,120
0,10,40,20260753,convex_hull,1.1591278820378754,1.1591278820378754,0.0,0,nan,6,1e-06,nan,120
0,10,40,20260753,packing,1.1872438371380194,1.1872438371380194,0.11508082318005085,9,0.15,6,1e-06,nan,120
0,10,40,20260753,christoffel,1.3372438371380193,1.3372438371380193,0.0,0,nan,6,1e-06,9.999332801811471,120
0,10,41,20260754,convex_hull,0.8983951458508571,0.8983951458508571,0.0,0,nan,6,1e-06,nan,120
0,10,41,20260754,packing,1.1035252923276408,1.1035252923276408,0.08252576461740202,10,0.15,6,1e-06,nan,120
0,10,41,20260754,christoffel,1.2535252923276408,1.2535252923276408,0.0,0,nan,6,1e-06,9.999486479266873,120
0,10,42,20260755,convex_hull,1.4305512577742634,1.4305512577742634,0.0,0,nan,6,1e-06,nan,120
0,10,42,20260755,packing,1.2855748261761595,1.2855748261761595,0.0,9,0.15,6,1e-06,nan,120
0,10,42,20260755,christoffel,1.4355748261761594,1.4355748261761594,0.0,0,nan,6,1e-06,9.998013683618478,120
0,10,43,20260756,convex_hull,0.5652919974246405,0.5652919974246405,0.0,0,nan,6,1e-06,nan,120
0,10,43,20260756,packing,1.1401136050191656,1.1401136050191656,0.10623743568202859,9,0.15,6,1e-06,nan,120
0,10,43,20260756,christoffel,1.2901136050191655,1.2901136050191655,0.0,0,nan,6,1e-06,9.999367653836616,120
0,10,44,20260757,convex_hull,1.2518281121983077,1.2518281121983077,0.0,0,nan,6,1e-06,nan,120
0,10,44,20260757,packing,1.157710090374099,1.157710090374099,0.14809204317182134,10,0.15,6,1e-06,nan,120
0,10,44,20260757,christoffel,1.307710090374099,1.307710090374099,0.0,0,nan,6,1e-06,9.999305844011433,120
0,10,45,20260758,convex_hull,1.1874832733392244,1.1874832733392244,0.0,0,nan,6,1e-06,nan,120
0,10,45,20260758,packing,1.0374832733392245,1.0374832733392245,0.072105437374099,10,0.15,6,1e-06,nan,120
0,10,45,20260758,christoffel,1.1874832733392244,1.1874832733392244,0.0,0,nan,6,1e-06,9.999507047714259,120
0,10,46,20260759,convex_hull,1.3859792843828274,1.3859792843828274,0.0,0,nan,6,1e-06,nan,120
0,10,46,20260759,packing,1.2359792843828274,1.2359792843828274,0.03811967984804998,10,0.15,6,1e-06,nan,120
0,10,46,20260759,christoffel,1.3859792843828274,1.3859792843828274,0.0,0,nan,6,1e-06,9.99950989574236,120
0,10,47,20260760,convex_hull,0.7227622350630988,0.7227622350630988,0.0,0,nan,6,1e-06,nan,120
0,10,47,20260760,packing,1.4116923475527554,1.4116923475527554,0.04398956606558446,10,0.15,6,1e-06,nan,120
0,10,47,20260760,christoffel,1.5616923475527553,1.5616923475527553,0.0,0,nan,6,1e-06,9.999400722346582,120
0,10,48,20260761,convex_hull,1.7471933727474702,1.7471933727474702,0.0,0,nan,6,1e-06,nan,120
0,10,48,20260761,packing,1.615279223248297,1.615279223248297,0.12905021885199874,10,0.15,6,1e-06,nan,120
0,10,48,20260761,christoffel,1.765279223248297,1.765279223248297,0.0,0,nan,6,1e-06,9.999586349653901,120
0,10,49,20260762,convex_hull,1.8493064654149356,1.8493064654149356,0.0,0,nan,6,1e-06,nan,120
0,10,49,20260762,packing,1.7199228664711999,1.7199228664711999,0.1427685457808785,10,0.15,6,1e-06,nan,120
0,10,49,20260762,christoffel,1.8699228664711998,1.8699228664711998,0.0,0,nan,6,1e-06,9.99957047988378,120
2,10,0,20260713,convex_hull,0.9744592527897667,0.9744592527897667,0.0,0,nan,6,1e-06,nan,120
2,10,0,20260713,packing,1.0067026961149588,1.0067026961149588,0.0,10,0.15,6,1e-06,nan,120
2,10,0,20260713,christoffel,1.1489176040101532,1.1489176040101532,0.0,0,nan,6,1e-06,9.998488739550668,120
2,10,1,20260714,convex_hull,1.9754041948101966,1.9754041948101966,0.0,0,nan,6,1e-06,nan,120
2,10,1,20260714,packing,1.8254041948101967,1.8254041948101967,0.053872577025815604,9,0.15,6,1e-06,nan,120
2,10,1,20260714,christoffel,1.9754041948101966,1.9754041948101966,0.0,0,nan,6,1e-06,9.995986703757753,120
2,10,2,20260715,convex_hull,1.4113329445197982,1.4113329445197982,0.0,0,nan,6,1e-06,nan,120
2,10,2,20260715,packing,1.2613329445197983,1.2613329445197983,0.0,10,0.15,6,1e-06,nan,120
2,10,2,20260715,christoffel,1.4113329445197982,1.4113329445197982,0.0,0,nan,6,1e-06,9.995220304071994,120
2,10,3,20260716,convex_hull,1.4365600669431544,1.4365600669431544,0.0,0,nan,6,1e-06,nan,120
2,10,3,20260716,packing,1.2865600669431545,1.2865600669431545,0.0,9,0.15,6,1e-06,nan,120
2,10,3,20260716,christoffel,1.4365600669431544,1.4365600669431544,0.0,0,nan,6,1e-06,9.993006611768102,120
2,10,4,20260717,convex_hull,1.9466759566760496,1.9466759566760496,0.0,0,nan,6,1e-06,nan,120
2,10,4,20260717,packing,1.7966759566760497,1.7966759566760497,0.0,10,0.15,6,1e-06,nan,120
2,10,4,20260717,christoffel,1.9466759566760496,1.9466759566760496,0.0,0,nan,6,1e-06,9.998041141592328,120
2,10,5,20260718,convex_hull,1.6489591638382421,1.6489591638382421,0.0,0,nan,6,1e-06,nan,120
2,10,5,20260718,packing,1.4989591638382422,1.4989591638382422,0.0,9,0.15,6,1e-06,nan,120
2,10,5,20260718,christoffel,1.6489591638382421,1.6489591638382421,0.0,0,nan,6,1e-06,9.986617981476174,120
2,10,6,20260719,convex_hull,1.7390863188645405,1.7390863188645405,0.0,0,nan,6,1e-06,nan,120
2,10,6,20260719,packing,1.5890863188645405,1.5890863188645405,0.0,10,0.15,6,1e-06,nan,120
2,10,6,20260719,christoffel,1.7387394398424045,1.7387394398424045,0.0,0,nan,6,1e-06,9.935200830651302,120
2,10,7,20260720,convex_hull,1.4803854908249081,1.4803854908249081,0.0,0,nan,6,1e-06,nan,120
2,10,7,20260720,packing,1.3303854908249082,1.3303854908249082,0.0,10,0.15,6,1e-06,nan,120
2,10,7,20260720,christoffel,1.4803854908249081,1.4803854908249081,0.0,0,nan,6,1e-06,9.998333619273756,120
2,10,8,20260721,convex_hull,1.1574679538488168,1.1574679538488168,0.0,0,nan,6,1e-06,nan,120
2,10,8,20260721,packing,1.0076803511151302,1.0076803511151302,0.0,9,0.15,6,1e-06,nan,120
2,10,8,20260721,christoffel,1.1576803511151301,1.1576803511151301,0.0,0,nan,6,1e-06,9.994766394067096,120
2,10,9,20260722,convex_hull,1.5449752056024746,1.5449752056024746,0.0,0,nan,6,1e-06,nan,120
2,10,9,20260722,packing,1.4569143136882232,1.4569143136882232,0.0,10,0.15,6,1e-06,nan,120
2,10,9,20260722,christoffel,1.6069143136882231,1.6069143136882231,0.0,0,nan,6,1e-06,9.998420088873925,120
2,10,10,20260723,convex_hull,2.077733808294321,2.077733808294321,0.0,0,nan,6,1e-06,nan,120
2,10,10,20260723,packing,1.9277338082943212,1.9277338082943212,0.0,6,0.15,6,1e-06,nan,120
2,10,10,20260723,christoffel,2.077733808294321,2.077733808294321,0.0,0,nan,6,1e-06,9.998681789960267,120
2,10,11,20260724,convex_hull,1.619142666454231,1.619142666454231,0.0,0,nan,6,1e-06,nan,120
2,10,11,20260724,packing,1.469142666454231,1.469142666454231,0.0,8,0.15,6,1e-06,nan,120
2,10,11,20260724,christoffel,1.619142666454231,1.619142666454231,0.0,0,nan,6,1e-06,9.996751951024104,120
2,10,12,20260725,convex_hull,1.9972035634891623,1.9972035634891623,0.0,0,nan,6,1e-06,nan,120
2,10,12,20260725,packing,1.852702999531319,1.852702999531319,0.0,9,0.15,6,1e-06,nan,120
2,10,12,20260725,christoffel,2.002702999531319,2.002702999531319,0.0,0,nan,6,1e-06,9.975619360394552,120
2,10,13,20260726,convex_hull,1.6364048254317074,1.6364048254317074,0.0,0,nan,6,1e-06,nan,120
2,10,13,20260726,packing,1.4864048254317075,1.4864048254317075,0.0,9,0.15,6,1e-06,nan,120
2,10,13,20260726,christoffel,1.6364048254317074,1.6364048254317074,0.0,0,nan,6,1e-06,9.99885059005404,120
2,10,14,20260727,convex_hull,1.342434207508899,1.342434207508899,0.0,0,nan,6,1e-06,nan,120
2,10,14,20260727,packing,1.1924342075088992,1.1924342075088992,0.0,10,0.15,6,1e-06,nan,120
2,10,14,20260727,christoffel,1.342434207508899,1.342434207508899,0.0,0,nan,6,1e-06,9.997374168890795,120
2,10,15,20260728,convex_hull,1.1732614126120864,1.1732614126120864,0.0,0,nan,6,1e-06,nan,120
2,10,15,20260728,packing,1.0232614126120865,1.0232614126120865,0.0,10,0.15,6,1e-06,nan,120
2,10,15,20260728,christoffel,1.1732614126120864,1.1732614126120864,0.0,0,nan,6,1e-06,9.997586606197068,120
2,10,16,20260729,convex_hull,2.6032957117944098,2.6032957117944098,0.0,0,nan,6,1e-06,nan,120
2,10,16,20260729,packing,2.45329571179441,2.45329571179441,0.0,8,0.15,6,1e-06,nan,120
2,10,16,20260729,christoffel,2.6032957117944098,2.6032957117944098,0.0,0,nan,6,1e-06,9.996272314596473,120
2,10,17,20260730,convex_hull,2.134618376749078,2.134618376749078,0.0,0,nan,6,1e-06,nan,120
2,10,17,20260730,packing,1.9880136327748166,1.9880136327748166,0.0,10,0.15,6,1e-06,nan,120
2,10,17,20260730,christoffel,2.1380136327748165,2.1380136327748165,0.0,0,nan,6,1e-06,9.99962079706458,120
2,10,18,20260731,convex_hull,1.5373231039909843,1.5373231039909843,0.0,0,nan,6,1e-06,nan,120
2,10,18,20260731,packing,1.3873231039909844,1.3873231039909844,0.0,8,0.15,6,1e-06,nan,120
2,10,18,20260731,christoffel,1.5373231039909843,1.5373231039909843,0.0,0,nan,6,1e-06,9.995028154047446,120
2,10,19,20260732,convex_hull,1.9411841710664568,1.9411841710664568,0.0,0,nan,6,1e-06,nan,120
2,10,19,20260732,packing,1.7911841710664569,1.7911841710664569,0.0,9,0.15,6,1e-06,nan,120
2,10,19,20260732,christoffel,1.9411841710664568,1.9411841710664568,0.0,0,nan,6,1e-06,9.990764923331549,120
2,10,20,20260733,convex_hull,2.2529608270015915,2.2529608270015915,0.0,0,nan,6,1e-06,nan,120
2,10,20,20260733,packing,2.1064257570977425,2.1064257570977425,0.0,10,0.15,6,1e-06,nan,120
2,10,20,20260733,christoffel,2.2564257570977424,2.2564257570977424,0.0,0,nan,6,1e-06,9.994834430094388,120
2,10,21,20260734,convex_hull,1.874504465651603,1.874504465651603,0.0,0,nan,6,1e-06,nan,120
2,10,21,20260734,packing,1.724504465651603,1.724504465651603,0.0,9,0.15,6,1e-06,nan,120
2,10,21,20260734,christoffel,1.874504465651603,1.874504465651603,0.0,0,nan,6,1e-06,9.999681790469708,120
2,10,22,20260735,convex_hull,1.9266167431207712,1.9266167431207712,0.0,0,nan,6,1e-06,nan,120
2,10,22,20260735,packing,1.7766167431207713,1.7766167431207713,0.0,9,0.15,6,1e-06,nan,120
2,10,22,20260735,christoffel,1.9266167431207712,1.9266167431207712,0.0,0,nan,6,1e-06,9.98443715540252,120
2,10,23,20260736,convex_hull,2.0512991278732873,2.0512991278732873,0.0,0,nan,6,1e-06,nan,120
2,10,23,20260736,packing,1.9012991278732874,1.9012991278732874,0.0,8,0.15,6,1e-06,nan,120
2,10,23,20260736,christoffel,2.0512991278732873,2.0512991278732873,0.0,0,nan,6,1e-06,9.99893435277024,120
2,10,24,20260737,convex_hull,1.722592946608785,1.722592946608785,0.0,0,nan,6,1e-06,nan,120
2,10,24,20260737,packing,1.6379259928837073,1.6379259928837073,0.0,8,0.15,6,1e-06,nan,120
2,10,24,20260737,christoffel,1.722592946608785,1.722592946608785,0.0,0,nan,6,1e-06,9.997366783289168,120
2,10,25,20260738,convex_hull,1.6311432997385935,1.6311432997385935,0.0,0,nan,6,1e-06,nan,120
2,10,25,20260738,packing,1.4838328943068217,1.4838328943068217,0.0,9,0.15,6,1e-06,nan,120
2,10,25,20260738,christoffel,1.6338328943068217,1.6338328943068217,0.0,0,nan,6,1e-06,9.999554479328772,120
2,10,26,20260739,convex_hull,2.0261359771618483,2.0261359771618483,0.0,0,nan,6,1e-06,nan,120
2,10,26,20260739,packing,1.8761359771618484,1.8761359771618484,0.0,9,0.15,6,1e-06,nan,120
2,10,26,20260739,christoffel,2.0261359771618483,2.0261359771618483,0.0,0,nan,6,1e-06,9.994830499123793,120
2,10,27,20260740,convex_hull,2.0138335034465977,2.0138335034465977,0.0,0,nan,6,1e-06,nan,120
2,10,27,20260740,packing,1.8638335034465978,1.8638335034465978,0.0,9,0.15,6,1e-06,nan,120
2,10,27,20260740,christoffel,2.0138335034465977,2.0138335034465977,0.0,0,nan,6,1e-06,9.998265653976883,120
2,10,28,20260741,convex_hull,2.0560082425553596,2.0560082425553596,0.0,0,nan,6,1e-06,nan,120
2,10,28,20260741,packing,1.9082944209158406,1.9082944209158406,0.0,10,0.15,6,1e-06,nan,120
2,10,28,20260741,christoffel,2.0206952038364094,2.0206952038364094,0.0,0,nan,6,1e-06,9.996683897480382,120
2,10,29,20260742,convex_hull,1.9438820911884274,1.9438820911884274,0.0,0,nan,6,1e-06,nan,120
2,10,29,20260742,packing,1.7938820911884275,1.7938820911884275,0.0,7,0.15,6,1e-06,nan,120
2,10,29,20260742,christoffel,1.9438820911884274,1.9438820911884274,0.0,0,nan,6,1e-06,9.998156372286557,120
2,10,30,20260743,convex_hull,1.627503238219073,1.627503238219073,0.0,0,nan,6,1e-06,nan,120
2,10,30,20260743,packing,1.4775032382190731,1.4775032382190731,0.0,10,0.15,6,1e-06,nan,120
2,10,30,20260743,christoffel,1.627503238219073,1.627503238219073,0.0,0,nan,6,1e-06,9.989693704309119,120
2,10,31,20260744,convex_hull,1.3364875976154509,1.3364875976154509,0.0,0,nan,6,1e-06,nan,120
2,10,31,20260744,packing,1.186487597615451,1.186487597615451,0.0,9,0.15,6,1e-06,nan,120
2,10,31,20260744,christoffel,1.3364875976154509,1.3364875976154509,0.0,0,nan,6,1e-06,9.999288462114203,120
2,10,32,20260745,convex_hull,2.3624356774683517,2.3624356774683517,0.0,0,nan,6,1e-06,nan,120
2,10,32,20260745,packing,2.212435677468352,2.212435677468352,0.0,8,0.15,6,1e-06,nan,120
2,10,32,20260745,christoffel,2.3624356774683517,2.3624356774683517,0.0,0,nan,6,1e-06,9.995104784567129,120
2,10,33,20260746,convex_hull,1.7431837313651006,1.7431837313651006,0.0,0,nan,6,1e-06,nan,120
2,10,33,20260746,packing,1.5931837313651007,1.5931837313651007,0.0,10,0.15,6,1e-06,nan,120
2,10,33,20260746,christoffel,1.7431837313651006,1.7431837313651006,0.0,0,nan,6,1e-06,9.99405643583609,120
2,10,34,20260747,convex_hull,2.2584513029279956,2.2584513029279956,0.0,0,nan,6,1e-06,nan,120
2,10,34,20260747,packing,2.1176962657621226,2.1176962657621226,0.0,9,0.15,6,1e-06,nan,120
2,10,34,20260747,christoffel,2.2676962657621225,2.2676962657621225,0.0,0,nan,6,1e-06,9.986147455939864,120
2,10,35,20260748,convex_hull,2.3809733326114846,2.3809733326114846,0.0,0,nan,6,1e-06,nan,120
2,10,35,20260748,packing,2.2309733326114847,2.2309733326114847,0.0,9,0.15,6,1e-06,nan,120
2,10,35,20260748,christoffel,2.3809733326114846,2.3809733326114846,0.0,0,nan,6,1e-06,9.943645621479186,120
2,10,36,20260749,convex_hull,1.5527661927904624,1.5527661927904624,0.0,0,nan,6,1e-06,nan,120
2,10,36,20260749,packing,1.4027661927904624,1.4027661927904624,0.0,9,0.15,6,1e-06,nan,120
2,10,36,20260749,christoffel,1.5527661927904624,1.5527661927904624,0.0,0,nan,6,1e-06,9.998419956977472,120
2,10,37,20260750,convex_hull,1.9686271505913255,1.9686271505913255,0.0,0,nan,6,1e-06,nan,120
2,10,37,20260750,packing,1.8186271505913256,1.8186271505913256,0.0,10,0.15,6,1e-06,nan,120
2,10,37,20260750,christoffel,1.9686271505913255,1.9686271505913255,0.0,0,nan,6,1e-06,9.996331764681239,120
2,10,38,20260751,convex_hull,1.7284471073228609,1.7284471073228609,0.0,0,nan,6,1e-06,nan,120
2,10,38,20260751,packing,1.578447107322861,1.578447107322861,0.0,9,0.15,6,1e-06,nan,120
2,10,38,20260751,christoffel,1.7284471073228609,1.7284471073228609,0.0,0,nan,6,1e-06,9.996262710180885,120
2,10,39,20260752,convex_hull,1.8425868721487741,1.8425868721487741,0.0,0,nan,6,1e-06,nan,120
2,10,39,20260752,packing,1.6925868721487742,1.6925868721487742,0.0,9,0.15,6,1e-06,nan,120
2,10,39,20260752,christoffel,1.8425868721487741,1.8425868721487741,0.0,0,nan,6,1e-06,9.942832296793616,120
2,10,40,20260753,convex_hull,1.5755468387378524,1.5755468387378524,0.0,0,nan,6,1e-06,nan,120
2,10,40,20260753,packing,1.4255468387378525,1.4255468387378525,0.0,9,0.15,6,1e-06,nan,120
2,10,40,20260753,christoffel,1.5755468387378524,1.5755468387378524,0.0,0,nan,6,1e-06,9.997850710249034,120
2,10,41,20260754,convex_hull,1.2529477106641675,1.2529477106641675,0.0,0,nan,6,1e-06,nan,120
2,10,41,20260754,packing,1.1029477106641676,1.1029477106641676,0.0,9,0.15,6,1e-06,nan,120
2,10,41,20260754,christoffel,1.2529477106641675,1.2529477106641675,0.0,0,nan,6,1e-06,9.998382319709114,120
2,10,42,20260755,convex_hull,1.426227032871262,1.426227032871262,0.0,0,nan,6,1e-06,nan,120
2,10,42,20260755,packing,1.2762270328712622,1.2762270328712622,0.0,9,0.15,6,1e-06,nan,120
2,10,42,20260755,christoffel,1.426227032871262,1.426227032871262,0.0,0,nan,6,1e-06,9.998412456589664,120
2,10,43,20260756,convex_hull,1.377966574159195,1.377966574159195,0.0,0,nan,6,1e-06,nan,120
2,10,43,20260756,packing,1.2279665741591952,1.2279665741591952,0.0,10,0.15,6,1e-06,nan,120
2,10,43,20260756,christoffel,1.377966574159195,1.377966574159195,0.0,0,nan,6,1e-06,9.990504030419986,120
2,10,44,20260757,convex_hull,1.8165017813317959,1.8165017813317959,0.0,0,nan,6,1e-06,nan,120
2,10,44,20260757,packing,1.666501781331796,1.666501781331796,0.0,10,0.15,6,1e-06,nan,120
2,10,44,20260757,christoffel,1.8165017813317959,1.8165017813317959,0.0,0,nan,6,1e-06,9.99438299221928,120
2,10,45,20260758,convex_hull,1.4849988015861253,1.4849988015861253,0.0,0,nan,6,1e-06,nan,120
2,10,45,20260758,packing,1.3349988015861254,1.3349988015861254,0.0,9,0.15,6,1e-06,nan,120
2,10,45,20260758,christoffel,1.4849988015861253,1.4849988015861253,0.0,0,nan,6,1e-06,9.988356557291931,120
2,10,46,20260759,convex_hull,2.0950374176925455,2.0950374176925455,0.0,0,nan,6,1e-06,nan,120
2,10,46,20260759,packing,1.9450374176925456,1.9450374176925456,0.0,9,0.15,6,1e-06,nan,120
2,10,46,20260759,christoffel,2.0950374176925455,2.0950374176925455,0.0,0,nan,6,1e-06,9.938497311105134,120
2,10,47,20260760,convex_hull,1.4965732905305278,1.4965732905305278,0.0,0,nan,6,1e-06,nan,120
2,10,47,20260760,packing,1.3465732905305279,1.3465732905305279,0.014715806767563233,10,0.15,6,1e-06,nan,120
2,10,47,20260760,christoffel,1.4965732905305278,1.4965732905305278,0.0,0,nan,6,1e-06,9.996536661547383,120
2,10,48,20260761,convex_hull,1.855184349359561,1.855184349359561,0.0,0,nan,6,1e-06,nan,120
2,10,48,20260761,packing,1.705184349359561,1.705184349359561,0.0,10,0.15,6,1e-06,nan,120
2,10,48,20260761,christoffel,1.855184349359561,1.855184349359561,0.0,0,nan,6,1e-06,9.983682239856694,120
2,10,49,20260762,convex_hull,1.8824539467182888,1.8824539467182888,0.0,0,nan,6,1e-06,nan,120
2,10,49,20260762,packing,1.732453946718289,1.732453946718289,0.0,9,0.15,6,1e-06,nan,120
2,10,49,20260762,christoffel,1.8824539467182888,1.8824539467182888,0.0,0,nan,6,1e-06,9.994133182567667,120
4,10,0,20260713,convex_hull,1.4299541160784277,1.4299541160784277,0.0,0,nan,6,1e-06,nan,120
4,10,0,20260713,packing,1.2799541160784278,1.2799541160784278,0.0,9,0.15,6,1e-06,nan,120
4,10,0,20260713,christoffel,1.4299541160784277,1.4299541160784277,0.0,0,nan,6,1e-06,9.993662793826783,120
4,10,1,20260714,convex_hull,2.092546032771728,2.092546032771728,0.0,0,nan,6,1e-06,nan,120
4,10,1,20260714,packing,1.942546032771728,1.942546032771728,0.0,10,0.15,6,1e-06,nan,120
4,10,1,20260714,christoffel,2.092546032771728,2.092546032771728,0.0,0,nan,6,1e-06,9.985854781949065,120
4,10,2,20260715,convex_hull,1.7122301948363998,1.7122301948363998,0.0,0,nan,6,1e-06,nan,120
4,10,2,20260715,packing,1.5622301948364,1.5622301948364,0.0,9,0.15,6,1e-06,nan,120
4,10,2,20260715,christoffel,1.7122301948363998,1.7122301948363998,0.0,0,nan,6,1e-06,9.991926179401283,120
4,10,3,20260716,convex_hull,1.7625176954333304,1.7625176954333304,0.0,0,nan,6,1e-06,nan,120
4,10,3,20260716,packing,1.6125176954333305,1.6125176954333305,0.0,10,0.15,6,1e-06,nan,120
4,10,3,20260716,christoffel,1.7625176954333304,1.7625176954333304,0.0,0,nan,6,1e-06,9.945745875549727,120
4,10,4,20260717,convex_hull,2.266961611077266,2.266961611077266,0.0,0,nan,6,1e-06,nan,120
4,10,4,20260717,packing,2.1406149135761794,2.1406149135761794,0.0,9,0.15,6,1e-06,nan,120
4,10,4,20260717,christoffel,2.2148541905105525,2.2148541905105525,0.0,0,nan,6,1e-06,9.99195815822657,120
4,10,5,20260718,convex_hull,1.8961743423756459,1.8961743423756459,0.0,0,nan,6,1e-06,nan,120
4,10,5,20260718,packing,1.746174342375646,1.746174342375646,0.0,7,0.15,6,1e-06,nan,120
4,10,5,20260718,christoffel,1.867184495599407,1.867184495599407,0.0,0,nan,6,1e-06,9.971053236296147,120
4,10,6,20260719,convex_hull,1.9635656468283833,1.9635656468283833,0.0,0,nan,6,1e-06,nan,120
4,10,6,20260719,packing,1.8135656468283834,1.8135656468283834,0.0,8,0.15,6,1e-06,nan,120
4,10,6,20260719,christoffel,1.9635656468283833,1.9635656468283833,0.0,0,nan,6,1e-06,9.695337085452591,120
4,10,7,20260720,convex_hull,1.8378917040227076,1.8378917040227076,0.0,0,nan,6,1e-06,nan,120
4,10,7,20260720,packing,1.6912398763026733,1.6912398763026733,0.0,9,0.15,6,1e-06,nan,120
4,10,7,20260720,christoffel,1.8055333003327958,1.8055333003327958,0.0,0,nan,6,1e-06,9.989835368946142,120
4,10,8,20260721,convex_hull,1.6326550823917287,1.6326550823917287,0.0,0,nan,6,1e-06,nan,120
4,10,8,20260721,packing,1.4826550823917288,1.4826550823917288,0.0,8,0.15,6,1e-06,nan,120
4,10,8,20260721,christoffel,1.6326550823917287,1.6326550823917287,0.0,0,nan,6,1e-06,9.957324765148677,120
4,10,9,20260722,convex_hull,1.8806371653893377,1.8806371653893377,0.0,0,nan,6,1e-06,nan,120
4,10,9,20260722,packing,1.7306371653893378,1.7306371653893378,0.0,8,0.15,6,1e-06,nan,120
4,10,9,20260722,christoffel,1.8806371653893377,1.8806371653893377,0.0,0,nan,6,1e-06,9.994248587637623,120
4,10,10,20260723,convex_hull,2.2625496278342316,2.2625496278342316,0.0,0,nan,6,1e-06,nan,120
4,10,10,20260723,packing,2.1125496278342317,2.1125496278342317,0.0,6,0.15,6,1e-06,nan,120
4,10,10,20260723,christoffel,2.2625496278342316,2.2625496278342316,0.0,0,nan,6,1e-06,9.988898386753815,120
4,10,11,20260724,convex_hull,1.8665480240000005,1.8665480240000005,0.0,0,nan,6,1e-06,nan,120
4,10,11,20260724,packing,1.7165480240000006,1.7165480240000006,0.0,9,0.15,6,1e-06,nan,120
4,10,11,20260724,christoffel,1.8665480240000005,1.8665480240000005,0.0,0,nan,6,1e-06,9.977913816143662,120
4,10,12,20260725,convex_hull,2.222187658303042,2.222187658303042,0.0,0,nan,6,1e-06,nan,120
4,10,12,20260725,packing,2.0721876583030423,2.0721876583030423,0.0,8,0.15,6,1e-06,nan,120
4,10,12,20260725,christoffel,2.2154715367965347,2.2154715367965347,0.0,0,nan,6,1e-06,9.956823287688543,120
4,10,13,20260726,convex_hull,2.0834913449536856,2.0834913449536856,0.0,0,nan,6,1e-06,nan,120
4,10,13,20260726,packing,1.9334913449536857,1.9334913449536857,0.0,9,0.15,6,1e-06,nan,120
4,10,13,20260726,christoffel,2.0834913449536856,2.0834913449536856,0.0,0,nan,6,1e-06,9.991419801511716,120
4,10,14,20260727,convex_hull,1.7023114708932021,1.7023114708932021,0.0,0,nan,6,1e-06,nan,120
4,10,14,20260727,packing,1.5523114708932022,1.5523114708932022,0.0,9,0.15,6,1e-06,nan,120
4,10,14,20260727,christoffel,1.7023114708932021,1.7023114708932021,0.0,0,nan,6,1e-06,9.988229579583232,120
4,10,15,20260728,convex_hull,1.6436618771748375,1.6436618771748375,0.0,0,nan,6,1e-06,nan,120
4,10,15,20260728,packing,1.4936618771748376,1.4936618771748376,0.0,10,0.15,6,1e-06,nan,120
4,10,15,20260728,christoffel,1.6436618771748375,1.6436618771748375,0.0,0,nan,6,1e-06,9.990742960621064,120
4,10,16,20260729,convex_hull,2.63580460175377,2.63580460175377,0.0,0,nan,6,1e-06,nan,120
4,10,16,20260729,packing,2.4858046017537703,2.4858046017537703,0.0,6,0.15,6,1e-06,nan,120
4,10,16,20260729,christoffel,2.63580460175377,2.63580460175377,0.0,0,nan,6,1e-06,9.986481426869293,120
4,10,17,20260730,convex_hull,2.266329942967827,2.266329942967827,0.0,0,nan,6,1e-06,nan,120
4,10,17,20260730,packing,2.166219813878487,2.166219813878487,0.0,10,0.15,6,1e-06,nan,120
4,10,17,20260730,christoffel,2.316219813878487,2.316219813878487,0.0,0,nan,6,1e-06,9.998107429400624,120
4,10,18,20260731,convex_hull,1.8451454909366458,1.8451454909366458,0.0,0,nan,6,1e-06,nan,120
4,10,18,20260731,packing,1.695145490936646,1.695145490936646,0.0,7,0.15,6,1e-06,nan,120
4,10,18,20260731,christoffel,1.8451454909366458,1.8451454909366458,0.0,0,nan,6,1e-06,9.98419479025694,120
4,10,19,20260732,convex_hull,2.260129267632654,2.260129267632654,0.0,0,nan,6,1e-06,nan,120
4,10,19,20260732,packing,2.110129267632654,2.110129267632654,0.0,9,0.15,6,1e-06,nan,120
4,10,19,20260732,christoffel,2.260129267632654,2.260129267632654,0.0,0,nan,6,1e-06,9.961999835074748,120
4,10,20,20260733,convex_hull,2.3998971789213397,2.3998971789213397,0.0,0,nan,6,1e-06,nan,120
4,10,20,20260733,packing,2.2502431731910395,2.2502431731910395,0.0,9,0.15,6,1e-06,nan,120
4,10,20,20260733,christoffel,2.373833859937167,2.373833859937167,0.0,0,nan,6,1e-06,9.984378584943656,120
4,10,21,20260734,convex_hull,2.10899946704579,2.10899946704579,0.0,0,nan,6,1e-06,nan,120
4,10,21,20260734,packing,1.95899946704579,1.95899946704579,0.0,8,0.15,6,1e-06,nan,120
4,10,21,20260734,christoffel,2.108945881398703,2.108945881398703,0.0,0,nan,6,1e-06,9.998923943680149,120
4,10,22,20260735,convex_hull,2.1889145162705814,2.1889145162705814,0.0,0,nan,6,1e-06,nan,120
4,10,22,20260735,packing,2.0389145162705815,2.0389145162705815,0.0,8,0.15,6,1e-06,nan,120
4,10,22,20260735,christoffel,2.1889145162705814,2.1889145162705814,0.0,0,nan,6,1e-06,9.93191950921549,120
4,10,23,20260736,convex_hull,2.2781546341093044,2.2781546341093044,0.0,0,nan,6,1e-06,nan,120
4,10,23,20260736,packing,2.1281546341093045,2.1281546341093045,0.0,7,0.15,6,1e-06,nan,120
4,10,23,20260736,christoffel,2.2781546341093044,2.2781546341093044,0.0,0,nan,6,1e-06,9.99564022124683,120
4,10,24,20260737,convex_hull,2.040913091854916,2.040913091854916,0.0,0,nan,6,1e-06,nan,120
4,10,24,20260737,packing,1.9363902806478142,1.9363902806478142,0.0,8,0.15,6,1e-06,nan,120
4,10,24,20260737,christoffel,2.0052002436200533,2.0052002436200533,0.0,0,nan,6,1e-06,9.98719531614959,120
4,10,25,20260738,convex_hull,1.8476240017246948,1.8476240017246948,0.0,0,nan,6,1e-06,nan,120
4,10,25,20260738,packing,1.6976240017246949,1.6976240017246949,0.0,9,0.15,6,1e-06,nan,120
4,10,25,20260738,christoffel,1.8476240017246948,1.8476240017246948,0.0,0,nan,6,1e-06,9.998693901510961,120
4,10,26,20260739,convex_hull,2.2294449176970548,2.2294449176970548,0.0,0,nan,6,1e-06,nan,120
4,10,26,20260739,packing,2.079444917697055,2.079444917697055,0.0,9,0.15,6,1e-06,nan,120
4,10,26,20260739,christoffel,2.2294449176970548,2.2294449176970548,0.0,0,nan,6,1e-06,9.973735837844304,120
4,10,27,20260740,convex_hull,2.2657659321182377,2.2657659321182377,0.0,0,nan,6,1e-06,nan,120
4,10,27,20260740,packing,2.115765932118238,2.115765932118238,0.0,9,0.15,6,1e-06,nan,120
4,10,27,20260740,christoffel,2.2657659321182377,2.2657659321182377,0.0,0,nan,6,1e-06,9.994090352349401,120
4,10,28,20260741,convex_hull,2.231582510586297,2.231582510586297,0.0,0,nan,6,1e-06,nan,120
4,10,28,20260741,packing,2.0815825204938965,2.0815825204938965,0.0,8,0.15,6,1e-06,nan,120
4,10,28,20260741,christoffel,2.1839938489356614,2.1839938489356614,0.0,0,nan,6,1e-06,9.984188643070459,120
4,10,29,20260742,convex_hull,2.237868669090191,2.237868669090191,0.0,0,nan,6,1e-06,nan,120
4,10,29,20260742,packing,2.087868669090191,2.087868669090191,0.0,6,0.15,6,1e-06,nan,120
4,10,29,20260742,christoffel,2.219171723360073,2.219171723360073,0.0,0,nan,6,1e-06,9.988509118923195,120
4,10,30,20260743,convex_hull,2.0177097683952114,2.0177097683952114,0.0,0,nan,6,1e-06,nan,120
4,10,30,20260743,packing,1.8677097683952115,1.8677097683952115,0.0,8,0.15,6,1e-06,nan,120
4,10,30,20260743,christoffel,2.0177097683952114,2.0177097683952114,0.0,0,nan,6,1e-06,9.958478787532096,120
4,10,31,20260744,convex_hull,1.7335769419641138,1.7335769419641138,0.0,0,nan,6,1e-06,nan,120
4,10,31,20260744,packing,1.583576941964114,1.583576941964114,0.0,9,0.15,6,1e-06,nan,120
4,10,31,20260744,christoffel,1.7335769419641138,1.7335769419641138,0.0,0,nan,6,1e-06,9.995847201293316,120
4,10,32,20260745,convex_hull,2.467996479167998,2.467996479167998,0.0,0,nan,6,1e-06,nan,120
4,10,32,20260745,packing,2.317996479167998,2.317996479167998,0.0,7,0.15,6,1e-06,nan,120
4,10,32,20260745,christoffel,2.467996479167998,2.467996479167998,0.0,0,nan,6,1e-06,9.978917319146822,120
4,10,33,20260746,convex_hull,2.058063325338735,2.058063325338735,0.0,0,nan,6,1e-06,nan,120
4,10,33,20260746,packing,1.908063325338735,1.908063325338735,0.0,9,0.15,6,1e-06,nan,120
4,10,33,20260746,christoffel,2.0558665096559436,2.0558665096559436,0.0,0,nan,6,1e-06,9.988641475924657,120
4,10,34,20260747,convex_hull,2.372328395559348,2.372328395559348,0.0,0,nan,6,1e-06,nan,120
4,10,34,20260747,packing,2.222328395559348,2.222328395559348,0.0,8,0.15,6,1e-06,nan,120
4,10,34,20260747,christoffel,2.372328395559348,2.372328395559348,0.0,0,nan,6,1e-06,9.955778098521199,120
4,10,35,20260748,convex_hull,2.498395876390044,2.498395876390044,0.0,0,nan,6,1e-06,nan,120
4,10,35,20260748,packing,2.4596592957092587,2.4596592957092587,0.0,6,0.15,6,1e-06,nan,120
4,10,35,20260748,christoffel,2.486296574279906,2.486296574279906,0.0,0,nan,6,1e-06,9.610785790825735,120
4,10,36,20260749,convex_hull,1.8108939388277763,1.8108939388277763,0.0,0,nan,6,1e-06,nan,120
4,10,36,20260749,packing,1.6608939388277764,1.6608939388277764,0.0,9,0.15,6,1e-06,nan,120
4,10,36,20260749,christoffel,1.8108939388277763,1.8108939388277763,0.0,0,nan,6,1e-06,9.996523405165002,120
4,10,37,20260750,convex_hull,2.169756340418831,2.169756340418831,0.0,0,nan,6,1e-06,nan,120
4,10,37,20260750,packing,2.019756340418831,2.019756340418831,0.0,9,0.15,6,1e-06,nan,120
4,10,37,20260750,christoffel,2.1624951767019986,2.1624951767019986,0.0,0,nan,6,1e-06,9.989977512862744,120
4,10,38,20260751,convex_hull,1.9664278340116423,1.9664278340116423,0.0,0,nan,6,1e-06,nan,120
4,10,38,20260751,packing,1.8164278340116424,1.8164278340116424,0.0,9,0.15,6,1e-06,nan,120
4,10,38,20260751,christoffel,1.9664278340116423,1.9664278340116423,0.0,0,nan,6,1e-06,9.980772542830794,120
4,10,39,20260752,convex_hull,2.075556515606249,2.075556515606249,0.0,0,nan,6,1e-06,nan,120
4,10,39,20260752,packing,1.925556515606249,1.925556515606249,0.0,9,0.15,6,1e-06,nan,120
4,10,39,20260752,christoffel,2.075556515606249,2.075556515606249,0.0,0,nan,6,1e-06,9.728869396188824,120
4,10,40,20260753,convex_hull,1.8913404574735202,1.8913404574735202,0.0,0,nan,6,1e-06,nan,120
4,10,40,20260753,packing,1.7413404574735203,1.7413404574735203,0.0,9,0.15,6,1e-06,nan,120
4,10,40,20260753,christoffel,1.8913404574735202,1.8913404574735202,0.0,0,nan,6,1e-06,9.991934654151397,120
4,10,41,20260754,convex_hull,1.6277587634460573,1.6277587634460573,0.0,0,nan,6,1e-06,nan,120
4,10,41,20260754,packing,1.4777587634460574,1.4777587634460574,0.0,8,0.15,6,1e-06,nan,120
4,10,41,20260754,christoffel,1.6277587634460573,1.6277587634460573,0.0,0,nan,6,1e-06,9.99162896310341,120
4,10,42,20260755,convex_hull,1.7762163733120733,1.7762163733120733,0.0,0,nan,6,1e-06,nan,120
4,10,42,20260755,packing,1.6262163733120734,1.6262163733120734,0.0,10,0.15,6,1e-06,nan,120
4,10,42,20260755,christoffel,1.7762163733120733,1.7762163733120733,0.0,0,nan,6,1e-06,9.988701084833474,120
4,10,43,20260756,convex_hull,1.6679407795192205,1.6679407795192205,0.0,0,nan,6,1e-06,nan,120
4,10,43,20260756,packing,1.5179407795192206,1.5179407795192206,0.0,9,0.15,6,1e-06,nan,120
4,10,43,20260756,christoffel,1.6679407795192205,1.6679407795192205,0.0,0,nan,6,1e-06,9.968185236311065,120
4,10,44,20260757,convex_hull,2.101065931729825,2.101065931729825,0.0,0,nan,6,1e-06,nan,120
4,10,44,20260757,packing,1.9510659317298251,1.9510659317298251,0.0,10,0.15,6,1e-06,nan,120
4,10,44,20260757,christoffel,2.101065931729825,2.101065931729825,0.0,0,nan,6,1e-06,9.973202847575799,120
4,10,45,20260758,convex_hull,1.3563650532564926,1.3563650532564926,0.0,0,nan,6,1e-06,nan,120
4,10,45,20260758,packing,1.2063650532564927,1.2063650532564927,0.0,9,0.15,6,1e-06,nan,120
4,10,45,20260758,christoffel,1.3563650532564926,1.3563650532564926,0.0,0,nan,6,1e-06,9.980471201010124,120
4,10,46,20260759,convex_hull,2.2328104218200955,2.2328104218200955,0.0,0,nan,6,1e-06,nan,120
4,10,46,20260759,packing,2.0828104218200956,2.0828104218200956,0.0,9,0.15,6,1e-06,nan,120
4,10,46,20260759,christoffel,2.2328104218200955,2.2328104218200955,0.0,0,nan,6,1e-06,9.688020318856928,120
4,10,47,20260760,convex_hull,1.8778177259895543,1.8778177259895543,0.0,0,nan,6,1e-06,nan,120
4,10,47,20260760,packing,1.7278177259895544,1.7278177259895544,0.0,10,0.15,6,1e-06,nan,120
4,10,47,20260760,christoffel,1.8778177259895543,1.8778177259895543,0.0,0,nan,6,1e-06,9.989841784292775,120
4,10,48,20260761,convex_hull,2.013797014706921,2.013797014706921,0.0,0,nan,6,1e-06,nan,120
4,10,48,20260761,packing,1.863797014706921,1.863797014706921,0.0,9,0.15,6,1e-06,nan,120
4,10,48,20260761,christoffel,2.013797014706921,2.013797014706921,0.0,0,nan,6,1e-06,9.924224392352372,120
4,10,49,20260762,convex_hull,2.1763087751698276,2.1763087751698276,0.0,0,nan,6,1e-06,nan,120
4,10,49,20260762,packing,2.0263087751698277,2.0263087751698277,0.0,9,0.15,6,1e-06,nan,120
4,10,49,20260762,christoffel,2.1694736342969203,2.1694736342969203,0.0,0,nan,6,1e-06,9.960245084744429,120
0,30,0,20270713,convex_hull,0.5889173448249085,0.5889173448249085,0.0,0,nan,6,1e-06,nan,120
0,30,0,20270713,packing,1.0039586144643142,1.0039586144643142,0.10403941374980441,30,0.15,6,1e-06,nan,120
0,30,0,20270713,christoffel,1.1437018318564527,1.1437018318564527,0.0,0,nan,6,1e-06,29.981086489161907,120
0,30,1,20270714,convex_hull,0.658552341857745,0.658552341857745,0.0,0,nan,6,1e-06,nan,120
0,30,1,20270714,packing,0.7516945729386288,0.7516945729386288,0.13999348406993795,26,0.15,6,1e-06,nan,120
0,30,1,20270714,christoffel,0.7697295765240241,0.7697295765240241,0.0,0,nan,6,1e-06,29.963051221005824,120
0,30,2,20270715,convex_hull,0.6696975311417731,0.6696975311417731,0.0,0,nan,6,1e-06,nan,120
0,30,2,20270715,packing,0.7686204619763396,0.7686204619763396,0.11588171766486355,29,0.15,6,1e-06,nan,120
0,30,2,20270715,christoffel,0.84697279176316,0.84697279176316,0.0,0,nan,6,1e-06,29.886862014514172,120
0,30,3,20270716,convex_hull,0.666972835766146,0.666972835766146,0.0,0,nan,6,1e-06,nan,120
0,30,3,20270716,packing,0.7833098006397821,0.7833098006397821,0.09736896957869143,28,0.15,6,1e-06,nan,120
0,30,3,20270716,christoffel,0.9205330098726725,0.9205330098726725,0.0,0,nan,6,1e-06,29.900495738801865,120
0,30,4,20270717,convex_hull,1.3107171665368145,1.3107171665368145,0.0,0,nan,6,1e-06,nan,120
0,30,4,20270717,packing,1.199822657179058,1.199822657179058,0.12734757886312476,24,0.15,6,1e-06,nan,120
0,30,4,20270717,christoffel,1.349822657179058,1.349822657179058,0.0,0,nan,6,1e-06,29.964198529746035,120
0,30,5,20270718,convex_hull,0.4650916640673341,0.4650916640673341,0.0,0,nan,6,1e-06,nan,120
0,30,5,20270718,packing,0.6993990133613296,0.6993990133613296,0.11307529868673727,25,0.15,6,1e-06,nan,120
0,30,5,20270718,christoffel,0.8493990133613296,0.8493990133613296,0.0,0,nan,6,1e-06,29.948005183143803,120
0,30,6,20270719,convex_hull,0.5190910403173022,0.5190910403173022,0.0,0,nan,6,1e-06,nan,120
0,30,6,20270719,packing,0.6519522691868942,0.6519522691868942,0.1387095149844657,26,0.15,6,1e-06,nan,120
0,30,6,20270719,christoffel,0.7229027561894728,0.7229027561894728,0.0,0,nan,6,1e-06,29.658596178150503,120
0,30,7,20270720,convex_hull,0.40352708802239357,0.40352708802239357,0.0,0,nan,6,1e-06,nan,120
0,30,7,20270720,packing,0.7125093003343594,0.7125093003343594,0.138402248898987,26,0.15,6,1e-06,nan,120
0,30,7,20270720,christoffel,0.8010020479862267,0.8010020479862267,0.0,0,nan,6,1e-06,29.94361343489734,120
0,30,8,20270721,convex_hull,0.46603668603361237,0.46603668603361237,0.0,0,nan,6,1e-06,nan,120
0,30,8,20270721,packing,0.7017914057465979,0.7017914057465979,0.14036875560429474,26,0.15,6,1e-06,nan,120
0,30,8,20270721,christoffel,0.7683251289222998,0.7683251289222998,0.0,0,nan,6,1e-06,29.9467033591861,120
0,30,9,20270722,convex_hull,0.5838258350203739,0.5838258350203739,0.0,0,nan,6,1e-06,nan,120
0,30,9,20270722,packing,0.7375210831032807,0.7375210831032807,0.14214628209228775,27,0.15,6,1e-06,nan,120
0,30,9,20270722,christoffel,0.836935336046276,0.836935336046276,0.0,0,nan,6,1e-06,29.939621069421126,120
0,30,10,20270723,convex_hull,0.5322744522851536,0.5322744522851536,0.0,0,nan,6,1e-06,nan,120
0,30,10,20270723,packing,0.8819495569279873,0.8819495569279873,0.11575145844362608,26,0.15,6,1e-06,nan,120
0,30,10,20270723,christoffel,1.0155648420881884,1.0155648420881884,0.0,0,nan,6,1e-06,29.991388335367876,120
0,30,11,20270724,convex_hull,0.6445784164710926,0.6445784164710926,0.0,0,nan,6,1e-06,nan,120
0,30,11,20270724,packing,0.6873789366289649,0.6873789366289649,0.13200467655658876,24,0.15,6,1e-06,nan,120
0,30,11,20270724,christoffel,0.8313925182937932,0.8313925182937932,0.0,0,nan,6,1e-06,29.817293066950363,120
0,30,12,20270725,convex_hull,0.5350875373049129,0.5350875373049129,0.0,0,nan,6,1e-06,nan,120
0,30,12,20270725,packing,0.7282037577422871,0.7282037577422871,0.12849436413297433,27,0.15,6,1e-06,nan,120
0,30,12,20270725,christoffel,0.8290000949127975,0.8290000949127975,0.0,0,nan,6,1e-06,29.966723148046288,120
0,30,13,20270726,convex_hull,0.8923722383802976,0.8923722383802976,0.0,0,nan,6,1e-06,nan,120
0,30,13,20270726,packing,0.8043867232114416,0.8043867232114416,0.10741694989153272,25,0.15,6,1e-06,nan,120
0,30,13,20270726,christoffel,0.8900051491935497,0.8900051491935497,0.0,0,nan,6,1e-06,29.92734306072974,120
0,30,14,20270727,convex_hull,0.72727480144156,0.72727480144156,0.0,0,nan,6,1e-06,nan,120
0,30,14,20270727,packing,0.7529810114131804,0.7529810114131804,0.14666216410557342,29,0.15,6,1e-06,nan,120
0,30,14,20270727,christoffel,0.8942560881146396,0.8942560881146396,0.0,0,nan,6,1e-06,29.939592409845883,120
0,30,15,20270728,convex_hull,0.7354731137911655,0.7354731137911655,0.0,0,nan,6,1e-06,nan,120
0,30,15,20270728,packing,0.6923295858624434,0.6923295858624434,0.12345343697682898,29,0.15,6,1e-06,nan,120
0,30,15,20270728,christoffel,0.8423295858624434,0.8423295858624434,0.013558594810690251,0,nan,6,1e-06,29.897973325325452,120
0,30,16,20270729,convex_hull,0.4412166463231792,0.4412166463231792,0.0,0,nan,6,1e-06,nan,120
0,30,16,20270729,packing,0.5777165297628748,0.5777165297628748,0.1006734721579381,28,0.15,6,1e-06,nan,120
0,30,16,20270729,christoffel,0.7277165297628748,0.7277165297628748,0.0,0,nan,6,1e-06,29.98169529286826,120
0,30,17,20270730,convex_hull,0.8445039971794357,0.8445039971794357,0.0,0,nan,6,1e-06,nan,120
0,30,17,20270730,packing,0.8237542459240927,0.8237542459240927,0.14039741320113563,27,0.15,6,1e-06,nan,120
0,30,17,20270730,christoffel,0.9708235476085084,0.9708235476085084,0.0,0,nan,6,1e-06,29.942640831885342,120
0,30,18,20270731,convex_hull,0.3505422983031969,0.3505422983031969,0.0,0,nan,6,1e-06,nan,120
0,30,18,20270731,packing,0.7223012963988955,0.7223012963988955,0.13148043604372273,28,0.15,6,1e-06,nan,120
0,30,18,20270731,christoffel,0.8222197078579019,0.8222197078579019,0.0,0,nan,6,1e-06,29.95147945811461,120
0,30,19,20270732,convex_hull,0.5897337859948835,0.5897337859948835,0.0,0,nan,6,1e-06,nan,120
0,30,19,20270732,packing,0.7326664352014879,0.7326664352014879,0.14744482456843766,29,0.15,6,1e-06,nan,120
0,30,19,20270732,christoffel,0.8623355153721008,0.8623355153721008,0.0,0,nan,6,1e-06,29.936243555335537,120
0,30,20,20270733,convex_hull,0.6655749061650693,0.6655749061650693,0.0,0,nan,6,1e-06,nan,120
0,30,20,20270733,packing,0.7091546583856351,0.7091546583856351,0.13827875540349532,26,0.15,6,1e-06,nan,120
0,30,20,20270733,christoffel,0.7989684498584784,0.7989684498584784,0.0,0,nan,6,1e-06,29.960110027788105,120
0,30,21,20270734,convex_hull,0.5721989176090597,0.5721989176090597,0.0,0,nan,6,1e-06,nan,120
0,30,21,20270734,packing,0.6697172805868572,0.6697172805868572,0.1317594759992171,27,0.15,6,1e-06,nan,120
0,30,21,20270734,christoffel,0.783739598009368,0.783739598009368,0.0,0,nan,6,1e-06,29.93531339978475,120
0,30,22,20270735,convex_hull,0.6739845104688226,0.6739845104688226,0.0,0,nan,6,1e-06,nan,120
0,30,22,20270735,packing,0.5986384441528076,0.5986384441528076,0.09898405672586541,26,0.15,6,1e-06,nan,120
0,30,22,20270735,christoffel,0.7409577777507962,0.7409577777507962,0.0,0,nan,6,1e-06,29.777912562829975,120
0,30,23,20270736,convex_hull,0.4955189155753556,0.4955189155753556,0.0,0,nan,6,1e-06,nan,120
0,30,23,20270736,packing,0.6260356682987215,0.6260356682987215,0.12853419240896202,27,0.15,6,1e-06,nan,120
0,30,23,20270736,christoffel,0.7759286917286586,0.7759286917286586,0.0,0,nan,6,1e-06,29.91081527491376,120
0,30,24,20270737,convex_hull,0.5773265463391529,0.5773265463391529,0.0,0,nan,6,1e-06,nan,120
0,30,24,20270737,packing,0.5775703531907199,0.5775703531907199,0.13959349658577747,28,0.15,6,1e-06,nan,120
0,30,24,20270737,christoffel,0.6762826218831334,0.6762826218831334,0.0,0,nan,6,1e-06,29.98354803363591,120
0,30,25,20270738,convex_hull,0.461603265296802,0.461603265296802,0.0,0,nan,6,1e-06,nan,120
0,30,25,20270738,packing,0.7458740908283901,0.7458740908283901,0.1467792835819729,28,0.15,6,1e-06,nan,120
0,30,25,20270738,christoffel,0.8958740908283901,0.8958740908283901,0.0,0,nan,6,1e-06,29.97981712171298,120
0,30,26,20270739,convex_hull,0.771881360349928,0.771881360349928,0.0,0,nan,6,1e-06,nan,120
0,30,26,20270739,packing,0.729583800775502,0.729583800775502,0.13557270367632024,26,0.15,6,1e-06,nan,120
0,30,26,20270739,christoffel,0.8493971460787855,0.8493971460787855,0.0,0,nan,6,1e-06,29.934265582886145,120
0,30,27,20270740,convex_hull,0.4700172447695856,0.4700172447695856,0.0,0,nan,6,1e-06,nan,120
0,30,27,20270740,packing,0.7193111555306078,0.7193111555306078,0.14282199527230854,26,0.15,6,1e-06,nan,120
0,30,27,20270740,christoffel,0.8556996623646652,0.8556996623646652,0.0,0,nan,6,1e-06,29.929199968921353,120
0,30,28,20270741,convex_hull,0.362143077779154,0.362143077779154,0.0,0,nan,6,1e-06,nan,120
0,30,28,20270741,packing,0.656256038994369,0.656256038994369,0.14179393855637246,25,0.15,6,1e-06,nan,120
0,30,28,20270741,christoffel,0.7674282009365421,0.7674282009365421,0.0,0,nan,6,1e-06,29.963253046910225,120
0,30,29,20270742,convex_hull,0.745621297251529,0.745621297251529,0.0,0,nan,6,1e-06,nan,120
0,30,29,20270742,packing,0.8115012194491396,0.8115012194491396,0.11356218526417816,27,0.15,6,1e-06,nan,120
0,30,29,20270742,christoffel,0.8836964469893737,0.8836964469893737,0.0,0,nan,6,1e-06,29.956285375384894,120
0,30,30,20270743,convex_hull,0.831200176037872,0.831200176037872,0.0,0,nan,6,1e-06,nan,120
0,30,30,20270743,packing,0.8619202718605837,0.8619202718605837,0.13634183855774717,26,0.15,6,1e-06,nan,120
0,30,30,20270743,christoffel,1.0037969716302129,1.0037969716302129,0.0,0,nan,6,1e-06,29.892029837844433,120
0,30,31,20270744,convex_hull,0.5573662677250797,0.5573662677250797,0.0,0,nan,6,1e-06,nan,120
0,30,31,20270744,packing,0.635527105958379,0.635527105958379,0.14557675577676288,27,0.15,6,1e-06,nan,120
0,30,31,20270744,christoffel,0.7485271355176547,0.7485271355176547,0.0,0,nan,6,1e-06,29.94742759031858,120
0,30,32,20270745,convex_hull,0.5262914982342829,0.5262914982342829,0.0,0,nan,6,1e-06,nan,120
0,30,32,20270745,packing,0.5868382813526127,0.5868382813526127,0.1498746996810576,29,0.15,6,1e-06,nan,120
0,30,32,20270745,christoffel,0.6545949726048378,0.6545949726048378,0.0,0,nan,6,1e-06,29.970583107988137,120
0,30,33,20270746,convex_hull,0.5326529954245801,0.5326529954245801,0.0,0,nan,6,1e-06,nan,120
0,30,33,20270746,packing,0.6507896938739338,0.6507896938739338,0.108473352737112,25,0.15,6,1e-06,nan,120
0,30,33,20270746,christoffel,0.7587256429024168,0.7587256429024168,0.0,0,nan,6,1e-06,29.94082176683742,120
0,30,34,20270747,convex_hull,0.7828186153923546,0.7828186153923546,0.0,0,nan,6,1e-06,nan,120
0,30,34,20270747,packing,0.7013136945422872,0.7013136945422872,0.13562218468167853,26,0.15,6,1e-06,nan,120
0,30,34,20270747,christoffel,0.7610765583644031,0.7610765583644031,0.0,0,nan,6,1e-06,29.833669349551307,120
0,30,35,20270748,convex_hull,0.6364378872457632,0.6364378872457632,0.0,0,nan,6,1e-06,nan,120
0,30,35,20270748,packing,0.6474088872263,0.6474088872263,0.1499636736316865,28,0.15,6,1e-06,nan,120
0,30,35,20270748,christoffel,0.7944249444427722,0.7944249444427722,0.0,0,nan,6,1e-06,29.911431851417465,120
0,30,36,20270749,convex_hull,0.5339073322449968,0.5339073322449968,0.0,0,nan,6,1e-06,nan,120
0,30,36,20270749,packing,0.7260650005220819,0.7260650005220819,0.12417391833801361,26,0.15,6,1e-06,nan,120
0,30,36,20270749,christoffel,0.8461573756778418,0.8461573756778418,0.0,0,nan,6,1e-06,29.94863332390712,120
0,30,37,20270750,convex_hull,0.4011331353628387,0.4011331353628387,0.0,0,nan,6,1e-06,nan,120
0,30,37,20270750,packing,0.5779793700413275,0.5779793700413275,0.0908201307007053,28,0.15,6,1e-06,nan,120
0,30,37,20270750,christoffel,0.6140689325489642,0.6140689325489642,0.0,0,nan,6,1e-06,29.92413802456187,120
0,30,38,20270751,convex_hull,1.209103934676773,1.209103934676773,0.0,0,nan,6,1e-06,nan,120
0,30,38,20270751,packing,1.059103934676773,1.059103934676773,0.11870687599314705,25,0.15,6,1e-06,nan,120
0,30,38,20270751,christoffel,1.209103934676773,1.209103934676773,0.0,0,nan,6,1e-06,29.926379112781763,120
0,30,39,20270752,convex_hull,0.40958700327981806,0.40958700327981806,0.0,0,nan,6,1e-06,nan,120
0,30,39,20270752,packing,0.6204282633178787,0.6204282633178787,0.13878930277061197,29,0.15,6,1e-06,nan,120
0,30,39,20270752,christoffel,0.6703657767091952,0.6703657767091952,0.0,0,nan,6,1e-06,29.900003873850743,120
0,30,40,20270753,convex_hull,0.5117310135706626,0.5117310135706626,0.0,0,nan,6,1e-06,nan,120
0,30,40,20270753,packing,0.6910796870682724,0.6910796870682724,0.1461280775410353,27,0.15,6,1e-06,nan,120
0,30,40,20270753,christoffel,0.6952529019984963,0.6952529019984963,0.0,0,nan,6,1e-06,29.977291199381284,120
0,30,41,20270754,convex_hull,0.6946357124301367,0.6946357124301367,0.0,0,nan,6,1e-06,nan,120
0,30,41,20270754,packing,0.6819605314482817,0.6819605314482817,0.10506618810213286,25,0.15,6,1e-06,nan,120
0,30,41,20270754,christoffel,0.812929404314899,0.812929404314899,0.0,0,nan,6,1e-06,29.843267032251024,120
0,30,42,20270755,convex_hull,0.5129360140338689,0.5129360140338689,0.0,0,nan,6,1e-06,nan,120
0,30,42,20270755,packing,0.6265005413274057,0.6265005413274057,0.1144474822575261,29,0.15,6,1e-06,nan,120
0,30,42,20270755,christoffel,0.7464508419128203,0.7464508419128203,0.0,0,nan,6,1e-06,29.970864671503445,120
0,30,43,20270756,convex_hull,0.3907696233507257,0.3907696233507257,0.0,0,nan,6,1e-06,nan,120
0,30,43,20270756,packing,0.6097728676838193,0.6097728676838193,0.14592870254116552,27,0.15,6,1e-06,nan,120
0,30,43,20270756,christoffel,0.6762490161758437,0.6762490161758437,0.0,0,nan,6,1e-06,29.980718286031784,120
0,30,44,20270757,convex_hull,0.4040839852313087,0.4040839852313087,0.0,0,nan,6,1e-06,nan,120
0,30,44,20270757,packing,0.6471776248808904,0.6471776248808904,0.13943076814463717,26,0.15,6,1e-06,nan,120
0,30,44,20270757,christoffel,0.7523994393121155,0.7523994393121155,0.00042463318020004493,0,nan,6,1e-06,29.978016382535834,120
0,30,45,20270758,convex_hull,0.7177860441313321,0.7177860441313321,0.0,0,nan,6,1e-06,nan,120
0,30,45,20270758,packing,0.7901554872019658,0.7901554872019658,0.14672549608960517,27,0.15,6,1e-06,nan,120
0,30,45,20270758,christoffel,0.8524507684279327,0.8524507684279327,0.0,0,nan,6,1e-06,29.960422411431114,120
0,30,46,20270759,convex_hull,0.6981352661207788,0.6981352661207788,0.0,0,nan,6,1e-06,nan,120
0,30,46,20270759,packing,0.9404782103948587,0.9404782103948587,0.1425815001968207,26,0.15,6,1e-06,nan,120
0,30,46,20270759,christoffel,0.9857365224210543,0.9857365224210543,0.0,0,nan,6,1e-06,29.94809193285813,120
0,30,47,20270760,convex_hull,0.7194329426062565,0.7194329426062565,0.0,0,nan,6,1e-06,nan,120
0,30,47,20270760,packing,0.7907760878392837,0.7907760878392837,0.14434180889563408,27,0.15,6,1e-06,nan,120
0,30,47,20270760,christoffel,0.8780655689425724,0.8780655689425724,0.0,0,nan,6,1e-06,29.96678615510052,120
0,30,48,20270761,convex_hull,1.4242833067058251,1.4242833067058251,0.0,0,nan,6,1e-06,nan,120
0,30,48,20270761,packing,1.392076192681738,1.392076192681738,0.11101750937230814,27,0.15,6,1e-06,nan,120
0,30,48,20270761,christoffel,1.5410454430105862,1.5410454430105862,0.0,0,nan,6,1e-06,29.914099712400006,120
0,30,49,20270762,convex_hull,0.36237116590092183,0.36237116590092183,0.0,0,nan,6,1e-06,nan,120
0,30,49,20270762,packing,0.5850567328708958,0.5850567328708958,0.14807085297752032,29,0.15,6,1e-06,nan,120
0,30,49,20270762,christoffel,0.6153072222282477,0.6153072222282477,0.0,0,nan,6,1e-06,29.99252017314152,120
2,30,0,20270713,convex_hull,1.4929968991369038,1.4929968991369038,0.0,0,nan,6,1e-06,nan,120
2,30,0,20270713,packing,1.342996899136904,1.342996899136904,0.0,20,0.15,6,1e-06,nan,120
2,30,0,20270713,christoffel,1.4763759265247838,1.4763759265247838,0.0,0,nan,6,1e-06,29.828727024664808,120
2,30,1,20270714,convex_hull,1.2963969050115511,1.2963969050115511,0.0,0,nan,6,1e-06,nan,120
2,30,1,20270714,packing,1.1463969050115512,1.1463969050115512,0.0,26,0.15,6,1e-06,nan,120
2,30,1,20270714,christoffel,1.2799920991757268,1.2799920991757268,0.0,0,nan,6,1e-06,29.85266008949275,120
2,30,2,20270715,convex_hull,1.2511051678311031,1.2511051678311031,0.0,0,nan,6,1e-06,nan,120
2,30,2,20270715,packing,1.1011051678311032,1.1011051678311032,0.0,27,0.15,6,1e-06,nan,120
2,30,2,20270715,christoffel,1.2511051678311031,1.2511051678311031,0.0,0,nan,6,1e-06,29.709426294588646,120
2,30,3,20270716,convex_hull,1.1329660227972829,1.1329660227972829,0.0,0,nan,6,1e-06,nan,120
2,30,3,20270716,packing,0.9829660227972828,0.9829660227972828,0.0,26,0.15,6,1e-06,nan,120
2,30,3,20270716,christoffel,1.1329660227972829,1.1329660227972829,0.0,0,nan,6,1e-06,29.547226121049338,120
2,30,4,20270717,convex_hull,2.024701705738842,2.024701705738842,0.0,0,nan,6,1e-06,nan,120
2,30,4,20270717,packing,1.875693319861354,1.875693319861354,0.0,20,0.15,6,1e-06,nan,120
2,30,4,20270717,christoffel,2.006361079975795,2.006361079975795,0.0,0,nan,6,1e-06,29.774659004421842,120
2,30,5,20270718,convex_hull,1.2243859208948855,1.2243859208948855,0.0,0,nan,6,1e-06,nan,120
2,30,5,20270718,packing,1.0743859208948856,1.0743859208948856,0.0,28,0.15,6,1e-06,nan,120
2,30,5,20270718,christoffel,1.2066626365713728,1.2066626365713728,0.0,0,nan,6,1e-06,29.131703211378312,120
2,30,6,20270719,convex_hull,1.2958634632090555,1.2958634632090555,0.0,0,nan,6,1e-06,nan,120
2,30,6,20270719,packing,1.1458634632090556,1.1458634632090556,0.00018388730899054906,24,0.15,6,1e-06,nan,120
2,30,6,20270719,christoffel,1.2958634632090555,1.2958634632090555,0.0,0,nan,6,1e-06,29.974107806362483,120
2,30,7,20270720,convex_hull,1.1181519955109067,1.1181519955109067,0.0,0,nan,6,1e-06,nan,120
2,30,7,20270720,packing,0.9681519955109067,0.9681519955109067,0.0,25,0.15,6,1e-06,nan,120
2,30,7,20270720,christoffel,1.1181519955109067,1.1181519955109067,0.0,0,nan,6,1e-06,29.870263380236434,120
2,30,8,20270721,convex_hull,1.2706396718997082,1.2706396718997082,0.0,0,nan,6,1e-06,nan,120
2,30,8,20270721,packing,1.1206396718997083,1.1206396718997083,0.0,23,0.15,6,1e-06,nan,120
2,30,8,20270721,christoffel,1.2698283361348746,1.2698283361348746,0.0,0,nan,6,1e-06,29.954630280882697,120
2,30,9,20270722,convex_hull,1.1381424878531345,1.1381424878531345,0.0,0,nan,6,1e-06,nan,120
2,30,9,20270722,packing,1.0418387984489281,1.0418387984489281,0.08391294417438866,22,0.15,6,1e-06,nan,120
2,30,9,20270722,christoffel,1.191838798448928,1.191838798448928,0.0,0,nan,6,1e-06,29.98194328324634,120
2,30,10,20270723,convex_hull,0.7571806733831702,0.7571806733831702,0.0,0,nan,6,1e-06,nan,120
2,30,10,20270723,packing,0.7124297926877418,0.7124297926877418,0.0,22,0.15,6,1e-06,nan,120
2,30,10,20270723,christoffel,0.796333876573249,0.796333876573249,0.0,0,nan,6,1e-06,29.98273470561112,120
2,30,11,20270724,convex_hull,1.1930947903770095,1.1930947903770095,0.0,0,nan,6,1e-06,nan,120
2,30,11,20270724,packing,1.0430947903770096,1.0430947903770096,0.0,25,0.15,6,1e-06,nan,120
2,30,11,20270724,christoffel,1.1930947903770095,1.1930947903770095,0.0,0,nan,6,1e-06,29.83690246267269,120
2,30,12,20270725,convex_hull,1.34231720011223,1.34231720011223,0.0,0,nan,6,1e-06,nan,120
2,30,12,20270725,packing,1.1923172001122302,1.1923172001122302,0.0,28,0.15,6,1e-06,nan,120
2,30,12,20270725,christoffel,1.3223741554752535,1.3223741554752535,0.0,0,nan,6,1e-06,29.88777853552388,120
2,30,13,20270726,convex_hull,1.1271227766871246,1.1271227766871246,0.0,0,nan,6,1e-06,nan,120
2,30,13,20270726,packing,0.9771227766871246,0.9771227766871246,0.0,18,0.15,6,1e-06,nan,120
2,30,13,20270726,christoffel,1.1271227766871246,1.1271227766871246,0.0,0,nan,6,1e-06,29.837859987979307,120
2,30,14,20270727,convex_hull,0.8018701687184324,0.8018701687184324,0.0,0,nan,6,1e-06,nan,120
2,30,14,20270727,packing,0.7125869814972131,0.7125869814972131,0.0,26,0.15,6,1e-06,nan,120
2,30,14,20270727,christoffel,0.821297683046543,0.821297683046543,0.0,0,nan,6,1e-06,29.941203745829966,120
2,30,15,20270728,convex_hull,1.3947317179626684,1.3947317179626684,0.0,0,nan,6,1e-06,nan,120
2,30,15,20270728,packing,1.2491584633435222,1.2491584633435222,0.0,27,0.15,6,1e-06,nan,120
2,30,15,20270728,christoffel,1.3810938150219576,1.3810938150219576,0.0,0,nan,6,1e-06,29.47682869629184,120
2,30,16,20270729,convex_hull,1.0473447572018877,1.0473447572018877,0.0,0,nan,6,1e-06,nan,120
2,30,16,20270729,packing,0.8973447572018877,0.8973447572018877,0.0,22,0.15,6,1e-06,nan,120
2,30,16,20270729,christoffel,1.0423993509412859,1.0423993509412859,0.0,0,nan,6,1e-06,29.949697990578063,120
2,30,17,20270730,convex_hull,1.4920041212748911,1.4920041212748911,0.0,0,nan,6,1e-06,nan,120
2,30,17,20270730,packing,1.3420041212748912,1.3420041212748912,0.0,22,0.15,6,1e-06,nan,120
2,30,17,20270730,christoffel,1.4920041212748911,1.4920041212748911,0.0,0,nan,6,1e-06,29.522156103760977,120
2,30,18,20270731,convex_hull,1.1487988431864533,1.1487988431864533,0.0,0,nan,6,1e-06,nan,120
2,30,18,20270731,packing,1.0067904393668563,1.0067904393668563,0.0,23,0.15,6,1e-06,nan,120
2,30,18,20270731,christoffel,1.1164143617182827,1.1164143617182827,0.0,0,nan,6,1e-06,29.970262129169598,120
2,30,19,20270732,convex_hull,1.494217198721029,1.494217198721029,0.0,0,nan,6,1e-06,nan,120
2,30,19,20270732,packing,1.3442171987210292,1.3442171987210292,0.0,21,0.15,6,1e-06,nan,120
2,30,19,20270732,christoffel,1.4871028104417257,1.4871028104417257,0.0,0,nan,6,1e-06,29.810515275745967,120
2,30,20,20270733,convex_hull,1.1167937029885635,1.1167937029885635,0.0,0,nan,6,1e-06,nan,120
2,30,20,20270733,packing,0.9791568615114689,0.9791568615114689,0.0,25,0.15,6,1e-06,nan,120
2,30,20,20270733,christoffel,1.1178482322486183,1.1178482322486183,0.0,0,nan,6,1e-06,29.740779261910244,120
2,30,21,20270734,convex_hull,1.21226474565818,1.21226474565818,0.0,0,nan,6,1e-06,nan,120
2,30,21,20270734,packing,1.0622647456581802,1.0622647456581802,0.0,25,0.15,6,1e-06,nan,120
2,30,21,20270734,christoffel,1.21226474565818,1.21226474565818,0.0,0,nan,6,1e-06,29.924885183211202,120
2,30,22,20270735,convex_hull,1.499290275297847,1.499290275297847,0.0,0,nan,6,1e-06,nan,120
2,30,22,20270735,packing,1.387627746068781,1.387627746068781,0.0,23,0.15,6,1e-06,nan,120
2,30,22,20270735,christoffel,1.5376277460687808,1.5376277460687808,0.0,0,nan,6,1e-06,29.868360863704567,120
2,30,23,20270736,convex_hull,1.1509431920427404,1.1509431920427404,0.0,0,nan,6,1e-06,nan,120
2,30,23,20270736,packing,1.0025361269822486,1.0025361269822486,0.0,26,0.15,6,1e-06,nan,120
2,30,23,20270736,christoffel,1.1019751772608684,1.1019751772608684,0.0,0,nan,6,1e-06,29.90979029822195,120
2,30,24,20270737,convex_hull,1.3935561139820507,1.3935561139820507,0.0,0,nan,6,1e-06,nan,120
2,30,24,20270737,packing,1.2435561139820508,1.2435561139820508,0.019651663623813542,26,0.15,6,1e-06,nan,120
2,30,24,20270737,christoffel,1.3935561139820507,1.3935561139820507,0.0,0,nan,6,1e-06,29.992076000496755,120
2,30,25,20270738,convex_hull,1.3151820806048466,1.3151820806048466,0.0,0,nan,6,1e-06,nan,120
2,30,25,20270738,packing,1.1651820806048467,1.1651820806048467,0.0,24,0.15,6,1e-06,nan,120
2,30,25,20270738,christoffel,1.3151820806048466,1.3151820806048466,0.0,0,nan,6,1e-06,29.88515334139246,120
2,30,26,20270739,convex_hull,1.2819260354365845,1.2819260354365845,0.0,0,nan,6,1e-06,nan,120
2,30,26,20270739,packing,1.1319260354365845,1.1319260354365845,0.0,17,0.15,6,1e-06,nan,120
2,30,26,20270739,christoffel,1.2609549640996622,1.2609549640996622,0.0,0,nan,6,1e-06,29.889762850440263,120
2,30,27,20270740,convex_hull,1.4289710181138027,1.4289710181138027,0.0,0,nan,6,1e-06,nan,120
2,30,27,20270740,packing,1.2888815884295775,1.2888815884295775,0.0066563100792838,21,0.15,6,1e-06,nan,120
2,30,27,20270740,christoffel,1.4240563146076584,1.4240563146076584,0.0,0,nan,6,1e-06,29.981685898728475,120
2,30,28,20270741,convex_hull,1.1338165529042585,1.1338165529042585,0.0,0,nan,6,1e-06,nan,120
2,30,28,20270741,packing,1.0138034555956552,1.0138034555956552,0.0,24,0.15,6,1e-06,nan,120
2,30,28,20270741,christoffel,1.1638034555956551,1.1638034555956551,0.0,0,nan,6,1e-06,29.864401086176365,120
2,30,29,20270742,convex_hull,1.3937751433873975,1.3937751433873975,0.0,0,nan,6,1e-06,nan,120
2,30,29,20270742,packing,1.2437751433873976,1.2437751433873976,0.0,24,0.15,6,1e-06,nan,120
2,30,29,20270742,christoffel,1.3673353335622518,1.3673353335622518,0.0,0,nan,6,1e-06,29.73485478628028,120
2,30,30,20270743,convex_hull,1.2152151593973146,1.2152151593973146,0.0,0,nan,6,1e-06,nan,120
2,30,30,20270743,packing,1.0652151593973147,1.0652151593973147,0.0,24,0.15,6,1e-06,nan,120
2,30,30,20270743,christoffel,1.2106906940593003,1.2106906940593003,0.0,0,nan,6,1e-06,29.972066684538458,120
2,30,31,20270744,convex_hull,1.5988463599289688,1.5988463599289688,0.0,0,nan,6,1e-06,nan,120
2,30,31,20270744,packing,1.448846359928969,1.448846359928969,0.0,24,0.15,6,1e-06,nan,120
2,30,31,20270744,christoffel,1.5600320394365481,1.5600320394365481,0.0,0,nan,6,1e-06,28.871562398954563,120
2,30,32,20270745,convex_hull,1.5231397531754831,1.5231397531754831,0.0,0,nan,6,1e-06,nan,120
2,30,32,20270745,packing,1.3731397531754832,1.3731397531754832,0.0,22,0.15,6,1e-06,nan,120
2,30,32,20270745,christoffel,1.5231397531754831,1.5231397531754831,0.0,0,nan,6,1e-06,29.462335160166226,120
2,30,33,20270746,convex_hull,1.1748095751471257,1.1748095751471257,0.0,0,nan,6,1e-06,nan,120
2,30,33,20270746,packing,1.0255358833513215,1.0255358833513215,0.0,23,0.15,6,1e-06,nan,120
2,30,33,20270746,christoffel,1.1511704987575768,1.1511704987575768,0.0,0,nan,6,1e-06,29.837162175539632,120
2,30,34,20270747,convex_hull,1.310196076561548,1.310196076561548,0.0,0,nan,6,1e-06,nan,120
2,30,34,20270747,packing,1.1979415854016306,1.1979415854016306,0.02679828943478979,25,0.15,6,1e-06,nan,120
2,30,34,20270747,christoffel,1.3479415854016306,1.3479415854016306,0.0,0,nan,6,1e-06,29.87217236083383,120
2,30,35,20270748,convex_hull,1.1555207141018429,1.1555207141018429,0.0,0,nan,6,1e-06,nan,120
2,30,35,20270748,packing,1.005520714101843,1.005520714101843,0.0,24,0.15,6,1e-06,nan,120
2,30,35,20270748,christoffel,1.1555207141018429,1.1555207141018429,0.0,0,nan,6,1e-06,29.649492742874802,120
2,30,36,20270749,convex_hull,1.210940229158512,1.210940229158512,0.0,0,nan,6,1e-06,nan,120
2,30,36,20270749,packing,1.0609402291585122,1.0609402291585122,0.0,25,0.15,6,1e-06,nan,120
2,30,36,20270749,christoffel,1.2079615428304784,1.2079615428304784,0.0,0,nan,6,1e-06,29.82106218746866,120
2,30,37,20270750,convex_hull,1.0249761333775649,1.0249761333775649,0.0,0,nan,6,1e-06,nan,120
2,30,37,20270750,packing,0.8749761333775649,0.8749761333775649,0.0376376583847331,23,0.15,6,1e-06,nan,120
2,30,37,20270750,christoffel,1.0249761333775649,1.0249761333775649,0.0,0,nan,6,1e-06,29.986111871897613,120
2,30,38,20270751,convex_hull,1.0573364692058578,1.0573364692058578,0.0,0,nan,6,1e-06,nan,120
2,30,38,20270751,packing,0.9073364692058578,0.9073364692058578,0.0,22,0.15,6,1e-06,nan,120
2,30,38,20270751,christoffel,1.0573364692058578,1.0573364692058578,0.0,0,nan,6,1e-06,29.85452951780726,120
2,30,39,20270752,convex_hull,1.3939632711638843,1.3939632711638843,0.0,0,nan,6,1e-06,nan,120
2,30,39,20270752,packing,1.2551916658304176,1.2551916658304176,0.0,20,0.15,6,1e-06,nan,120
2,30,39,20270752,christoffel,1.4051916658304175,1.4051916658304175,0.0,0,nan,6,1e-06,29.54844390466708,120
2,30,40,20270753,convex_hull,1.1637567070914199,1.1637567070914199,0.0,0,nan,6,1e-06,nan,120
2,30,40,20270753,packing,1.0181521410124243,1.0181521410124243,0.0,25,0.15,6,1e-06,nan,120
2,30,40,20270753,christoffel,1.1598077045853432,1.1598077045853432,0.0,0,nan,6,1e-06,29.759568565928877,120
2,30,41,20270754,convex_hull,1.3288555168432625,1.3288555168432625,0.0,0,nan,6,1e-06,nan,120
2,30,41,20270754,packing,1.2656549031054924,1.2656549031054924,0.0,23,0.15,6,1e-06,nan,120
2,30,41,20270754,christoffel,1.4156549031054924,1.4156549031054924,0.0,0,nan,6,1e-06,29.924658224281853,120
2,30,42,20270755,convex_hull,1.5509262737213676,1.5509262737213676,0.0,0,nan,6,1e-06,nan,120
2,30,42,20270755,packing,1.4694927687312054,1.4694927687312054,0.0,26,0.15,6,1e-06,nan,120
2,30,42,20270755,christoffel,1.4995413234696089,1.4995413234696089,0.0,0,nan,6,1e-06,28.776034852046767,120
2,30,43,20270756,convex_hull,1.171823809461005,1.171823809461005,0.0,0,nan,6,1e-06,nan,120
2,30,43,20270756,packing,1.0223662597611498,1.0223662597611498,0.05621740076463477,24,0.15,6,1e-06,nan,120
2,30,43,20270756,christoffel,1.154968273255982,1.154968273255982,0.0,0,nan,6,1e-06,29.988134510097645,120
2,30,44,20270757,convex_hull,1.6049692532230866,1.6049692532230866,0.0,0,nan,6,1e-06,nan,120
2,30,44,20270757,packing,1.4549692532230867,1.4549692532230867,0.013722205603738047,23,0.15,6,1e-06,nan,120
2,30,44,20270757,christoffel,1.5789269289767203,1.5789269289767203,0.0,0,nan,6,1e-06,29.961992962442974,120
2,30,45,20270758,convex_hull,1.5503367048572378,1.5503367048572378,0.0,0,nan,6,1e-06,nan,120
2,30,45,20270758,packing,1.4004542296951332,1.4004542296951332,0.0,26,0.15,6,1e-06,nan,120
2,30,45,20270758,christoffel,1.5308491085288483,1.5308491085288483,0.0,0,nan,6,1e-06,29.81269033169621,120
2,30,46,20270759,convex_hull,1.4042370042050998,1.4042370042050998,0.0,0,nan,6,1e-06,nan,120
2,30,46,20270759,packing,1.2542370042050999,1.2542370042050999,0.0,24,0.15,6,1e-06,nan,120
2,30,46,20270759,christoffel,1.4042370042050998,1.4042370042050998,0.0,0,nan,6,1e-06,29.81961582159895,120
2,30,47,20270760,convex_hull,1.3351647701732943,1.3351647701732943,0.0,0,nan,6,1e-06,nan,120
2,30,47,20270760,packing,1.1992521772424896,1.1992521772424896,0.0,26,0.15,6,1e-06,nan,120
2,30,47,20270760,christoffel,1.3251009570958663,1.3251009570958663,0.0,0,nan,6,1e-06,29.889966065214086,120
2,30,48,20270761,convex_hull,1.1629251404098482,1.1629251404098482,0.0,0,nan,6,1e-06,nan,120
2,30,48,20270761,packing,1.0797974078854062,1.0797974078854062,0.0,25,0.15,6,1e-06,nan,120
2,30,48,20270761,christoffel,1.2297974078854061,1.2297974078854061,0.0,0,nan,6,1e-06,29.916855856183734,120
2,30,49,20270762,convex_hull,1.271543801407565,1.271543801407565,0.0,0,nan,6,1e-06,nan,120
2,30,49,20270762,packing,1.1215438014075652,1.1215438014075652,0.0,21,0.15,6,1e-06,nan,120
2,30,49,20270762,christoffel,1.2609549640996622,1.2609549640996622,0.0,0,nan,6,1e-06,29.95371169239371,120
4,30,0,20270713,convex_hull,1.9536258567729288,1.9536258567729288,0.0,0,nan,6,1e-06,nan,120
4,30,0,20270713,packing,1.8036258567729289,1.8036258567729289,0.0,18,0.15,6,1e-06,nan,120
4,30,0,20270713,christoffel,1.8971371970299236,1.8971371970299236,0.0,0,nan,6,1e-06,29.789117800460676,120
4,30,1,20270714,convex_hull,1.401865505798107,1.401865505798107,0.0,0,nan,6,1e-06,nan,120
4,30,1,20270714,packing,1.2925992663425596,1.2925992663425596,0.0,19,0.15,6,1e-06,nan,120
4,30,1,20270714,christoffel,1.3680956296647449,1.3680956296647449,0.0,0,nan,6,1e-06,29.227599072375963,120
4,30,2,20270715,convex_hull,1.5250301538115143,1.5250301538115143,0.0,0,nan,6,1e-06,nan,120
4,30,2,20270715,packing,1.3750301538115144,1.3750301538115144,0.0,23,0.15,6,1e-06,nan,120
4,30,2,20270715,christoffel,1.5250301538115143,1.5250301538115143,0.0,0,nan,6,1e-06,29.20587026736301,120
4,30,3,20270716,convex_hull,1.5712301278161793,1.5712301278161793,0.0,0,nan,6,1e-06,nan,120
4,30,3,20270716,packing,1.5509286931733517,1.5509286931733517,0.0,21,0.15,6,1e-06,nan,120
4,30,3,20270716,christoffel,1.5712301278161793,1.5712301278161793,0.0,0,nan,6,1e-06,27.497897124110917,120
4,30,4,20270717,convex_hull,2.2316700510998935,2.2316700510998935,0.0,0,nan,6,1e-06,nan,120
4,30,4,20270717,packing,2.0829812323722035,2.0829812323722035,0.0,17,0.15,6,1e-06,nan,120
4,30,4,20270717,christoffel,2.1639773565708142,2.1639773565708142,0.0,0,nan,6,1e-06,29.34442264484066,120
4,30,5,20270718,convex_hull,1.5153850585096449,1.5153850585096449,0.0,0,nan,6,1e-06,nan,120
4,30,5,20270718,packing,1.365385058509645,1.365385058509645,0.0,24,0.15,6,1e-06,nan,120
4,30,5,20270718,christoffel,1.5136809803893068,1.5136809803893068,0.0,0,nan,6,1e-06,27.486618133552195,120
4,30,6,20270719,convex_hull,1.6421474041250468,1.6421474041250468,0.0,0,nan,6,1e-06,nan,120
4,30,6,20270719,packing,1.4932685345855197,1.4932685345855197,0.0,20,0.15,6,1e-06,nan,120
4,30,6,20270719,christoffel,1.580808892776814,1.580808892776814,0.0,0,nan,6,1e-06,29.951990896192566,120
4,30,7,20270720,convex_hull,1.9736235356804357,1.9736235356804357,0.0,0,nan,6,1e-06,nan,120
4,30,7,20270720,packing,1.8236235356804358,1.8236235356804358,0.0,20,0.15,6,1e-06,nan,120
4,30,7,20270720,christoffel,1.954922123630511,1.954922123630511,0.0,0,nan,6,1e-06,29.686517123064984,120
4,30,8,20270721,convex_hull,1.6938429726199113,1.6938429726199113,0.0,0,nan,6,1e-06,nan,120
4,30,8,20270721,packing,1.5438429726199114,1.5438429726199114,0.0,20,0.15,6,1e-06,nan,120
4,30,8,20270721,christoffel,1.6877970981849175,1.6877970981849175,0.0,0,nan,6,1e-06,29.846916912620987,120
4,30,9,20270722,convex_hull,1.4834787922527979,1.4834787922527979,0.0,0,nan,6,1e-06,nan,120
4,30,9,20270722,packing,1.4021899399975495,1.4021899399975495,0.0,18,0.15,6,1e-06,nan,120
4,30,9,20270722,christoffel,1.4787969641981984,1.4787969641981984,0.0,0,nan,6,1e-06,29.979012384758565,120
4,30,10,20270723,convex_hull,1.1976111040513064,1.1976111040513064,0.0,0,nan,6,1e-06,nan,120
4,30,10,20270723,packing,1.0622313309943547,1.0622313309943547,0.0,17,0.15,6,1e-06,nan,120
4,30,10,20270723,christoffel,1.2108448745247156,1.2108448745247156,0.0,0,nan,6,1e-06,29.927934347489796,120
4,30,11,20270724,convex_hull,1.5791667807696599,1.5791667807696599,0.0,0,nan,6,1e-06,nan,120
4,30,11,20270724,packing,1.42916678076966,1.42916678076966,0.0,19,0.15,6,1e-06,nan,120
4,30,11,20270724,christoffel,1.5791667807696599,1.5791667807696599,0.0,0,nan,6,1e-06,29.504204769801365,120
4,30,12,20270725,convex_hull,1.2449867286360654,1.2449867286360654,0.0,0,nan,6,1e-06,nan,120
4,30,12,20270725,packing,1.0949867286360655,1.0949867286360655,0.0,24,0.15,6,1e-06,nan,120
4,30,12,20270725,christoffel,1.2449867286360654,1.2449867286360654,0.0,0,nan,6,1e-06,29.213500972686468,120
4,30,13,20270726,convex_hull,1.5688734828325321,1.5688734828325321,0.0,0,nan,6,1e-06,nan,120
4,30,13,20270726,packing,1.4188734828325322,1.4188734828325322,0.0,18,0.15,6,1e-06,nan,120
4,30,13,20270726,christoffel,1.5600320394365481,1.5600320394365481,0.0,0,nan,6,1e-06,29.468304566457054,120
4,30,14,20270727,convex_hull,1.1695202146919126,1.1695202146919126,0.0,0,nan,6,1e-06,nan,120
4,30,14,20270727,packing,1.0195202146919127,1.0195202146919127,0.0,21,0.15,6,1e-06,nan,120
4,30,14,20270727,christoffel,1.1695202146919126,1.1695202146919126,0.0,0,nan,6,1e-06,29.853247213502044,120
4,30,15,20270728,convex_hull,1.7090688764038076,1.7090688764038076,0.0,0,nan,6,1e-06,nan,120
4,30,15,20270728,packing,1.5590688764038076,1.5590688764038076,0.0,22,0.15,6,1e-06,nan,120
4,30,15,20270728,christoffel,1.700714211699422,1.700714211699422,0.0,0,nan,6,1e-06,29.177244924067026,120
4,30,16,20270729,convex_hull,1.63974157522409,1.63974157522409,0.0,0,nan,6,1e-06,nan,120
4,30,16,20270729,packing,1.4897415752240901,1.4897415752240901,0.0,18,0.15,6,1e-06,nan,120
4,30,16,20270729,christoffel,1.585504118866583,1.585504118866583,0.0,0,nan,6,1e-06,29.080357754296156,120
4,30,17,20270730,convex_hull,1.8768646782378926,1.8768646782378926,0.0,0,nan,6,1e-06,nan,120
4,30,17,20270730,packing,1.7268646782378927,1.7268646782378927,0.0,20,0.15,6,1e-06,nan,120
4,30,17,20270730,christoffel,1.845439635112722,1.845439635112722,0.0,0,nan,6,1e-06,28.570145816129475,120
4,30,18,20270731,convex_hull,1.509600928556766,1.509600928556766,0.0,0,nan,6,1e-06,nan,120
4,30,18,20270731,packing,1.359600928556766,1.359600928556766,0.0,20,0.15,6,1e-06,nan,120
4,30,18,20270731,christoffel,1.509600928556766,1.509600928556766,0.0,0,nan,6,1e-06,29.93860211966012,120
4,30,19,20270732,convex_hull,1.8187744501680296,1.8187744501680296,0.0,0,nan,6,1e-06,nan,120
4,30,19,20270732,packing,1.682778113685773,1.682778113685773,0.0,17,0.15,6,1e-06,nan,120
4,30,19,20270732,christoffel,1.7668034826025534,1.7668034826025534,0.0,0,nan,6,1e-06,29.58819566122336,120
4,30,20,20270733,convex_hull,1.4381439003199636,1.4381439003199636,0.0,0,nan,6,1e-06,nan,120
4,30,20,20270733,packing,1.2881439003199637,1.2881439003199637,0.0,22,0.15,6,1e-06,nan,120
4,30,20,20270733,christoffel,1.4381439003199636,1.4381439003199636,0.0,0,nan,6,1e-06,29.65978285485597,120
4,30,21,20270734,convex_hull,1.5238665976982197,1.5238665976982197,0.0,0,nan,6,1e-06,nan,120
4,30,21,20270734,packing,1.3738665976982198,1.3738665976982198,0.0,19,0.15,6,1e-06,nan,120
4,30,21,20270734,christoffel,1.5238665976982197,1.5238665976982197,0.0,0,nan,6,1e-06,29.88561139343261,120
4,30,22,20270735,convex_hull,1.3644912456374523,1.3644912456374523,0.0,0,nan,6,1e-06,nan,120
4,30,22,20270735,packing,1.2144912456374524,1.2144912456374524,0.0,18,0.15,6,1e-06,nan,120
4,30,22,20270735,christoffel,1.3644912456374523,1.3644912456374523,0.0,0,nan,6,1e-06,29.723579412391572,120
4,30,23,20270736,convex_hull,1.5488843997160542,1.5488843997160542,0.0,0,nan,6,1e-06,nan,120
4,30,23,20270736,packing,1.466692847934721,1.466692847934721,0.0,22,0.15,6,1e-06,nan,120
4,30,23,20270736,christoffel,1.5259237927069267,1.5259237927069267,0.0,0,nan,6,1e-06,29.869488998105684,120
4,30,24,20270737,convex_hull,1.6505649031598282,1.6505649031598282,0.0,0,nan,6,1e-06,nan,120
4,30,24,20270737,packing,1.5005649031598283,1.5005649031598283,0.0,23,0.15,6,1e-06,nan,120
4,30,24,20270737,christoffel,1.6505649031598282,1.6505649031598282,0.0,0,nan,6,1e-06,29.973093657687226,120
4,30,25,20270738,convex_hull,1.8195757095731613,1.8195757095731613,0.0,0,nan,6,1e-06,nan,120
4,30,25,20270738,packing,1.6695757095731614,1.6695757095731614,0.0,17,0.15,6,1e-06,nan,120
4,30,25,20270738,christoffel,1.7908945574288295,1.7908945574288295,0.0,0,nan,6,1e-06,29.435936801263555,120
4,30,26,20270739,convex_hull,1.763148027247867,1.763148027247867,0.0,0,nan,6,1e-06,nan,120
4,30,26,20270739,packing,1.613148027247867,1.613148027247867,0.0,16,0.15,6,1e-06,nan,120
4,30,26,20270739,christoffel,1.7379002921027928,1.7379002921027928,0.0,0,nan,6,1e-06,29.707812578393167,120
4,30,27,20270740,convex_hull,1.821807282000719,1.821807282000719,0.0,0,nan,6,1e-06,nan,120
4,30,27,20270740,packing,1.671807282000719,1.671807282000719,0.0,18,0.15,6,1e-06,nan,120
4,30,27,20270740,christoffel,1.8116180213929838,1.8116180213929838,0.0,0,nan,6,1e-06,29.776598788107368,120
4,30,28,20270741,convex_hull,1.3187658344870175,1.3187658344870175,0.0,0,nan,6,1e-06,nan,120
4,30,28,20270741,packing,1.1687658344870175,1.1687658344870175,0.0,20,0.15,6,1e-06,nan,120
4,30,28,20270741,christoffel,1.3187658344870175,1.3187658344870175,0.0,0,nan,6,1e-06,29.628535218791207,120
4,30,29,20270742,convex_hull,1.7428895968242155,1.7428895968242155,0.0,0,nan,6,1e-06,nan,120
4,30,29,20270742,packing,1.5928895968242156,1.5928895968242156,0.0,25,0.15,6,1e-06,nan,120
4,30,29,20270742,christoffel,1.689237471192194,1.689237471192194,0.0,0,nan,6,1e-06,29.941367193090123,120
4,30,30,20270743,convex_hull,1.6821119044962116,1.6821119044962116,0.0,0,nan,6,1e-06,nan,120
4,30,30,20270743,packing,1.5321119044962117,1.5321119044962117,0.0,22,0.15,6,1e-06,nan,120
4,30,30,20270743,christoffel,1.6821119044962116,1.6821119044962116,0.0,0,nan,6,1e-06,29.94715375636939,120
4,30,31,20270744,convex_hull,1.7214258429489644,1.7214258429489644,0.0,0,nan,6,1e-06,nan,120
4,30,31,20270744,packing,1.5714258429489645,1.5714258429489645,0.0,20,0.15,6,1e-06,nan,120
4,30,31,20270744,christoffel,1.710980510862435,1.710980510862435,0.0,0,nan,6,1e-06,29.755984668750553,120
4,30,32,20270745,convex_hull,1.8871925373030054,1.8871925373030054,0.0,0,nan,6,1e-06,nan,120
4,30,32,20270745,packing,1.7371925373030055,1.7371925373030055,0.0,17,0.15,6,1e-06,nan,120
4,30,32,20270745,christoffel,1.8871925373030054,1.8871925373030054,0.0,0,nan,6,1e-06,29.173663548843663,120
4,30,33,20270746,convex_hull,1.4948425182431182,1.4948425182431182,0.0,0,nan,6,1e-06,nan,120
4,30,33,20270746,packing,1.3448425182431183,1.3448425182431183,0.0,22,0.15,6,1e-06,nan,120
4,30,33,20270746,christoffel,1.4524741642068415,1.4524741642068415,0.0,0,nan,6,1e-06,29.215548466831745,120
4,30,34,20270747,convex_hull,1.7429373272054949,1.7429373272054949,0.0,0,nan,6,1e-06,nan,120
4,30,34,20270747,packing,1.5963920905171036,1.5963920905171036,0.0,20,0.15,6,1e-06,nan,120
4,30,34,20270747,christoffel,1.7437239308187702,1.7437239308187702,0.0,0,nan,6,1e-06,29.79815909383793,120
4,30,35,20270748,convex_hull,1.7126851379616508,1.7126851379616508,0.0,0,nan,6,1e-06,nan,120
4,30,35,20270748,packing,1.5626851379616509,1.5626851379616509,0.0,20,0.15,6,1e-06,nan,120
4,30,35,20270748,christoffel,1.7126851379616508,1.7126851379616508,0.0,0,nan,6,1e-06,27.263901763294,120
4,30,36,20270749,convex_hull,1.5920022701031964,1.5920022701031964,0.0,0,nan,6,1e-06,nan,120
4,30,36,20270749,packing,1.4420022701031965,1.4420022701031965,0.0,21,0.15,6,1e-06,nan,120
4,30,36,20270749,christoffel,1.5789178219538555,1.5789178219538555,0.0,0,nan,6,1e-06,29.391950247790202,120
4,30,37,20270750,convex_hull,1.4903761241174478,1.4903761241174478,0.0,0,nan,6,1e-06,nan,120
4,30,37,20270750,packing,1.3403761241174479,1.3403761241174479,0.0,20,0.15,6,1e-06,nan,120
4,30,37,20270750,christoffel,1.4903761241174478,1.4903761241174478,0.0,0,nan,6,1e-06,29.97132218859991,120
4,30,38,20270751,convex_hull,1.5579137536155168,1.5579137536155168,0.0,0,nan,6,1e-06,nan,120
4,30,38,20270751,packing,1.4079137536155168,1.4079137536155168,0.0,19,0.15,6,1e-06,nan,120
4,30,38,20270751,christoffel,1.5579137536155168,1.5579137536155168,0.0,0,nan,6,1e-06,29.58367074964022,120
4,30,39,20270752,convex_hull,1.735661521871285,1.735661521871285,0.0,0,nan,6,1e-06,nan,120
4,30,39,20270752,packing,1.585661521871285,1.585661521871285,0.0,18,0.15,6,1e-06,nan,120
4,30,39,20270752,christoffel,1.735661521871285,1.735661521871285,0.0,0,nan,6,1e-06,28.615761812857976,120
4,30,40,20270753,convex_hull,1.450306136295762,1.450306136295762,0.0,0,nan,6,1e-06,nan,120
4,30,40,20270753,packing,1.3003061362957622,1.3003061362957622,0.0,21,0.15,6,1e-06,nan,120
4,30,40,20270753,christoffel,1.450306136295762,1.450306136295762,0.0,0,nan,6,1e-06,29.240177134882472,120
4,30,41,20270754,convex_hull,1.6313916309366179,1.6313916309366179,0.0,0,nan,6,1e-06,nan,120
4,30,41,20270754,packing,1.4820545206361941,1.4820545206361941,0.0,19,0.15,6,1e-06,nan,120
4,30,41,20270754,christoffel,1.632054520636194,1.632054520636194,0.0,0,nan,6,1e-06,29.795743659828183,120
4,30,42,20270755,convex_hull,1.8863946655340758,1.8863946655340758,0.0,0,nan,6,1e-06,nan,120
4,30,42,20270755,packing,1.7363946655340758,1.7363946655340758,0.0,22,0.15,6,1e-06,nan,120
4,30,42,20270755,christoffel,1.845439635112722,1.845439635112722,0.0,0,nan,6,1e-06,27.86452831362453,120
4,30,43,20270756,convex_hull,1.6131369601429757,1.6131369601429757,0.0,0,nan,6,1e-06,nan,120
4,30,43,20270756,packing,1.472164006377649,1.472164006377649,0.0,21,0.15,6,1e-06,nan,120
4,30,43,20270756,christoffel,1.5789178219538555,1.5789178219538555,0.0,0,nan,6,1e-06,29.962799882844166,120
4,30,44,20270757,convex_hull,1.94177504345189,1.94177504345189,0.0,0,nan,6,1e-06,nan,120
4,30,44,20270757,packing,1.79177504345189,1.79177504345189,0.0,18,0.15,6,1e-06,nan,120
4,30,44,20270757,christoffel,1.89688859273074,1.89688859273074,0.0,0,nan,6,1e-06,29.875436714822285,120
4,30,45,20270758,convex_hull,1.7810731078544406,1.7810731078544406,0.0,0,nan,6,1e-06,nan,120
4,30,45,20270758,packing,1.6310731078544407,1.6310731078544407,0.0,21,0.15,6,1e-06,nan,120
4,30,45,20270758,christoffel,1.7810731078544406,1.7810731078544406,0.0,0,nan,6,1e-06,29.449721756525438,120
4,30,46,20270759,convex_hull,1.6981076764618084,1.6981076764618084,0.0,0,nan,6,1e-06,nan,120
4,30,46,20270759,packing,1.5481076764618085,1.5481076764618085,0.0,19,0.15,6,1e-06,nan,120
4,30,46,20270759,christoffel,1.6981076764618084,1.6981076764618084,0.0,0,nan,6,1e-06,29.44474320520262,120
4,30,47,20270760,convex_hull,1.7132973337018103,1.7132973337018103,0.0,0,nan,6,1e-06,nan,120
4,30,47,20270760,packing,1.5655375497029815,1.5655375497029815,0.0,24,0.15,6,1e-06,nan,120
4,30,47,20270760,christoffel,1.6319119190748699,1.6319119190748699,0.0,0,nan,6,1e-06,29.88009726889379,120
4,30,48,20270761,convex_hull,1.4774513867156847,1.4774513867156847,0.0,0,nan,6,1e-06,nan,120
4,30,48,20270761,packing,1.3274513867156847,1.3274513867156847,0.0,21,0.15,6,1e-06,nan,120
4,30,48,20270761,christoffel,1.4774513867156847,1.4774513867156847,0.0,0,nan,6,1e-06,29.74418449007985,120
4,30,49,20270762,convex_hull,1.7268196722192097,1.7268196722192097,0.0,0,nan,6,1e-06,nan,120
4,30,49,20270762,packing,1.5781748888412208,1.5781748888412208,0.0,18,0.15,6,1e-06,nan,120
4,30,49,20270762,christoffel,1.6849060776655906,1.6849060776655906,0.0,0,nan,6,1e-06,29.881113865850022,120
0,100,0,20280713,convex_hull,0.24727598896169165,0.24727598896169165,0.0,0,nan,6,1e-06,nan,120
0,100,0,20280713,packing,0.36124019905087823,0.36124019905087823,0.14833310369300112,76,0.15,6,1e-06,nan,120
0,100,0,20280713,christoffel,0.2172253206974857,0.2172253206974857,0.028521680947555694,0,nan,6,1e-06,88.82232084713031,120
0,100,1,20280714,convex_hull,0.20601282715534586,0.20601282715534586,0.0,0,nan,6,1e-06,nan,120
0,100,1,20280714,packing,0.34733168758540534,0.34733168758540534,0.14540452961351047,72,0.15,6,1e-06,nan,120
0,100,1,20280714,christoffel,0.3386716083057719,0.3386716083057719,0.01628759189653783,0,nan,6,1e-06,92.16860181937075,120
0,100,2,20280715,convex_hull,0.2806556101151589,0.2806556101151589,0.0,0,nan,6,1e-06,nan,120
0,100,2,20280715,packing,0.46715779627920617,0.46715779627920617,0.1463085503202779,76,0.15,6,1e-06,nan,120
0,100,2,20280715,christoffel,0.292624526444249,0.292624526444249,0.033932969048923046,0,nan,6,1e-06,93.50283282205844,120
0,100,3,20280716,convex_hull,0.3046418731840455,0.3046418731840455,0.0,0,nan,6,1e-06,nan,120
0,100,3,20280716,packing,0.3044150490521912,0.3044150490521912,0.12962611109031585,72,0.15,6,1e-06,nan,120
0,100,3,20280716,christoffel,0.22841094202888262,0.22841094202888262,0.013400995499124928,0,nan,6,1e-06,94.44621411612304,120
0,100,4,20280717,convex_hull,0.3191754579739524,0.3191754579739524,0.0,0,nan,6,1e-06,nan,120
0,100,4,20280717,packing,0.30194222670938464,0.30194222670938464,0.14520659862593277,74,0.15,6,1e-06,nan,120
0,100,4,20280717,christoffel,0.25419784683262214,0.25419784683262214,0.0053851062952007065,0,nan,6,1e-06,77.23804344692152,120
0,100,5,20280718,convex_hull,0.37427218505346815,0.37427218505346815,0.0,0,nan,6,1e-06,nan,120
0,100,5,20280718,packing,0.3526950602893908,0.3526950602893908,0.13881759590583032,76,0.15,6,1e-06,nan,120
0,100,5,20280718,christoffel,0.36013297178970405,0.36013297178970405,0.0,0,nan,6,1e-06,90.01162885933093,120
0,100,6,20280719,convex_hull,0.34524366252768146,0.34524366252768146,0.0,0,nan,6,1e-06,nan,120
0,100,6,20280719,packing,0.40582668109013065,0.40582668109013065,0.14071566991739326,76,0.15,6,1e-06,nan,120
0,100,6,20280719,christoffel,0.3617613290531206,0.3617613290531206,0.024432078838803627,0,nan,6,1e-06,84.2328857156842,120
0,100,7,20280720,convex_hull,0.28944728358585436,0.28944728358585436,0.0,0,nan,6,1e-06,nan,120
0,100,7,20280720,packing,0.2951785901871935,0.2951785901871935,0.14944682404253307,68,0.15,6,1e-06,nan,120
0,100,7,20280720,christoffel,0.23442064179801206,0.23442064179801206,0.024578088643181145,0,nan,6,1e-06,91.5837132844615,120
0,100,8,20280721,convex_hull,0.5170771411765889,0.5170771411765889,0.0,0,nan,6,1e-06,nan,120
0,100,8,20280721,packing,0.400807466129135,0.400807466129135,0.14411891542845356,73,0.15,6,1e-06,nan,120
0,100,8,20280721,christoffel,0.4664781127331079,0.4664781127331079,0.008342060793595164,0,nan,6,1e-06,92.19400650667649,120
0,100,9,20280722,convex_hull,0.2760678650983244,0.2760678650983244,0.0,0,nan,6,1e-06,nan,120
0,100,9,20280722,packing,0.3717086187830769,0.3717086187830769,0.14103049391295785,71,0.15,6,1e-06,nan,120
0,100,9,20280722,christoffel,0.2559661663334246,0.2559661663334246,0.024432078838803627,0,nan,6,1e-06,83.59467887775942,120
0,100,10,20280723,convex_hull,0.2062344910391309,0.2062344910391309,0.0,0,nan,6,1e-06,nan,120
0,100,10,20280723,packing,0.34071237629253814,0.34071237629253814,0.1353062923888699,74,0.15,6,1e-06,nan,120
0,100,10,20280723,christoffel,0.16627183649717045,0.16627183649717045,0.03118737512213835,0,nan,6,1e-06,74.56571368681274,120
0,100,11,20280724,convex_hull,0.34175049137768637,0.34175049137768637,0.0,0,nan,6,1e-06,nan,120
0,100,11,20280724,packing,0.38258295580796786,0.38258295580796786,0.14399287482258405,68,0.15,6,1e-06,nan,120
0,100,11,20280724,christoffel,0.26048397424227737,0.26048397424227737,0.035727575325743284,0,nan,6,1e-06,79.30687433979945,120
0,100,12,20280725,convex_hull,0.20941657262637176,0.20941657262637176,0.0,0,nan,6,1e-06,nan,120
0,100,12,20280725,packing,0.28507660409921376,0.28507660409921376,0.1321262317283708,68,0.15,6,1e-06,nan,120
0,100,12,20280725,christoffel,0.19524234428414097,0.19524234428414097,0.060578461276696985,0,nan,6,1e-06,93.69759387518897,120
0,100,13,20280726,convex_hull,0.20808666487883248,0.20808666487883248,0.0,0,nan,6,1e-06,nan,120
0,100,13,20280726,packing,0.30973988711912026,0.30973988711912026,0.14248756437142263,73,0.15,6,1e-06,nan,120
0,100,13,20280726,christoffel,0.1900660505327854,0.1900660505327854,0.01092352326571851,0,nan,6,1e-06,83.51014445321874,120
0,100,14,20280727,convex_hull,0.5163688012691701,0.5163688012691701,0.0,0,nan,6,1e-06,nan,120
0,100,14,20280727,packing,0.4903457669409613,0.4903457669409613,0.12580811751074594,71,0.15,6,1e-06,nan,120
0,100,14,20280727,christoffel,0.5101812718053312,0.5101812718053312,0.012222019140403719,0,nan,6,1e-06,90.50796242859762,120
0,100,15,20280728,convex_hull,0.2620178002977999,0.2620178002977999,0.0,0,nan,6,1e-06,nan,120
0,100,15,20280728,packing,0.35470676122403233,0.35470676122403233,0.13592166053378407,70,0.15,6,1e-06,nan,120
0,100,15,20280728,christoffel,0.30092780875683556,0.30092780875683556,0.03058024747470014,0,nan,6,1e-06,97.39689446660503,120
0,100,16,20280729,convex_hull,0.3697920728907042,0.3697920728907042,0.0,0,nan,6,1e-06,nan,120
0,100,16,20280729,packing,0.3651187053558599,0.3651187053558599,0.14701785827748193,77,0.15,6,1e-06,nan,120
0,100,16,20280729,christoffel,0.36304650110825587,0.36304650110825587,0.053421636211948335,0,nan,6,1e-06,97.23944247116347,120
0,100,17,20280730,convex_hull,0.39777100374150587,0.39777100374150587,0.0,0,nan,6,1e-06,nan,120
0,100,17,20280730,packing,0.35485537938633016,0.35485537938633016,0.13345848620318956,66,0.15,6,1e-06,nan,120
0,100,17,20280730,christoffel,0.36013297178970405,0.36013297178970405,0.03279943240470049,0,nan,6,1e-06,90.4227951311709,120
0,100,18,20280731,convex_hull,0.38327686310210757,0.38327686310210757,0.0,0,nan,6,1e-06,nan,120
0,100,18,20280731,packing,0.5025362996845982,0.5025362996845982,0.13689839994649877,74,0.15,6,1e-06,nan,120
0,100,18,20280731,christoffel,0.4430552267846556,0.4430552267846556,0.0,0,nan,6,1e-06,86.88611697900113,120
0,100,19,20280732,convex_hull,0.44159521299894255,0.44159521299894255,0.0,0,nan,6,1e-06,nan,120
0,100,19,20280732,packing,0.46193301674508,0.46193301674508,0.13641344905536412,72,0.15,6,1e-06,nan,120
0,100,19,20280732,christoffel,0.4660931158133984,0.4660931158133984,0.029052955138626414,0,nan,6,1e-06,85.83304922319999,120
0,100,20,20280733,convex_hull,0.3041930412428852,0.3041930412428852,0.0,0,nan,6,1e-06,nan,120
0,100,20,20280733,packing,0.3572668784652042,0.3572668784652042,0.14703104160518743,78,0.15,6,1e-06,nan,120
0,100,20,20280733,christoffel,0.2538903524200198,0.2538903524200198,0.029052955138626414,0,nan,6,1e-06,87.06860295699745,120
0,100,21,20280734,convex_hull,0.2009443494486871,0.2009443494486871,0.0,0,nan,6,1e-06,nan,120
0,100,21,20280734,packing,0.3395847961987931,0.3395847961987931,0.13858839169838477,77,0.15,6,1e-06,nan,120
0,100,21,20280734,christoffel,0.2728235699819839,0.2728235699819839,0.01355859481069111,0,nan,6,1e-06,91.07846321915487,120
0,100,22,20280735,convex_hull,0.3734186841218974,0.3734186841218974,0.0,0,nan,6,1e-06,nan,120
0,100,22,20280735,packing,0.36488359866409636,0.36488359866409636,0.1423482291816578,73,0.15,6,1e-06,nan,120
0,100,22,20280735,christoffel,0.31705019504334014,0.31705019504334014,0.03828243110441574,0,nan,6,1e-06,79.92263316326289,120
0,100,23,20280736,convex_hull,0.46569687723160397,0.46569687723160397,0.0,0,nan,6,1e-06,nan,120
0,100,23,20280736,packing,0.40018287275986897,0.40018287275986897,0.1444105189181838,69,0.15,6,1e-06,nan,120
0,100,23,20280736,christoffel,0.4131111195417165,0.4131111195417165,0.03913034258366247,0,nan,6,1e-06,96.73415905427852,120
0,100,24,20280737,convex_hull,0.49985152634434465,0.49985152634434465,0.0,0,nan,6,1e-06,nan,120
0,100,24,20280737,packing,0.39752610363661134,0.39752610363661134,0.14835132102667048,75,0.15,6,1e-06,nan,120
0,100,24,20280737,christoffel,0.4549364728785442,0.4549364728785442,0.0196960343398699,0,nan,6,1e-06,83.61775101865236,120
0,100,25,20280738,convex_hull,0.2666686099643618,0.2666686099643618,0.0,0,nan,6,1e-06,nan,120
0,100,25,20280738,packing,0.36183731259666563,0.36183731259666563,0.14782862519479,71,0.15,6,1e-06,nan,120
0,100,25,20280738,christoffel,0.4276928312618085,0.4276928312618085,0.03337667913481273,0,nan,6,1e-06,93.88161856736896,120
0,100,26,20280739,convex_hull,0.3362021913828031,0.3362021913828031,0.0,0,nan,6,1e-06,nan,120
0,100,26,20280739,packing,0.4199485617408004,0.4199485617408004,0.14583747323220664,66,0.15,6,1e-06,nan,120
0,100,26,20280739,christoffel,0.30557042538257023,0.30557042538257023,0.045255090531232764,0,nan,6,1e-06,90.93094458282901,120
0,100,27,20280740,convex_hull,0.4108796543687278,0.4108796543687278,0.0,0,nan,6,1e-06,nan,120
0,100,27,20280740,packing,0.3226408402634322,0.3226408402634322,0.14460204982687053,67,0.15,6,1e-06,nan,120
0,100,27,20280740,christoffel,0.36176132905312053,0.36176132905312053,0.015255476712893627,0,nan,6,1e-06,94.50807229129533,120
0,100,28,20280741,convex_hull,0.19501261606476403,0.19501261606476403,0.0,0,nan,6,1e-06,nan,120
0,100,28,20280741,packing,0.3236176203649769,0.3236176203649769,0.14952064876769278,71,0.15,6,1e-06,nan,120
0,100,28,20280741,christoffel,0.2839827113821105,0.2839827113821105,0.03279943240470049,0,nan,6,1e-06,92.27471035582404,120
0,100,29,20280742,convex_hull,0.24929884085332157,0.24929884085332157,0.0,0,nan,6,1e-06,nan,120
0,100,29,20280742,packing,0.4872627280715792,0.4872627280715792,0.12011285497366075,70,0.15,6,1e-06,nan,120
0,100,29,20280742,christoffel,0.2736442029456649,0.2736442029456649,0.052265183146864375,0,nan,6,1e-06,96.69966294748158,120
0,100,30,20280743,convex_hull,0.22032580234357796,0.22032580234357796,0.0,0,nan,6,1e-06,nan,120
0,100,30,20280743,packing,0.56068012868774,0.56068012868774,0.12077845632786577,65,0.15,6,1e-06,nan,120
0,100,30,20280743,christoffel,0.4527949841410115,0.4527949841410115,0.024578088643181145,0,nan,6,1e-06,95.54232279292948,120
0,100,31,20280744,convex_hull,0.336062694493385,0.336062694493385,0.0,0,nan,6,1e-06,nan,120
0,100,31,20280744,packing,0.3657869364562717,0.3657869364562717,0.14373482574323337,67,0.15,6,1e-06,nan,120
0,100,31,20280744,christoffel,0.2610249873268311,0.2610249873268311,0.03828243110441574,0,nan,6,1e-06,91.01745911484315,120
0,100,32,20280745,convex_hull,0.21689075841384545,0.21689075841384545,0.0,0,nan,6,1e-06,nan,120
0,100,32,20280745,packing,0.40612546641787095,0.40612546641787095,0.1405651444365137,74,0.15,6,1e-06,nan,120
0,100,32,20280745,christoffel,0.26297275954733945,0.26297275954733945,0.03828243110441574,0,nan,6,1e-06,96.61546463536602,120
0,100,33,20280746,convex_hull,0.3794870560254984,0.3794870560254984,0.0,0,nan,6,1e-06,nan,120
0,100,33,20280746,packing,0.33139260473226084,0.33139260473226084,0.14327623577005816,78,0.15,6,1e-06,nan,120
0,100,33,20280746,christoffel,0.4069354198731326,0.4069354198731326,0.04627301998835065,0,nan,6,1e-06,96.74623769750932,120
0,100,34,20280747,convex_hull,0.3901491798082834,0.3901491798082834,0.0,0,nan,6,1e-06,nan,120
0,100,34,20280747,packing,0.48885681009030313,0.48885681009030313,0.1480058493308185,72,0.15,6,1e-06,nan,120
0,100,34,20280747,christoffel,0.47458987613495485,0.47458987613495485,0.0099594931431341,0,nan,6,1e-06,92.98934320401013,120
0,100,35,20280748,convex_hull,0.3231994007395838,0.3231994007395838,0.0,0,nan,6,1e-06,nan,120
0,100,35,20280748,packing,0.3360134831672107,0.3360134831672107,0.14716622576756144,68,0.15,6,1e-06,nan,120
0,100,35,20280748,christoffel,0.25832381634590007,0.25832381634590007,0.029386235525330602,0,nan,6,1e-06,94.38035083159092,120
0,100,36,20280749,convex_hull,0.38953858962721144,0.38953858962721144,0.0,0,nan,6,1e-06,nan,120
0,100,36,20280749,packing,0.316380037504565,0.316380037504565,0.1409179772878496,72,0.15,6,1e-06,nan,120
0,100,36,20280749,christoffel,0.36013297178970405,0.36013297178970405,0.008342060793595164,0,nan,6,1e-06,89.10030206598013,120
0,100,37,20280750,convex_hull,0.15656110029937614,0.15656110029937614,0.0,0,nan,6,1e-06,nan,120
0,100,37,20280750,packing,0.34787665027527215,0.34787665027527215,0.14894636389796156,72,0.15,6,1e-06,nan,120
0,100,37,20280750,christoffel,0.13506173316892092,0.13506173316892092,0.023709067035944317,0,nan,6,1e-06,76.71908157987254,120
0,100,38,20280751,convex_hull,0.269007480534907,0.269007480534907,0.0,0,nan,6,1e-06,nan,120
0,100,38,20280751,packing,0.36046841726870504,0.36046841726870504,0.13943652802037954,74,0.15,6,1e-06,nan,120
0,100,38,20280751,christoffel,0.2456301506265858,0.2456301506265858,0.010041765834816167,0,nan,6,1e-06,91.66543988079636,120
0,100,39,20280752,convex_hull,0.27081938996899163,0.27081938996899163,0.0,0,nan,6,1e-06,nan,120
0,100,39,20280752,packing,0.3149995723762903,0.3149995723762903,0.14561500498533486,75,0.15,6,1e-06,nan,120
0,100,39,20280752,christoffel,0.21528784421108324,0.21528784421108324,0.046273019988351316,0,nan,6,1e-06,84.54839413686089,120
0,100,40,20280753,convex_hull,0.24282095493305467,0.24282095493305467,0.0,0,nan,6,1e-06,nan,120
0,100,40,20280753,packing,0.28445503535635785,0.28445503535635785,0.1492847948905882,69,0.15,6,1e-06,nan,120
0,100,40,20280753,christoffel,0.22841094202888262,0.22841094202888262,0.03138048342320762,0,nan,6,1e-06,89.60369757186152,120
0,100,41,20280754,convex_hull,0.2652694694343228,0.2652694694343228,0.0,0,nan,6,1e-06,nan,120
0,100,41,20280754,packing,0.3375805580024147,0.3375805580024147,0.13880526909679025,63,0.15,6,1e-06,nan,120
0,100,41,20280754,christoffel,0.22695989264047606,0.22695989264047606,0.031187375122138362,0,nan,6,1e-06,86.2763688105712,120
0,100,42,20280755,convex_hull,0.27191319881774545,0.27191319881774545,0.0,0,nan,6,1e-06,nan,120
0,100,42,20280755,packing,0.39007298199965823,0.39007298199965823,0.14916759299770788,77,0.15,6,1e-06,nan,120
0,100,42,20280755,christoffel,0.3667495265606951,0.3667495265606951,0.030815622939739246,0,nan,6,1e-06,90.58600795403967,120
0,100,43,20280756,convex_hull,0.22137465809020937,0.22137465809020937,0.0,0,nan,6,1e-06,nan,120
0,100,43,20280756,packing,0.32141358397735176,0.32141358397735176,0.1467987950401961,77,0.15,6,1e-06,nan,120
0,100,43,20280756,christoffel,0.17056405556926135,0.17056405556926135,0.04456116457463702,0,nan,6,1e-06,75.48649941645002,120
0,100,44,20280757,convex_hull,0.31610046358622634,0.31610046358622634,0.0,0,nan,6,1e-06,nan,120
0,100,44,20280757,packing,0.4586758083830914,0.4586758083830914,0.13278446439789815,72,0.15,6,1e-06,nan,120
0,100,44,20280757,christoffel,0.2541978468326227,0.2541978468326227,0.03279943240470049,0,nan,6,1e-06,93.69353028537016,120
0,100,45,20280758,convex_hull,0.25291034705728704,0.25291034705728704,0.0,0,nan,6,1e-06,nan,120
0,100,45,20280758,packing,0.43078526512942394,0.43078526512942394,0.14746381827387278,65,0.15,6,1e-06,nan,120
0,100,45,20280758,christoffel,0.34975135478813346,0.34975135478813346,0.03337667913481273,0,nan,6,1e-06,91.86958077036641,120
0,100,46,20280759,convex_hull,0.2252182275811806,0.2252182275811806,0.0,0,nan,6,1e-06,nan,120
0,100,46,20280759,packing,0.3151361177971419,0.3151361177971419,0.1493723301652221,70,0.15,6,1e-06,nan,120
0,100,46,20280759,christoffel,0.18849591243142033,0.18849591243142033,0.07271804147277208,0,nan,6,1e-06,93.57630060786816,120
0,100,47,20280760,convex_hull,0.2484683450760971,0.2484683450760971,0.0,0,nan,6,1e-06,nan,120
0,100,47,20280760,packing,0.38495419950766696,0.38495419950766696,0.14595362008642632,71,0.15,6,1e-06,nan,120
0,100,47,20280760,christoffel,0.22463586032618346,0.22463586032618346,0.06657128715791694,0,nan,6,1e-06,95.99044962514772,120
0,100,48,20280761,convex_hull,0.4194656732336203,0.4194656732336203,0.0,0,nan,6,1e-06,nan,120
0,100,48,20280761,packing,0.394177784332733,0.394177784332733,0.14024518401679065,67,0.15,6,1e-06,nan,120
0,100,48,20280761,christoffel,0.35935146535149975,0.35935146535149975,0.005385106295200323,0,nan,6,1e-06,92.32223595986129,120
0,100,49,20280762,convex_hull,0.1908857213176062,0.1908857213176062,0.0,0,nan,6,1e-06,nan,120
0,100,49,20280762,packing,0.37187382657454393,0.37187382657454393,0.14460979386405926,73,0.15,6,1e-06,nan,120
0,100,49,20280762,christoffel,0.20089533240425633,0.20089533240425633,0.018974765612752874,0,nan,6,1e-06,90.01822799963098,120
2,100,0,20280713,convex_hull,1.1296539843981532,1.1296539843981532,0.0,0,nan,6,1e-06,nan,120
2,100,0,20280713,packing,0.9858521775064498,0.9858521775064498,0.022483511921911337,55,0.15,6,1e-06,nan,120
2,100,0,20280713,christoffel,1.0489822811520908,1.0489822811520908,0.0,0,nan,6,1e-06,99.40971185533738,120
2,100,1,20280714,convex_hull,0.9183988517667505,0.9183988517667505,0.0,0,nan,6,1e-06,nan,120
2,100,1,20280714,packing,0.7683988517667505,0.7683988517667505,0.04158597686946697,51,0.15,6,1e-06,nan,120
2,100,1,20280714,christoffel,0.9183988517667505,0.9183988517667505,0.0,0,nan,6,1e-06,98.9806960636915,120
2,100,2,20280715,convex_hull,0.9119074541701198,0.9119074541701198,0.0,0,nan,6,1e-06,nan,120
2,100,2,20280715,packing,0.7619074541701197,0.7619074541701197,0.0,53,0.15,6,1e-06,nan,120
2,100,2,20280715,christoffel,0.8370134548893279,0.8370134548893279,0.0,0,nan,6,1e-06,96.3913083092093,120
2,100,3,20280716,convex_hull,1.1590160153148161,1.1590160153148161,0.0,0,nan,6,1e-06,nan,120
2,100,3,20280716,packing,1.03018423108613,1.03018423108613,0.03228960787940993,50,0.15,6,1e-06,nan,120
2,100,3,20280716,christoffel,1.0738794412963408,1.0738794412963408,0.0,0,nan,6,1e-06,99.4410740253891,120
2,100,4,20280717,convex_hull,0.6850401996198163,0.6850401996198163,0.0,0,nan,6,1e-06,nan,120
2,100,4,20280717,packing,0.5448127583006067,0.5448127583006067,0.0,54,0.15,6,1e-06,nan,120
2,100,4,20280717,christoffel,0.6849649254121033,0.6849649254121033,0.0,0,nan,6,1e-06,98.59830304708305,120
2,100,5,20280718,convex_hull,1.010347239299684,1.010347239299684,0.0,0,nan,6,1e-06,nan,120
2,100,5,20280718,packing,0.8603472392996839,0.8603472392996839,0.0,52,0.15,6,1e-06,nan,120
2,100,5,20280718,christoffel,0.9568351765624409,0.9568351765624409,0.0,0,nan,6,1e-06,93.15337167764466,120
2,100,6,20280719,convex_hull,0.8877717474768322,0.8877717474768322,0.0,0,nan,6,1e-06,nan,120
2,100,6,20280719,packing,0.7378995282263816,0.7378995282263816,0.0,51,0.15,6,1e-06,nan,120
2,100,6,20280719,christoffel,0.8394863326582768,0.8394863326582768,0.0,0,nan,6,1e-06,89.43084927645224,120
2,100,7,20280720,convex_hull,1.0214761422483702,1.0214761422483702,0.0,0,nan,6,1e-06,nan,120
2,100,7,20280720,packing,0.8714761422483702,0.8714761422483702,0.0,53,0.15,6,1e-06,nan,120
2,100,7,20280720,christoffel,0.9959896168352702,0.9959896168352702,0.0,0,nan,6,1e-06,97.2471830001454,120
2,100,8,20280721,convex_hull,0.7583684347363688,0.7583684347363688,0.0,0,nan,6,1e-06,nan,120
2,100,8,20280721,packing,0.6226756112508893,0.6226756112508893,0.0,59,0.15,6,1e-06,nan,120
2,100,8,20280721,christoffel,0.6818026369428865,0.6818026369428865,0.0,0,nan,6,1e-06,97.3274306313567,120
2,100,9,20280722,convex_hull,0.53327355795524,0.53327355795524,0.0,0,nan,6,1e-06,nan,120
2,100,9,20280722,packing,0.6911989329272681,0.6911989329272681,0.0180688188116378,55,0.15,6,1e-06,nan,120
2,100,9,20280722,christoffel,0.7256113759712086,0.7256113759712086,0.0,0,nan,6,1e-06,99.87449229062594,120
2,100,10,20280723,convex_hull,0.7538119667542672,0.7538119667542672,0.0,0,nan,6,1e-06,nan,120
2,100,10,20280723,packing,0.7622054870795762,0.7622054870795762,0.020512393113972127,56,0.15,6,1e-06,nan,120
2,100,10,20280723,christoffel,0.8954124589273662,0.8954124589273662,0.0,0,nan,6,1e-06,99.0119613259025,120
2,100,11,20280724,convex_hull,1.0627530175156372,1.0627530175156372,0.0,0,nan,6,1e-06,nan,120
2,100,11,20280724,packing,0.9257728230150079,0.9257728230150079,0.0,59,0.15,6,1e-06,nan,120
2,100,11,20280724,christoffel,1.058107434839561,1.058107434839561,0.0,0,nan,6,1e-06,97.18619148611417,120
2,100,12,20280725,convex_hull,0.6348752451344268,0.6348752451344268,0.0,0,nan,6,1e-06,nan,120
2,100,12,20280725,packing,0.5366444986092851,0.5366444986092851,0.030489527832115115,59,0.15,6,1e-06,nan,120
2,100,12,20280725,christoffel,0.5778538987328407,0.5778538987328407,0.0,0,nan,6,1e-06,98.74114490701744,120
2,100,13,20280726,convex_hull,0.8648527727669987,0.8648527727669987,0.0,0,nan,6,1e-06,nan,120
2,100,13,20280726,packing,0.730360529574998,0.730360529574998,0.0,51,0.15,6,1e-06,nan,120
2,100,13,20280726,christoffel,0.8541452176560829,0.8541452176560829,0.0,0,nan,6,1e-06,95.3638669225722,120
2,100,14,20280727,convex_hull,0.9190728925404797,0.9190728925404797,0.0,0,nan,6,1e-06,nan,120
2,100,14,20280727,packing,0.8060625894015202,0.8060625894015202,0.0,57,0.15,6,1e-06,nan,120
2,100,14,20280727,christoffel,0.8595807105938238,0.8595807105938238,0.0,0,nan,6,1e-06,90.68921732339273,120
2,100,15,20280728,convex_hull,1.1157112815032373,1.1157112815032373,0.0,0,nan,6,1e-06,nan,120
2,100,15,20280728,packing,0.9657112815032373,0.9657112815032373,0.04865029810868282,54,0.15,6,1e-06,nan,120
2,100,15,20280728,christoffel,1.1019751772608686,1.1019751772608686,0.0,0,nan,6,1e-06,99.1754754417325,120
2,100,16,20280729,convex_hull,1.0783211902706071,1.0783211902706071,0.0,0,nan,6,1e-06,nan,120
2,100,16,20280729,packing,0.9513274191321189,0.9513274191321189,0.0,52,0.15,6,1e-06,nan,120
2,100,16,20280729,christoffel,0.9996427177916591,0.9996427177916591,0.0,0,nan,6,1e-06,97.87657111416945,120
2,100,17,20280730,convex_hull,0.9777383644038843,0.9777383644038843,0.0,0,nan,6,1e-06,nan,120
2,100,17,20280730,packing,0.8277383644038843,0.8277383644038843,0.0032301941195069794,56,0.15,6,1e-06,nan,120
2,100,17,20280730,christoffel,0.9436901703193336,0.9436901703193336,0.0,0,nan,6,1e-06,98.6847771962967,120
2,100,18,20280731,convex_hull,0.9523380006135547,0.9523380006135547,0.0,0,nan,6,1e-06,nan,120
2,100,18,20280731,packing,0.8023380006135546,0.8023380006135546,0.0,55,0.15,6,1e-06,nan,120
2,100,18,20280731,christoffel,0.9429972233877464,0.9429972233877464,0.0,0,nan,6,1e-06,95.80644180243655,120
2,100,19,20280732,convex_hull,0.772200785825198,0.772200785825198,0.0,0,nan,6,1e-06,nan,120
2,100,19,20280732,packing,0.6806518954324267,0.6806518954324267,0.0,58,0.15,6,1e-06,nan,120
2,100,19,20280732,christoffel,0.8183462683534388,0.8183462683534388,0.0,0,nan,6,1e-06,97.62855482211353,120
2,100,20,20280733,convex_hull,0.9527854168934731,0.9527854168934731,0.0,0,nan,6,1e-06,nan,120
2,100,20,20280733,packing,0.802785416893473,0.802785416893473,0.0,57,0.15,6,1e-06,nan,120
2,100,20,20280733,christoffel,0.9429972233877463,0.9429972233877463,0.0,0,nan,6,1e-06,94.69028159508215,120
2,100,21,20280734,convex_hull,0.7362128028767888,0.7362128028767888,0.0,0,nan,6,1e-06,nan,120
2,100,21,20280734,packing,0.6122266099972414,0.6122266099972414,0.0,50,0.15,6,1e-06,nan,120
2,100,21,20280734,christoffel,0.7293357138345997,0.7293357138345997,0.0,0,nan,6,1e-06,93.55045995992106,120
2,100,22,20280735,convex_hull,0.8267363265638882,0.8267363265638882,0.0,0,nan,6,1e-06,nan,120
2,100,22,20280735,packing,0.6767363265638882,0.6767363265638882,0.0,54,0.15,6,1e-06,nan,120
2,100,22,20280735,christoffel,0.8267363265638882,0.8267363265638882,0.0,0,nan,6,1e-06,97.60159084298776,120
2,100,23,20280736,convex_hull,0.9819075107239449,0.9819075107239449,0.0,0,nan,6,1e-06,nan,120
2,100,23,20280736,packing,0.8319075107239449,0.8319075107239449,0.0004855903194774802,56,0.15,6,1e-06,nan,120
2,100,23,20280736,christoffel,0.9496216602579167,0.9496216602579167,0.0,0,nan,6,1e-06,95.08683180541315,120
2,100,24,20280737,convex_hull,0.8885639884574899,0.8885639884574899,0.0,0,nan,6,1e-06,nan,120
2,100,24,20280737,packing,0.7385639884574898,0.7385639884574898,0.0,52,0.15,6,1e-06,nan,120
2,100,24,20280737,christoffel,0.8810420182533011,0.8810420182533011,0.0,0,nan,6,1e-06,93.23608590524806,120
2,100,25,20280738,convex_hull,0.7363149094063488,0.7363149094063488,0.0,0,nan,6,1e-06,nan,120
2,100,25,20280738,packing,0.7269648411454717,0.7269648411454717,0.0,53,0.15,6,1e-06,nan,120
2,100,25,20280738,christoffel,0.8532736187370387,0.8532736187370387,0.0,0,nan,6,1e-06,99.13152911195536,120
2,100,26,20280739,convex_hull,1.149057548672129,1.149057548672129,0.0,0,nan,6,1e-06,nan,120
2,100,26,20280739,packing,1.0001190872332197,1.0001190872332197,0.002918105071932353,47,0.15,6,1e-06,nan,120
2,100,26,20280739,christoffel,1.0793442283742178,1.0793442283742178,0.0,0,nan,6,1e-06,98.61797786537775,120
2,100,27,20280740,convex_hull,0.9401673851478537,0.9401673851478537,0.0,0,nan,6,1e-06,nan,120
2,100,27,20280740,packing,0.8530560491375595,0.8530560491375595,0.02838634800853501,59,0.15,6,1e-06,nan,120
2,100,27,20280740,christoffel,0.9429972233877464,0.9429972233877464,0.0,0,nan,6,1e-06,93.16120982855428,120
2,100,28,20280741,convex_hull,0.9249797178007583,0.9249797178007583,0.0,0,nan,6,1e-06,nan,120
2,100,28,20280741,packing,0.7771485346001207,0.7771485346001207,0.0,58,0.15,6,1e-06,nan,120
2,100,28,20280741,christoffel,0.8991939164012153,0.8991939164012153,0.0,0,nan,6,1e-06,96.88358112597324,120
2,100,29,20280742,convex_hull,0.9396464896517834,0.9396464896517834,0.0,0,nan,6,1e-06,nan,120
2,100,29,20280742,packing,0.8096220683311325,0.8096220683311325,0.05310765610027321,56,0.15,6,1e-06,nan,120
2,100,29,20280742,christoffel,0.8725321262025435,0.8725321262025435,0.0,0,nan,6,1e-06,97.87511091541984,120
2,100,30,20280743,convex_hull,0.7061548064910395,0.7061548064910395,0.0,0,nan,6,1e-06,nan,120
2,100,30,20280743,packing,0.6310406283176496,0.6310406283176496,0.01638416428919459,61,0.15,6,1e-06,nan,120
2,100,30,20280743,christoffel,0.6793504923187231,0.6793504923187231,0.0,0,nan,6,1e-06,98.07229715121514,120
2,100,31,20280744,convex_hull,0.8796015977339717,0.8796015977339717,0.0,0,nan,6,1e-06,nan,120
2,100,31,20280744,packing,0.7296015977339717,0.7296015977339717,0.0,54,0.15,6,1e-06,nan,120
2,100,31,20280744,christoffel,0.8796015977339717,0.8796015977339717,0.0,0,nan,6,1e-06,98.7355221613589,120
2,100,32,20280745,convex_hull,0.8315327704152695,0.8315327704152695,0.0,0,nan,6,1e-06,nan,120
2,100,32,20280745,packing,0.6815327704152695,0.6815327704152695,0.13201783845442094,60,0.15,6,1e-06,nan,120
2,100,32,20280745,christoffel,0.784022217504843,0.784022217504843,0.0,0,nan,6,1e-06,99.13507808476331,120
2,100,33,20280746,convex_hull,1.0144657388560807,1.0144657388560807,0.0,0,nan,6,1e-06,nan,120
2,100,33,20280746,packing,0.8743882042263308,0.8743882042263308,0.0,54,0.15,6,1e-06,nan,120
2,100,33,20280746,christoffel,0.9223962473602916,0.9223962473602916,0.0,0,nan,6,1e-06,98.9414401573929,120
2,100,34,20280747,convex_hull,1.4035108547130803,1.4035108547130803,0.0,0,nan,6,1e-06,nan,120
2,100,34,20280747,packing,1.2535108547130804,1.2535108547130804,0.0,59,0.15,6,1e-06,nan,120
2,100,34,20280747,christoffel,1.3749225284241173,1.3749225284241173,0.0,0,nan,6,1e-06,88.91569531934297,120
2,100,35,20280748,convex_hull,1.1251742851400834,1.1251742851400834,0.0,0,nan,6,1e-06,nan,120
2,100,35,20280748,packing,1.0427278140301335,1.0427278140301335,0.0,54,0.15,6,1e-06,nan,120
2,100,35,20280748,christoffel,1.1127554848911028,1.1127554848911028,0.0,0,nan,6,1e-06,99.28952116924356,120
2,100,36,20280749,convex_hull,0.9978627724206388,0.9978627724206388,0.0,0,nan,6,1e-06,nan,120
2,100,36,20280749,packing,0.8478627724206388,0.8478627724206388,0.0,55,0.15,6,1e-06,nan,120
2,100,36,20280749,christoffel,0.9788968616919244,0.9788968616919244,0.0,0,nan,6,1e-06,98.16151577770745,120
2,100,37,20280750,convex_hull,0.729450011132659,0.729450011132659,0.0,0,nan,6,1e-06,nan,120
2,100,37,20280750,packing,0.6014384035637655,0.6014384035637655,0.0,49,0.15,6,1e-06,nan,120
2,100,37,20280750,christoffel,0.7040000994947383,0.7040000994947383,0.0,0,nan,6,1e-06,98.03071633249507,120
2,100,38,20280751,convex_hull,0.6444650342822891,0.6444650342822891,0.0,0,nan,6,1e-06,nan,120
2,100,38,20280751,packing,0.5463235878337148,0.5463235878337148,0.0,58,0.15,6,1e-06,nan,120
2,100,38,20280751,christoffel,0.6360707126835687,0.6360707126835687,0.0,0,nan,6,1e-06,98.10467073147713,120
2,100,39,20280752,convex_hull,0.678818321401278,0.678818321401278,0.0,0,nan,6,1e-06,nan,120
2,100,39,20280752,packing,0.5288183214012779,0.5288183214012779,0.053281761626180923,55,0.15,6,1e-06,nan,120
2,100,39,20280752,christoffel,0.6780415420121438,0.6780415420121438,0.0,0,nan,6,1e-06,99.4466026341707,120
2,100,40,20280753,convex_hull,1.02340668734453,1.02340668734453,0.0,0,nan,6,1e-06,nan,120
2,100,40,20280753,packing,0.9012746001957835,0.9012746001957835,0.0,51,0.15,6,1e-06,nan,120
2,100,40,20280753,christoffel,0.9862620092786624,0.9862620092786624,0.0,0,nan,6,1e-06,93.79075451726213,120
2,100,41,20280754,convex_hull,0.9435103249237311,0.9435103249237311,0.0,0,nan,6,1e-06,nan,120
2,100,41,20280754,packing,0.7935103249237311,0.7935103249237311,0.0,52,0.15,6,1e-06,nan,120
2,100,41,20280754,christoffel,0.9102778296197341,0.9102778296197341,0.0,0,nan,6,1e-06,97.12915604961513,120
2,100,42,20280755,convex_hull,1.1791514638585918,1.1791514638585918,0.0,0,nan,6,1e-06,nan,120
2,100,42,20280755,packing,1.029151463858592,1.029151463858592,0.0,51,0.15,6,1e-06,nan,120
2,100,42,20280755,christoffel,1.1482988057196382,1.1482988057196382,0.0,0,nan,6,1e-06,96.29157729596797,120
2,100,43,20280756,convex_hull,0.514273611656919,0.514273611656919,0.0,0,nan,6,1e-06,nan,120
2,100,43,20280756,packing,0.5777995229261279,0.5777995229261279,0.014434644832516441,56,0.15,6,1e-06,nan,120
2,100,43,20280756,christoffel,0.576540014020879,0.576540014020879,0.0,0,nan,6,1e-06,99.16690662343018,120
2,100,44,20280757,convex_hull,0.7353618668991682,0.7353618668991682,0.0,0,nan,6,1e-06,nan,120
2,100,44,20280757,packing,0.5887633139151185,0.5887633139151185,0.0063961155281637705,55,0.15,6,1e-06,nan,120
2,100,44,20280757,christoffel,0.7314119584865304,0.7314119584865304,0.0,0,nan,6,1e-06,98.82880204287757,120
2,100,45,20280758,convex_hull,0.6998376784240331,0.6998376784240331,0.0,0,nan,6,1e-06,nan,120
2,100,45,20280758,packing,0.6813308224005101,0.6813308224005101,0.0,50,0.15,6,1e-06,nan,120
2,100,45,20280758,christoffel,0.6922681512472747,0.6922681512472747,0.0,0,nan,6,1e-06,98.35488756930692,120
2,100,46,20280759,convex_hull,1.3215243937088725,1.3215243937088725,0.0,0,nan,6,1e-06,nan,120
2,100,46,20280759,packing,1.1744713040699881,1.1744713040699881,0.02585231813218236,58,0.15,6,1e-06,nan,120
2,100,46,20280759,christoffel,1.232638768754909,1.232638768754909,0.0,0,nan,6,1e-06,95.67217325242262,120
2,100,47,20280760,convex_hull,1.0489485768537252,1.0489485768537252,0.0,0,nan,6,1e-06,nan,120
2,100,47,20280760,packing,0.9794638340611003,0.9794638340611003,0.0,53,0.15,6,1e-06,nan,120
2,100,47,20280760,christoffel,0.995989616835271,0.995989616835271,0.0,0,nan,6,1e-06,97.71040866573843,120
2,100,48,20280761,convex_hull,1.0166739111370335,1.0166739111370335,0.0,0,nan,6,1e-06,nan,120
2,100,48,20280761,packing,0.8666739111370335,0.8666739111370335,0.0,47,0.15,6,1e-06,nan,120
2,100,48,20280761,christoffel,1.0020546120560134,1.0020546120560134,0.0,0,nan,6,1e-06,97.73547918083787,120
2,100,49,20280762,convex_hull,0.7750404018592927,0.7750404018592927,0.0,0,nan,6,1e-06,nan,120
2,100,49,20280762,packing,0.6635361474915213,0.6635361474915213,0.0,54,0.15,6,1e-06,nan,120
2,100,49,20280762,christoffel,0.7496996816418771,0.7496996816418771,0.0,0,nan,6,1e-06,92.88791291372549,120
4,100,0,20280713,convex_hull,1.0790397933980378,1.0790397933980378,0.0,0,nan,6,1e-06,nan,120
4,100,0,20280713,packing,0.9290397933980378,0.9290397933980378,0.0,44,0.15,6,1e-06,nan,120
4,100,0,20280713,christoffel,1.0790397933980378,1.0790397933980378,0.0,0,nan,6,1e-06,97.72132202918849,120
4,100,1,20280714,convex_hull,1.3645908997320024,1.3645908997320024,0.0,0,nan,6,1e-06,nan,120
4,100,1,20280714,packing,1.2145908997320025,1.2145908997320025,0.0,41,0.15,6,1e-06,nan,120
4,100,1,20280714,christoffel,1.3645908997320024,1.3645908997320024,0.0,0,nan,6,1e-06,96.19017318546017,120
4,100,2,20280715,convex_hull,1.3282396915584156,1.3282396915584156,0.0,0,nan,6,1e-06,nan,120
4,100,2,20280715,packing,1.2165655907087352,1.2165655907087352,0.0,38,0.15,6,1e-06,nan,120
4,100,2,20280715,christoffel,1.2609549640996622,1.2609549640996622,0.0,0,nan,6,1e-06,95.03762734101076,120
4,100,3,20280716,convex_hull,1.3851538832711674,1.3851538832711674,0.0,0,nan,6,1e-06,nan,120
4,100,3,20280716,packing,1.2393265536335787,1.2393265536335787,0.0,39,0.15,6,1e-06,nan,120
4,100,3,20280716,christoffel,1.3179743185557737,1.3179743185557737,0.0,0,nan,6,1e-06,99.73882638325193,120
4,100,4,20280717,convex_hull,1.2459645379662851,1.2459645379662851,0.0,0,nan,6,1e-06,nan,120
4,100,4,20280717,packing,1.0959645379662852,1.0959645379662852,0.0,33,0.15,6,1e-06,nan,120
4,100,4,20280717,christoffel,1.2375188920228568,1.2375188920228568,0.0,0,nan,6,1e-06,95.73050564249802,120
4,100,5,20280718,convex_hull,1.4890925214752186,1.4890925214752186,0.0,0,nan,6,1e-06,nan,120
4,100,5,20280718,packing,1.3390925214752187,1.3390925214752187,0.0,41,0.15,6,1e-06,nan,120
4,100,5,20280718,christoffel,1.3692358773065683,1.3692358773065683,0.0,0,nan,6,1e-06,94.09693278207972,120
4,100,6,20280719,convex_hull,1.322192583097446,1.322192583097446,0.0,0,nan,6,1e-06,nan,120
4,100,6,20280719,packing,1.181847368331623,1.181847368331623,0.0,39,0.15,6,1e-06,nan,120
4,100,6,20280719,christoffel,1.2613957561610871,1.2613957561610871,0.0,0,nan,6,1e-06,86.6125890676126,120
4,100,7,20280720,convex_hull,1.5956480484204154,1.5956480484204154,0.0,0,nan,6,1e-06,nan,120
4,100,7,20280720,packing,1.4456480484204155,1.4456480484204155,0.0,35,0.15,6,1e-06,nan,120
4,100,7,20280720,christoffel,1.5259237927069267,1.5259237927069267,0.0,0,nan,6,1e-06,94.21089588518831,120
4,100,8,20280721,convex_hull,1.113658538052787,1.113658538052787,0.0,0,nan,6,1e-06,nan,120
4,100,8,20280721,packing,0.963658538052787,0.963658538052787,0.0,47,0.15,6,1e-06,nan,120
4,100,8,20280721,christoffel,1.10354872500121,1.10354872500121,0.0,0,nan,6,1e-06,93.51683358415342,120
4,100,9,20280722,convex_hull,0.7228302635192543,0.7228302635192543,0.0,0,nan,6,1e-06,nan,120
4,100,9,20280722,packing,0.7992733759714598,0.7992733759714598,0.0,37,0.15,6,1e-06,nan,120
4,100,9,20280722,christoffel,0.8247822241520972,0.8247822241520972,0.0,0,nan,6,1e-06,99.68784104491743,120
4,100,10,20280723,convex_hull,1.189975720460355,1.189975720460355,0.0,0,nan,6,1e-06,nan,120
4,100,10,20280723,packing,1.039975720460355,1.039975720460355,0.0,43,0.15,6,1e-06,nan,120
4,100,10,20280723,christoffel,1.154968273255982,1.154968273255982,0.0,0,nan,6,1e-06,95.63678199360236,120
4,100,11,20280724,convex_hull,1.461431016408659,1.461431016408659,0.0,0,nan,6,1e-06,nan,120
4,100,11,20280724,packing,1.3114310164086591,1.3114310164086591,0.0,42,0.15,6,1e-06,nan,120
4,100,11,20280724,christoffel,1.4396888828073147,1.4396888828073147,0.0,0,nan,6,1e-06,94.05650851058799,120
4,100,12,20280725,convex_hull,1.0325738632606016,1.0325738632606016,0.0,0,nan,6,1e-06,nan,120
4,100,12,20280725,packing,0.8825738632606016,0.8825738632606016,0.0,44,0.15,6,1e-06,nan,120
4,100,12,20280725,christoffel,1.0325738632606016,1.0325738632606016,0.0,0,nan,6,1e-06,95.87743195014275,120
4,100,13,20280726,convex_hull,1.0447025274338932,1.0447025274338932,0.0,0,nan,6,1e-06,nan,120
4,100,13,20280726,packing,0.8947025274338932,0.8947025274338932,0.0,45,0.15,6,1e-06,nan,120
4,100,13,20280726,christoffel,1.0423993509412859,1.0423993509412859,0.0,0,nan,6,1e-06,96.87901670490417,120
4,100,14,20280727,convex_hull,1.251455196904152,1.251455196904152,0.0,0,nan,6,1e-06,nan,120
4,100,14,20280727,packing,1.1014551969041522,1.1014551969041522,0.0,46,0.15,6,1e-06,nan,120
4,100,14,20280727,christoffel,1.2174464880386837,1.2174464880386837,0.0,0,nan,6,1e-06,86.96115350048605,120
4,100,15,20280728,convex_hull,1.6062066881642159,1.6062066881642159,0.0,0,nan,6,1e-06,nan,120
4,100,15,20280728,packing,1.456206688164216,1.456206688164216,0.0,37,0.15,6,1e-06,nan,120
4,100,15,20280728,christoffel,1.5259237927069271,1.5259237927069271,0.0,0,nan,6,1e-06,99.43214357216331,120
4,100,16,20280729,convex_hull,1.4111492692418752,1.4111492692418752,0.0,0,nan,6,1e-06,nan,120
4,100,16,20280729,packing,1.2611492692418753,1.2611492692418753,0.0,37,0.15,6,1e-06,nan,120
4,100,16,20280729,christoffel,1.3673353335622518,1.3673353335622518,0.0,0,nan,6,1e-06,95.15884059002497,120
4,100,17,20280730,convex_hull,1.2997269571168717,1.2997269571168717,0.0,0,nan,6,1e-06,nan,120
4,100,17,20280730,packing,1.1497269571168718,1.1497269571168718,0.0,44,0.15,6,1e-06,nan,120
4,100,17,20280730,christoffel,1.2613957561610867,1.2613957561610867,0.0,0,nan,6,1e-06,98.38729710480436,120
4,100,18,20280731,convex_hull,1.3958998073922562,1.3958998073922562,0.0,0,nan,6,1e-06,nan,120
4,100,18,20280731,packing,1.2458998073922563,1.2458998073922563,0.0,44,0.15,6,1e-06,nan,120
4,100,18,20280731,christoffel,1.3669421911515038,1.3669421911515038,0.0,0,nan,6,1e-06,95.3616835296377,120
4,100,19,20280732,convex_hull,1.0751362384372518,1.0751362384372518,0.0,0,nan,6,1e-06,nan,120
4,100,19,20280732,packing,0.9256169322666284,0.9256169322666284,0.0,43,0.15,6,1e-06,nan,120
4,100,19,20280732,christoffel,1.068942243171409,1.068942243171409,0.0,0,nan,6,1e-06,98.80422167294486,120
4,100,20,20280733,convex_hull,1.35602619233397,1.35602619233397,0.0,0,nan,6,1e-06,nan,120
4,100,20,20280733,packing,1.2060261923339701,1.2060261923339701,0.0,40,0.15,6,1e-06,nan,120
4,100,20,20280733,christoffel,1.3139485187093425,1.3139485187093425,0.0,0,nan,6,1e-06,92.23877309997093,120
4,100,21,20280734,convex_hull,1.2177248508518612,1.2177248508518612,0.0,0,nan,6,1e-06,nan,120
4,100,21,20280734,packing,1.0677248508518613,1.0677248508518613,0.0,46,0.15,6,1e-06,nan,120
4,100,21,20280734,christoffel,1.2079615428304784,1.2079615428304784,0.0,0,nan,6,1e-06,93.57592367320423,120
4,100,22,20280735,convex_hull,1.3577209788754765,1.3577209788754765,0.0,0,nan,6,1e-06,nan,120
4,100,22,20280735,packing,1.2077209788754766,1.2077209788754766,0.0,41,0.15,6,1e-06,nan,120
4,100,22,20280735,christoffel,1.3577209788754765,1.3577209788754765,0.0,0,nan,6,1e-06,96.25964812194951,120
4,100,23,20280736,convex_hull,1.3827405989727977,1.3827405989727977,0.0,0,nan,6,1e-06,nan,120
4,100,23,20280736,packing,1.2412946121867923,1.2412946121867923,0.0,44,0.15,6,1e-06,nan,120
4,100,23,20280736,christoffel,1.3111405710663508,1.3111405710663508,0.0,0,nan,6,1e-06,98.81950887368912,120
4,100,24,20280737,convex_hull,1.2813820044529716,1.2813820044529716,0.0,0,nan,6,1e-06,nan,120
4,100,24,20280737,packing,1.1313820044529717,1.1313820044529717,0.0,42,0.15,6,1e-06,nan,120
4,100,24,20280737,christoffel,1.2728360709302604,1.2728360709302604,0.0,0,nan,6,1e-06,87.01835112964538,120
4,100,25,20280738,convex_hull,1.116313476157447,1.116313476157447,0.0,0,nan,6,1e-06,nan,120
4,100,25,20280738,packing,1.0872115375819047,1.0872115375819047,0.0,37,0.15,6,1e-06,nan,120
4,100,25,20280738,christoffel,1.1097399336976512,1.1097399336976512,0.0,0,nan,6,1e-06,98.77847321448552,120
4,100,26,20280739,convex_hull,1.2659742054277139,1.2659742054277139,0.0,0,nan,6,1e-06,nan,120
4,100,26,20280739,packing,1.117217190339628,1.117217190339628,0.0,41,0.15,6,1e-06,nan,120
4,100,26,20280739,christoffel,1.2281881554030567,1.2281881554030567,0.0,0,nan,6,1e-06,93.96655717214966,120
4,100,27,20280740,convex_hull,1.2537914413831277,1.2537914413831277,0.0,0,nan,6,1e-06,nan,120
4,100,27,20280740,packing,1.1400410699464283,1.1400410699464283,0.0,39,0.15,6,1e-06,nan,120
4,100,27,20280740,christoffel,1.286271642506518,1.286271642506518,0.0,0,nan,6,1e-06,95.37267223765471,120
4,100,28,20280741,convex_hull,1.3214232025943833,1.3214232025943833,0.0,0,nan,6,1e-06,nan,120
4,100,28,20280741,packing,1.2374543776141103,1.2374543776141103,0.0,45,0.15,6,1e-06,nan,120
4,100,28,20280741,christoffel,1.2609549640996622,1.2609549640996622,0.0,0,nan,6,1e-06,95.58505805666476,120
4,100,29,20280742,convex_hull,1.2937739505753216,1.2937739505753216,0.0,0,nan,6,1e-06,nan,120
4,100,29,20280742,packing,1.1916690055869605,1.1916690055869605,0.0,40,0.15,6,1e-06,nan,120
4,100,29,20280742,christoffel,1.1921361856274917,1.1921361856274917,0.0,0,nan,6,1e-06,98.10178968904933,120
4,100,30,20280743,convex_hull,1.1905733437474102,1.1905733437474102,0.0,0,nan,6,1e-06,nan,120
4,100,30,20280743,packing,1.0463628056032435,1.0463628056032435,0.0,42,0.15,6,1e-06,nan,120
4,100,30,20280743,christoffel,1.141779489210442,1.141779489210442,0.0,0,nan,6,1e-06,93.78662695046737,120
4,100,31,20280744,convex_hull,1.2231026521309758,1.2231026521309758,0.0,0,nan,6,1e-06,nan,120
4,100,31,20280744,packing,1.0731026521309759,1.0731026521309759,0.0,39,0.15,6,1e-06,nan,120
4,100,31,20280744,christoffel,1.2079615428304784,1.2079615428304784,0.0,0,nan,6,1e-06,96.5387236380722,120
4,100,32,20280745,convex_hull,1.2009669277316164,1.2009669277316164,0.0,0,nan,6,1e-06,nan,120
4,100,32,20280745,packing,1.1052823824368134,1.1052823824368134,0.04163342982622653,46,0.15,6,1e-06,nan,120
4,100,32,20280745,christoffel,1.154968273255982,1.154968273255982,0.0,0,nan,6,1e-06,99.22152626936808,120
4,100,33,20280746,convex_hull,1.377772098013735,1.377772098013735,0.0,0,nan,6,1e-06,nan,120
4,100,33,20280746,packing,1.227772098013735,1.227772098013735,0.0,41,0.15,6,1e-06,nan,120
4,100,33,20280746,christoffel,1.3139485187093425,1.3139485187093425,0.0,0,nan,6,1e-06,99.03394170646398,120
4,100,34,20280747,convex_hull,1.7207716914585112,1.7207716914585112,0.0,0,nan,6,1e-06,nan,120
4,100,34,20280747,packing,1.5707716914585113,1.5707716914585113,0.0,43,0.15,6,1e-06,nan,120
4,100,34,20280747,christoffel,1.7207716914585112,1.7207716914585112,0.0,0,nan,6,1e-06,80.22131611598131,120
4,100,35,20280748,convex_hull,1.5005970999759732,1.5005970999759732,0.0,0,nan,6,1e-06,nan,120
4,100,35,20280748,packing,1.3509349769276346,1.3509349769276346,0.0,38,0.15,6,1e-06,nan,120
4,100,35,20280748,christoffel,1.4210310654006348,1.4210310654006348,0.0,0,nan,6,1e-06,99.32973879670993,120
4,100,36,20280749,convex_hull,1.3492238219746926,1.3492238219746926,0.0,0,nan,6,1e-06,nan,120
4,100,36,20280749,packing,1.1992238219746927,1.1992238219746927,0.0,42,0.15,6,1e-06,nan,120
4,100,36,20280749,christoffel,1.3283531238310071,1.3283531238310071,0.0,0,nan,6,1e-06,97.84193433827446,120
4,100,37,20280750,convex_hull,1.2616465980873923,1.2616465980873923,0.0,0,nan,6,1e-06,nan,120
4,100,37,20280750,packing,1.1116465980873924,1.1116465980873924,0.0,40,0.15,6,1e-06,nan,120
4,100,37,20280750,christoffel,1.2084310775430687,1.2084310775430687,0.0,0,nan,6,1e-06,97.67889681838196,120
4,100,38,20280751,convex_hull,0.8941304974752673,0.8941304974752673,0.0,0,nan,6,1e-06,nan,120
4,100,38,20280751,packing,0.7441304974752673,0.7441304974752673,0.0,47,0.15,6,1e-06,nan,120
4,100,38,20280751,christoffel,0.8941304974752673,0.8941304974752673,0.0,0,nan,6,1e-06,97.82323952853137,120
4,100,39,20280752,convex_hull,1.0726546987408665,1.0726546987408665,0.0,0,nan,6,1e-06,nan,120
4,100,39,20280752,packing,0.9226546987408665,0.9226546987408665,0.0,45,0.15,6,1e-06,nan,120
4,100,39,20280752,christoffel,1.0726546987408665,1.0726546987408665,0.0,0,nan,6,1e-06,99.26407306642213,120
4,100,40,20280753,convex_hull,1.32198385629888,1.32198385629888,0.0,0,nan,6,1e-06,nan,120
4,100,40,20280753,packing,1.17198385629888,1.17198385629888,0.0,43,0.15,6,1e-06,nan,120
4,100,40,20280753,christoffel,1.2991762275952976,1.2991762275952976,0.0,0,nan,6,1e-06,88.32900400588724,120
4,100,41,20280754,convex_hull,1.0239653327642044,1.0239653327642044,0.0,0,nan,6,1e-06,nan,120
4,100,41,20280754,packing,0.8749357891291601,0.8749357891291601,0.0,37,0.15,6,1e-06,nan,120
4,100,41,20280754,christoffel,0.9959896168352702,0.9959896168352702,0.0,0,nan,6,1e-06,96.97174469617052,120
4,100,42,20280755,convex_hull,1.5568992238206014,1.5568992238206014,0.0,0,nan,6,1e-06,nan,120
4,100,42,20280755,packing,1.4068992238206015,1.4068992238206015,0.0,41,0.15,6,1e-06,nan,120
4,100,42,20280755,christoffel,1.4995413234696089,1.4995413234696089,0.0,0,nan,6,1e-06,97.48609729201203,120
4,100,43,20280756,convex_hull,0.832940944552705,0.832940944552705,0.0,0,nan,6,1e-06,nan,120
4,100,43,20280756,packing,0.7240779944415213,0.7240779944415213,0.0,43,0.15,6,1e-06,nan,120
4,100,43,20280756,christoffel,0.832940944552705,0.832940944552705,0.0,0,nan,6,1e-06,98.98001223969922,120
4,100,44,20280757,convex_hull,1.1739679576639281,1.1739679576639281,0.0,0,nan,6,1e-06,nan,120
4,100,44,20280757,packing,1.0239679576639282,1.0239679576639282,0.0,39,0.15,6,1e-06,nan,120
4,100,44,20280757,christoffel,1.1598077045853432,1.1598077045853432,0.0,0,nan,6,1e-06,96.41531302002753,120
4,100,45,20280758,convex_hull,1.3840653934291591,1.3840653934291591,0.0,0,nan,6,1e-06,nan,120
4,100,45,20280758,packing,1.2340653934291592,1.2340653934291592,0.0,45,0.15,6,1e-06,nan,120
4,100,45,20280758,christoffel,1.313948518709343,1.313948518709343,0.0,0,nan,6,1e-06,97.19672812369248,120
4,100,46,20280759,convex_hull,1.5642540372512985,1.5642540372512985,0.0,0,nan,6,1e-06,nan,120
4,100,46,20280759,packing,1.4142540372512986,1.4142540372512986,0.0,43,0.15,6,1e-06,nan,120
4,100,46,20280759,christoffel,1.5136809803893068,1.5136809803893068,0.0,0,nan,6,1e-06,91.60376032597182,120
4,100,47,20280760,convex_hull,1.392611191345052,1.392611191345052,0.0,0,nan,6,1e-06,nan,120
4,100,47,20280760,packing,1.2746929714912196,1.2746929714912196,0.0,39,0.15,6,1e-06,nan,120
4,100,47,20280760,christoffel,1.3358907898982981,1.3358907898982981,0.0,0,nan,6,1e-06,94.7072266870841,120
4,100,48,20280761,convex_hull,1.4244943832887316,1.4244943832887316,0.0,0,nan,6,1e-06,nan,120
4,100,48,20280761,packing,1.2744943832887317,1.2744943832887317,0.0,36,0.15,6,1e-06,nan,120
4,100,48,20280761,christoffel,1.4199359682332078,1.4199359682332078,0.0,0,nan,6,1e-06,93.87576880538468,120
4,100,49,20280762,convex_hull,1.2832369099204017,1.2832369099204017,0.0,0,nan,6,1e-06,nan,120
4,100,49,20280762,packing,1.1332369099204018,1.1332369099204018,0.0,42,0.15,6,1e-06,nan,120
4,100,49,20280762,christoffel,1.2652199175771586,1.2652199175771586,0.0,0,nan,6,1e-06,90.97432586091652,120
0,300,0,20290713,convex_hull,0.18460153082239358,0.18460153082239358,0.0,0,nan,6,1e-06,nan,120
0,300,0,20290713,packing,0.17526935204744074,0.17526935204744074,0.14667882697951162,137,0.15,6,1e-06,nan,120
0,300,0,20290713,christoffel,0.09552432039018947,0.09552432039018947,0.04546669641813476,0,nan,6,1e-06,151.3524362358658,120
0,300,1,20290714,convex_hull,0.10110809281812566,0.10110809281812566,0.0,0,nan,6,1e-06,nan,120
0,300,1,20290714,packing,0.21982042272486776,0.21982042272486776,0.14894346814068715,130,0.15,6,1e-06,nan,120
0,300,1,20290714,christoffel,0.10860329597028984,0.04493036665073745,0.10860329597028984,0,nan,6,1e-06,180.24950494230663,120
0,300,2,20290715,convex_hull,0.17810304450387165,0.17810304450387165,0.0,0,nan,6,1e-06,nan,120
0,300,2,20290715,packing,0.22223190884227814,0.22223190884227814,0.14021129656348563,132,0.15,6,1e-06,nan,120
0,300,2,20290715,christoffel,0.11174743129246502,0.11174743129246502,0.016158316071926433,0,nan,6,1e-06,171.0799770800228,120
0,300,3,20290716,convex_hull,0.16979902521896462,0.16979902521896462,0.0,0,nan,6,1e-06,nan,120
0,300,3,20290716,packing,0.24011944150277728,0.24011944150277728,0.14935050607060063,140,0.15,6,1e-06,nan,120
0,300,3,20290716,christoffel,0.10170994360203145,0.10170994360203145,0.035727575325743284,0,nan,6,1e-06,122.4583949522058,120
0,300,4,20290717,convex_hull,0.2624595023945356,0.2624595023945356,0.0,0,nan,6,1e-06,nan,120
0,300,4,20290717,packing,0.27998594433893187,0.27998594433893187,0.14978703339453348,130,0.15,6,1e-06,nan,120
0,300,4,20290717,christoffel,0.1620237895555606,0.1620237895555606,0.05261829939264596,0,nan,6,1e-06,194.38291307990522,120
0,300,5,20290718,convex_hull,0.09552037804321994,0.09552037804321994,0.0,0,nan,6,1e-06,nan,120
0,300,5,20290718,packing,0.15275589706228002,0.15275589706228002,0.14362295181210677,132,0.15,6,1e-06,nan,120
0,300,5,20290718,christoffel,0.06814284798928076,0.06814284798928076,0.0317179858428828,0,nan,6,1e-06,115.98682825409173,120
0,300,6,20290719,convex_hull,0.13931470485233036,0.13931470485233036,0.0,0,nan,6,1e-06,nan,120
0,300,6,20290719,packing,0.1692969479272731,0.1692969479272731,0.14918142008851082,131,0.15,6,1e-06,nan,120
0,300,6,20290719,christoffel,0.09113047175779616,0.09113047175779616,0.046273019988351316,0,nan,6,1e-06,143.44120510732836,120
0,300,7,20290720,convex_hull,0.1774770570665459,0.1774770570665459,0.0,0,nan,6,1e-06,nan,120
0,300,7,20290720,packing,0.18865323235806028,0.18865323235806028,0.14009275395483733,140,0.15,6,1e-06,nan,120
0,300,7,20290720,christoffel,0.08934094600229714,0.08934094600229714,0.04456116457463702,0,nan,6,1e-06,148.612230158673,120
0,300,8,20290721,convex_hull,0.19175229454515924,0.19175229454515924,0.0,0,nan,6,1e-06,nan,120
0,300,8,20290721,packing,0.23789427879931233,0.23789427879931233,0.14562900118604116,131,0.15,6,1e-06,nan,120
0,300,8,20290721,christoffel,0.11082474680631829,0.11082474680631829,0.061461512803416364,0,nan,6,1e-06,187.89332652649682,120
0,300,9,20290722,convex_hull,0.11298902110137202,0.11298902110137202,0.0,0,nan,6,1e-06,nan,120
0,300,9,20290722,packing,0.1585156565537907,0.1585156565537907,0.14913598945608575,131,0.15,6,1e-06,nan,120
0,300,9,20290722,christoffel,0.06945304970132432,0.05630539430947805,0.06945304970132432,0,nan,6,1e-06,165.71166072808623,120
0,300,10,20290723,convex_hull,0.210116175113675,0.210116175113675,0.0,0,nan,6,1e-06,nan,120
0,300,10,20290723,packing,0.24449282745913994,0.24449282745913994,0.14949007305588724,130,0.15,6,1e-06,nan,120
0,300,10,20290723,christoffel,0.17047158519666586,0.17047158519666586,0.03118737512213971,0,nan,6,1e-06,107.91639735557662,120
0,300,11,20290724,convex_hull,0.20664864216380804,0.20664864216380804,0.0,0,nan,6,1e-06,nan,120
0,300,11,20290724,packing,0.1494882460486937,0.13801835147635308,0.1494882460486937,135,0.15,6,1e-06,nan,120
0,300,11,20290724,christoffel,0.14834135128619733,0.14834135128619733,0.035727575325743284,0,nan,6,1e-06,123.30669293228163,120
0,300,12,20290725,convex_hull,0.1293657942012679,0.1293657942012679,0.0,0,nan,6,1e-06,nan,120
0,300,12,20290725,packing,0.17110960149062263,0.17110960149062263,0.14857952567173405,134,0.15,6,1e-06,nan,120
0,300,12,20290725,christoffel,0.07227475556897153,0.07227475556897153,0.04627301998835065,0,nan,6,1e-06,153.1518827140461,120
0,300,13,20290726,convex_hull,0.11497938866870011,0.11497938866870011,0.0,0,nan,6,1e-06,nan,120
0,300,13,20290726,packing,0.17956528428843468,0.17956528428843468,0.14563924617539947,141,0.15,6,1e-06,nan,120
0,300,13,20290726,christoffel,0.05226518314686529,0.03895489932733468,0.05226518314686529,0,nan,6,1e-06,190.3092715245856,120
0,300,14,20290727,convex_hull,0.1740421999947528,0.1740421999947528,0.0,0,nan,6,1e-06,nan,120
0,300,14,20290727,packing,0.21147876714297706,0.21147876714297706,0.14940194149317465,132,0.15,6,1e-06,nan,120
0,300,14,20290727,christoffel,0.13924318344074899,0.13924318344074899,0.07693691794635482,0,nan,6,1e-06,142.3705515910705,120
0,300,15,20290728,convex_hull,0.15623996516494387,0.15623996516494387,0.0,0,nan,6,1e-06,nan,120
0,300,15,20290728,packing,0.15633858921252689,0.15633858921252689,0.1448927547349923,145,0.15,6,1e-06,nan,120
0,300,15,20290728,christoffel,0.09552432039018947,0.09552432039018947,0.05261829939264596,0,nan,6,1e-06,149.38623455191745,120
0,300,16,20290729,convex_hull,0.16988122999737046,0.16988122999737046,0.0,0,nan,6,1e-06,nan,120
0,300,16,20290729,packing,0.21133848922721024,0.21133848922721024,0.14389292756350103,138,0.15,6,1e-06,nan,120
0,300,16,20290729,christoffel,0.08745964575864015,0.08745964575864015,0.07774450960890106,0,nan,6,1e-06,202.7061943627304,120
0,300,17,20290730,convex_hull,0.2352174247080293,0.2352174247080293,0.0,0,nan,6,1e-06,nan,120
0,300,17,20290730,packing,0.20254982276618957,0.20254982276618957,0.14647399405881312,135,0.15,6,1e-06,nan,120
0,300,17,20290730,christoffel,0.16202378955556057,0.16202378955556057,0.035727575325743284,0,nan,6,1e-06,130.44729629691108,120
0,300,18,20290731,convex_hull,0.1895447824634998,0.1895447824634998,0.0,0,nan,6,1e-06,nan,120
0,300,18,20290731,packing,0.1691420910855229,0.1691420910855229,0.14311123677751936,129,0.15,6,1e-06,nan,120
0,300,18,20290731,christoffel,0.09552432039018947,0.09552432039018947,0.03279943240470049,0,nan,6,1e-06,166.0241839642697,120
0,300,19,20290732,convex_hull,0.16197499370933557,0.16197499370933557,0.0,0,nan,6,1e-06,nan,120
0,300,19,20290732,packing,0.171511185204847,0.171511185204847,0.14437328089267654,135,0.15,6,1e-06,nan,120
0,300,19,20290732,christoffel,0.09350503366910248,0.09350503366910248,0.052333780526606005,0,nan,6,1e-06,177.4548229615408,120
0,300,20,20290733,convex_hull,0.2770943769909923,0.2770943769909923,0.0,0,nan,6,1e-06,nan,120
0,300,20,20290733,packing,0.22112585869659365,0.22112585869659365,0.1492701601043498,142,0.15,6,1e-06,nan,120
0,300,20,20290733,christoffel,0.20125201369806528,0.20125201369806528,0.043994480030691,0,nan,6,1e-06,155.57261513593747,120
0,300,21,20290734,convex_hull,0.1609470866156176,0.1609470866156176,0.0,0,nan,6,1e-06,nan,120
0,300,21,20290734,packing,0.20362015780434609,0.20362015780434609,0.14674014856149742,134,0.15,6,1e-06,nan,120
0,300,21,20290734,christoffel,0.10238008327536967,0.10238008327536967,0.04959059941077843,0,nan,6,1e-06,185.7943562891685,120
0,300,22,20290735,convex_hull,0.21413625184880727,0.21413625184880727,0.0,0,nan,6,1e-06,nan,120
0,300,22,20290735,packing,0.31322060603034396,0.31322060603034396,0.14977842065544955,134,0.15,6,1e-06,nan,120
0,300,22,20290735,christoffel,0.2012520136980645,0.2012520136980645,0.052265183146864375,0,nan,6,1e-06,155.26928316694728,120
0,300,23,20290736,convex_hull,0.2019599788625768,0.2019599788625768,0.0,0,nan,6,1e-06,nan,120
0,300,23,20290736,packing,0.1809883214301967,0.1809883214301967,0.1495529545927452,136,0.15,6,1e-06,nan,120
0,300,23,20290736,christoffel,0.09552432039018989,0.09552432039018989,0.07693691794635482,0,nan,6,1e-06,199.89054325851055,120
0,300,24,20290737,convex_hull,0.1773544847454651,0.1773544847454651,0.0,0,nan,6,1e-06,nan,120
0,300,24,20290737,packing,0.15635639479373634,0.15635639479373634,0.14992161844826835,136,0.15,6,1e-06,nan,120
0,300,24,20290737,christoffel,0.11427431634800471,0.11427431634800471,0.04959059941077843,0,nan,6,1e-06,148.6797984443082,120
0,300,25,20290738,convex_hull,0.20157017996534585,0.20157017996534585,0.0,0,nan,6,1e-06,nan,120
0,300,25,20290738,packing,0.173172820839787,0.173172820839787,0.14932559101922038,138,0.15,6,1e-06,nan,120
0,300,25,20290738,christoffel,0.10405606805271428,0.10405606805271428,0.06644630610411131,0,nan,6,1e-06,188.52167265689113,120
0,300,26,20290739,convex_hull,0.11581743714131529,0.11581743714131529,0.0,0,nan,6,1e-06,nan,120
0,300,26,20290739,packing,0.16672495294704806,0.16672495294704806,0.14940113037317326,139,0.15,6,1e-06,nan,120
0,300,26,20290739,christoffel,0.08624240204674505,0.08624240204674505,0.05233378052660546,0,nan,6,1e-06,143.07111061252925,120
0,300,27,20290740,convex_hull,0.15825680947219967,0.15825680947219967,0.0,0,nan,6,1e-06,nan,120
0,300,27,20290740,packing,0.16844233776084974,0.16844233776084974,0.145639338321228,134,0.15,6,1e-06,nan,120
0,300,27,20290740,christoffel,0.10238008327536963,0.10238008327536963,0.07821284142953688,0,nan,6,1e-06,186.80840584441435,120
0,300,28,20290741,convex_hull,0.1221825989441896,0.1221825989441896,0.0,0,nan,6,1e-06,nan,120
0,300,28,20290741,packing,0.16047615110352412,0.16047615110352412,0.14846274060709863,136,0.15,6,1e-06,nan,120
0,300,28,20290741,christoffel,0.09030091078557217,0.08831241248890075,0.09030091078557217,0,nan,6,1e-06,151.29940889855274,120
0,300,29,20290742,convex_hull,0.1653130409034684,0.1653130409034684,0.0,0,nan,6,1e-06,nan,120
0,300,29,20290742,packing,0.1498383943003201,0.1465831263408965,0.1498383943003201,136,0.15,6,1e-06,nan,120
0,300,29,20290742,christoffel,0.12448660567782399,0.12448660567782399,0.03107885877400019,0,nan,6,1e-06,138.0215156743157,120
0,300,30,20290743,convex_hull,0.17882693757637247,0.17882693757637247,0.0,0,nan,6,1e-06,nan,120
0,300,30,20290743,packing,0.15196694030717575,0.15196694030717575,0.14771494747987068,128,0.15,6,1e-06,nan,120
0,300,30,20290743,christoffel,0.08422396076828874,0.08422396076828874,0.06945304970132295,0,nan,6,1e-06,181.60170056454666,120
0,300,31,20290744,convex_hull,0.12314974057886569,0.12314974057886569,0.0,0,nan,6,1e-06,nan,120
0,300,31,20290744,packing,0.26326498468306436,0.26326498468306436,0.14668075606973963,125,0.15,6,1e-06,nan,120
0,300,31,20290744,christoffel,0.07034500305672245,0.07034500305672245,0.05226518314686529,0,nan,6,1e-06,201.97719598323366,120
0,300,32,20290745,convex_hull,0.12341322371026432,0.12341322371026432,0.0,0,nan,6,1e-06,nan,120
0,300,32,20290745,packing,0.2946807399849717,0.2946807399849717,0.1451870158183124,135,0.15,6,1e-06,nan,120
0,300,32,20290745,christoffel,0.07001659895857505,0.07001659895857505,0.06057846127669757,0,nan,6,1e-06,163.81734776360642,120
0,300,33,20290746,convex_hull,0.12081967153351707,0.12081967153351707,0.0,0,nan,6,1e-06,nan,120
0,300,33,20290746,packing,0.1997656610736219,0.1997656610736219,0.14803811377016096,128,0.15,6,1e-06,nan,120
0,300,33,20290746,christoffel,0.0743649744927729,0.0743649744927729,0.05226518314686529,0,nan,6,1e-06,141.15263861361097,120
0,300,34,20290747,convex_hull,0.23422482844437786,0.23422482844437786,0.0,0,nan,6,1e-06,nan,120
0,300,34,20290747,packing,0.2064689884661142,0.2064689884661142,0.14742670018895088,135,0.15,6,1e-06,nan,120
0,300,34,20290747,christoffel,0.1541549706606225,0.1541549706606225,0.05608094942302204,0,nan,6,1e-06,132.94398747863727,120
0,300,35,20290748,convex_hull,0.11207657205952633,0.11207657205952633,0.0,0,nan,6,1e-06,nan,120
0,300,35,20290748,packing,0.1682525996779399,0.1682525996779399,0.14469883885964308,133,0.15,6,1e-06,nan,120
0,300,35,20290748,christoffel,0.07758300363427971,0.07758300363427971,0.05502959494900558,0,nan,6,1e-06,141.07552175764533,120
0,300,36,20290749,convex_hull,0.10738339853485383,0.10738339853485383,0.0,0,nan,6,1e-06,nan,120
0,300,36,20290749,packing,0.14986120205507159,0.1396388096481562,0.14986120205507159,147,0.15,6,1e-06,nan,120
0,300,36,20290749,christoffel,0.07822042237736458,0.07822042237736458,0.04780165361985041,0,nan,6,1e-06,153.8682707445353,120
0,300,37,20290750,convex_hull,0.2071006586854054,0.2071006586854054,0.0,0,nan,6,1e-06,nan,120
0,300,37,20290750,packing,0.15793143910711885,0.15793143910711885,0.14994678851396703,140,0.15,6,1e-06,nan,120
0,300,37,20290750,christoffel,0.1483413512861971,0.1483413512861971,0.056611648043035596,0,nan,6,1e-06,172.77928239130802,120
0,300,38,20290751,convex_hull,0.21157928984742255,0.21157928984742255,0.0,0,nan,6,1e-06,nan,120
0,300,38,20290751,packing,0.14372457446507825,0.1335743350216794,0.14372457446507825,127,0.15,6,1e-06,nan,120
0,300,38,20290751,christoffel,0.11817345523414537,0.11817345523414537,0.07271804147277208,0,nan,6,1e-06,153.5442603789965,120
0,300,39,20290752,convex_hull,0.11629329050364143,0.11629329050364143,0.0,0,nan,6,1e-06,nan,120
0,300,39,20290752,packing,0.19448364544740712,0.19448364544740712,0.14707873543585726,142,0.15,6,1e-06,nan,120
0,300,39,20290752,christoffel,0.08496463625349862,0.08496463625349862,0.07271804147277254,0,nan,6,1e-06,148.6240745284087,120
0,300,40,20290753,convex_hull,0.11374403590426028,0.11374403590426028,0.0,0,nan,6,1e-06,nan,120
0,300,40,20290753,packing,0.15446575770811913,0.15446575770811913,0.1423479121490956,136,0.15,6,1e-06,nan,120
0,300,40,20290753,christoffel,0.07022484324191769,0.07022484324191769,0.06669505233082386,0,nan,6,1e-06,133.02184350413282,120
0,300,41,20290754,convex_hull,0.17247461592013638,0.17247461592013638,0.0,0,nan,6,1e-06,nan,120
0,300,41,20290754,packing,0.1751284926391203,0.1751284926391203,0.1497921842328933,140,0.15,6,1e-06,nan,120
0,300,41,20290754,christoffel,0.11427431634800471,0.11427431634800471,0.06057846127669757,0,nan,6,1e-06,153.32364964080776,120
0,300,42,20290755,convex_hull,0.12754211760524944,0.12754211760524944,0.0,0,nan,6,1e-06,nan,120
0,300,42,20290755,packing,0.15408572006094964,0.15408572006094964,0.14430535923357457,136,0.15,6,1e-06,nan,120
0,300,42,20290755,christoffel,0.08802168908377893,0.08802168908377893,0.017371845995348998,0,nan,6,1e-06,150.32982996094358,120
0,300,43,20290756,convex_hull,0.12729505877303296,0.12729505877303296,0.0,0,nan,6,1e-06,nan,120
0,300,43,20290756,packing,0.18814009531782247,0.18814009531782247,0.14890163761723896,141,0.15,6,1e-06,nan,120
0,300,43,20290756,christoffel,0.09552432039018947,0.09552432039018947,0.04105483292932908,0,nan,6,1e-06,182.22086750816317,120
0,300,44,20290757,convex_hull,0.20093361266559467,0.20093361266559467,0.0,0,nan,6,1e-06,nan,120
0,300,44,20290757,packing,0.20567012048633274,0.20567012048633274,0.143876690358284,134,0.15,6,1e-06,nan,120
0,300,44,20290757,christoffel,0.14834135128619733,0.14834135128619733,0.018061584170299825,0,nan,6,1e-06,137.20030951043512,120
0,300,45,20290758,convex_hull,0.1188540658992204,0.1188540658992204,0.0,0,nan,6,1e-06,nan,120
0,300,45,20290758,packing,0.24958820868235862,0.24958820868235862,0.14997093230404457,135,0.15,6,1e-06,nan,120
0,300,45,20290758,christoffel,0.09595758536869317,0.09595758536869317,0.06657128715791655,0,nan,6,1e-06,149.2088743787216,120
0,300,46,20290759,convex_hull,0.21117042960015958,0.21117042960015958,0.0,0,nan,6,1e-06,nan,120
0,300,46,20290759,packing,0.17075331845681344,0.17075331845681344,0.14961307000339807,142,0.15,6,1e-06,nan,120
0,300,46,20290759,christoffel,0.1369051507718598,0.1369051507718598,0.07693691794635482,0,nan,6,1e-06,174.00123454287595,120
0,300,47,20290760,convex_hull,0.12352398934292427,0.12352398934292427,0.0,0,nan,6,1e-06,nan,120
0,300,47,20290760,packing,0.2282595925050602,0.2282595925050602,0.1407225823792564,138,0.15,6,1e-06,nan,120
0,300,47,20290760,christoffel,0.07352715075814294,0.07352715075814294,0.03171798584288311,0,nan,6,1e-06,145.35615776429015,120
0,300,48,20290761,convex_hull,0.1987588307759827,0.1987588307759827,0.0,0,nan,6,1e-06,nan,120
0,300,48,20290761,packing,0.19559896318348355,0.19559896318348355,0.14394690889547257,132,0.15,6,1e-06,nan,120
0,300,48,20290761,christoffel,0.14030371435212852,0.14030371435212852,0.052265183146864375,0,nan,6,1e-06,138.92547498953277,120
0,300,49,20290762,convex_hull,0.2485958470228329,0.2485958470228329,0.0,0,nan,6,1e-06,nan,120
0,300,49,20290762,packing,0.231781438109719,0.231781438109719,0.14744415300595537,133,0.15,6,1e-06,nan,120
0,300,49,20290762,christoffel,0.19800490074397512,0.19800490074397512,0.061305464360090524,0,nan,6,1e-06,141.59438527175865,120
2,300,0,20290713,convex_hull,0.5498651823652639,0.5498651823652639,0.0,0,nan,6,1e-06,nan,120
2,300,0,20290713,packing,0.5659180437320815,0.5659180437320815,0.06671824916678659,98,0.15,6,1e-06,nan,120
2,300,0,20290713,christoffel,0.49808247297877234,0.49808247297877234,0.0,0,nan,6,1e-06,255.55042278532204,120
2,300,1,20290714,convex_hull,0.740483601368413,0.740483601368413,0.0,0,nan,6,1e-06,nan,120
2,300,1,20290714,packing,0.5904836013684129,0.5904836013684129,0.014385016292595365,91,0.15,6,1e-06,nan,120
2,300,1,20290714,christoffel,0.6781244791940798,0.6781244791940798,0.0,0,nan,6,1e-06,237.87535154859557,120
2,300,2,20290715,convex_hull,0.6673286476337881,0.6673286476337881,0.0,0,nan,6,1e-06,nan,120
2,300,2,20290715,packing,0.529530832088448,0.529530832088448,0.0769663145410493,100,0.15,6,1e-06,nan,120
2,300,2,20290715,christoffel,0.573834402731415,0.573834402731415,0.0,0,nan,6,1e-06,271.4453811978443,120
2,300,3,20290716,convex_hull,0.6692563819768996,0.6692563819768996,0.0,0,nan,6,1e-06,nan,120
2,300,3,20290716,packing,0.527678279641042,0.527678279641042,0.0,97,0.15,6,1e-06,nan,120
2,300,3,20290716,christoffel,0.5720643766657876,0.5720643766657876,0.0,0,nan,6,1e-06,271.49408877226136,120
2,300,4,20290717,convex_hull,0.6994927609588322,0.6994927609588322,0.0,0,nan,6,1e-06,nan,120
2,300,4,20290717,packing,0.5857852227824372,0.5857852227824372,0.06880665987512985,89,0.15,6,1e-06,nan,120
2,300,4,20290717,christoffel,0.6780415420121433,0.6780415420121433,0.0,0,nan,6,1e-06,260.0579725368438,120
2,300,5,20290718,convex_hull,0.3675068045051672,0.3675068045051672,0.0,0,nan,6,1e-06,nan,120
2,300,5,20290718,packing,0.3886224094995747,0.3886224094995747,0.08103587922449507,97,0.15,6,1e-06,nan,120
2,300,5,20290718,christoffel,0.3406949087205803,0.3406949087205803,0.0,0,nan,6,1e-06,275.71928673131055,120
2,300,6,20290719,convex_hull,0.4607929402027336,0.4607929402027336,0.0,0,nan,6,1e-06,nan,120
2,300,6,20290719,packing,0.41317871254977945,0.41317871254977945,0.033652005052892286,87,0.15,6,1e-06,nan,120
2,300,6,20290719,christoffel,0.4131111195417165,0.4131111195417165,0.0,0,nan,6,1e-06,282.7422501866943,120
2,300,7,20290720,convex_hull,0.5994495247121834,0.5994495247121834,0.0,0,nan,6,1e-06,nan,120
2,300,7,20290720,packing,0.4769951420278886,0.4769951420278886,0.08629059076847523,96,0.15,6,1e-06,nan,120
2,300,7,20290720,christoffel,0.5720643766657875,0.5720643766657875,0.0,0,nan,6,1e-06,295.89496180045046,120
2,300,8,20290721,convex_hull,0.6382151336379854,0.6382151336379854,0.0,0,nan,6,1e-06,nan,120
2,300,8,20290721,packing,0.5537102546281056,0.5537102546281056,0.04017122521693828,90,0.15,6,1e-06,nan,120
2,300,8,20290721,christoffel,0.6250524089800454,0.6250524089800454,0.0,0,nan,6,1e-06,262.6490480416224,120
2,300,9,20290722,convex_hull,0.583470789587273,0.583470789587273,0.0,0,nan,6,1e-06,nan,120
2,300,9,20290722,packing,0.4661682507602578,0.4661682507602578,0.0,94,0.15,6,1e-06,nan,120
2,300,9,20290722,christoffel,0.5218482541769675,0.5218482541769675,0.0,0,nan,6,1e-06,259.2920123247965,120
2,300,10,20290723,convex_hull,0.7415103222340551,0.7415103222340551,0.0,0,nan,6,1e-06,nan,120
2,300,10,20290723,packing,0.6871527229705632,0.6871527229705632,0.0,94,0.15,6,1e-06,nan,120
2,300,10,20290723,christoffel,0.7127183566361692,0.7127183566361692,0.0,0,nan,6,1e-06,241.6836940883422,120
2,300,11,20290724,convex_hull,0.5064703130488836,0.5064703130488836,0.0,0,nan,6,1e-06,nan,120
2,300,11,20290724,packing,0.549561209734665,0.549561209734665,0.05719675326984497,95,0.15,6,1e-06,nan,120
2,300,11,20290724,christoffel,0.525869225243734,0.525869225243734,0.0,0,nan,6,1e-06,260.49918180995775,120
2,300,12,20290725,convex_hull,0.5765292530598543,0.5765292530598543,0.0,0,nan,6,1e-06,nan,120
2,300,12,20290725,packing,0.5009483907861362,0.5009483907861362,0.02250834856786743,100,0.15,6,1e-06,nan,120
2,300,12,20290725,christoffel,0.5059946936684997,0.5059946936684997,0.0,0,nan,6,1e-06,288.05976966423634,120
2,300,13,20290726,convex_hull,0.7046417149137199,0.7046417149137199,0.0,0,nan,6,1e-06,nan,120
2,300,13,20290726,packing,0.5546417149137198,0.5546417149137198,0.06589156326381773,91,0.15,6,1e-06,nan,120
2,300,13,20290726,christoffel,0.6780415420121438,0.6780415420121438,0.0,0,nan,6,1e-06,240.86083683051945,120
2,300,14,20290727,convex_hull,0.44971932452199886,0.44971932452199886,0.0,0,nan,6,1e-06,nan,120
2,300,14,20290727,packing,0.43086040757564215,0.43086040757564215,0.09064186927126117,101,0.15,6,1e-06,nan,120
2,300,14,20290727,christoffel,0.5097266320633896,0.5097266320633896,0.0,0,nan,6,1e-06,289.8267127239754,120
2,300,15,20290728,convex_hull,0.8737399394411145,0.8737399394411145,0.0,0,nan,6,1e-06,nan,120
2,300,15,20290728,packing,0.8133461217208127,0.8133461217208127,0.020794320288210932,100,0.15,6,1e-06,nan,120
2,300,15,20290728,christoffel,0.7840222175048431,0.7840222175048431,0.0,0,nan,6,1e-06,259.56288040910647,120
2,300,16,20290729,convex_hull,0.5961359411263719,0.5961359411263719,0.0,0,nan,6,1e-06,nan,120
2,300,16,20290729,packing,0.47688755433490393,0.47688755433490393,0.0015295619992740095,82,0.15,6,1e-06,nan,120
2,300,16,20290729,christoffel,0.5720643766657876,0.5720643766657876,0.0,0,nan,6,1e-06,292.47746767955607,120
2,300,17,20290730,convex_hull,0.6721626194285002,0.6721626194285002,0.0,0,nan,6,1e-06,nan,120
2,300,17,20290730,packing,0.5348120833024381,0.5348120833024381,0.023773114711206134,95,0.15,6,1e-06,nan,120
2,300,17,20290730,christoffel,0.6250524089800462,0.6250524089800462,0.0,0,nan,6,1e-06,283.5038282743686,120
2,300,18,20290731,convex_hull,0.44491790376787727,0.44491790376787727,0.0,0,nan,6,1e-06,nan,120
2,300,18,20290731,packing,0.3972709052151553,0.3972709052151553,0.022167296749853294,101,0.15,6,1e-06,nan,120
2,300,18,20290731,christoffel,0.3810886376484601,0.3810886376484601,0.0,0,nan,6,1e-06,288.45159153289364,120
2,300,19,20290732,convex_hull,0.8208022130459925,0.8208022130459925,0.0,0,nan,6,1e-06,nan,120
2,300,19,20290732,packing,0.6708022130459925,0.6708022130459925,0.037885671693012934,99,0.15,6,1e-06,nan,120
2,300,19,20290732,christoffel,0.7840757905792245,0.7840757905792245,0.0,0,nan,6,1e-06,231.62950973040248,120
2,300,20,20290733,convex_hull,0.5867089425314063,0.5867089425314063,0.0,0,nan,6,1e-06,nan,120
2,300,20,20290733,packing,0.44985052583023255,0.44985052583023255,0.033165315321561195,95,0.15,6,1e-06,nan,120
2,300,20,20290733,christoffel,0.5714006078974537,0.5714006078974537,0.0,0,nan,6,1e-06,248.61071485363433,120
2,300,21,20290734,convex_hull,0.48734549670400146,0.48734549670400146,0.0,0,nan,6,1e-06,nan,120
2,300,21,20290734,packing,0.41818593019568695,0.41818593019568695,0.05000491185444933,92,0.15,6,1e-06,nan,120
2,300,21,20290734,christoffel,0.4755275049482035,0.4755275049482035,0.0,0,nan,6,1e-06,268.9976203072857,120
2,300,22,20290735,convex_hull,0.7036787781053776,0.7036787781053776,0.0,0,nan,6,1e-06,nan,120
2,300,22,20290735,packing,0.6551122339191768,0.6551122339191768,0.08530217542662566,100,0.15,6,1e-06,nan,120
2,300,22,20290735,christoffel,0.6250524089800462,0.6250524089800462,0.0,0,nan,6,1e-06,280.21248438831753,120
2,300,23,20290736,convex_hull,0.7480219052983058,0.7480219052983058,0.0,0,nan,6,1e-06,nan,120
2,300,23,20290736,packing,0.6263858110942496,0.6263858110942496,0.0,95,0.15,6,1e-06,nan,120
2,300,23,20290736,christoffel,0.6780415420121438,0.6780415420121438,0.0,0,nan,6,1e-06,250.94678828924526,120
2,300,24,20290737,convex_hull,0.62629630833388,0.62629630833388,0.0,0,nan,6,1e-06,nan,120
2,300,24,20290737,packing,0.5329494099795943,0.5329494099795943,0.0826811872926414,96,0.15,6,1e-06,nan,120
2,300,24,20290737,christoffel,0.5702489521239652,0.5702489521239652,0.0,0,nan,6,1e-06,271.64622092598535,120
2,300,25,20290738,convex_hull,0.8920622518684802,0.8920622518684802,0.0,0,nan,6,1e-06,nan,120
2,300,25,20290738,packing,0.767494236724191,0.767494236724191,0.043498901246000976,89,0.15,6,1e-06,nan,120
2,300,25,20290738,christoffel,0.8240400717204307,0.8240400717204307,0.0,0,nan,6,1e-06,261.19751666503913,120
2,300,26,20290739,convex_hull,0.5947604112935992,0.5947604112935992,0.0,0,nan,6,1e-06,nan,120
2,300,26,20290739,packing,0.5018397705216057,0.5018397705216057,0.04812087136567911,99,0.15,6,1e-06,nan,120
2,300,26,20290739,christoffel,0.5271615201337846,0.5271615201337846,0.0,0,nan,6,1e-06,248.83771866874332,120
2,300,27,20290740,convex_hull,0.5326683375553192,0.5326683375553192,0.0,0,nan,6,1e-06,nan,120
2,300,27,20290740,packing,0.40124774644430294,0.40124774644430294,0.04332107882550984,94,0.15,6,1e-06,nan,120
2,300,27,20290740,christoffel,0.4660931158133984,0.4660931158133984,0.0,0,nan,6,1e-06,254.30301637402445,120
2,300,28,20290741,convex_hull,0.8357028205365225,0.8357028205365225,0.0,0,nan,6,1e-06,nan,120
2,300,28,20290741,packing,0.6907577554781795,0.6907577554781795,0.0,92,0.15,6,1e-06,nan,120
2,300,28,20290741,christoffel,0.7310315364041121,0.7310315364041121,0.0,0,nan,6,1e-06,254.75169667238492,120
2,300,29,20290742,convex_hull,0.5020834948489318,0.5020834948489318,0.0,0,nan,6,1e-06,nan,120
2,300,29,20290742,packing,0.43633218405525387,0.43633218405525387,0.0,93,0.15,6,1e-06,nan,120
2,300,29,20290742,christoffel,0.4549364728785442,0.4549364728785442,0.0,0,nan,6,1e-06,255.97949776770295,120
2,300,30,20290743,convex_hull,0.5524031292456173,0.5524031292456173,0.0,0,nan,6,1e-06,nan,120
2,300,30,20290743,packing,0.4216303580464853,0.4216303580464853,0.0,95,0.15,6,1e-06,nan,120
2,300,30,20290743,christoffel,0.5190777821569491,0.5190777821569491,0.0,0,nan,6,1e-06,268.98719302646134,120
2,300,31,20290744,convex_hull,0.6079348246074254,0.6079348246074254,0.0,0,nan,6,1e-06,nan,120
2,300,31,20290744,packing,0.4951201929727507,0.4951201929727507,0.0,85,0.15,6,1e-06,nan,120
2,300,31,20290744,christoffel,0.5190777821569491,0.5190777821569491,0.0,0,nan,6,1e-06,256.986545639421,120
2,300,32,20290745,convex_hull,0.5515268906784918,0.5515268906784918,0.0,0,nan,6,1e-06,nan,120
2,300,32,20290745,packing,0.4817495355410839,0.4817495355410839,0.07383209448287875,89,0.15,6,1e-06,nan,120
2,300,32,20290745,christoffel,0.5190777821569491,0.5190777821569491,0.0,0,nan,6,1e-06,278.62156109655075,120
2,300,33,20290746,convex_hull,0.6071047706286371,0.6071047706286371,0.0,0,nan,6,1e-06,nan,120
2,300,33,20290746,packing,0.6072094821511271,0.6072094821511271,0.020151135831402822,92,0.15,6,1e-06,nan,120
2,300,33,20290746,christoffel,0.584753687669868,0.584753687669868,0.0,0,nan,6,1e-06,278.1296539630363,120
2,300,34,20290747,convex_hull,0.6364947061095901,0.6364947061095901,0.0,0,nan,6,1e-06,nan,120
2,300,34,20290747,packing,0.49574360635261117,0.49574360635261117,0.02099350598635552,97,0.15,6,1e-06,nan,120
2,300,34,20290747,christoffel,0.5720643766657875,0.5720643766657875,0.0,0,nan,6,1e-06,233.195251135456,120
2,300,35,20290748,convex_hull,0.6040390854437699,0.6040390854437699,0.0,0,nan,6,1e-06,nan,120
2,300,35,20290748,packing,0.5808859302729478,0.5808859302729478,0.014646654228389289,85,0.15,6,1e-06,nan,120
2,300,35,20290748,christoffel,0.5722141630889522,0.5722141630889522,0.0,0,nan,6,1e-06,254.9791982197192,120
2,300,36,20290749,convex_hull,0.6017915762668751,0.6017915762668751,0.0,0,nan,6,1e-06,nan,120
2,300,36,20290749,packing,0.48565391786155854,0.48565391786155854,0.0,96,0.15,6,1e-06,nan,120
2,300,36,20290749,christoffel,0.591730458978182,0.591730458978182,0.0,0,nan,6,1e-06,245.09232569935895,120
2,300,37,20290750,convex_hull,0.6947868234597063,0.6947868234597063,0.0,0,nan,6,1e-06,nan,120
2,300,37,20290750,packing,0.6017817929852444,0.6017817929852444,0.03345736145817113,88,0.15,6,1e-06,nan,120
2,300,37,20290750,christoffel,0.6574476378295679,0.6574476378295679,0.0,0,nan,6,1e-06,283.58915921862564,120
2,300,38,20290751,convex_hull,0.7328243318490817,0.7328243318490817,0.0,0,nan,6,1e-06,nan,120
2,300,38,20290751,packing,0.6315354145587825,0.6315354145587825,0.0,94,0.15,6,1e-06,nan,120
2,300,38,20290751,christoffel,0.6250524089800454,0.6250524089800454,0.0,0,nan,6,1e-06,285.27614045602627,120
2,300,39,20290752,convex_hull,0.41005791688517595,0.41005791688517595,0.0,0,nan,6,1e-06,nan,120
2,300,39,20290752,packing,0.40316321385273024,0.40316321385273024,0.1081753833842668,96,0.15,6,1e-06,nan,120
2,300,39,20290752,christoffel,0.36013297178970405,0.36013297178970405,0.0,0,nan,6,1e-06,252.60408329694855,120
2,300,40,20290753,convex_hull,0.5197414811178764,0.5197414811178764,0.0,0,nan,6,1e-06,nan,120
2,300,40,20290753,packing,0.4396360270244799,0.4396360270244799,0.01008702214978685,97,0.15,6,1e-06,nan,120
2,300,40,20290753,christoffel,0.5190777821569491,0.5190777821569491,0.0,0,nan,6,1e-06,278.3899247526605,120
2,300,41,20290754,convex_hull,0.7622859357965033,0.7622859357965033,0.0,0,nan,6,1e-06,nan,120
2,300,41,20290754,packing,0.6123051599844209,0.6123051599844209,0.09275818979036232,100,0.15,6,1e-06,nan,120
2,300,41,20290754,christoffel,0.7373719049268125,0.7373719049268125,0.0,0,nan,6,1e-06,259.65115499151534,120
2,300,42,20290755,convex_hull,0.671883068036505,0.671883068036505,0.0,0,nan,6,1e-06,nan,120
2,300,42,20290755,packing,0.5554453210926591,0.5554453210926591,0.05326784966261766,92,0.15,6,1e-06,nan,120
2,300,42,20290755,christoffel,0.6250524089800462,0.6250524089800462,0.0,0,nan,6,1e-06,278.28349184502963,120
2,300,43,20290756,convex_hull,0.7202110221791741,0.7202110221791741,0.0,0,nan,6,1e-06,nan,120
2,300,43,20290756,packing,0.581664363827777,0.581664363827777,0.0079937874244842,92,0.15,6,1e-06,nan,120
2,300,43,20290756,christoffel,0.6780415420121438,0.6780415420121438,0.0,0,nan,6,1e-06,276.5456339607484,120
2,300,44,20290757,convex_hull,0.5003699105069787,0.5003699105069787,0.0,0,nan,6,1e-06,nan,120
2,300,44,20290757,packing,0.4037073407098427,0.4037073407098427,0.03829122896230197,99,0.15,6,1e-06,nan,120
2,300,44,20290757,christoffel,0.4659503959816411,0.4659503959816411,0.0,0,nan,6,1e-06,271.2934967850446,120
2,300,45,20290758,convex_hull,0.6201989623010556,0.6201989623010556,0.0,0,nan,6,1e-06,nan,120
2,300,45,20290758,packing,0.5362117841300987,0.5362117841300987,0.08488623841019394,93,0.15,6,1e-06,nan,120
2,300,45,20290758,christoffel,0.5716251486401999,0.5716251486401999,0.0,0,nan,6,1e-06,272.6028781845783,120
2,300,46,20290759,convex_hull,0.7210528923661228,0.7210528923661228,0.0,0,nan,6,1e-06,nan,120
2,300,46,20290759,packing,0.5710528923661228,0.5710528923661228,0.0,94,0.15,6,1e-06,nan,120
2,300,46,20290759,christoffel,0.6251611888741481,0.6251611888741481,0.0,0,nan,6,1e-06,246.24284550127095,120
2,300,47,20290760,convex_hull,0.4864177180727028,0.4864177180727028,0.0,0,nan,6,1e-06,nan,120
2,300,47,20290760,packing,0.5453134680544082,0.5453134680544082,0.06891922999189892,82,0.15,6,1e-06,nan,120
2,300,47,20290760,christoffel,0.44305522678465525,0.44305522678465525,0.0,0,nan,6,1e-06,282.4736324730906,120
2,300,48,20290761,convex_hull,0.4823920201902585,0.4823920201902585,0.0,0,nan,6,1e-06,nan,120
2,300,48,20290761,packing,0.4227980986538198,0.4227980986538198,0.007184716971750493,97,0.15,6,1e-06,nan,120
2,300,48,20290761,christoffel,0.4755275049482029,0.4755275049482029,0.0,0,nan,6,1e-06,264.8485206486845,120
2,300,49,20290762,convex_hull,0.6927768419036725,0.6927768419036725,0.0,0,nan,6,1e-06,nan,120
2,300,49,20290762,packing,0.6665128897501031,0.6665128897501031,0.08192821457762056,90,0.15,6,1e-06,nan,120
2,300,49,20290762,christoffel,0.6251611888741493,0.6251611888741493,0.0,0,nan,6,1e-06,284.8351434167867,120
4,300,0,20290713,convex_hull,1.0609279922319437,1.0609279922319437,0.0,0,nan,6,1e-06,nan,120
4,300,0,20290713,packing,0.9196886990574257,0.9196886990574257,0.0,64,0.15,6,1e-06,nan,120
4,300,0,20290713,christoffel,0.9996427177916591,0.9996427177916591,0.0,0,nan,6,1e-06,242.51835318370584,120
4,300,1,20290714,convex_hull,1.237170820257345,1.237170820257345,0.0,0,nan,6,1e-06,nan,120
4,300,1,20290714,packing,1.0904073134063788,1.0904073134063788,0.0,66,0.15,6,1e-06,nan,120
4,300,1,20290714,christoffel,1.1549874784342589,1.1549874784342589,0.0,0,nan,6,1e-06,285.881056470963,120
4,300,2,20290715,convex_hull,1.2712939430055552,1.2712939430055552,0.0,0,nan,6,1e-06,nan,120
4,300,2,20290715,packing,1.1475566777368107,1.1475566777368107,0.013035739110074718,66,0.15,6,1e-06,nan,120
4,300,2,20290715,christoffel,1.1025141997082366,1.1025141997082366,0.0,0,nan,6,1e-06,294.6026419444626,120
4,300,3,20290716,convex_hull,1.0359540396473463,1.0359540396473463,0.0,0,nan,6,1e-06,nan,120
4,300,3,20290716,packing,0.8859540396473463,0.8859540396473463,0.0,63,0.15,6,1e-06,nan,120
4,300,3,20290716,christoffel,0.995989616835271,0.995989616835271,0.0,0,nan,6,1e-06,225.77426129464868,120
4,300,4,20290717,convex_hull,0.9952403586700503,0.9952403586700503,0.0,0,nan,6,1e-06,nan,120
4,300,4,20290717,packing,0.8452403586700503,0.8452403586700503,0.0,61,0.15,6,1e-06,nan,120
4,300,4,20290717,christoffel,0.9951053668467744,0.9951053668467744,0.0,0,nan,6,1e-06,281.7199616384933,120
4,300,5,20290718,convex_hull,0.8545307452827757,0.8545307452827757,0.0,0,nan,6,1e-06,nan,120
4,300,5,20290718,packing,0.7374426195294038,0.7374426195294038,0.0,67,0.15,6,1e-06,nan,120
4,300,5,20290718,christoffel,0.784022217504843,0.784022217504843,0.0,0,nan,6,1e-06,281.5251377896139,120
4,300,6,20290719,convex_hull,1.0987515476737222,1.0987515476737222,0.0,0,nan,6,1e-06,nan,120
4,300,6,20290719,packing,0.9487515476737222,0.9487515476737222,0.0,66,0.15,6,1e-06,nan,120
4,300,6,20290719,christoffel,1.0489822811520904,1.0489822811520904,0.0,0,nan,6,1e-06,286.3174236663739,120
4,300,7,20290720,convex_hull,1.1377433133438073,1.1377433133438073,0.0,0,nan,6,1e-06,nan,120
4,300,7,20290720,packing,1.1102619331663084,1.1102619331663084,0.0,63,0.15,6,1e-06,nan,120
4,300,7,20290720,christoffel,1.0523501695138453,1.0523501695138453,0.0,0,nan,6,1e-06,237.5377766425601,120
4,300,8,20290721,convex_hull,1.0278429380186416,1.0278429380186416,0.0,0,nan,6,1e-06,nan,120
4,300,8,20290721,packing,0.8778429380186415,0.8778429380186415,0.0,68,0.15,6,1e-06,nan,120
4,300,8,20290721,christoffel,0.996622533545984,0.996622533545984,0.0,0,nan,6,1e-06,283.1221352488273,120
4,300,9,20290722,convex_hull,1.0919188699509268,1.0919188699509268,0.0,0,nan,6,1e-06,nan,120
4,300,9,20290722,packing,1.026485003022787,1.026485003022787,0.0,63,0.15,6,1e-06,nan,120
4,300,9,20290722,christoffel,0.9959896168352702,0.9959896168352702,0.0,0,nan,6,1e-06,270.72971176244283,120
4,300,10,20290723,convex_hull,1.056519194878368,1.056519194878368,0.0,0,nan,6,1e-06,nan,120
4,300,10,20290723,packing,1.0341725564814854,1.0341725564814854,0.0,63,0.15,6,1e-06,nan,120
4,300,10,20290723,christoffel,1.0086628761841896,1.0086628761841896,0.0,0,nan,6,1e-06,220.25639475489643,120
4,300,11,20290724,convex_hull,0.7263258183125104,0.7263258183125104,0.0,0,nan,6,1e-06,nan,120
4,300,11,20290724,packing,0.598601936202458,0.598601936202458,0.0,67,0.15,6,1e-06,nan,120
4,300,11,20290724,christoffel,0.7263258183125104,0.7263258183125104,0.0,0,nan,6,1e-06,279.2879124982195,120
4,300,12,20290725,convex_hull,0.9262113491154558,0.9262113491154558,0.0,0,nan,6,1e-06,nan,120
4,300,12,20290725,packing,0.7762113491154558,0.7762113491154558,0.0,65,0.15,6,1e-06,nan,120
4,300,12,20290725,christoffel,0.8491624379963316,0.8491624379963316,0.0,0,nan,6,1e-06,291.24757123624454,120
4,300,13,20290726,convex_hull,1.0352811287274104,1.0352811287274104,0.0,0,nan,6,1e-06,nan,120
4,300,13,20290726,packing,0.9412665598451736,0.9412665598451736,0.0,64,0.15,6,1e-06,nan,120
4,300,13,20290726,christoffel,0.9959896168352702,0.9959896168352702,0.0,0,nan,6,1e-06,292.91127644334114,120
4,300,14,20290727,convex_hull,0.7044626767023885,0.7044626767023885,0.0,0,nan,6,1e-06,nan,120
4,300,14,20290727,packing,0.6451583878762588,0.6451583878762588,0.0,70,0.15,6,1e-06,nan,120
4,300,14,20290727,christoffel,0.6340783647802306,0.6340783647802306,0.0,0,nan,6,1e-06,288.3859885052612,120
4,300,15,20290728,convex_hull,1.0197047337148915,1.0197047337148915,0.0,0,nan,6,1e-06,nan,120
4,300,15,20290728,packing,0.9417267015969343,0.9417267015969343,0.0,71,0.15,6,1e-06,nan,120
4,300,15,20290728,christoffel,0.9469887630302818,0.9469887630302818,0.0,0,nan,6,1e-06,254.25323080128595,120
4,300,16,20290729,convex_hull,1.351556953423714,1.351556953423714,0.0,0,nan,6,1e-06,nan,120
4,300,16,20290729,packing,1.201556953423714,1.201556953423714,0.0,57,0.15,6,1e-06,nan,120
4,300,16,20290729,christoffel,1.2079615428304784,1.2079615428304784,0.0,0,nan,6,1e-06,272.14717981306757,120
4,300,17,20290730,convex_hull,1.1218857067531292,1.1218857067531292,0.0,0,nan,6,1e-06,nan,120
4,300,17,20290730,packing,0.9718857067531291,0.9718857067531291,0.0,66,0.15,6,1e-06,nan,120
4,300,17,20290730,christoffel,1.0489822811520908,1.0489822811520908,0.0,0,nan,6,1e-06,295.0352551604316,120
4,300,18,20290731,convex_hull,0.8658536650294684,0.8658536650294684,0.0,0,nan,6,1e-06,nan,120
4,300,18,20290731,packing,0.7559529221440103,0.7559529221440103,0.0,71,0.15,6,1e-06,nan,120
4,300,18,20290731,christoffel,0.7849889369188434,0.7849889369188434,0.0,0,nan,6,1e-06,283.2974833057019,120
4,300,19,20290732,convex_hull,0.8740068063461599,0.8740068063461599,0.0,0,nan,6,1e-06,nan,120
4,300,19,20290732,packing,0.7247893560953665,0.7247893560953665,0.0,67,0.15,6,1e-06,nan,120
4,300,19,20290732,christoffel,0.8370134548893284,0.8370134548893284,0.0,0,nan,6,1e-06,272.32036989504047,120
4,300,20,20290733,convex_hull,1.008605167555526,1.008605167555526,0.0,0,nan,6,1e-06,nan,120
4,300,20,20290733,packing,0.8968575220878624,0.8968575220878624,0.0,61,0.15,6,1e-06,nan,120
4,300,20,20290733,christoffel,0.9429972233877463,0.9429972233877463,0.0,0,nan,6,1e-06,237.1556294994784,120
4,300,21,20290734,convex_hull,0.8465951406588963,0.8465951406588963,0.0,0,nan,6,1e-06,nan,120
4,300,21,20290734,packing,0.7020467214496761,0.7020467214496761,0.0,64,0.15,6,1e-06,nan,120
4,300,21,20290734,christoffel,0.7977282895221149,0.7977282895221149,0.0,0,nan,6,1e-06,273.9153717985343,120
4,300,22,20290735,convex_hull,0.9711638530949179,0.9711638530949179,0.0,0,nan,6,1e-06,nan,120
4,300,22,20290735,packing,0.8211638530949179,0.8211638530949179,0.0,73,0.15,6,1e-06,nan,120
4,300,22,20290735,christoffel,0.9295353934296859,0.9295353934296859,0.0,0,nan,6,1e-06,284.5768293974335,120
4,300,23,20290736,convex_hull,1.174461229402183,1.174461229402183,0.0,0,nan,6,1e-06,nan,120
4,300,23,20290736,packing,1.024461229402183,1.024461229402183,0.0,68,0.15,6,1e-06,nan,120
4,300,23,20290736,christoffel,1.1019751772608684,1.1019751772608684,0.0,0,nan,6,1e-06,261.2488419039918,120
4,300,24,20290737,convex_hull,1.1120639949457916,1.1120639949457916,0.0,0,nan,6,1e-06,nan,120
4,300,24,20290737,packing,0.9620639949457915,0.9620639949457915,0.018650078946357507,68,0.15,6,1e-06,nan,120
4,300,24,20290737,christoffel,0.996622533545984,0.996622533545984,0.0,0,nan,6,1e-06,288.0935611101126,120
4,300,25,20290738,convex_hull,1.2570042698470918,1.2570042698470918,0.0,0,nan,6,1e-06,nan,120
4,300,25,20290738,packing,1.1148728614287013,1.1148728614287013,0.0,60,0.15,6,1e-06,nan,120
4,300,25,20290738,christoffel,1.2079615428304793,1.2079615428304793,0.0,0,nan,6,1e-06,235.86258712340378,120
4,300,26,20290739,convex_hull,1.1701610561626081,1.1701610561626081,0.0,0,nan,6,1e-06,nan,120
4,300,26,20290739,packing,1.0289465775555653,1.0289465775555653,0.0,72,0.15,6,1e-06,nan,120
4,300,26,20290739,christoffel,1.0489822811520904,1.0489822811520904,0.0,0,nan,6,1e-06,259.9414209641084,120
4,300,27,20290740,convex_hull,1.0814999367152969,1.0814999367152969,0.0,0,nan,6,1e-06,nan,120
4,300,27,20290740,packing,1.0221326428861783,1.0221326428861783,0.0,59,0.15,6,1e-06,nan,120
4,300,27,20290740,christoffel,1.1128244861216205,1.1128244861216205,0.0,0,nan,6,1e-06,265.39733396316944,120
4,300,28,20290741,convex_hull,1.139394054960321,1.139394054960321,0.0,0,nan,6,1e-06,nan,120
4,300,28,20290741,packing,0.989394054960321,0.989394054960321,0.0,61,0.15,6,1e-06,nan,120
4,300,28,20290741,christoffel,1.0495646686336693,1.0495646686336693,0.0,0,nan,6,1e-06,282.96146381253135,120
4,300,29,20290742,convex_hull,1.0910875813790715,1.0910875813790715,0.0,0,nan,6,1e-06,nan,120
4,300,29,20290742,packing,0.9465891807002941,0.9465891807002941,0.0,70,0.15,6,1e-06,nan,120
4,300,29,20290742,christoffel,1.0229680124081477,1.0229680124081477,0.0,0,nan,6,1e-06,276.7876313933075,120
4,300,30,20290743,convex_hull,1.1944599145568608,1.1944599145568608,0.0,0,nan,6,1e-06,nan,120
4,300,30,20290743,packing,1.0455366522508185,1.0455366522508185,0.0,70,0.15,6,1e-06,nan,120
4,300,30,20290743,christoffel,1.1019751772608684,1.1019751772608684,0.0,0,nan,6,1e-06,269.2926368063311,120
4,300,31,20290744,convex_hull,0.9953687404977386,0.9953687404977386,0.0,0,nan,6,1e-06,nan,120
4,300,31,20290744,packing,0.8453687404977386,0.8453687404977386,0.0,62,0.15,6,1e-06,nan,120
4,300,31,20290744,christoffel,0.9429972233877464,0.9429972233877464,0.0,0,nan,6,1e-06,239.92391082289168,120
4,300,32,20290745,convex_hull,0.9912057946089714,0.9912057946089714,0.0,0,nan,6,1e-06,nan,120
4,300,32,20290745,packing,0.8412057946089714,0.8412057946089714,0.0,67,0.15,6,1e-06,nan,120
4,300,32,20290745,christoffel,0.9429972233877463,0.9429972233877463,0.0,0,nan,6,1e-06,294.4267322129662,120
4,300,33,20290746,convex_hull,0.925584420626246,0.925584420626246,0.0,0,nan,6,1e-06,nan,120
4,300,33,20290746,packing,0.8215664828590116,0.8215664828590116,0.0,67,0.15,6,1e-06,nan,120
4,300,33,20290746,christoffel,0.8907544049151819,0.8907544049151819,0.0,0,nan,6,1e-06,272.1870959508341,120
4,300,34,20290747,convex_hull,0.9562629788088461,0.9562629788088461,0.0,0,nan,6,1e-06,nan,120
4,300,34,20290747,packing,0.8148373177060582,0.8148373177060582,0.0,65,0.15,6,1e-06,nan,120
4,300,34,20290747,christoffel,0.881042018253301,0.881042018253301,0.0,0,nan,6,1e-06,290.0610183683146,120
4,300,35,20290748,convex_hull,1.0327460834520144,1.0327460834520144,0.0,0,nan,6,1e-06,nan,120
4,300,35,20290748,packing,0.8827460834520143,0.8827460834520143,0.0,64,0.15,6,1e-06,nan,120
4,300,35,20290748,christoffel,1.0050625376122775,1.0050625376122775,0.0,0,nan,6,1e-06,233.78633927128993,120
4,300,36,20290749,convex_hull,1.1389510557970162,1.1389510557970162,0.0,0,nan,6,1e-06,nan,120
4,300,36,20290749,packing,0.9889510557970161,0.9889510557970161,0.0,63,0.15,6,1e-06,nan,120
4,300,36,20290749,christoffel,1.107164143653231,1.107164143653231,0.0,0,nan,6,1e-06,252.84389980525438,120
4,300,37,20290750,convex_hull,1.1566036127644381,1.1566036127644381,0.0,0,nan,6,1e-06,nan,120
4,300,37,20290750,packing,1.1280904115633659,1.1280904115633659,0.057101653683621745,70,0.15,6,1e-06,nan,120
4,300,37,20290750,christoffel,1.1019751772608684,1.1019751772608684,0.0,0,nan,6,1e-06,292.6219902528914,120
4,300,38,20290751,convex_hull,1.0203677775548674,1.0203677775548674,0.0,0,nan,6,1e-06,nan,120
4,300,38,20290751,packing,0.9076504404070577,0.9076504404070577,0.0,61,0.15,6,1e-06,nan,120
4,300,38,20290751,christoffel,0.9959896168352702,0.9959896168352702,0.0,0,nan,6,1e-06,273.0685106504102,120
4,300,39,20290752,convex_hull,0.7328702861380293,0.7328702861380293,0.0,0,nan,6,1e-06,nan,120
4,300,39,20290752,packing,0.5828702861380293,0.5828702861380293,0.0,70,0.15,6,1e-06,nan,120
4,300,39,20290752,christoffel,0.7278271834980939,0.7278271834980939,0.0,0,nan,6,1e-06,259.4079154726117,120
4,300,40,20290753,convex_hull,1.0537597485343577,1.0537597485343577,0.0,0,nan,6,1e-06,nan,120
4,300,40,20290753,packing,0.9037597485343577,0.9037597485343577,0.0,60,0.15,6,1e-06,nan,120
4,300,40,20290753,christoffel,1.0489822811520908,1.0489822811520908,0.0,0,nan,6,1e-06,237.77399615612396,120
4,300,41,20290754,convex_hull,1.1210912991947035,1.1210912991947035,0.0,0,nan,6,1e-06,nan,120
4,300,41,20290754,packing,0.9710912991947035,0.9710912991947035,0.0,73,0.15,6,1e-06,nan,120
4,300,41,20290754,christoffel,1.0523501695138462,1.0523501695138462,0.0,0,nan,6,1e-06,291.03118221207603,120
4,300,42,20290755,convex_hull,0.7302743969583587,0.7302743969583587,0.0,0,nan,6,1e-06,nan,120
4,300,42,20290755,packing,0.6365843586008723,0.6365843586008723,0.0,68,0.15,6,1e-06,nan,120
4,300,42,20290755,christoffel,0.7300237232915953,0.7300237232915953,0.0,0,nan,6,1e-06,286.3323654596915,120
4,300,43,20290756,convex_hull,1.151241723380993,1.151241723380993,0.0,0,nan,6,1e-06,nan,120
4,300,43,20290756,packing,1.0161133461505605,1.0161133461505605,0.0,62,0.15,6,1e-06,nan,120
4,300,43,20290756,christoffel,1.0606728256306102,1.0606728256306102,0.0,0,nan,6,1e-06,287.7992889418642,120
4,300,44,20290757,convex_hull,0.9018374959509332,0.9018374959509332,0.0,0,nan,6,1e-06,nan,120
4,300,44,20290757,packing,0.7701310488741044,0.7701310488741044,0.0,69,0.15,6,1e-06,nan,120
4,300,44,20290757,christoffel,0.8370134548893284,0.8370134548893284,0.0,0,nan,6,1e-06,279.94528943207115,120
4,300,45,20290758,convex_hull,0.909842567858079,0.909842567858079,0.0,0,nan,6,1e-06,nan,120
4,300,45,20290758,packing,0.7974340590689077,0.7974340590689077,0.0,72,0.15,6,1e-06,nan,120
4,300,45,20290758,christoffel,0.8725775990098554,0.8725775990098554,0.0,0,nan,6,1e-06,268.682698425986,120
4,300,46,20290759,convex_hull,0.8532014425847972,0.8532014425847972,0.0,0,nan,6,1e-06,nan,120
4,300,46,20290759,packing,0.7032014425847972,0.7032014425847972,0.0,64,0.15,6,1e-06,nan,120
4,300,46,20290759,christoffel,0.8532014425847972,0.8532014425847972,0.0,0,nan,6,1e-06,254.91773062306788,120
4,300,47,20290760,convex_hull,1.2816915469865748,1.2816915469865748,0.0,0,nan,6,1e-06,nan,120
4,300,47,20290760,packing,1.131691546986575,1.131691546986575,0.0,58,0.15,6,1e-06,nan,120
4,300,47,20290760,christoffel,1.2609549640996622,1.2609549640996622,0.0,0,nan,6,1e-06,192.44071377585394,120
4,300,48,20290761,convex_hull,0.8900194063158585,0.8900194063158585,0.0,0,nan,6,1e-06,nan,120
4,300,48,20290761,packing,0.7400662625906882,0.7400662625906882,0.0,61,0.15,6,1e-06,nan,120
4,300,48,20290761,christoffel,0.8900662625906882,0.8900662625906882,0.0,0,nan,6,1e-06,258.1888642098236,120
4,300,49,20290762,convex_hull,1.1225200903599244,1.1225200903599244,0.0,0,nan,6,1e-06,nan,120
4,300,49,20290762,packing,0.9725200903599244,0.9725200903599244,0.0,65,0.15,6,1e-06,nan,120
4,300,49,20290762,christoffel,1.0490064762630973,1.0490064762630973,0.0,0,nan,6,1e-06,293.8080329461905,120
0,1000,0,20300713,convex_hull,0.06437518753074174,0.06437518753074174,0.0,0,nan,6,1e-06,nan,120
0,1000,0,20300713,packing,0.14909955530132502,0.09143106349713023,0.14909955530132502,202,0.15,6,1e-06,nan,120
0,1000,0,20300713,christoffel,0.09398470949053125,0.04843838748660462,0.09398470949053125,0,nan,6,1e-06,226.32279730817416,120
0,1000,1,20300714,convex_hull,0.07093496907799943,0.07093496907799943,0.0,0,nan,6,1e-06,nan,120
0,1000,1,20300714,packing,0.14603391805193766,0.08445793232906576,0.14603391805193766,191,0.15,6,1e-06,nan,120
0,1000,1,20300714,christoffel,0.056742948540583746,0.056742948540583746,0.052333780526606005,0,nan,6,1e-06,177.17495279350732,120
0,1000,2,20300715,convex_hull,0.06440335787847427,0.06440335787847427,0.0,0,nan,6,1e-06,nan,120
0,1000,2,20300715,packing,0.1495537927978563,0.10387944192300372,0.1495537927978563,194,0.15,6,1e-06,nan,120
0,1000,2,20300715,christoffel,0.04528699411361522,0.04528699411361522,0.023709067035944317,0,nan,6,1e-06,174.65086038979587,120
0,1000,3,20300716,convex_hull,0.07401676186921462,0.07401676186921462,0.0,0,nan,6,1e-06,nan,120
0,1000,3,20300716,packing,0.1474597152010808,0.10233357311973448,0.1474597152010808,202,0.15,6,1e-06,nan,120
0,1000,3,20300716,christoffel,0.0577498986353255,0.0577498986353255,0.03058024747470034,0,nan,6,1e-06,142.18295395389634,120
0,1000,4,20300717,convex_hull,0.0762444686522577,0.0762444686522577,0.0,0,nan,6,1e-06,nan,120
0,1000,4,20300717,packing,0.1480651768759217,0.1297656561639999,0.1480651768759217,196,0.15,6,1e-06,nan,120
0,1000,4,20300717,christoffel,0.04657064744729063,0.04657064744729063,0.04456116457463702,0,nan,6,1e-06,159.7233691988428,120
0,1000,5,20300718,convex_hull,0.08686141387750945,0.08686141387750945,0.0,0,nan,6,1e-06,nan,120
0,1000,5,20300718,packing,0.1492253294457262,0.10553658258617829,0.1492253294457262,202,0.15,6,1e-06,nan,120
0,1000,5,20300718,christoffel,0.052265183146864375,0.03887542769676504,0.052265183146864375,0,nan,6,1e-06,165.90734171184218,120
0,1000,6,20300719,convex_hull,0.06556618927887425,0.06556618927887425,0.0,0,nan,6,1e-06,nan,120
0,1000,6,20300719,packing,0.14994764081044376,0.07208614697758628,0.14994764081044376,200,0.15,6,1e-06,nan,120
0,1000,6,20300719,christoffel,0.04466467339689026,0.04466467339689026,0.025625615873292325,0,nan,6,1e-06,147.82020576423577,120
0,1000,7,20300720,convex_hull,0.05238711057042055,0.05238711057042055,0.0,0,nan,6,1e-06,nan,120
0,1000,7,20300720,packing,0.14792699494093123,0.06892650877088888,0.14792699494093123,207,0.15,6,1e-06,nan,120
0,1000,7,20300720,christoffel,0.043146157086167675,0.043146157086167675,0.03279943240470049,0,nan,6,1e-06,168.0816540668646,120
0,1000,8,20300721,convex_hull,0.07314709204771702,0.07314709204771702,0.0,0,nan,6,1e-06,nan,120
0,1000,8,20300721,packing,0.14539296433873414,0.10406670155970829,0.14539296433873414,194,0.15,6,1e-06,nan,120
0,1000,8,20300721,christoffel,0.07774450960890106,0.0452869941136154,0.07774450960890106,0,nan,6,1e-06,286.39786477394694,120
0,1000,9,20300722,convex_hull,0.083282478184686,0.083282478184686,0.0,0,nan,6,1e-06,nan,120
0,1000,9,20300722,packing,0.14667470729944132,0.09832070819959954,0.14667470729944132,197,0.15,6,1e-06,nan,120
0,1000,9,20300722,christoffel,0.049114840443735014,0.049114840443735014,0.02562561587329097,0,nan,6,1e-06,158.8123448048732,120
0,1000,10,20300723,convex_hull,0.08527222235923033,0.08527222235923033,0.0,0,nan,6,1e-06,nan,120
0,1000,10,20300723,packing,0.14757528774441697,0.104510978689594,0.14757528774441697,191,0.15,6,1e-06,nan,120
0,1000,10,20300723,christoffel,0.06644630610411131,0.04366011146524493,0.06644630610411131,0,nan,6,1e-06,186.39398262078123,120
0,1000,11,20300724,convex_hull,0.11616628304890714,0.11616628304890714,0.0,0,nan,6,1e-06,nan,120
0,1000,11,20300724,packing,0.14817833608148212,0.09276230469394006,0.14817833608148212,197,0.15,6,1e-06,nan,120
0,1000,11,20300724,christoffel,0.09552432039018989,0.09552432039018989,0.06657128715791694,0,nan,6,1e-06,191.2285093448324,120
0,1000,12,20300725,convex_hull,0.05372834177475632,0.05372834177475632,0.0,0,nan,6,1e-06,nan,120
0,1000,12,20300725,packing,0.14968690869147705,0.07082544479510672,0.14968690869147705,199,0.15,6,1e-06,nan,120
0,1000,12,20300725,christoffel,0.046697505355184625,0.046697505355184625,0.03279943240470049,0,nan,6,1e-06,150.63343867943112,120
0,1000,13,20300726,convex_hull,0.07677202792240322,0.07677202792240322,0.0,0,nan,6,1e-06,nan,120
0,1000,13,20300726,packing,0.1462044404112035,0.09103699365695095,0.1462044404112035,196,0.15,6,1e-06,nan,120
0,1000,13,20300726,christoffel,0.07001659895857486,0.07001659895857486,0.02562561587329097,0,nan,6,1e-06,150.9971990851156,120
0,1000,14,20300727,convex_hull,0.07634258950657141,0.07634258950657141,0.0,0,nan,6,1e-06,nan,120
0,1000,14,20300727,packing,0.14994361531855516,0.10490518677452035,0.14994361531855516,191,0.15,6,1e-06,nan,120
0,1000,14,20300727,christoffel,0.07884444274892498,0.05374294168884687,0.07884444274892498,0,nan,6,1e-06,198.5188011461504,120
0,1000,15,20300728,convex_hull,0.09818916867012382,0.09818916867012382,0.0,0,nan,6,1e-06,nan,120
0,1000,15,20300728,packing,0.14788554735976334,0.07854749086743423,0.14788554735976334,190,0.15,6,1e-06,nan,120
0,1000,15,20300728,christoffel,0.06137095758028953,0.06137095758028953,0.05608094942302204,0,nan,6,1e-06,194.74002355067782,120
0,1000,16,20300729,convex_hull,0.09230742531347683,0.09230742531347683,0.0,0,nan,6,1e-06,nan,120
0,1000,16,20300729,packing,0.147473367553278,0.0769161256962948,0.147473367553278,203,0.15,6,1e-06,nan,120
0,1000,16,20300729,christoffel,0.09552432039018989,0.09552432039018989,0.025625615873292325,0,nan,6,1e-06,124.98997602148276,120
0,1000,17,20300730,convex_hull,0.060731798770972456,0.060731798770972456,0.0,0,nan,6,1e-06,nan,120
0,1000,17,20300730,packing,0.14725369352799533,0.07131592811735593,0.14725369352799533,200,0.15,6,1e-06,nan,120
0,1000,17,20300730,christoffel,0.04090987190749395,0.04090987190749395,0.025625615873292325,0,nan,6,1e-06,139.41829249196846,120
0,1000,18,20300731,convex_hull,0.08660481171486886,0.08660481171486886,0.0,0,nan,6,1e-06,nan,120
0,1000,18,20300731,packing,0.14975570674270539,0.08403162584258592,0.14975570674270539,196,0.15,6,1e-06,nan,120
0,1000,18,20300731,christoffel,0.05502959494900558,0.03195945377784792,0.05502959494900558,0,nan,6,1e-06,186.45734316218702,120
0,1000,19,20300732,convex_hull,0.10789387199780935,0.10789387199780935,0.0,0,nan,6,1e-06,nan,120
0,1000,19,20300732,packing,0.14814139763654133,0.09302614530671938,0.14814139763654133,202,0.15,6,1e-06,nan,120
0,1000,19,20300732,christoffel,0.06657128715791694,0.05141265297815537,0.06657128715791694,0,nan,6,1e-06,213.94640871850652,120
0,1000,20,20300733,convex_hull,0.05179932457433574,0.05179932457433574,0.0,0,nan,6,1e-06,nan,120
0,1000,20,20300733,packing,0.14768096681561493,0.07964786358459883,0.14768096681561493,195,0.15,6,1e-06,nan,120
0,1000,20,20300733,christoffel,0.05975673151000178,0.043874551016793883,0.05975673151000178,0,nan,6,1e-06,187.79057434806637,120
0,1000,21,20300734,convex_hull,0.05702587611800162,0.05702587611800162,0.0,0,nan,6,1e-06,nan,120
0,1000,21,20300734,packing,0.14281148008147615,0.10972111131324999,0.14281148008147615,184,0.15,6,1e-06,nan,120
0,1000,21,20300734,christoffel,0.051412652978155345,0.051412652978155345,0.03279943240470049,0,nan,6,1e-06,161.46642707181036,120
0,1000,22,20300735,convex_hull,0.09456770246943516,0.09456770246943516,0.0,0,nan,6,1e-06,nan,120
0,1000,22,20300735,packing,0.14951652786918546,0.08526987028355404,0.14951652786918546,200,0.15,6,1e-06,nan,120
0,1000,22,20300735,christoffel,0.06287254959470792,0.06287254959470792,0.013400995499124928,0,nan,6,1e-06,132.52159418314878,120
0,1000,23,20300736,convex_hull,0.05087454028895025,0.05087454028895025,0.0,0,nan,6,1e-06,nan,120
0,1000,23,20300736,packing,0.14760748907796994,0.09964574469485007,0.14760748907796994,199,0.15,6,1e-06,nan,120
0,1000,23,20300736,christoffel,0.064947787182655,0.038954899327333994,0.064947787182655,0,nan,6,1e-06,161.9018693913277,120
0,1000,24,20300737,convex_hull,0.06701258957279257,0.06701258957279257,0.0,0,nan,6,1e-06,nan,120
0,1000,24,20300737,packing,0.1445726058759814,0.06389279935609099,0.1445726058759814,203,0.15,6,1e-06,nan,120
0,1000,24,20300737,christoffel,0.052265183146864375,0.04314615708616706,0.052265183146864375,0,nan,6,1e-06,161.8355905593303,120
0,1000,25,20300738,convex_hull,0.07416590087861552,0.07416590087861552,0.0,0,nan,6,1e-06,nan,120
0,1000,25,20300738,packing,0.14809580015464796,0.0674507863119026,0.14809580015464796,202,0.15,6,1e-06,nan,120
0,1000,25,20300738,christoffel,0.04880625309207139,0.04880625309207139,0.0317179858428828,0,nan,6,1e-06,137.30767608577725,120
0,1000,26,20300739,convex_hull,0.04740670534012778,0.04740670534012778,0.0,0,nan,6,1e-06,nan,120
0,1000,26,20300739,packing,0.1464874131545666,0.06735729264524079,0.1464874131545666,200,0.15,6,1e-06,nan,120
0,1000,26,20300739,christoffel,0.03895489932733444,0.03895489932733444,0.03751743078440074,0,nan,6,1e-06,138.94284568599804,120
0,1000,27,20300740,convex_hull,0.08480705298287135,0.08480705298287135,0.0,0,nan,6,1e-06,nan,120
0,1000,27,20300740,packing,0.14916897114334127,0.10493294593984429,0.14916897114334127,202,0.15,6,1e-06,nan,120
0,1000,27,20300740,christoffel,0.05377956538503009,0.05377956538503009,0.04105483292932888,0,nan,6,1e-06,175.9632995743729,120
0,1000,28,20300741,convex_hull,0.09421067185806872,0.09421067185806872,0.0,0,nan,6,1e-06,nan,120
0,1000,28,20300741,packing,0.1463309726759292,0.12080721289655297,0.1463309726759292,192,0.15,6,1e-06,nan,120
0,1000,28,20300741,christoffel,0.06945304970132432,0.05003628670999238,0.06945304970132432,0,nan,6,1e-06,202.4754322709037,120
0,1000,29,20300742,convex_hull,0.05974629754690794,0.05974629754690794,0.0,0,nan,6,1e-06,nan,120
0,1000,29,20300742,packing,0.14607331571713622,0.11601696529198643,0.14607331571713622,197,0.15,6,1e-06,nan,120
0,1000,29,20300742,christoffel,0.04414705741684578,0.04414705741684578,0.03337667913481273,0,nan,6,1e-06,168.93027085488245,120
0,1000,30,20300743,convex_hull,0.08352942682955118,0.08352942682955118,0.0,0,nan,6,1e-06,nan,120
0,1000,30,20300743,packing,0.14847291450957223,0.1035519279393288,0.14847291450957223,193,0.15,6,1e-06,nan,120
0,1000,30,20300743,christoffel,0.04456116457463839,0.03248881677090558,0.04456116457463839,0,nan,6,1e-06,159.5198205925897,120
0,1000,31,20300744,convex_hull,0.05248665379618285,0.05248665379618285,0.0,0,nan,6,1e-06,nan,120
0,1000,31,20300744,packing,0.14714539146741434,0.08767540264323598,0.14714539146741434,198,0.15,6,1e-06,nan,120
0,1000,31,20300744,christoffel,0.055029594949005604,0.03895489932733444,0.055029594949005604,0,nan,6,1e-06,185.23269942263508,120
0,1000,32,20300745,convex_hull,0.09120382352026406,0.09120382352026406,0.0,0,nan,6,1e-06,nan,120
0,1000,32,20300745,packing,0.14968934238175313,0.085164430823886,0.14968934238175313,190,0.15,6,1e-06,nan,120
0,1000,32,20300745,christoffel,0.04978383124923249,0.0452869941136154,0.04978383124923249,0,nan,6,1e-06,160.01885874779447,120
0,1000,33,20300746,convex_hull,0.0640395717142245,0.0640395717142245,0.0,0,nan,6,1e-06,nan,120
0,1000,33,20300746,packing,0.14917913894134838,0.126670145417658,0.14917913894134838,201,0.15,6,1e-06,nan,120
0,1000,33,20300746,christoffel,0.042532687917489875,0.042532687917489875,0.02716162796331065,0,nan,6,1e-06,148.37402395980047,120
0,1000,34,20300747,convex_hull,0.044797454587354874,0.044797454587354874,0.0,0,nan,6,1e-06,nan,120
0,1000,34,20300747,packing,0.14989543454269783,0.10304023822049693,0.14989543454269783,196,0.15,6,1e-06,nan,120
0,1000,34,20300747,christoffel,0.08761029931730313,0.03248881677090542,0.08761029931730313,0,nan,6,1e-06,211.4371566826635,120
0,1000,35,20300748,convex_hull,0.10706139807821538,0.10706139807821538,0.0,0,nan,6,1e-06,nan,120
0,1000,35,20300748,packing,0.1453068720863402,0.1128172325501218,0.1453068720863402,199,0.15,6,1e-06,nan,120
0,1000,35,20300748,christoffel,0.08802168908377893,0.08802168908377893,0.018061584170299825,0,nan,6,1e-06,149.04484877322128,120
0,1000,36,20300749,convex_hull,0.05941631262942246,0.05941631262942246,0.0,0,nan,6,1e-06,nan,120
0,1000,36,20300749,packing,0.1474319417396509,0.07886570079414837,0.1474319417396509,197,0.15,6,1e-06,nan,120
0,1000,36,20300749,christoffel,0.0514126529781553,0.0514126529781553,0.028542540870424404,0,nan,6,1e-06,142.7975728400275,120
0,1000,37,20300750,convex_hull,0.10859220474046431,0.10859220474046431,0.0,0,nan,6,1e-06,nan,120
0,1000,37,20300750,packing,0.14915639232161348,0.11240115542239612,0.14915639232161348,196,0.15,6,1e-06,nan,120
0,1000,37,20300750,christoffel,0.05774989863532551,0.05774989863532551,0.024823325095205413,0,nan,6,1e-06,169.05707687392672,120
0,1000,38,20300751,convex_hull,0.07993038227376553,0.07993038227376553,0.0,0,nan,6,1e-06,nan,120
0,1000,38,20300751,packing,0.14947455725829872,0.12210010896266107,0.14947455725829872,200,0.15,6,1e-06,nan,120
0,1000,38,20300751,christoffel,0.04843838748660462,0.04843838748660462,0.04456116457463702,0,nan,6,1e-06,215.8391560611112,120
0,1000,39,20300752,convex_hull,0.0666909356900912,0.0666909356900912,0.0,0,nan,6,1e-06,nan,120
0,1000,39,20300752,packing,0.14887290968926697,0.11275026702704141,0.14887290968926697,211,0.15,6,1e-06,nan,120
0,1000,39,20300752,christoffel,0.064947787182655,0.046697505355185284,0.064947787182655,0,nan,6,1e-06,178.06513704405836,120
0,1000,40,20300753,convex_hull,0.10115279446097222,0.10115279446097222,0.0,0,nan,6,1e-06,nan,120
0,1000,40,20300753,packing,0.14847807992145645,0.09931366401130834,0.14847807992145645,200,0.15,6,1e-06,nan,120
0,1000,40,20300753,christoffel,0.055029594949005604,0.046697505355184625,0.055029594949005604,0,nan,6,1e-06,163.4443958617764,120
0,1000,41,20300754,convex_hull,0.06470111348830819,0.06470111348830819,0.0,0,nan,6,1e-06,nan,120
0,1000,41,20300754,packing,0.1462727991270636,0.09943542317761947,0.1462727991270636,201,0.15,6,1e-06,nan,120
0,1000,41,20300754,christoffel,0.051412652978155345,0.051412652978155345,0.03337667913481273,0,nan,6,1e-06,159.4214234856421,120
0,1000,42,20300755,convex_hull,0.06230573718478511,0.06230573718478511,0.0,0,nan,6,1e-06,nan,120
0,1000,42,20300755,packing,0.14901778884713446,0.12070970798121647,0.14901778884713446,200,0.15,6,1e-06,nan,120
0,1000,42,20300755,christoffel,0.05774989863532551,0.05774989863532551,0.045255090531232334,0,nan,6,1e-06,146.92860516922954,120
0,1000,43,20300756,convex_hull,0.0491766581663425,0.0491766581663425,0.0,0,nan,6,1e-06,nan,120
0,1000,43,20300756,packing,0.14769757822809182,0.06170852449222247,0.14769757822809182,208,0.15,6,1e-06,nan,120
0,1000,43,20300756,christoffel,0.047168341681516616,0.047168341681516616,0.025625615873292325,0,nan,6,1e-06,138.98302971457846,120
0,1000,44,20300757,convex_hull,0.0877629224125655,0.0877629224125655,0.0,0,nan,6,1e-06,nan,120
0,1000,44,20300757,packing,0.1499091225295066,0.07763707710008108,0.1499091225295066,198,0.15,6,1e-06,nan,120
0,1000,44,20300757,christoffel,0.060578461276696985,0.04314615708616706,0.060578461276696985,0,nan,6,1e-06,192.07085398140245,120
0,1000,45,20300758,convex_hull,0.09353247016487377,0.09353247016487377,0.0,0,nan,6,1e-06,nan,120
0,1000,45,20300758,packing,0.1493710029079205,0.04875845895080169,0.1493710029079205,201,0.15,6,1e-06,nan,120
0,1000,45,20300758,christoffel,0.06377594915540831,0.06377594915540831,0.017021133090228076,0,nan,6,1e-06,141.48095036503707,120
0,1000,46,20300759,convex_hull,0.07944849329043009,0.07944849329043009,0.0,0,nan,6,1e-06,nan,120
0,1000,46,20300759,packing,0.14949329511190235,0.109663617385545,0.14949329511190235,200,0.15,6,1e-06,nan,120
0,1000,46,20300759,christoffel,0.060578461276696985,0.040100788931675645,0.060578461276696985,0,nan,6,1e-06,200.1767132869319,120
0,1000,47,20300760,convex_hull,0.05005349967437829,0.05005349967437829,0.0,0,nan,6,1e-06,nan,120
0,1000,47,20300760,packing,0.1497359887072855,0.07419428470429132,0.1497359887072855,199,0.15,6,1e-06,nan,120
0,1000,47,20300760,christoffel,0.052265183146864375,0.046697505355184625,0.052265183146864375,0,nan,6,1e-06,134.06470282909476,120
0,1000,48,20300761,convex_hull,0.10208910257176586,0.10208910257176586,0.0,0,nan,6,1e-06,nan,120
0,1000,48,20300761,packing,0.1496331109811262,0.0932379518765305,0.1496331109811262,197,0.15,6,1e-06,nan,120
0,1000,48,20300761,christoffel,0.09552432039018947,0.09552432039018947,0.024578088643181003,0,nan,6,1e-06,166.020589737481,120
0,1000,49,20300762,convex_hull,0.06370850684453326,0.06370850684453326,0.0,0,nan,6,1e-06,nan,120
0,1000,49,20300762,packing,0.14695576298859336,0.09097639120726392,0.14695576298859336,205,0.15,6,1e-06,nan,120
0,1000,49,20300762,christoffel,0.04528699411361522,0.04528699411361522,0.02854254087042433,0,nan,6,1e-06,191.42245527703835,120
2,1000,0,20300713,convex_hull,0.5020013230253689,0.5020013230253689,0.0,0,nan,6,1e-06,nan,120
2,1000,0,20300713,packing,0.3865918033308836,0.3865918033308836,0.07231879186320667,134,0.15,6,1e-06,nan,120
2,1000,0,20300713,christoffel,0.3682212180023667,0.3682212180023667,0.0,0,nan,6,1e-06,740.7678712057417,120
2,1000,1,20300714,convex_hull,0.4234999183400359,0.4234999183400359,0.0,0,nan,6,1e-06,nan,120
2,1000,1,20300714,packing,0.3912452054784493,0.3912452054784493,0.09354659561271217,133,0.15,6,1e-06,nan,120
2,1000,1,20300714,christoffel,0.36176132905312064,0.36176132905312064,0.0,0,nan,6,1e-06,820.1062150683056,120
2,1000,2,20300715,convex_hull,0.49186251721217966,0.49186251721217966,0.0,0,nan,6,1e-06,nan,120
2,1000,2,20300715,packing,0.40206760547216147,0.40206760547216147,0.050024881979390035,136,0.15,6,1e-06,nan,120
2,1000,2,20300715,christoffel,0.3790485645373898,0.3790485645373898,0.0,0,nan,6,1e-06,624.5269688901484,120
2,1000,3,20300716,convex_hull,0.5008656440977128,0.5008656440977128,0.0,0,nan,6,1e-06,nan,120
2,1000,3,20300716,packing,0.39889742174734666,0.39889742174734666,0.11474908429172737,142,0.15,6,1e-06,nan,120
2,1000,3,20300716,christoffel,0.41311111954171725,0.41311111954171725,0.0,0,nan,6,1e-06,736.253701722335,120
2,1000,4,20300717,convex_hull,0.4593040725818758,0.4593040725818758,0.0,0,nan,6,1e-06,nan,120
2,1000,4,20300717,packing,0.3451523086789734,0.3451523086789734,0.028477035378088544,140,0.15,6,1e-06,nan,120
2,1000,4,20300717,christoffel,0.4131111195417165,0.4131111195417165,0.0,0,nan,6,1e-06,581.3216895856834,120
2,1000,5,20300718,convex_hull,0.419060423381875,0.419060423381875,0.0,0,nan,6,1e-06,nan,120
2,1000,5,20300718,packing,0.39443213941936983,0.39443213941936983,0.07931641088805952,137,0.15,6,1e-06,nan,120
2,1000,5,20300718,christoffel,0.3071606639071164,0.3071606639071164,0.0,0,nan,6,1e-06,709.0071126242158,120
2,1000,6,20300719,convex_hull,0.6488253679889437,0.6488253679889437,0.0,0,nan,6,1e-06,nan,120
2,1000,6,20300719,packing,0.5548026331299605,0.5548026331299605,0.09100279223722474,133,0.15,6,1e-06,nan,120
2,1000,6,20300719,christoffel,0.5720643766657875,0.5720643766657875,0.0,0,nan,6,1e-06,565.3193682202316,120
2,1000,7,20300720,convex_hull,0.3433128075568408,0.3433128075568408,0.0,0,nan,6,1e-06,nan,120
2,1000,7,20300720,packing,0.2664881350493731,0.2664881350493731,0.13766611138196883,141,0.15,6,1e-06,nan,120
2,1000,7,20300720,christoffel,0.23991304997171545,0.23991304997171545,0.0,0,nan,6,1e-06,779.2999522828666,120
2,1000,8,20300721,convex_hull,0.3378535710569262,0.3378535710569262,0.0,0,nan,6,1e-06,nan,120
2,1000,8,20300721,packing,0.26546858004324336,0.26546858004324336,0.07915974732457731,137,0.15,6,1e-06,nan,120
2,1000,8,20300721,christoffel,0.2541978468326227,0.2541978468326227,0.0,0,nan,6,1e-06,609.2091270624211,120
2,1000,9,20300722,convex_hull,0.4971050361124975,0.4971050361124975,0.0,0,nan,6,1e-06,nan,120
2,1000,9,20300722,packing,0.3499744655829339,0.3499744655829339,0.119876929072534,136,0.15,6,1e-06,nan,120
2,1000,9,20300722,christoffel,0.4131111195417165,0.4131111195417165,0.0,0,nan,6,1e-06,616.5898841159584,120
2,1000,10,20300723,convex_hull,0.5614477068728632,0.5614477068728632,0.0,0,nan,6,1e-06,nan,120
2,1000,10,20300723,packing,0.5605630385968435,0.5605630385968435,0.062949414620458,135,0.15,6,1e-06,nan,120
2,1000,10,20300723,christoffel,0.5271615201337855,0.5271615201337855,0.0,0,nan,6,1e-06,667.8791707960603,120
2,1000,11,20300724,convex_hull,0.5288286553894062,0.5288286553894062,0.0,0,nan,6,1e-06,nan,120
2,1000,11,20300724,packing,0.4736586739160641,0.4736586739160641,0.08058738204822458,146,0.15,6,1e-06,nan,120
2,1000,11,20300724,christoffel,0.41311111954171725,0.41311111954171725,0.0,0,nan,6,1e-06,690.731138840837,120
2,1000,12,20300725,convex_hull,0.4819110840880981,0.4819110840880981,0.0,0,nan,6,1e-06,nan,120
2,1000,12,20300725,packing,0.35928042085552947,0.35928042085552947,0.044104974585363554,135,0.15,6,1e-06,nan,120
2,1000,12,20300725,christoffel,0.36013297178970405,0.36013297178970405,0.0,0,nan,6,1e-06,645.295200366356,120
2,1000,13,20300726,convex_hull,0.5206636787301754,0.5206636787301754,0.0,0,nan,6,1e-06,nan,120
2,1000,13,20300726,packing,0.4794794663586931,0.4794794663586931,0.03521119873635192,138,0.15,6,1e-06,nan,120
2,1000,13,20300726,christoffel,0.43235046522331444,0.43235046522331444,0.0,0,nan,6,1e-06,684.4362479999909,120
2,1000,14,20300727,convex_hull,0.6137255130915511,0.6137255130915511,0.0,0,nan,6,1e-06,nan,120
2,1000,14,20300727,packing,0.5324420653203268,0.5324420653203268,0.11849049521807942,131,0.15,6,1e-06,nan,120
2,1000,14,20300727,christoffel,0.4660931158133984,0.4660931158133984,0.0,0,nan,6,1e-06,799.4096768382293,120
2,1000,15,20300728,convex_hull,0.5678949001960383,0.5678949001960383,0.0,0,nan,6,1e-06,nan,120
2,1000,15,20300728,packing,0.5263625620290084,0.5263625620290084,0.11780154161569945,144,0.15,6,1e-06,nan,120
2,1000,15,20300728,christoffel,0.4147918230412076,0.4147918230412076,0.0,0,nan,6,1e-06,691.5628236066466,120
2,1000,16,20300729,convex_hull,0.4076245271141357,0.4076245271141357,0.0,0,nan,6,1e-06,nan,120
2,1000,16,20300729,packing,0.3498025781600127,0.3498025781600127,0.10076195515994124,141,0.15,6,1e-06,nan,120
2,1000,16,20300729,christoffel,0.2756462270880331,0.2756462270880331,0.0,0,nan,6,1e-06,758.2811560471914,120
2,1000,17,20300730,convex_hull,0.45682414209012706,0.45682414209012706,0.0,0,nan,6,1e-06,nan,120
2,1000,17,20300730,packing,0.3795042064195361,0.3795042064195361,0.11844737421995721,137,0.15,6,1e-06,nan,120
2,1000,17,20300730,christoffel,0.36013297178970405,0.36013297178970405,0.0,0,nan,6,1e-06,748.420100706679,120
2,1000,18,20300731,convex_hull,0.4890452740983279,0.4890452740983279,0.0,0,nan,6,1e-06,nan,120
2,1000,18,20300731,packing,0.38143132995986506,0.38143132995986506,0.09436401135527839,134,0.15,6,1e-06,nan,120
2,1000,18,20300731,christoffel,0.4088145614291467,0.4088145614291467,0.0,0,nan,6,1e-06,746.5803000947784,120
2,1000,19,20300732,convex_hull,0.386447826254932,0.386447826254932,0.0,0,nan,6,1e-06,nan,120
2,1000,19,20300732,packing,0.3316993903479979,0.3316993903479979,0.12322114527472472,138,0.15,6,1e-06,nan,120
2,1000,19,20300732,christoffel,0.32946263333375003,0.32946263333375003,0.0,0,nan,6,1e-06,716.835765854743,120
2,1000,20,20300733,convex_hull,0.42208097686910284,0.42208097686910284,0.0,0,nan,6,1e-06,nan,120
2,1000,20,20300733,packing,0.29264797858341063,0.29264797858341063,0.07205113931475193,148,0.15,6,1e-06,nan,120
2,1000,20,20300733,christoffel,0.3601329717897042,0.3601329717897042,0.0,0,nan,6,1e-06,701.1976839609665,120
2,1000,21,20300734,convex_hull,0.544984068967199,0.544984068967199,0.0,0,nan,6,1e-06,nan,120
2,1000,21,20300734,packing,0.41363857105333335,0.41363857105333335,0.05928130593570913,137,0.15,6,1e-06,nan,120
2,1000,21,20300734,christoffel,0.4131111195417165,0.4131111195417165,0.0,0,nan,6,1e-06,657.1923327416993,120
2,1000,22,20300735,convex_hull,0.46349420881328357,0.46349420881328357,0.0,0,nan,6,1e-06,nan,120
2,1000,22,20300735,packing,0.3692277925222536,0.3692277925222536,0.059726727550981296,138,0.15,6,1e-06,nan,120
2,1000,22,20300735,christoffel,0.4131111195417165,0.4131111195417165,0.0,0,nan,6,1e-06,594.2675755086237,120
2,1000,23,20300736,convex_hull,0.45646445846253286,0.45646445846253286,0.0,0,nan,6,1e-06,nan,120
2,1000,23,20300736,packing,0.3516310814653447,0.3516310814653447,0.04728650142413282,135,0.15,6,1e-06,nan,120
2,1000,23,20300736,christoffel,0.36013297178970405,0.36013297178970405,0.0,0,nan,6,1e-06,724.4130358978628,120
2,1000,24,20300737,convex_hull,0.460577381672003,0.460577381672003,0.0,0,nan,6,1e-06,nan,120
2,1000,24,20300737,packing,0.39024041296365297,0.39024041296365297,0.05395650761584592,134,0.15,6,1e-06,nan,120
2,1000,24,20300737,christoffel,0.36013297178970405,0.36013297178970405,0.0,0,nan,6,1e-06,645.1745906027782,120
2,1000,25,20300738,convex_hull,0.590289785568306,0.590289785568306,0.0,0,nan,6,1e-06,nan,120
2,1000,25,20300738,packing,0.5068560919749655,0.5068560919749655,0.06502468852724674,140,0.15,6,1e-06,nan,120
2,1000,25,20300738,christoffel,0.5060755029210672,0.5060755029210672,0.0,0,nan,6,1e-06,630.7003071565618,120
2,1000,26,20300739,convex_hull,0.44189634665683963,0.44189634665683963,0.0,0,nan,6,1e-06,nan,120
2,1000,26,20300739,packing,0.35820825558272773,0.35820825558272773,0.050524687950192826,144,0.15,6,1e-06,nan,120
2,1000,26,20300739,christoffel,0.36013297178970405,0.36013297178970405,0.0,0,nan,6,1e-06,579.6652187154194,120
2,1000,27,20300740,convex_hull,0.46325589728943517,0.46325589728943517,0.0,0,nan,6,1e-06,nan,120
2,1000,27,20300740,packing,0.396819535029148,0.396819535029148,0.03465575012899813,139,0.15,6,1e-06,nan,120
2,1000,27,20300740,christoffel,0.3395978620628288,0.3395978620628288,0.0,0,nan,6,1e-06,546.8237118488928,120
2,1000,28,20300741,convex_hull,0.4550305765472273,0.4550305765472273,0.0,0,nan,6,1e-06,nan,120
2,1000,28,20300741,packing,0.4263365833543218,0.4263365833543218,0.08249216726496567,134,0.15,6,1e-06,nan,120
2,1000,28,20300741,christoffel,0.37186525852678715,0.37186525852678715,0.0,0,nan,6,1e-06,778.6722842801479,120
2,1000,29,20300742,convex_hull,0.48487267259455924,0.48487267259455924,0.0,0,nan,6,1e-06,nan,120
2,1000,29,20300742,packing,0.45759056335756254,0.45759056335756254,0.05290255930077481,137,0.15,6,1e-06,nan,120
2,1000,29,20300742,christoffel,0.4660931158133979,0.4660931158133979,0.0,0,nan,6,1e-06,663.1492525419418,120
2,1000,30,20300743,convex_hull,0.5749868994129012,0.5749868994129012,0.0,0,nan,6,1e-06,nan,120
2,1000,30,20300743,packing,0.42498689941290113,0.42498689941290113,0.09993492278663396,139,0.15,6,1e-06,nan,120
2,1000,30,20300743,christoffel,0.5218482541769671,0.5218482541769671,0.0,0,nan,6,1e-06,643.3368517098646,120
2,1000,31,20300744,convex_hull,0.5110644728363511,0.5110644728363511,0.0,0,nan,6,1e-06,nan,120
2,1000,31,20300744,packing,0.40518738413952304,0.40518738413952304,0.05700497676653393,132,0.15,6,1e-06,nan,120
2,1000,31,20300744,christoffel,0.4660931158133984,0.4660931158133984,0.0,0,nan,6,1e-06,642.9378046680197,120
2,1000,32,20300745,convex_hull,0.42956151953659455,0.42956151953659455,0.0,0,nan,6,1e-06,nan,120
2,1000,32,20300745,packing,0.36103060087249916,0.36103060087249916,0.016750857297198496,134,0.15,6,1e-06,nan,120
2,1000,32,20300745,christoffel,0.32079702757989736,0.32079702757989736,0.0,0,nan,6,1e-06,664.6022807028743,120
2,1000,33,20300746,convex_hull,0.6666484366375981,0.6666484366375981,0.0,0,nan,6,1e-06,nan,120
2,1000,33,20300746,packing,0.6049511492429944,0.6049511492429944,0.06883677577644742,134,0.15,6,1e-06,nan,120
2,1000,33,20300746,christoffel,0.5190777821569488,0.5190777821569488,0.0,0,nan,6,1e-06,780.4931896202035,120
2,1000,34,20300747,convex_hull,0.5157524187878325,0.5157524187878325,0.0,0,nan,6,1e-06,nan,120
2,1000,34,20300747,packing,0.4584304598720521,0.4584304598720521,0.0910712472951477,141,0.15,6,1e-06,nan,120
2,1000,34,20300747,christoffel,0.4131111195417165,0.4131111195417165,0.0,0,nan,6,1e-06,692.1910893018076,120
2,1000,35,20300748,convex_hull,0.5846417414705926,0.5846417414705926,0.0,0,nan,6,1e-06,nan,120
2,1000,35,20300748,packing,0.48820077765218006,0.48820077765218006,0.06220396990958266,132,0.15,6,1e-06,nan,120
2,1000,35,20300748,christoffel,0.4660931158133979,0.4660931158133979,0.0,0,nan,6,1e-06,668.2380315276422,120
2,1000,36,20300749,convex_hull,0.45562529445520933,0.45562529445520933,0.0,0,nan,6,1e-06,nan,120
2,1000,36,20300749,packing,0.3838796745270803,0.3838796745270803,0.09787561587687899,136,0.15,6,1e-06,nan,120
2,1000,36,20300749,christoffel,0.41311111954171725,0.41311111954171725,0.0,0,nan,6,1e-06,737.308735893582,120
2,1000,37,20300750,convex_hull,0.5830655550695771,0.5830655550695771,0.0,0,nan,6,1e-06,nan,120
2,1000,37,20300750,packing,0.45614943236450767,0.45614943236450767,0.08689058043610742,136,0.15,6,1e-06,nan,120
2,1000,37,20300750,christoffel,0.4660931158133984,0.4660931158133984,0.0,0,nan,6,1e-06,575.4601189691994,120
2,1000,38,20300751,convex_hull,0.4619205056549729,0.4619205056549729,0.0,0,nan,6,1e-06,nan,120
2,1000,38,20300751,packing,0.3775078957520477,0.3775078957520477,0.11111691143513802,139,0.15,6,1e-06,nan,120
2,1000,38,20300751,christoffel,0.41311111954171725,0.41311111954171725,0.0,0,nan,6,1e-06,768.1939921199561,120
2,1000,39,20300752,convex_hull,0.5302972411032741,0.5302972411032741,0.0,0,nan,6,1e-06,nan,120
2,1000,39,20300752,packing,0.47068003124990854,0.47068003124990854,0.05652066857488003,135,0.15,6,1e-06,nan,120
2,1000,39,20300752,christoffel,0.4660931158133979,0.4660931158133979,0.0,0,nan,6,1e-06,485.6277896471472,120
2,1000,40,20300753,convex_hull,0.559472428602499,0.559472428602499,0.0,0,nan,6,1e-06,nan,120
2,1000,40,20300753,packing,0.44143546345391227,0.44143546345391227,0.079042379952869,146,0.15,6,1e-06,nan,120
2,1000,40,20300753,christoffel,0.4660931158133979,0.4660931158133979,0.0,0,nan,6,1e-06,549.2701379398961,120
2,1000,41,20300754,convex_hull,0.6085145677108748,0.6085145677108748,0.0,0,nan,6,1e-06,nan,120
2,1000,41,20300754,packing,0.5127939773959852,0.5127939773959852,0.09692697654653015,137,0.15,6,1e-06,nan,120
2,1000,41,20300754,christoffel,0.5190777821569488,0.5190777821569488,0.0,0,nan,6,1e-06,683.8236636515761,120
2,1000,42,20300755,convex_hull,0.40593320009116984,0.40593320009116984,0.0,0,nan,6,1e-06,nan,120
2,1000,42,20300755,packing,0.47886335392881585,0.47886335392881585,0.06900711694119699,137,0.15,6,1e-06,nan,120
2,1000,42,20300755,christoffel,0.3343085019022137,0.3343085019022137,0.0,0,nan,6,1e-06,753.7280945649359,120
2,1000,43,20300756,convex_hull,0.6350648168144946,0.6350648168144946,0.0,0,nan,6,1e-06,nan,120
2,1000,43,20300756,packing,0.48530221305290855,0.48530221305290855,0.08557948263156301,134,0.15,6,1e-06,nan,120
2,1000,43,20300756,christoffel,0.4660931158133979,0.4660931158133979,0.0,0,nan,6,1e-06,653.4535418095343,120
2,1000,44,20300757,convex_hull,0.5452609368768621,0.5452609368768621,0.0,0,nan,6,1e-06,nan,120
2,1000,44,20300757,packing,0.40545400922525,0.40545400922525,0.0459566071734947,138,0.15,6,1e-06,nan,120
2,1000,44,20300757,christoffel,0.4028613713471337,0.4028613713471337,0.0,0,nan,6,1e-06,514.5600184774336,120
2,1000,45,20300758,convex_hull,0.4117609484741808,0.4117609484741808,0.0,0,nan,6,1e-06,nan,120
2,1000,45,20300758,packing,0.3462940086671431,0.3462940086671431,0.09211944061126887,137,0.15,6,1e-06,nan,120
2,1000,45,20300758,christoffel,0.292624526444249,0.292624526444249,0.0,0,nan,6,1e-06,769.4356020805117,120
2,1000,46,20300759,convex_hull,0.5692798749500626,0.5692798749500626,0.0,0,nan,6,1e-06,nan,120
2,1000,46,20300759,packing,0.485847641471854,0.485847641471854,0.06282563906857375,138,0.15,6,1e-06,nan,120
2,1000,46,20300759,christoffel,0.4660931158133984,0.4660931158133984,0.0,0,nan,6,1e-06,719.8227699006342,120
2,1000,47,20300760,convex_hull,0.31217876840796344,0.31217876840796344,0.0,0,nan,6,1e-06,nan,120
2,1000,47,20300760,packing,0.3974455266681285,0.3974455266681285,0.11012105218210899,133,0.15,6,1e-06,nan,120
2,1000,47,20300760,christoffel,0.23442064179801206,0.23442064179801206,0.0,0,nan,6,1e-06,650.3926939903996,120
2,1000,48,20300761,convex_hull,0.5339037254305056,0.5339037254305056,0.0,0,nan,6,1e-06,nan,120
2,1000,48,20300761,packing,0.43040608128900637,0.43040608128900637,0.09308742564297101,140,0.15,6,1e-06,nan,120
2,1000,48,20300761,christoffel,0.3914432461644191,0.3914432461644191,0.0,0,nan,6,1e-06,705.6310416310052,120
2,1000,49,20300762,convex_hull,0.49601899534095806,0.49601899534095806,0.0,0,nan,6,1e-06,nan,120
2,1000,49,20300762,packing,0.3982565059859212,0.3982565059859212,0.07673318636014248,145,0.15,6,1e-06,nan,120
2,1000,49,20300762,christoffel,0.3858852550131377,0.3858852550131377,0.0,0,nan,6,1e-06,613.6739217305858,120
4,1000,0,20300713,convex_hull,0.9484961529230899,0.9484961529230899,0.0,0,nan,6,1e-06,nan,120
4,1000,0,20300713,packing,0.8529347668580044,0.8529347668580044,0.0,96,0.15,6,1e-06,nan,120
4,1000,0,20300713,christoffel,0.8306632443465288,0.8306632443465288,0.0,0,nan,6,1e-06,748.7350856422925,120
4,1000,1,20300714,convex_hull,0.8875428580943115,0.8875428580943115,0.0,0,nan,6,1e-06,nan,120
4,1000,1,20300714,packing,0.7375428580943115,0.7375428580943115,0.004203900766037716,99,0.15,6,1e-06,nan,120
4,1000,1,20300714,christoffel,0.8875428580943115,0.8875428580943115,0.0,0,nan,6,1e-06,722.3951347977659,120
4,1000,2,20300715,convex_hull,1.0074994172893137,1.0074994172893137,0.0,0,nan,6,1e-06,nan,120
4,1000,2,20300715,packing,0.8741303137358963,0.8741303137358963,0.0,93,0.15,6,1e-06,nan,120
4,1000,2,20300715,christoffel,0.8370134548893284,0.8370134548893284,0.0,0,nan,6,1e-06,802.9019163634692,120
4,1000,3,20300716,convex_hull,0.8891856674130835,0.8891856674130835,0.0,0,nan,6,1e-06,nan,120
4,1000,3,20300716,packing,0.7530627808942514,0.7530627808942514,0.0037518407967482847,93,0.15,6,1e-06,nan,120
4,1000,3,20300716,christoffel,0.7840757905792245,0.7840757905792245,0.0,0,nan,6,1e-06,820.0767575763429,120
4,1000,4,20300717,convex_hull,0.9657703279799599,0.9657703279799599,0.0,0,nan,6,1e-06,nan,120
4,1000,4,20300717,packing,0.8392208630049759,0.8392208630049759,0.0,89,0.15,6,1e-06,nan,120
4,1000,4,20300717,christoffel,0.8370134548893279,0.8370134548893279,0.0,0,nan,6,1e-06,777.0331851496697,120
4,1000,5,20300718,convex_hull,0.9522394583191521,0.9522394583191521,0.0,0,nan,6,1e-06,nan,120
4,1000,5,20300718,packing,0.8841766944399657,0.8841766944399657,0.0,90,0.15,6,1e-06,nan,120
4,1000,5,20300718,christoffel,0.8900051491935493,0.8900051491935493,0.0,0,nan,6,1e-06,498.12642866775525,120
4,1000,6,20300719,convex_hull,0.8001248521513318,0.8001248521513318,0.0,0,nan,6,1e-06,nan,120
4,1000,6,20300719,packing,0.6501248521513318,0.6501248521513318,0.0,94,0.15,6,1e-06,nan,120
4,1000,6,20300719,christoffel,0.7310315364041121,0.7310315364041121,0.0,0,nan,6,1e-06,734.5616498915994,120
4,1000,7,20300720,convex_hull,0.7357575364220785,0.7357575364220785,0.0,0,nan,6,1e-06,nan,120
4,1000,7,20300720,packing,0.5857575364220785,0.5857575364220785,0.0,102,0.15,6,1e-06,nan,120
4,1000,7,20300720,christoffel,0.6780415420121433,0.6780415420121433,0.0,0,nan,6,1e-06,561.4031575060171,120
4,1000,8,20300721,convex_hull,0.8396475962780673,0.8396475962780673,0.0,0,nan,6,1e-06,nan,120
4,1000,8,20300721,packing,0.7207282502015606,0.7207282502015606,0.0,102,0.15,6,1e-06,nan,120
4,1000,8,20300721,christoffel,0.6780415420121438,0.6780415420121438,0.0,0,nan,6,1e-06,667.2344587230027,120
4,1000,9,20300722,convex_hull,0.8012418562634707,0.8012418562634707,0.0,0,nan,6,1e-06,nan,120
4,1000,9,20300722,packing,0.6512418562634706,0.6512418562634706,0.05337028927304899,93,0.15,6,1e-06,nan,120
4,1000,9,20300722,christoffel,0.7310315364041119,0.7310315364041119,0.0,0,nan,6,1e-06,789.6402256471827,120
4,1000,10,20300723,convex_hull,0.6477228504926102,0.6477228504926102,0.0,0,nan,6,1e-06,nan,120
4,1000,10,20300723,packing,0.5323633147539721,0.5323633147539721,0.0,98,0.15,6,1e-06,nan,120
4,1000,10,20300723,christoffel,0.6250524089800462,0.6250524089800462,0.0,0,nan,6,1e-06,765.3832484461112,120
4,1000,11,20300724,convex_hull,0.9483156935338135,0.9483156935338135,0.0,0,nan,6,1e-06,nan,120
4,1000,11,20300724,packing,0.9018973229083155,0.9018973229083155,0.0,95,0.15,6,1e-06,nan,120
4,1000,11,20300724,christoffel,0.8370134548893284,0.8370134548893284,0.0,0,nan,6,1e-06,767.9399677589597,120
4,1000,12,20300725,convex_hull,0.676311968713779,0.676311968713779,0.0,0,nan,6,1e-06,nan,120
4,1000,12,20300725,packing,0.5263119687137789,0.5263119687137789,0.0,93,0.15,6,1e-06,nan,120
4,1000,12,20300725,christoffel,0.6250524089800462,0.6250524089800462,0.0,0,nan,6,1e-06,802.8588936508376,120
4,1000,13,20300726,convex_hull,0.8713816108677643,0.8713816108677643,0.0,0,nan,6,1e-06,nan,120
4,1000,13,20300726,packing,0.7213816108677643,0.7213816108677643,0.0,95,0.15,6,1e-06,nan,120
4,1000,13,20300726,christoffel,0.7847131142934111,0.7847131142934111,0.0,0,nan,6,1e-06,478.9239403069884,120
4,1000,14,20300727,convex_hull,0.657617205413311,0.657617205413311,0.0,0,nan,6,1e-06,nan,120
4,1000,14,20300727,packing,0.5588817968020375,0.5588817968020375,0.0,95,0.15,6,1e-06,nan,120
4,1000,14,20300727,christoffel,0.6266408603531262,0.6266408603531262,0.0,0,nan,6,1e-06,764.2701948851278,120
4,1000,15,20300728,convex_hull,0.8110570953041629,0.8110570953041629,0.0,0,nan,6,1e-06,nan,120
4,1000,15,20300728,packing,0.6771064553585188,0.6771064553585188,0.02764571253747683,99,0.15,6,1e-06,nan,120
4,1000,15,20300728,christoffel,0.6780415420121433,0.6780415420121433,0.0,0,nan,6,1e-06,923.7167645114534,120
4,1000,16,20300729,convex_hull,0.6222127315405446,0.6222127315405446,0.0,0,nan,6,1e-06,nan,120
4,1000,16,20300729,packing,0.5638187165041989,0.5638187165041989,0.0,98,0.15,6,1e-06,nan,120
4,1000,16,20300729,christoffel,0.5720643766657875,0.5720643766657875,0.0,0,nan,6,1e-06,918.5712789947115,120
4,1000,17,20300730,convex_hull,0.9188294616777744,0.9188294616777744,0.0,0,nan,6,1e-06,nan,120
4,1000,17,20300730,packing,0.7926289880029261,0.7926289880029261,0.0014967849917437714,105,0.15,6,1e-06,nan,120
4,1000,17,20300730,christoffel,0.784022217504843,0.784022217504843,0.0,0,nan,6,1e-06,893.8346796929744,120
4,1000,18,20300731,convex_hull,0.7457491852044275,0.7457491852044275,0.0,0,nan,6,1e-06,nan,120
4,1000,18,20300731,packing,0.5957491852044274,0.5957491852044274,0.0,104,0.15,6,1e-06,nan,120
4,1000,18,20300731,christoffel,0.6780415420121433,0.6780415420121433,0.0,0,nan,6,1e-06,688.2848825994093,120
4,1000,19,20300732,convex_hull,0.9046378840892797,0.9046378840892797,0.0,0,nan,6,1e-06,nan,120
4,1000,19,20300732,packing,0.7824060164609425,0.7824060164609425,0.001160078135156839,100,0.15,6,1e-06,nan,120
4,1000,19,20300732,christoffel,0.8370134548893284,0.8370134548893284,0.0,0,nan,6,1e-06,824.5169922420972,120
4,1000,20,20300733,convex_hull,0.7694634891766756,0.7694634891766756,0.0,0,nan,6,1e-06,nan,120
4,1000,20,20300733,packing,0.6194634891766756,0.6194634891766756,0.0,93,0.15,6,1e-06,nan,120
4,1000,20,20300733,christoffel,0.7694634891766756,0.7694634891766756,0.0,0,nan,6,1e-06,645.1400127810795,120
4,1000,21,20300734,convex_hull,0.9304017850016647,0.9304017850016647,0.0,0,nan,6,1e-06,nan,120
4,1000,21,20300734,packing,0.7804017850016647,0.7804017850016647,0.0,97,0.15,6,1e-06,nan,120
4,1000,21,20300734,christoffel,0.8370134548893279,0.8370134548893279,0.0,0,nan,6,1e-06,766.2514031216692,120
4,1000,22,20300735,convex_hull,0.8295577701381969,0.8295577701381969,0.0,0,nan,6,1e-06,nan,120
4,1000,22,20300735,packing,0.6795577701381968,0.6795577701381968,0.0,94,0.15,6,1e-06,nan,120
4,1000,22,20300735,christoffel,0.7310315364041119,0.7310315364041119,0.0,0,nan,6,1e-06,691.424900075941,120
4,1000,23,20300736,convex_hull,1.0280499666361325,1.0280499666361325,0.0,0,nan,6,1e-06,nan,120
4,1000,23,20300736,packing,0.9037336877836616,0.9037336877836616,0.0,91,0.15,6,1e-06,nan,120
4,1000,23,20300736,christoffel,0.8900051491935497,0.8900051491935497,0.0,0,nan,6,1e-06,709.2077619349843,120
4,1000,24,20300737,convex_hull,1.0094504374253876,1.0094504374253876,0.0,0,nan,6,1e-06,nan,120
4,1000,24,20300737,packing,0.8594504374253876,0.8594504374253876,0.0,91,0.15,6,1e-06,nan,120
4,1000,24,20300737,christoffel,0.8370134548893279,0.8370134548893279,0.0,0,nan,6,1e-06,748.7256625945529,120
4,1000,25,20300738,convex_hull,0.9209621130092831,0.9209621130092831,0.0,0,nan,6,1e-06,nan,120
4,1000,25,20300738,packing,0.895344408554592,0.895344408554592,0.0,96,0.15,6,1e-06,nan,120
4,1000,25,20300738,christoffel,0.8370134548893284,0.8370134548893284,0.0,0,nan,6,1e-06,657.2475520345802,120
4,1000,26,20300739,convex_hull,0.9465889920993856,0.9465889920993856,0.0,0,nan,6,1e-06,nan,120
4,1000,26,20300739,packing,0.7977024842265288,0.7977024842265288,0.0,103,0.15,6,1e-06,nan,120
4,1000,26,20300739,christoffel,0.8394863326582758,0.8394863326582758,0.0,0,nan,6,1e-06,640.2633249068757,120
4,1000,27,20300740,convex_hull,0.8688477524562488,0.8688477524562488,0.0,0,nan,6,1e-06,nan,120
4,1000,27,20300740,packing,0.7229097769587607,0.7229097769587607,0.0,98,0.15,6,1e-06,nan,120
4,1000,27,20300740,christoffel,0.7840222175048431,0.7840222175048431,0.0,0,nan,6,1e-06,567.487434074013,120
4,1000,28,20300741,convex_hull,0.49737218792083504,0.49737218792083504,0.0,0,nan,6,1e-06,nan,120
4,1000,28,20300741,packing,0.5034217329827,0.5034217329827,0.0,95,0.15,6,1e-06,nan,120
4,1000,28,20300741,christoffel,0.4406568837086767,0.4406568837086767,0.0,0,nan,6,1e-06,924.0291440457197,120
4,1000,29,20300742,convex_hull,0.8746665866564475,0.8746665866564475,0.0,0,nan,6,1e-06,nan,120
4,1000,29,20300742,packing,0.7854543313762898,0.7854543313762898,0.0,100,0.15,6,1e-06,nan,120
4,1000,29,20300742,christoffel,0.7840222175048431,0.7840222175048431,0.0,0,nan,6,1e-06,642.3661938807267,120
4,1000,30,20300743,convex_hull,0.6296966222255392,0.6296966222255392,0.0,0,nan,6,1e-06,nan,120
4,1000,30,20300743,packing,0.5502342722015213,0.5502342722015213,0.0,104,0.15,6,1e-06,nan,120
4,1000,30,20300743,christoffel,0.5778538987328408,0.5778538987328408,0.0,0,nan,6,1e-06,822.3797376393553,120
4,1000,31,20300744,convex_hull,0.9130229809739389,0.9130229809739389,0.0,0,nan,6,1e-06,nan,120
4,1000,31,20300744,packing,0.7690124676645889,0.7690124676645889,0.0,97,0.15,6,1e-06,nan,120
4,1000,31,20300744,christoffel,0.7310972520911249,0.7310972520911249,0.0,0,nan,6,1e-06,766.1679709318686,120
4,1000,32,20300745,convex_hull,0.732205847237924,0.732205847237924,0.0,0,nan,6,1e-06,nan,120
4,1000,32,20300745,packing,0.582205847237924,0.582205847237924,0.0,100,0.15,6,1e-06,nan,120
4,1000,32,20300745,christoffel,0.6818026369428875,0.6818026369428875,0.0,0,nan,6,1e-06,716.9357493800761,120
4,1000,33,20300746,convex_hull,0.9283335456616347,0.9283335456616347,0.0,0,nan,6,1e-06,nan,120
4,1000,33,20300746,packing,0.8198261650477419,0.8198261650477419,0.06339969994363615,104,0.15,6,1e-06,nan,120
4,1000,33,20300746,christoffel,0.7822780860151036,0.7822780860151036,0.0,0,nan,6,1e-06,936.0351364338562,120
4,1000,34,20300747,convex_hull,0.7394266253402112,0.7394266253402112,0.0,0,nan,6,1e-06,nan,120
4,1000,34,20300747,packing,0.5894266253402112,0.5894266253402112,0.0,104,0.15,6,1e-06,nan,120
4,1000,34,20300747,christoffel,0.6780415420121438,0.6780415420121438,0.0,0,nan,6,1e-06,756.0057470560823,120
4,1000,35,20300748,convex_hull,0.8806855683993283,0.8806855683993283,0.0,0,nan,6,1e-06,nan,120
4,1000,35,20300748,packing,0.7324700269245504,0.7324700269245504,0.0,91,0.15,6,1e-06,nan,120
4,1000,35,20300748,christoffel,0.7840757905792245,0.7840757905792245,0.0,0,nan,6,1e-06,599.0663391646815,120
4,1000,36,20300749,convex_hull,0.7192820122895693,0.7192820122895693,0.0,0,nan,6,1e-06,nan,120
4,1000,36,20300749,packing,0.6086459012692519,0.6086459012692519,0.0,99,0.15,6,1e-06,nan,120
4,1000,36,20300749,christoffel,0.6251611888741493,0.6251611888741493,0.0,0,nan,6,1e-06,839.7142198804812,120
4,1000,37,20300750,convex_hull,0.7103110848666743,0.7103110848666743,0.0,0,nan,6,1e-06,nan,120
4,1000,37,20300750,packing,0.6317627182485631,0.6317627182485631,0.0,100,0.15,6,1e-06,nan,120
4,1000,37,20300750,christoffel,0.6013482427115494,0.6013482427115494,0.0,0,nan,6,1e-06,833.4362673689909,120
4,1000,38,20300751,convex_hull,0.751675929498051,0.751675929498051,0.0,0,nan,6,1e-06,nan,120
4,1000,38,20300751,packing,0.6411795423393221,0.6411795423393221,0.0,95,0.15,6,1e-06,nan,120
4,1000,38,20300751,christoffel,0.6818026369428873,0.6818026369428873,0.0,0,nan,6,1e-06,797.8770169872431,120
4,1000,39,20300752,convex_hull,0.8504784827838162,0.8504784827838162,0.0,0,nan,6,1e-06,nan,120
4,1000,39,20300752,packing,0.7226524083234394,0.7226524083234394,0.0,95,0.15,6,1e-06,nan,120
4,1000,39,20300752,christoffel,0.7310315364041121,0.7310315364041121,0.0,0,nan,6,1e-06,702.9324050788488,120
4,1000,40,20300753,convex_hull,0.9807976854816245,0.9807976854816245,0.0,0,nan,6,1e-06,nan,120
4,1000,40,20300753,packing,0.8522473915367103,0.8522473915367103,0.0,100,0.15,6,1e-06,nan,120
4,1000,40,20300753,christoffel,0.8370134548893279,0.8370134548893279,0.0,0,nan,6,1e-06,721.0321654665025,120
4,1000,41,20300754,convex_hull,0.9747618206280381,0.9747618206280381,0.0,0,nan,6,1e-06,nan,120
4,1000,41,20300754,packing,0.8308192464061013,0.8308192464061013,0.0,97,0.15,6,1e-06,nan,120
4,1000,41,20300754,christoffel,0.7840222175048431,0.7840222175048431,0.0,0,nan,6,1e-06,810.166642207591,120
4,1000,42,20300755,convex_hull,0.9031056812785928,0.9031056812785928,0.0,0,nan,6,1e-06,nan,120
4,1000,42,20300755,packing,0.7531056812785928,0.7531056812785928,0.0,100,0.15,6,1e-06,nan,120
4,1000,42,20300755,christoffel,0.7310315364041119,0.7310315364041119,0.0,0,nan,6,1e-06,766.3571035497142,120
4,1000,43,20300756,convex_hull,0.8505313254845811,0.8505313254845811,0.0,0,nan,6,1e-06,nan,120
4,1000,43,20300756,packing,0.7005313254845811,0.7005313254845811,0.0,94,0.15,6,1e-06,nan,120
4,1000,43,20300756,christoffel,0.8370134548893279,0.8370134548893279,0.0,0,nan,6,1e-06,893.5430654800806,120
4,1000,44,20300757,convex_hull,0.9239922827711737,0.9239922827711737,0.0,0,nan,6,1e-06,nan,120
4,1000,44,20300757,packing,0.8021971332674813,0.8021971332674813,0.0,101,0.15,6,1e-06,nan,120
4,1000,44,20300757,christoffel,0.8370134548893284,0.8370134548893284,0.0,0,nan,6,1e-06,614.8132876586772,120
4,1000,45,20300758,convex_hull,0.6767946200839218,0.6767946200839218,0.0,0,nan,6,1e-06,nan,120
4,1000,45,20300758,packing,0.5577525142885379,0.5577525142885379,0.05524438552143063,98,0.15,6,1e-06,nan,120
4,1000,45,20300758,christoffel,0.6251611888741481,0.6251611888741481,0.0,0,nan,6,1e-06,826.7944236457317,120
4,1000,46,20300759,convex_hull,0.7882660524041031,0.7882660524041031,0.0,0,nan,6,1e-06,nan,120
4,1000,46,20300759,packing,0.6785126918477913,0.6785126918477913,0.0,99,0.15,6,1e-06,nan,120
4,1000,46,20300759,christoffel,0.6780415420121433,0.6780415420121433,0.0,0,nan,6,1e-06,710.7036978787519,120
4,1000,47,20300760,convex_hull,0.7507171206922754,0.7507171206922754,0.0,0,nan,6,1e-06,nan,120
4,1000,47,20300760,packing,0.6007171206922753,0.6007171206922753,0.0,104,0.15,6,1e-06,nan,120
4,1000,47,20300760,christoffel,0.6780415420121433,0.6780415420121433,0.0,0,nan,6,1e-06,814.7359947455175,120
4,1000,48,20300761,convex_hull,0.7782020583346523,0.7782020583346523,0.0,0,nan,6,1e-06,nan,120
4,1000,48,20300761,packing,0.6282020583346523,0.6282020583346523,0.04213215799325587,103,0.15,6,1e-06,nan,120
4,1000,48,20300761,christoffel,0.7310315364041119,0.7310315364041119,0.0,0,nan,6,1e-06,892.6690801960775,120
4,1000,49,20300762,convex_hull,0.8097799172024752,0.8097799172024752,0.0,0,nan,6,1e-06,nan,120
4,1000,49,20300762,packing,0.6881936113134444,0.6881936113134444,0.0,98,0.15,6,1e-06,nan,120
4,1000,49,20300762,christoffel,0.7262106751078737,0.7262106751078737,0.0,0,nan,6,1e-06,826.4864581900374,120
0,3000,0,20310713,convex_hull,0.050729220643908814,0.050729220643908814,0.0,0,nan,6,1e-06,nan,120
0,3000,0,20310713,packing,0.1469807809965693,0.053132223530844847,0.1469807809965693,233,0.15,6,1e-06,nan,120
0,3000,0,20310713,christoffel,0.04314615708616706,0.04314615708616706,0.03703498959205177,0,nan,6,1e-06,169.8505012358364,120
0,3000,1,20310714,convex_hull,0.03556987801044978,0.03556987801044978,0.0,0,nan,6,1e-06,nan,120
0,3000,1,20310714,packing,0.14876038901032018,0.03432724864975503,0.14876038901032018,235,0.15,6,1e-06,nan,120
0,3000,1,20310714,christoffel,0.04669750535518528,0.04669750535518528,0.03751743078440074,0,nan,6,1e-06,153.2416311555887,120
0,3000,2,20310715,convex_hull,0.06843542638601267,0.06843542638601267,0.0,0,nan,6,1e-06,nan,120
0,3000,2,20310715,packing,0.14894553674142874,0.06740042843090582,0.14894553674142874,235,0.15,6,1e-06,nan,120
0,3000,2,20310715,christoffel,0.0577498986353255,0.0577498986353255,0.02562561587329097,0,nan,6,1e-06,158.51410070622316,120
0,3000,3,20310716,convex_hull,0.03633510863572307,0.03633510863572307,0.0,0,nan,6,1e-06,nan,120
0,3000,3,20310716,packing,0.1493779427419089,0.040226971781210125,0.1493779427419089,230,0.15,6,1e-06,nan,120
0,3000,3,20310716,christoffel,0.03621396544768868,0.03621396544768868,0.02893450926363878,0,nan,6,1e-06,157.43035704294098,120
0,3000,4,20310717,convex_hull,0.04074721585483777,0.04074721585483777,0.0,0,nan,6,1e-06,nan,120
0,3000,4,20310717,packing,0.1459043741638486,0.03784064395311901,0.1459043741638486,234,0.15,6,1e-06,nan,120
0,3000,4,20310717,christoffel,0.04669750535518464,0.04669750535518464,0.024578088643181003,0,nan,6,1e-06,160.86430387176864,120
0,3000,5,20310718,convex_hull,0.024040133365028984,0.024040133365028984,0.0,0,nan,6,1e-06,nan,120
0,3000,5,20310718,packing,0.14871860749233434,0.034866531464638056,0.14871860749233434,235,0.15,6,1e-06,nan,120
0,3000,5,20310718,christoffel,0.04104459679240234,0.04104459679240234,0.02088634268857657,0,nan,6,1e-06,140.77200480203484,120
0,3000,6,20310719,convex_hull,0.0536185001636269,0.0536185001636269,0.0,0,nan,6,1e-06,nan,120
0,3000,6,20310719,packing,0.1486893683543853,0.05597792352025982,0.1486893683543853,230,0.15,6,1e-06,nan,120
0,3000,6,20310719,christoffel,0.0452869941136154,0.0452869941136154,0.016158316071926433,0,nan,6,1e-06,152.06964442100235,120
0,3000,7,20310720,convex_hull,0.03799013737479475,0.03799013737479475,0.0,0,nan,6,1e-06,nan,120
0,3000,7,20310720,packing,0.14576624683813777,0.05115912753656471,0.14576624683813777,229,0.15,6,1e-06,nan,120
0,3000,7,20310720,christoffel,0.04669750535518464,0.04669750535518464,0.02562561587329097,0,nan,6,1e-06,152.14017828952302,120
0,3000,8,20310721,convex_hull,0.033098247882061255,0.033098247882061255,0.0,0,nan,6,1e-06,nan,120
0,3000,8,20310721,packing,0.14765344670230607,0.054296839888517634,0.14765344670230607,231,0.15,6,1e-06,nan,120
0,3000,8,20310721,christoffel,0.0514126529781553,0.0514126529781553,0.031187375122138362,0,nan,6,1e-06,153.78587896969069,120
0,3000,9,20310722,convex_hull,0.04615929405320095,0.04615929405320095,0.0,0,nan,6,1e-06,nan,120
0,3000,9,20310722,packing,0.14439102266956727,0.044731551690774224,0.14439102266956727,233,0.15,6,1e-06,nan,120
0,3000,9,20310722,christoffel,0.04528699411361535,0.04528699411361535,0.023709067035944532,0,nan,6,1e-06,159.79389461180133,120
0,3000,10,20310723,convex_hull,0.04866242561328071,0.04866242561328071,0.0,0,nan,6,1e-06,nan,120
0,3000,10,20310723,packing,0.14556418842255237,0.04493499002630291,0.14556418842255237,224,0.15,6,1e-06,nan,120
0,3000,10,20310723,christoffel,0.046697505355185284,0.046697505355185284,0.037517430784402096,0,nan,6,1e-06,166.29347429946918,120
0,3000,11,20310724,convex_hull,0.04019469113963307,0.04019469113963307,0.0,0,nan,6,1e-06,nan,120
0,3000,11,20310724,packing,0.1499048258915665,0.05058460286316721,0.1499048258915665,232,0.15,6,1e-06,nan,120
0,3000,11,20310724,christoffel,0.043146157086167675,0.043146157086167675,0.02088634268857705,0,nan,6,1e-06,149.73719965074852,120
0,3000,12,20310725,convex_hull,0.052693901802627806,0.052693901802627806,0.0,0,nan,6,1e-06,nan,120
0,3000,12,20310725,packing,0.1497648702638945,0.041572485956145405,0.1497648702638945,230,0.15,6,1e-06,nan,120
0,3000,12,20310725,christoffel,0.04314615708616706,0.04314615708616706,0.02562561587329097,0,nan,6,1e-06,153.33880400496744,120
0,3000,13,20310726,convex_hull,0.030879302805193423,0.030879302805193423,0.0,0,nan,6,1e-06,nan,120
0,3000,13,20310726,packing,0.1498367717438842,0.04503392465965189,0.1498367717438842,233,0.15,6,1e-06,nan,120
0,3000,13,20310726,christoffel,0.03751743078440074,0.03389933741534476,0.03751743078440074,0,nan,6,1e-06,149.37601686510035,120
0,3000,14,20310727,convex_hull,0.03372137926592979,0.03372137926592979,0.0,0,nan,6,1e-06,nan,120
0,3000,14,20310727,packing,0.14991983486929383,0.041835050401162144,0.14991983486929383,231,0.15,6,1e-06,nan,120
0,3000,14,20310727,christoffel,0.039047107359235826,0.039047107359235826,0.024578088643181145,0,nan,6,1e-06,156.5114511652444,120
0,3000,15,20310728,convex_hull,0.04238193515232414,0.04238193515232414,0.0,0,nan,6,1e-06,nan,120
0,3000,15,20310728,packing,0.14813815133429192,0.043313000898670156,0.14813815133429192,238,0.15,6,1e-06,nan,120
0,3000,15,20310728,christoffel,0.04528699411361535,0.04528699411361535,0.03828243110441574,0,nan,6,1e-06,167.3507811904528,120
0,3000,16,20310729,convex_hull,0.04285819685505731,0.04285819685505731,0.0,0,nan,6,1e-06,nan,120
0,3000,16,20310729,packing,0.14976631670653862,0.05015322679067777,0.14976631670653862,235,0.15,6,1e-06,nan,120
0,3000,16,20310729,christoffel,0.042532687917489875,0.042532687917489875,0.035727575325743284,0,nan,6,1e-06,172.63883918519102,120
0,3000,17,20310730,convex_hull,0.04887773280031135,0.04887773280031135,0.0,0,nan,6,1e-06,nan,120
0,3000,17,20310730,packing,0.14829285868796682,0.035404123189459014,0.14829285868796682,232,0.15,6,1e-06,nan,120
0,3000,17,20310730,christoffel,0.055029594949005604,0.03615820465692598,0.055029594949005604,0,nan,6,1e-06,168.04629064553208,120
0,3000,18,20310731,convex_hull,0.03818212431663511,0.03818212431663511,0.0,0,nan,6,1e-06,nan,120
0,3000,18,20310731,packing,0.14911663974475342,0.04340620002207468,0.14911663974475342,228,0.15,6,1e-06,nan,120
0,3000,18,20310731,christoffel,0.04281532976588758,0.04281532976588758,0.03058024747470034,0,nan,6,1e-06,163.4539463525251,120
0,3000,19,20310732,convex_hull,0.052552570224392095,0.052552570224392095,0.0,0,nan,6,1e-06,nan,120
0,3000,19,20310732,packing,0.14541854111107755,0.04174478484534677,0.14541854111107755,237,0.15,6,1e-06,nan,120
0,3000,19,20310732,christoffel,0.03895489932733376,0.03895489932733376,0.018061584170299825,0,nan,6,1e-06,150.42340005753084,120
0,3000,20,20310733,convex_hull,0.035605776227763335,0.035605776227763335,0.0,0,nan,6,1e-06,nan,120
0,3000,20,20310733,packing,0.1490397709555613,0.0336986758678684,0.1490397709555613,223,0.15,6,1e-06,nan,120
0,3000,20,20310733,christoffel,0.03615820465692598,0.03615820465692598,0.03337667913481273,0,nan,6,1e-06,142.58471966313408,120
0,3000,21,20310734,convex_hull,0.05263328608249484,0.05263328608249484,0.0,0,nan,6,1e-06,nan,120
0,3000,21,20310734,packing,0.14925248089474352,0.04896813392318056,0.14925248089474352,235,0.15,6,1e-06,nan,120
0,3000,21,20310734,christoffel,0.043146157086167675,0.043146157086167675,0.025625615873292325,0,nan,6,1e-06,150.81431084386153,120
0,3000,22,20310735,convex_hull,0.04504707042501505,0.04504707042501505,0.0,0,nan,6,1e-06,nan,120
0,3000,22,20310735,packing,0.14932592496578145,0.048304073453566965,0.14932592496578145,236,0.15,6,1e-06,nan,120
0,3000,22,20310735,christoffel,0.039130342583662665,0.03706872140110819,0.039130342583662665,0,nan,6,1e-06,167.81175671477018,120
0,3000,23,20310736,convex_hull,0.04857587610563598,0.04857587610563598,0.0,0,nan,6,1e-06,nan,120
0,3000,23,20310736,packing,0.1496968018856073,0.02867126204465706,0.1496968018856073,242,0.15,6,1e-06,nan,120
0,3000,23,20310736,christoffel,0.04399448003069089,0.04314615708616706,0.04399448003069089,0,nan,6,1e-06,191.70009671933332,120
0,3000,24,20310737,convex_hull,0.04482203614486274,0.04482203614486274,0.0,0,nan,6,1e-06,nan,120
0,3000,24,20310737,packing,0.14845710133641843,0.033061713344747334,0.14845710133641843,226,0.15,6,1e-06,nan,120
0,3000,24,20310737,christoffel,0.03279943240470049,0.0311802618061487,0.03279943240470049,0,nan,6,1e-06,170.059403418444,120
0,3000,25,20310738,convex_hull,0.0393448269399056,0.0393448269399056,0.0,0,nan,6,1e-06,nan,120
0,3000,25,20310738,packing,0.1488159746632658,0.033931915345188274,0.1488159746632658,235,0.15,6,1e-06,nan,120
0,3000,25,20310738,christoffel,0.04528699411361535,0.04528699411361535,0.02562561587329097,0,nan,6,1e-06,152.05643896892073,120
0,3000,26,20310739,convex_hull,0.04423634482169175,0.04423634482169175,0.0,0,nan,6,1e-06,nan,120
0,3000,26,20310739,packing,0.14920544631735855,0.054802896570360055,0.14920544631735855,235,0.15,6,1e-06,nan,120
0,3000,26,20310739,christoffel,0.04314615708616706,0.04314615708616706,0.031187375122138362,0,nan,6,1e-06,163.25191203365708,120
0,3000,27,20310740,convex_hull,0.04227702244509271,0.04227702244509271,0.0,0,nan,6,1e-06,nan,120
0,3000,27,20310740,packing,0.14939407583130038,0.04122464292208794,0.14939407583130038,230,0.15,6,1e-06,nan,120
0,3000,27,20310740,christoffel,0.04386159061236317,0.04386159061236317,0.03751743078440074,0,nan,6,1e-06,151.85109005549143,120
0,3000,28,20310741,convex_hull,0.0345324882595648,0.0345324882595648,0.0,0,nan,6,1e-06,nan,120
0,3000,28,20310741,packing,0.1486675774364672,0.0313328827024939,0.1486675774364672,236,0.15,6,1e-06,nan,120
0,3000,28,20310741,christoffel,0.04104459679240244,0.04104459679240244,0.03751743078440074,0,nan,6,1e-06,162.7704876255401,120
0,3000,29,20310742,convex_hull,0.023064400879800603,0.023064400879800603,0.0,0,nan,6,1e-06,nan,120
0,3000,29,20310742,packing,0.14974577867786643,0.03027535978892107,0.14974577867786643,229,0.15,6,1e-06,nan,120
0,3000,29,20310742,christoffel,0.03351138347447025,0.03351138347447025,0.03337667913481273,0,nan,6,1e-06,154.90758384799645,120
0,3000,30,20310743,convex_hull,0.04903826996255886,0.04903826996255886,0.0,0,nan,6,1e-06,nan,120
0,3000,30,20310743,packing,0.14862771486554538,0.054728535893014074,0.14862771486554538,225,0.15,6,1e-06,nan,120
0,3000,30,20310743,christoffel,0.043146157086167675,0.043146157086167675,0.02443207883880394,0,nan,6,1e-06,162.8702405364479,120
0,3000,31,20310744,convex_hull,0.07081721543502653,0.07081721543502653,0.0,0,nan,6,1e-06,nan,120
0,3000,31,20310744,packing,0.14936079533761126,0.049039917083487455,0.14936079533761126,227,0.15,6,1e-06,nan,120
0,3000,31,20310744,christoffel,0.04314615708616706,0.04314615708616706,0.03751743078440074,0,nan,6,1e-06,164.41151805236436,120
0,3000,32,20310745,convex_hull,0.02797911226799193,0.02797911226799193,0.0,0,nan,6,1e-06,nan,120
0,3000,32,20310745,packing,0.14806746985037395,0.03364546097007445,0.14806746985037395,237,0.15,6,1e-06,nan,120
0,3000,32,20310745,christoffel,0.04528699411361522,0.04528699411361522,0.024578088643181003,0,nan,6,1e-06,136.60805066391313,120
0,3000,33,20310746,convex_hull,0.04212752251849506,0.04212752251849506,0.0,0,nan,6,1e-06,nan,120
0,3000,33,20310746,packing,0.14867523584085096,0.037079058990467484,0.14867523584085096,234,0.15,6,1e-06,nan,120
0,3000,33,20310746,christoffel,0.051412652978155345,0.051412652978155345,0.031380483423208295,0,nan,6,1e-06,165.48387383785203,120
0,3000,34,20310747,convex_hull,0.04707861128691472,0.04707861128691472,0.0,0,nan,6,1e-06,nan,120
0,3000,34,20310747,packing,0.14713315478509958,0.03841234831358556,0.14713315478509958,233,0.15,6,1e-06,nan,120
0,3000,34,20310747,christoffel,0.041377921692158176,0.041377921692158176,0.024578088643181003,0,nan,6,1e-06,168.23461280373598,120
0,3000,35,20310748,convex_hull,0.049222629113391855,0.049222629113391855,0.0,0,nan,6,1e-06,nan,120
0,3000,35,20310748,packing,0.14959604488190825,0.0577689864686525,0.14959604488190825,223,0.15,6,1e-06,nan,120
0,3000,35,20310748,christoffel,0.05502959494900558,0.03232419093261614,0.05502959494900558,0,nan,6,1e-06,184.83218840633987,120
0,3000,36,20310749,convex_hull,0.03327735708345335,0.03327735708345335,0.0,0,nan,6,1e-06,nan,120
0,3000,36,20310749,packing,0.14959745727297358,0.03448906066772575,0.14959745727297358,233,0.15,6,1e-06,nan,120
0,3000,36,20310749,christoffel,0.043146157086167675,0.043146157086167675,0.023596637134869453,0,nan,6,1e-06,145.99507529537112,120
0,3000,37,20310750,convex_hull,0.039467252528241924,0.039467252528241924,0.0,0,nan,6,1e-06,nan,120
0,3000,37,20310750,packing,0.1499299939490093,0.0631390256777283,0.1499299939490093,236,0.15,6,1e-06,nan,120
0,3000,37,20310750,christoffel,0.04978383124923212,0.04528699411361522,0.04978383124923212,0,nan,6,1e-06,177.74914787219797,120
0,3000,38,20310751,convex_hull,0.0342424819487921,0.0342424819487921,0.0,0,nan,6,1e-06,nan,120
0,3000,38,20310751,packing,0.14770572256094794,0.05322377092952382,0.14770572256094794,235,0.15,6,1e-06,nan,120
0,3000,38,20310751,christoffel,0.04253268791748987,0.04253268791748987,0.03279943240470049,0,nan,6,1e-06,177.76229803615826,120
0,3000,39,20310752,convex_hull,0.030287453851998988,0.030287453851998988,0.0,0,nan,6,1e-06,nan,120
0,3000,39,20310752,packing,0.14978269457166116,0.035064781037440956,0.14978269457166116,232,0.15,6,1e-06,nan,120
0,3000,39,20310752,christoffel,0.043146157086167675,0.043146157086167675,0.025625615873292325,0,nan,6,1e-06,148.25078845137776,120
0,3000,40,20310753,convex_hull,0.034681792631157456,0.034681792631157456,0.0,0,nan,6,1e-06,nan,120
0,3000,40,20310753,packing,0.14866110582685532,0.03386454177583309,0.14866110582685532,236,0.15,6,1e-06,nan,120
0,3000,40,20310753,christoffel,0.04528699411361535,0.04528699411361535,0.02443207883880394,0,nan,6,1e-06,147.97621526915253,120
0,3000,41,20310754,convex_hull,0.04956269328131438,0.04956269328131438,0.0,0,nan,6,1e-06,nan,120
0,3000,41,20310754,packing,0.14925729328295956,0.03294166311948521,0.14925729328295956,225,0.15,6,1e-06,nan,120
0,3000,41,20310754,christoffel,0.043146157086167675,0.043146157086167675,0.024432078838803627,0,nan,6,1e-06,158.4971481030566,120
0,3000,42,20310755,convex_hull,0.030295559048647076,0.030295559048647076,0.0,0,nan,6,1e-06,nan,120
0,3000,42,20310755,packing,0.1495857323509444,0.04342660527788769,0.1495857323509444,229,0.15,6,1e-06,nan,120
0,3000,42,20310755,christoffel,0.04207157632795117,0.04207157632795117,0.015255476712893627,0,nan,6,1e-06,138.14623025960105,120
0,3000,43,20310756,convex_hull,0.044135629788208175,0.044135629788208175,0.0,0,nan,6,1e-06,nan,120
0,3000,43,20310756,packing,0.14295404841453535,0.04729168651503968,0.14295404841453535,225,0.15,6,1e-06,nan,120
0,3000,43,20310756,christoffel,0.05141265297815537,0.05141265297815537,0.04525509053123258,0,nan,6,1e-06,181.70898277729515,120
0,3000,44,20310757,convex_hull,0.04190585329968224,0.04190585329968224,0.0,0,nan,6,1e-06,nan,120
0,3000,44,20310757,packing,0.14940716963679246,0.043833633776932196,0.14940716963679246,228,0.15,6,1e-06,nan,120
0,3000,44,20310757,christoffel,0.043146157086167675,0.043146157086167675,0.01663793097212805,0,nan,6,1e-06,160.37789021630675,120
0,3000,45,20310758,convex_hull,0.047070532365287,0.047070532365287,0.0,0,nan,6,1e-06,nan,120
0,3000,45,20310758,packing,0.14856909974665544,0.038885638673792494,0.14856909974665544,241,0.15,6,1e-06,nan,120
0,3000,45,20310758,christoffel,0.05141265297815483,0.05141265297815483,0.02912944315509829,0,nan,6,1e-06,166.8203975995552,120
0,3000,46,20310759,convex_hull,0.04459520956629169,0.04459520956629169,0.0,0,nan,6,1e-06,nan,120
0,3000,46,20310759,packing,0.14685801301852663,0.05711078527369026,0.14685801301852663,230,0.15,6,1e-06,nan,120
0,3000,46,20310759,christoffel,0.041665579198307635,0.041665579198307635,0.031187375122138362,0,nan,6,1e-06,152.6338913324154,120
0,3000,47,20310760,convex_hull,0.04531266142787401,0.04531266142787401,0.0,0,nan,6,1e-06,nan,120
0,3000,47,20310760,packing,0.14724723937231832,0.04112664139301961,0.14724723937231832,231,0.15,6,1e-06,nan,120
0,3000,47,20310760,christoffel,0.03895489932733444,0.03895489932733444,0.024578088643181145,0,nan,6,1e-06,151.0738842638349,120
0,3000,48,20310761,convex_hull,0.046702741035115056,0.046702741035115056,0.0,0,nan,6,1e-06,nan,120
0,3000,48,20310761,packing,0.14980585541493424,0.04024854584849452,0.14980585541493424,229,0.15,6,1e-06,nan,120
0,3000,48,20310761,christoffel,0.043146157086167675,0.043146157086167675,0.01702113309022853,0,nan,6,1e-06,148.71092524749128,120
0,3000,49,20310762,convex_hull,0.03139519072381537,0.03139519072381537,0.0,0,nan,6,1e-06,nan,120
0,3000,49,20310762,packing,0.1499793446803921,0.03615273511929598,0.1499793446803921,238,0.15,6,1e-06,nan,120
0,3000,49,20310762,christoffel,0.041665579198308704,0.041665579198308704,0.037517430784402096,0,nan,6,1e-06,176.7669097145309,120
2,3000,0,20310713,convex_hull,0.295232318175019,0.295232318175019,0.0,0,nan,6,1e-06,nan,120
2,3000,0,20310713,packing,0.22498232975215557,0.22498232975215557,0.1020803540643962,170,0.15,6,1e-06,nan,120
2,3000,0,20310713,christoffel,0.245736323382889,0.245736323382889,0.0,0,nan,6,1e-06,1348.294378237225,120
2,3000,1,20310714,convex_hull,0.30673543654056423,0.30673543654056423,0.0,0,nan,6,1e-06,nan,120
2,3000,1,20310714,packing,0.2322260898368367,0.2322260898368367,0.07771817490247646,170,0.15,6,1e-06,nan,120
2,3000,1,20310714,christoffel,0.2518684345810418,0.2518684345810418,0.0,0,nan,6,1e-06,1040.1769750162782,120
2,3000,2,20310715,convex_hull,0.40002019470288575,0.40002019470288575,0.0,0,nan,6,1e-06,nan,120
2,3000,2,20310715,packing,0.2845370388628279,0.2845370388628279,0.08911642989803759,180,0.15,6,1e-06,nan,120
2,3000,2,20310715,christoffel,0.2541978468326227,0.2541978468326227,0.0,0,nan,6,1e-06,993.7945104516236,120
2,3000,3,20310716,convex_hull,0.3129352312532537,0.3129352312532537,0.0,0,nan,6,1e-06,nan,120
2,3000,3,20310716,packing,0.2605588782921172,0.2605588782921172,0.08235346897097184,169,0.15,6,1e-06,nan,120
2,3000,3,20310716,christoffel,0.2012520136980645,0.2012520136980645,0.0,0,nan,6,1e-06,1326.3080281912728,120
2,3000,4,20310717,convex_hull,0.281461393669416,0.281461393669416,0.0,0,nan,6,1e-06,nan,120
2,3000,4,20310717,packing,0.19891079925004043,0.19891079925004043,0.06508011708506559,183,0.15,6,1e-06,nan,120
2,3000,4,20310717,christoffel,0.25419784683262214,0.25419784683262214,0.0,0,nan,6,1e-06,839.8826249608496,120
2,3000,5,20310718,convex_hull,0.4112345460635469,0.4112345460635469,0.0,0,nan,6,1e-06,nan,120
2,3000,5,20310718,packing,0.36213285923256633,0.36213285923256633,0.10326711830295321,173,0.15,6,1e-06,nan,120
2,3000,5,20310718,christoffel,0.3071606639071167,0.3071606639071167,0.0,0,nan,6,1e-06,1153.7359478260257,120
2,3000,6,20310719,convex_hull,0.30738777685291424,0.30738777685291424,0.0,0,nan,6,1e-06,nan,120
2,3000,6,20310719,packing,0.2668298672046705,0.2668298672046705,0.10759393320892752,167,0.15,6,1e-06,nan,120
2,3000,6,20310719,christoffel,0.25419784683262214,0.25419784683262214,0.0,0,nan,6,1e-06,1252.9869515430428,120
2,3000,7,20310720,convex_hull,0.24282754117821426,0.24282754117821426,0.0,0,nan,6,1e-06,nan,120
2,3000,7,20310720,packing,0.20545620374766846,0.20545620374766846,0.07573869090911031,172,0.15,6,1e-06,nan,120
2,3000,7,20310720,christoffel,0.1759296009241543,0.1759296009241543,0.0,0,nan,6,1e-06,1261.865789619274,120
2,3000,8,20310721,convex_hull,0.36108497449955734,0.36108497449955734,0.0,0,nan,6,1e-06,nan,120
2,3000,8,20310721,packing,0.2654683559446557,0.2654683559446557,0.06340426713375713,174,0.15,6,1e-06,nan,120
2,3000,8,20310721,christoffel,0.3071606639071167,0.3071606639071167,0.0,0,nan,6,1e-06,748.1548679985565,120
2,3000,9,20310722,convex_hull,0.4019058794982441,0.4019058794982441,0.0,0,nan,6,1e-06,nan,120
2,3000,9,20310722,packing,0.32953316147408906,0.32953316147408906,0.11705274748652728,167,0.15,6,1e-06,nan,120
2,3000,9,20310722,christoffel,0.25419784683262214,0.25419784683262214,0.0,0,nan,6,1e-06,1545.8634489132028,120
2,3000,10,20310723,convex_hull,0.30418881463583586,0.30418881463583586,0.0,0,nan,6,1e-06,nan,120
2,3000,10,20310723,packing,0.2955783534993631,0.2955783534993631,0.08155410434743149,169,0.15,6,1e-06,nan,120
2,3000,10,20310723,christoffel,0.271293539099076,0.271293539099076,0.0,0,nan,6,1e-06,960.1075308376547,120
2,3000,11,20310724,convex_hull,0.3449752547844951,0.3449752547844951,0.0,0,nan,6,1e-06,nan,120
2,3000,11,20310724,packing,0.25515945861489797,0.25515945861489797,0.1214905827281556,169,0.15,6,1e-06,nan,120
2,3000,11,20310724,christoffel,0.25419784683262214,0.25419784683262214,0.0,0,nan,6,1e-06,1173.2173096860452,120
2,3000,12,20310725,convex_hull,0.2679903424307628,0.2679903424307628,0.0,0,nan,6,1e-06,nan,120
2,3000,12,20310725,packing,0.24258339156499573,0.24258339156499573,0.08491584738909896,176,0.15,6,1e-06,nan,120
2,3000,12,20310725,christoffel,0.14834135128619733,0.14834135128619733,0.0,0,nan,6,1e-06,1018.6497588125513,120
2,3000,13,20310726,convex_hull,0.40980842056283184,0.40980842056283184,0.0,0,nan,6,1e-06,nan,120
2,3000,13,20310726,packing,0.34772250030425544,0.34772250030425544,0.09012983469550517,178,0.15,6,1e-06,nan,120
2,3000,13,20310726,christoffel,0.31352503122400205,0.31352503122400205,0.0,0,nan,6,1e-06,864.3008053481404,120
2,3000,14,20310727,convex_hull,0.3483825057646633,0.3483825057646633,0.0,0,nan,6,1e-06,nan,120
2,3000,14,20310727,packing,0.25375068146288426,0.25375068146288426,0.11277601207271959,171,0.15,6,1e-06,nan,120
2,3000,14,20310727,christoffel,0.26744795931124393,0.26744795931124393,0.0,0,nan,6,1e-06,1064.7433411484485,120
2,3000,15,20310728,convex_hull,0.3382493749609778,0.3382493749609778,0.0,0,nan,6,1e-06,nan,120
2,3000,15,20310728,packing,0.2672668682335474,0.2672668682335474,0.10739349520220487,175,0.15,6,1e-06,nan,120
2,3000,15,20310728,christoffel,0.1951159607126408,0.1951159607126408,0.006173331345568603,0,nan,6,1e-06,1378.1542085382268,120
2,3000,16,20310729,convex_hull,0.2749564637160482,0.2749564637160482,0.0,0,nan,6,1e-06,nan,120
2,3000,16,20310729,packing,0.22619870556654773,0.22619870556654773,0.07182070140182249,179,0.15,6,1e-06,nan,120
2,3000,16,20310729,christoffel,0.2012520136980645,0.2012520136980645,0.0,0,nan,6,1e-06,1301.1953545995525,120
2,3000,17,20310730,convex_hull,0.4253958114929468,0.4253958114929468,0.0,0,nan,6,1e-06,nan,120
2,3000,17,20310730,packing,0.2882748918059006,0.2882748918059006,0.10108349131468353,165,0.15,6,1e-06,nan,120
2,3000,17,20310730,christoffel,0.3071606639071164,0.3071606639071164,0.0,0,nan,6,1e-06,1383.5622532507753,120
2,3000,18,20310731,convex_hull,0.2996791298898459,0.2996791298898459,0.0,0,nan,6,1e-06,nan,120
2,3000,18,20310731,packing,0.1955788431994213,0.1955788431994213,0.05512029780547323,171,0.15,6,1e-06,nan,120
2,3000,18,20310731,christoffel,0.20125201369806528,0.20125201369806528,0.0,0,nan,6,1e-06,824.5152994255108,120
2,3000,19,20310732,convex_hull,0.36560154144543316,0.36560154144543316,0.0,0,nan,6,1e-06,nan,120
2,3000,19,20310732,packing,0.3002984516278424,0.3002984516278424,0.12366201218182704,176,0.15,6,1e-06,nan,120
2,3000,19,20310732,christoffel,0.25419784683262214,0.25419784683262214,0.012222019140403719,0,nan,6,1e-06,1552.1189591735363,120
2,3000,20,20310733,convex_hull,0.3787859390010914,0.3787859390010914,0.0,0,nan,6,1e-06,nan,120
2,3000,20,20310733,packing,0.2606854234349194,0.2606854234349194,0.07614766842072151,174,0.15,6,1e-06,nan,120
2,3000,20,20310733,christoffel,0.2541978468326227,0.2541978468326227,0.0,0,nan,6,1e-06,1339.4890771875473,120
2,3000,21,20310734,convex_hull,0.4704409785363716,0.4704409785363716,0.0,0,nan,6,1e-06,nan,120
2,3000,21,20310734,packing,0.365728979300626,0.365728979300626,0.0955887404848974,167,0.15,6,1e-06,nan,120
2,3000,21,20310734,christoffel,0.3071606639071164,0.3071606639071164,0.0,0,nan,6,1e-06,1386.8487842843194,120
2,3000,22,20310735,convex_hull,0.3212102072070304,0.3212102072070304,0.0,0,nan,6,1e-06,nan,120
2,3000,22,20310735,packing,0.27608648231608546,0.27608648231608546,0.10468258106550299,173,0.15,6,1e-06,nan,120
2,3000,22,20310735,christoffel,0.2012520136980645,0.2012520136980645,0.0,0,nan,6,1e-06,1248.730477567332,120
2,3000,23,20310736,convex_hull,0.3473286147744513,0.3473286147744513,0.0,0,nan,6,1e-06,nan,120
2,3000,23,20310736,packing,0.23199482668565127,0.23199482668565127,0.10319701975277984,173,0.15,6,1e-06,nan,120
2,3000,23,20310736,christoffel,0.3071606639071167,0.3071606639071167,0.0,0,nan,6,1e-06,1055.6290740965558,120
2,3000,24,20310737,convex_hull,0.29766647171410243,0.29766647171410243,0.0,0,nan,6,1e-06,nan,120
2,3000,24,20310737,packing,0.2505545653730722,0.2505545653730722,0.09117913137685107,182,0.15,6,1e-06,nan,120
2,3000,24,20310737,christoffel,0.274963919116942,0.274963919116942,0.0,0,nan,6,1e-06,1012.1177472703275,120
2,3000,25,20310738,convex_hull,0.3780414093385468,0.3780414093385468,0.0,0,nan,6,1e-06,nan,120
2,3000,25,20310738,packing,0.2888946551371251,0.2888946551371251,0.09329338382753849,174,0.15,6,1e-06,nan,120
2,3000,25,20310738,christoffel,0.2541978468326227,0.2541978468326227,0.0,0,nan,6,1e-06,1090.6926600502748,120
2,3000,26,20310739,convex_hull,0.31588279041485307,0.31588279041485307,0.0,0,nan,6,1e-06,nan,120
2,3000,26,20310739,packing,0.214301433342121,0.214301433342121,0.09676428531703518,175,0.15,6,1e-06,nan,120
2,3000,26,20310739,christoffel,0.20125201369806528,0.20125201369806528,0.0,0,nan,6,1e-06,1425.5378392116713,120
2,3000,27,20310740,convex_hull,0.32393519580286945,0.32393519580286945,0.0,0,nan,6,1e-06,nan,120
2,3000,27,20310740,packing,0.2954607218344011,0.2954607218344011,0.11070665038598321,174,0.15,6,1e-06,nan,120
2,3000,27,20310740,christoffel,0.2059338820246909,0.2059338820246909,0.0,0,nan,6,1e-06,1358.7189322381087,120
2,3000,28,20310741,convex_hull,0.5012156320428931,0.5012156320428931,0.0,0,nan,6,1e-06,nan,120
2,3000,28,20310741,packing,0.36497891727929843,0.36497891727929843,0.0940909779330722,171,0.15,6,1e-06,nan,120
2,3000,28,20310741,christoffel,0.3071606639071167,0.3071606639071167,0.0,0,nan,6,1e-06,1501.0851531708677,120
2,3000,29,20310742,convex_hull,0.4005781586379361,0.4005781586379361,0.0,0,nan,6,1e-06,nan,120
2,3000,29,20310742,packing,0.3242094480324521,0.3242094480324521,0.09110829837953294,180,0.15,6,1e-06,nan,120
2,3000,29,20310742,christoffel,0.3071606639071164,0.3071606639071164,0.0,0,nan,6,1e-06,1066.0115741740376,120
2,3000,30,20310743,convex_hull,0.3369412102941599,0.3369412102941599,0.0,0,nan,6,1e-06,nan,120
2,3000,30,20310743,packing,0.21706255922284087,0.21706255922284087,0.10978125278600714,174,0.15,6,1e-06,nan,120
2,3000,30,20310743,christoffel,0.3071606639071164,0.3071606639071164,0.0,0,nan,6,1e-06,1018.8793894994918,120
2,3000,31,20310744,convex_hull,0.2559587733063219,0.2559587733063219,0.0,0,nan,6,1e-06,nan,120
2,3000,31,20310744,packing,0.24124789504601243,0.24124789504601243,0.11130755568205108,171,0.15,6,1e-06,nan,120
2,3000,31,20310744,christoffel,0.16202378955556024,0.16202378955556024,0.0,0,nan,6,1e-06,1442.818781503642,120
2,3000,32,20310745,convex_hull,0.3527816151761238,0.3527816151761238,0.0,0,nan,6,1e-06,nan,120
2,3000,32,20310745,packing,0.2505762233763089,0.2505762233763089,0.1448220517638079,177,0.15,6,1e-06,nan,120
2,3000,32,20310745,christoffel,0.2012520136980645,0.2012520136980645,0.010923523265718408,0,nan,6,1e-06,1598.023048675172,120
2,3000,33,20310746,convex_hull,0.28897688776434727,0.28897688776434727,0.0,0,nan,6,1e-06,nan,120
2,3000,33,20310746,packing,0.28513998226994164,0.28513998226994164,0.09934462188981286,172,0.15,6,1e-06,nan,120
2,3000,33,20310746,christoffel,0.2541978468326227,0.2541978468326227,0.0,0,nan,6,1e-06,1172.0934306685874,120
2,3000,34,20310747,convex_hull,0.35790897598318033,0.35790897598318033,0.0,0,nan,6,1e-06,nan,120
2,3000,34,20310747,packing,0.28394702903477076,0.28394702903477076,0.10806533363829185,174,0.15,6,1e-06,nan,120
2,3000,34,20310747,christoffel,0.2012520136980645,0.2012520136980645,0.0,0,nan,6,1e-06,1333.452073387344,120
2,3000,35,20310748,convex_hull,0.31504781455448544,0.31504781455448544,0.0,0,nan,6,1e-06,nan,120
2,3000,35,20310748,packing,0.2838441060604713,0.2838441060604713,0.11335795331324694,170,0.15,6,1e-06,nan,120
2,3000,35,20310748,christoffel,0.14834135128619733,0.14834135128619733,0.0,0,nan,6,1e-06,1512.055015350929,120
2,3000,36,20310749,convex_hull,0.3551553010696032,0.3551553010696032,0.0,0,nan,6,1e-06,nan,120
2,3000,36,20310749,packing,0.3466063568901713,0.3466063568901713,0.10060657913403814,169,0.15,6,1e-06,nan,120
2,3000,36,20310749,christoffel,0.2012520136980645,0.2012520136980645,0.0,0,nan,6,1e-06,1545.6900697784108,120
2,3000,37,20310750,convex_hull,0.3423070120613222,0.3423070120613222,0.0,0,nan,6,1e-06,nan,120
2,3000,37,20310750,packing,0.2978524686584947,0.2978524686584947,0.056221573072673725,175,0.15,6,1e-06,nan,120
2,3000,37,20310750,christoffel,0.2541978468326227,0.2541978468326227,0.0,0,nan,6,1e-06,840.9003565527673,120
2,3000,38,20310751,convex_hull,0.29610674219355976,0.29610674219355976,0.0,0,nan,6,1e-06,nan,120
2,3000,38,20310751,packing,0.24775594975623702,0.24775594975623702,0.12090511256576153,172,0.15,6,1e-06,nan,120
2,3000,38,20310751,christoffel,0.2012520136980645,0.2012520136980645,0.0004246331801999446,0,nan,6,1e-06,1480.3179242572276,120
2,3000,39,20310752,convex_hull,0.337483565152553,0.337483565152553,0.0,0,nan,6,1e-06,nan,120
2,3000,39,20310752,packing,0.23020525425174418,0.23020525425174418,0.12785302110514163,172,0.15,6,1e-06,nan,120
2,3000,39,20310752,christoffel,0.2012520136980645,0.2012520136980645,0.0,0,nan,6,1e-06,1450.7600775857134,120
2,3000,40,20310753,convex_hull,0.3772700527414639,0.3772700527414639,0.0,0,nan,6,1e-06,nan,120
2,3000,40,20310753,packing,0.2712883180656752,0.2712883180656752,0.08131509817244442,174,0.15,6,1e-06,nan,120
2,3000,40,20310753,christoffel,0.3071606639071164,0.3071606639071164,0.0,0,nan,6,1e-06,1243.3517288244911,120
2,3000,41,20310754,convex_hull,0.3289262841662638,0.3289262841662638,0.0,0,nan,6,1e-06,nan,120
2,3000,41,20310754,packing,0.2579438646355364,0.2579438646355364,0.08726517757635666,179,0.15,6,1e-06,nan,120
2,3000,41,20310754,christoffel,0.20125201369806528,0.20125201369806528,0.0,0,nan,6,1e-06,1096.6441260549047,120
2,3000,42,20310755,convex_hull,0.44103673028449536,0.44103673028449536,0.0,0,nan,6,1e-06,nan,120
2,3000,42,20310755,packing,0.39662496563831706,0.39662496563831706,0.10866232763190387,171,0.15,6,1e-06,nan,120
2,3000,42,20310755,christoffel,0.3071606639071167,0.3071606639071167,0.00042463318020004493,0,nan,6,1e-06,1578.0693175878307,120
2,3000,43,20310756,convex_hull,0.40372710167548737,0.40372710167548737,0.0,0,nan,6,1e-06,nan,120
2,3000,43,20310756,packing,0.3533972085245062,0.3533972085245062,0.08365583994646053,169,0.15,6,1e-06,nan,120
2,3000,43,20310756,christoffel,0.3068853911850655,0.3068853911850655,0.0,0,nan,6,1e-06,1149.8491194746152,120
2,3000,44,20310757,convex_hull,0.3894756789763653,0.3894756789763653,0.0,0,nan,6,1e-06,nan,120
2,3000,44,20310757,packing,0.3270060904817176,0.3270060904817176,0.09965643303267469,178,0.15,6,1e-06,nan,120
2,3000,44,20310757,christoffel,0.3071606639071167,0.3071606639071167,0.0,0,nan,6,1e-06,944.0019884110742,120
2,3000,45,20310758,convex_hull,0.437738951803757,0.437738951803757,0.0,0,nan,6,1e-06,nan,120
2,3000,45,20310758,packing,0.45952856114088825,0.45952856114088825,0.1063939127363489,169,0.15,6,1e-06,nan,120
2,3000,45,20310758,christoffel,0.3071606639071164,0.3071606639071164,0.0,0,nan,6,1e-06,1308.2077884652151,120
2,3000,46,20310759,convex_hull,0.32232191048331543,0.32232191048331543,0.0,0,nan,6,1e-06,nan,120
2,3000,46,20310759,packing,0.29852804900747076,0.29852804900747076,0.06144190725640608,172,0.15,6,1e-06,nan,120
2,3000,46,20310759,christoffel,0.2541978468326227,0.2541978468326227,0.0,0,nan,6,1e-06,827.0806324737498,120
2,3000,47,20310760,convex_hull,0.2863394244666562,0.2863394244666562,0.0,0,nan,6,1e-06,nan,120
2,3000,47,20310760,packing,0.2547491421998318,0.2547491421998318,0.09133815998813832,174,0.15,6,1e-06,nan,120
2,3000,47,20310760,christoffel,0.21430759638199048,0.21430759638199048,0.0,0,nan,6,1e-06,1425.8044935847968,120
2,3000,48,20310761,convex_hull,0.3251943291646955,0.3251943291646955,0.0,0,nan,6,1e-06,nan,120
2,3000,48,20310761,packing,0.24006891814903694,0.24006891814903694,0.10608955503638517,168,0.15,6,1e-06,nan,120
2,3000,48,20310761,christoffel,0.2541978468326227,0.2541978468326227,0.0,0,nan,6,1e-06,1314.396172474213,120
2,3000,49,20310762,convex_hull,0.31245625655465536,0.31245625655465536,0.0,0,nan,6,1e-06,nan,120
2,3000,49,20310762,packing,0.2325376793811558,0.2325376793811558,0.07965831084366948,170,0.15,6,1e-06,nan,120
2,3000,49,20310762,christoffel,0.2541978468326227,0.2541978468326227,0.0,0,nan,6,1e-06,1080.0808352363667,120
4,3000,0,20310713,convex_hull,0.683525225893689,0.683525225893689,0.0,0,nan,6,1e-06,nan,120
4,3000,0,20310713,packing,0.5375987713416668,0.5375987713416668,0.0,129,0.15,6,1e-06,nan,120
4,3000,0,20310713,christoffel,0.5722141630889522,0.5722141630889522,0.0,0,nan,6,1e-06,1579.315555440216,120
4,3000,1,20310714,convex_hull,0.6487574373550304,0.6487574373550304,0.0,0,nan,6,1e-06,nan,120
4,3000,1,20310714,packing,0.5075389566436087,0.5075389566436087,0.0,128,0.15,6,1e-06,nan,120
4,3000,1,20310714,christoffel,0.5720643766657875,0.5720643766657875,0.0,0,nan,6,1e-06,1194.512981920075,120
4,3000,2,20310715,convex_hull,0.73036100637198,0.73036100637198,0.0,0,nan,6,1e-06,nan,120
4,3000,2,20310715,packing,0.6180412911924167,0.6180412911924167,0.0,130,0.15,6,1e-06,nan,120
4,3000,2,20310715,christoffel,0.5720643766657876,0.5720643766657876,0.0,0,nan,6,1e-06,1776.3920713087996,120
4,3000,3,20310716,convex_hull,0.68852182377819,0.68852182377819,0.0,0,nan,6,1e-06,nan,120
4,3000,3,20310716,packing,0.5396669112497153,0.5396669112497153,0.012811569250031019,129,0.15,6,1e-06,nan,120
4,3000,3,20310716,christoffel,0.5190777821569491,0.5190777821569491,0.0,0,nan,6,1e-06,1979.501771802377,120
4,3000,4,20310717,convex_hull,0.5970721187409812,0.5970721187409812,0.0,0,nan,6,1e-06,nan,120
4,3000,4,20310717,packing,0.4585856298373888,0.4585856298373888,0.0,131,0.15,6,1e-06,nan,120
4,3000,4,20310717,christoffel,0.5720643766657876,0.5720643766657876,0.0,0,nan,6,1e-06,1201.790083225967,120
4,3000,5,20310718,convex_hull,0.7962925932915675,0.7962925932915675,0.0,0,nan,6,1e-06,nan,120
4,3000,5,20310718,packing,0.657222185789162,0.657222185789162,0.0,122,0.15,6,1e-06,nan,120
4,3000,5,20310718,christoffel,0.6400938189991546,0.6400938189991546,0.0,0,nan,6,1e-06,1514.9573348266622,120
4,3000,6,20310719,convex_hull,0.6781610276420112,0.6781610276420112,0.0,0,nan,6,1e-06,nan,120
4,3000,6,20310719,packing,0.5281610276420112,0.5281610276420112,0.0,127,0.15,6,1e-06,nan,120
4,3000,6,20310719,christoffel,0.5720643766657875,0.5720643766657875,0.0,0,nan,6,1e-06,1770.5211308260118,120
4,3000,7,20310720,convex_hull,0.7180534346284579,0.7180534346284579,0.0,0,nan,6,1e-06,nan,120
4,3000,7,20310720,packing,0.5792827963565974,0.5792827963565974,0.020639628857029635,121,0.15,6,1e-06,nan,120
4,3000,7,20310720,christoffel,0.5720643766657876,0.5720643766657876,0.0,0,nan,6,1e-06,2060.358149876296,120
4,3000,8,20310721,convex_hull,0.6008348157552668,0.6008348157552668,0.0,0,nan,6,1e-06,nan,120
4,3000,8,20310721,packing,0.5051566193600834,0.5051566193600834,0.011401508860580334,125,0.15,6,1e-06,nan,120
4,3000,8,20310721,christoffel,0.4660931158133984,0.4660931158133984,0.0,0,nan,6,1e-06,1823.6313731282557,120
4,3000,9,20310722,convex_hull,0.6930154448146985,0.6930154448146985,0.0,0,nan,6,1e-06,nan,120
4,3000,9,20310722,packing,0.5430154448146984,0.5430154448146984,0.02401479313816246,118,0.15,6,1e-06,nan,120
4,3000,9,20310722,christoffel,0.5720643766657875,0.5720643766657875,0.0,0,nan,6,1e-06,1957.913942950596,120
4,3000,10,20310723,convex_hull,0.8581425910121708,0.8581425910121708,0.0,0,nan,6,1e-06,nan,120
4,3000,10,20310723,packing,0.8273875299114065,0.8273875299114065,0.03981688541500139,116,0.15,6,1e-06,nan,120
4,3000,10,20310723,christoffel,0.6250524089800454,0.6250524089800454,0.0,0,nan,6,1e-06,2044.720739276923,120
4,3000,11,20310724,convex_hull,0.6571012839181989,0.6571012839181989,0.0,0,nan,6,1e-06,nan,120
4,3000,11,20310724,packing,0.5136165334250284,0.5136165334250284,0.0,128,0.15,6,1e-06,nan,120
4,3000,11,20310724,christoffel,0.5446055673769522,0.5446055673769522,0.0,0,nan,6,1e-06,1811.2503448002471,120
4,3000,12,20310725,convex_hull,0.7444523363739465,0.7444523363739465,0.0,0,nan,6,1e-06,nan,120
4,3000,12,20310725,packing,0.6528223913333852,0.6528223913333852,0.0,124,0.15,6,1e-06,nan,120
4,3000,12,20310725,christoffel,0.6251611888741493,0.6251611888741493,0.0,0,nan,6,1e-06,1253.6611081674246,120
4,3000,13,20310726,convex_hull,0.4204291811594106,0.4204291811594106,0.0,0,nan,6,1e-06,nan,120
4,3000,13,20310726,packing,0.4135569412934411,0.4135569412934411,0.0,131,0.15,6,1e-06,nan,120
4,3000,13,20310726,christoffel,0.35698712448836967,0.35698712448836967,0.0,0,nan,6,1e-06,2163.7141455597407,120
4,3000,14,20310727,convex_hull,0.6555420286544704,0.6555420286544704,0.0,0,nan,6,1e-06,nan,120
4,3000,14,20310727,packing,0.5569446163668611,0.5569446163668611,0.0,125,0.15,6,1e-06,nan,120
4,3000,14,20310727,christoffel,0.5193009999351273,0.5193009999351273,0.0,0,nan,6,1e-06,1451.654732102943,120
4,3000,15,20310728,convex_hull,0.703826938430342,0.703826938430342,0.0,0,nan,6,1e-06,nan,120
4,3000,15,20310728,packing,0.6514466437355121,0.6514466437355121,0.0017351133325519408,119,0.15,6,1e-06,nan,120
4,3000,15,20310728,christoffel,0.5720643766657876,0.5720643766657876,0.0,0,nan,6,1e-06,1617.7295093753203,120
4,3000,16,20310729,convex_hull,0.5910511952710588,0.5910511952710588,0.0,0,nan,6,1e-06,nan,120
4,3000,16,20310729,packing,0.47158401526630156,0.47158401526630156,0.0,122,0.15,6,1e-06,nan,120
4,3000,16,20310729,christoffel,0.5190777821569491,0.5190777821569491,0.0,0,nan,6,1e-06,1229.9247976025738,120
4,3000,17,20310730,convex_hull,0.8076425027893692,0.8076425027893692,0.0,0,nan,6,1e-06,nan,120
4,3000,17,20310730,packing,0.6582504055743147,0.6582504055743147,0.056385378966359534,121,0.15,6,1e-06,nan,120
4,3000,17,20310730,christoffel,0.6250524089800462,0.6250524089800462,0.0,0,nan,6,1e-06,2357.3955985662733,120
4,3000,18,20310731,convex_hull,0.8818749878182319,0.8818749878182319,0.0,0,nan,6,1e-06,nan,120
4,3000,18,20310731,packing,0.7347188174337151,0.7347188174337151,0.0,124,0.15,6,1e-06,nan,120
4,3000,18,20310731,christoffel,0.7310315364041119,0.7310315364041119,0.0,0,nan,6,1e-06,1172.7346339913934,120
4,3000,19,20310732,convex_hull,0.8553805799377253,0.8553805799377253,0.0,0,nan,6,1e-06,nan,120
4,3000,19,20310732,packing,0.8359093066320078,0.8359093066320078,0.004283968582977193,121,0.15,6,1e-06,nan,120
4,3000,19,20310732,christoffel,0.7310315364041119,0.7310315364041119,0.0,0,nan,6,1e-06,1518.8690797348675,120
4,3000,20,20310733,convex_hull,0.709994520210952,0.709994520210952,0.0,0,nan,6,1e-06,nan,120
4,3000,20,20310733,packing,0.5682536083672227,0.5682536083672227,0.013291616666235795,121,0.15,6,1e-06,nan,120
4,3000,20,20310733,christoffel,0.6250524089800462,0.6250524089800462,0.0,0,nan,6,1e-06,1275.545894694251,120
4,3000,21,20310734,convex_hull,0.7501697763008821,0.7501697763008821,0.0,0,nan,6,1e-06,nan,120
4,3000,21,20310734,packing,0.6276717925675065,0.6276717925675065,0.0019028668373826108,130,0.15,6,1e-06,nan,120
4,3000,21,20310734,christoffel,0.5720643766657876,0.5720643766657876,0.0,0,nan,6,1e-06,1823.486425955845,120
4,3000,22,20310735,convex_hull,0.6241213021792534,0.6241213021792534,0.0,0,nan,6,1e-06,nan,120
4,3000,22,20310735,packing,0.4741213021792534,0.4741213021792534,0.0,126,0.15,6,1e-06,nan,120
4,3000,22,20310735,christoffel,0.6130016816597718,0.6130016816597718,0.0,0,nan,6,1e-06,1414.6481720989157,120
4,3000,23,20310736,convex_hull,0.7269086821600185,0.7269086821600185,0.0,0,nan,6,1e-06,nan,120
4,3000,23,20310736,packing,0.5769086821600184,0.5769086821600184,0.019650710077597,118,0.15,6,1e-06,nan,120
4,3000,23,20310736,christoffel,0.6250524089800462,0.6250524089800462,0.0,0,nan,6,1e-06,1692.3021588753236,120
4,3000,24,20310737,convex_hull,0.6685235734107023,0.6685235734107023,0.0,0,nan,6,1e-06,nan,120
4,3000,24,20310737,packing,0.518651209361649,0.518651209361649,0.0,133,0.15,6,1e-06,nan,120
4,3000,24,20310737,christoffel,0.5218482541769675,0.5218482541769675,0.0,0,nan,6,1e-06,1543.572474841204,120
4,3000,25,20310738,convex_hull,0.7605258143450043,0.7605258143450043,0.0,0,nan,6,1e-06,nan,120
4,3000,25,20310738,packing,0.6387713548263408,0.6387713548263408,0.0,128,0.15,6,1e-06,nan,120
4,3000,25,20310738,christoffel,0.5720643766657876,0.5720643766657876,0.0,0,nan,6,1e-06,1967.02616713616,120
4,3000,26,20310739,convex_hull,0.8111035889101643,0.8111035889101643,0.0,0,nan,6,1e-06,nan,120
4,3000,26,20310739,packing,0.7156065544173825,0.7156065544173825,0.0,121,0.15,6,1e-06,nan,120
4,3000,26,20310739,christoffel,0.6296071150490612,0.6296071150490612,0.0,0,nan,6,1e-06,1569.8468369081252,120
4,3000,27,20310740,convex_hull,0.4282752323088764,0.4282752323088764,0.0,0,nan,6,1e-06,nan,120
4,3000,27,20310740,packing,0.388594632296805,0.388594632296805,0.041140580592270104,128,0.15,6,1e-06,nan,120
4,3000,27,20310740,christoffel,0.3207970275798975,0.3207970275798975,0.0,0,nan,6,1e-06,2434.861368358069,120
4,3000,28,20310741,convex_hull,0.8756547174305387,0.8756547174305387,0.0,0,nan,6,1e-06,nan,120
4,3000,28,20310741,packing,0.7355790950084412,0.7355790950084412,0.009427155695159617,120,0.15,6,1e-06,nan,120
4,3000,28,20310741,christoffel,0.7310315364041121,0.7310315364041121,0.0,0,nan,6,1e-06,1217.1108723861203,120
4,3000,29,20310742,convex_hull,0.8612234583265546,0.8612234583265546,0.0,0,nan,6,1e-06,nan,120
4,3000,29,20310742,packing,0.7888061402269642,0.7888061402269642,0.0,121,0.15,6,1e-06,nan,120
4,3000,29,20310742,christoffel,0.6250524089800462,0.6250524089800462,0.0,0,nan,6,1e-06,1777.7492628468358,120
4,3000,30,20310743,convex_hull,0.7045738647999211,0.7045738647999211,0.0,0,nan,6,1e-06,nan,120
4,3000,30,20310743,packing,0.675319892111711,0.675319892111711,0.0,121,0.15,6,1e-06,nan,120
4,3000,30,20310743,christoffel,0.6400938189991546,0.6400938189991546,0.0,0,nan,6,1e-06,1190.1795941456928,120
4,3000,31,20310744,convex_hull,0.6982167765602113,0.6982167765602113,0.0,0,nan,6,1e-06,nan,120
4,3000,31,20310744,packing,0.5929514058689347,0.5929514058689347,0.021369919685719996,124,0.15,6,1e-06,nan,120
4,3000,31,20310744,christoffel,0.5582055588797693,0.5582055588797693,0.0,0,nan,6,1e-06,1931.4393537208434,120
4,3000,32,20310745,convex_hull,0.7101880320338213,0.7101880320338213,0.0,0,nan,6,1e-06,nan,120
4,3000,32,20310745,packing,0.5755653991984987,0.5755653991984987,0.0,122,0.15,6,1e-06,nan,120
4,3000,32,20310745,christoffel,0.5720643766657876,0.5720643766657876,0.0,0,nan,6,1e-06,1536.4493762928514,120
4,3000,33,20310746,convex_hull,0.7370686056325382,0.7370686056325382,0.0,0,nan,6,1e-06,nan,120
4,3000,33,20310746,packing,0.6229799848696601,0.6229799848696601,0.0,124,0.15,6,1e-06,nan,120
4,3000,33,20310746,christoffel,0.6250524089800462,0.6250524089800462,0.0,0,nan,6,1e-06,1344.9325837842773,120
4,3000,34,20310747,convex_hull,0.7360647370817163,0.7360647370817163,0.0,0,nan,6,1e-06,nan,120
4,3000,34,20310747,packing,0.7017487393386387,0.7017487393386387,0.014629386957667134,114,0.15,6,1e-06,nan,120
4,3000,34,20310747,christoffel,0.5720643766657876,0.5720643766657876,0.0,0,nan,6,1e-06,1977.5473887593682,120
4,3000,35,20310748,convex_hull,0.6805130979149479,0.6805130979149479,0.0,0,nan,6,1e-06,nan,120
4,3000,35,20310748,packing,0.5713772716863373,0.5713772716863373,0.0,124,0.15,6,1e-06,nan,120
4,3000,35,20310748,christoffel,0.5190777821569488,0.5190777821569488,0.0,0,nan,6,1e-06,1810.491340906429,120
4,3000,36,20310749,convex_hull,0.7495522713483027,0.7495522713483027,0.0,0,nan,6,1e-06,nan,120
4,3000,36,20310749,packing,0.5995522713483027,0.5995522713483027,0.0,120,0.15,6,1e-06,nan,120
4,3000,36,20310749,christoffel,0.6250524089800454,0.6250524089800454,0.0,0,nan,6,1e-06,1744.530106214769,120
4,3000,37,20310750,convex_hull,0.722390647797334,0.722390647797334,0.0,0,nan,6,1e-06,nan,120
4,3000,37,20310750,packing,0.57528997573764,0.57528997573764,0.0,121,0.15,6,1e-06,nan,120
4,3000,37,20310750,christoffel,0.6250524089800462,0.6250524089800462,0.0,0,nan,6,1e-06,1167.0986550873088,120
4,3000,38,20310751,convex_hull,0.7341161751371542,0.7341161751371542,0.0,0,nan,6,1e-06,nan,120
4,3000,38,20310751,packing,0.6064539601641113,0.6064539601641113,0.04296888412883604,131,0.15,6,1e-06,nan,120
4,3000,38,20310751,christoffel,0.5720643766657876,0.5720643766657876,0.0,0,nan,6,1e-06,2002.9263041924387,120
4,3000,39,20310752,convex_hull,0.7426971483454526,0.7426971483454526,0.0,0,nan,6,1e-06,nan,120
4,3000,39,20310752,packing,0.6101779992697952,0.6101779992697952,0.04657424704129587,123,0.15,6,1e-06,nan,120
4,3000,39,20310752,christoffel,0.5720643766657876,0.5720643766657876,0.0,0,nan,6,1e-06,2099.208003789584,120
4,3000,40,20310753,convex_hull,0.6527230557900846,0.6527230557900846,0.0,0,nan,6,1e-06,nan,120
4,3000,40,20310753,packing,0.5054051821015446,0.5054051821015446,0.0,129,0.15,6,1e-06,nan,120
4,3000,40,20310753,christoffel,0.6250524089800462,0.6250524089800462,0.0,0,nan,6,1e-06,1232.5400890152828,120
4,3000,41,20310754,convex_hull,0.789550677291255,0.789550677291255,0.0,0,nan,6,1e-06,nan,120
4,3000,41,20310754,packing,0.6915201669567052,0.6915201669567052,0.0,129,0.15,6,1e-06,nan,120
4,3000,41,20310754,christoffel,0.6250524089800454,0.6250524089800454,0.0,0,nan,6,1e-06,1451.0448388656155,120
4,3000,42,20310755,convex_hull,0.6975745224687727,0.6975745224687727,0.0,0,nan,6,1e-06,nan,120
4,3000,42,20310755,packing,0.5647741945577373,0.5647741945577373,0.015809661432063415,125,0.15,6,1e-06,nan,120
4,3000,42,20310755,christoffel,0.5720643766657875,0.5720643766657875,0.0,0,nan,6,1e-06,1532.1999595749294,120
4,3000,43,20310756,convex_hull,0.8042104103441874,0.8042104103441874,0.0,0,nan,6,1e-06,nan,120
4,3000,43,20310756,packing,0.6542104103441874,0.6542104103441874,0.0,126,0.15,6,1e-06,nan,120
4,3000,43,20310756,christoffel,0.6250524089800454,0.6250524089800454,0.0,0,nan,6,1e-06,1968.4152592477078,120
4,3000,44,20310757,convex_hull,0.6993630117653165,0.6993630117653165,0.0,0,nan,6,1e-06,nan,120
4,3000,44,20310757,packing,0.5958485415408479,0.5958485415408479,0.03586860860687424,123,0.15,6,1e-06,nan,120
4,3000,44,20310757,christoffel,0.5190777821569491,0.5190777821569491,0.0,0,nan,6,1e-06,2065.7421290188804,120
4,3000,45,20310758,convex_hull,0.6900659491608792,0.6900659491608792,0.0,0,nan,6,1e-06,nan,120
4,3000,45,20310758,packing,0.5731834853671539,0.5731834853671539,0.0,117,0.15,6,1e-06,nan,120
4,3000,45,20310758,christoffel,0.500622730845273,0.500622730845273,0.0,0,nan,6,1e-06,1999.7530624300891,120
4,3000,46,20310759,convex_hull,0.6100834728542804,0.6100834728542804,0.0,0,nan,6,1e-06,nan,120
4,3000,46,20310759,packing,0.4600834728542804,0.4600834728542804,0.039030605628255,127,0.15,6,1e-06,nan,120
4,3000,46,20310759,christoffel,0.5720643766657875,0.5720643766657875,0.0,0,nan,6,1e-06,2111.3862977941412,120
4,3000,47,20310760,convex_hull,0.6656128913467705,0.6656128913467705,0.0,0,nan,6,1e-06,nan,120
4,3000,47,20310760,packing,0.5652144981584788,0.5652144981584788,0.0,119,0.15,6,1e-06,nan,120
4,3000,47,20310760,christoffel,0.6190137169092864,0.6190137169092864,0.0,0,nan,6,1e-06,1315.6757369631262,120
4,3000,48,20310761,convex_hull,0.7247614213641238,0.7247614213641238,0.0,0,nan,6,1e-06,nan,120
4,3000,48,20310761,packing,0.6445686750471644,0.6445686750471644,0.0,123,0.15,6,1e-06,nan,120
4,3000,48,20310761,christoffel,0.6780415420121433,0.6780415420121433,0.0,0,nan,6,1e-06,1118.0577128534403,120
4,3000,49,20310762,convex_hull,0.6661744246394677,0.6661744246394677,0.0,0,nan,6,1e-06,nan,120
4,3000,49,20310762,packing,0.5292962260875198,0.5292962260875198,0.0,117,0.15,6,1e-06,nan,120
4,3000,49,20310762,christoffel,0.5720643766657875,0.5720643766657875,0.0,0,nan,6,1e-06,1923.3500013756548,120
0,10000,0,20320713,convex_hull,0.019045094550599908,0.019045094550599908,0.0,0,nan,6,1e-06,nan,120
0,10000,0,20320713,packing,0.1493938613648601,0.02414572903497672,0.1493938613648601,258,0.15,6,1e-06,nan,120
0,10000,0,20320713,christoffel,0.037278466221106456,0.037278466221106456,0.014076318536028856,0,nan,6,1e-06,145.42004521538124,120
0,10000,1,20320714,convex_hull,0.0166730898264762,0.0166730898264762,0.0,0,nan,6,1e-06,nan,120
0,10000,1,20320714,packing,0.14990357807911492,0.01762841165537643,0.14990357807911492,261,0.15,6,1e-06,nan,120
0,10000,1,20320714,christoffel,0.038595110714833326,0.038595110714833326,0.016637930972128175,0,nan,6,1e-06,150.7546397534902,120
0,10000,2,20320715,convex_hull,0.016117490240914276,0.016117490240914276,0.0,0,nan,6,1e-06,nan,120
0,10000,2,20320715,packing,0.14959164665426528,0.011356304248083093,0.14959164665426528,255,0.15,6,1e-06,nan,120
0,10000,2,20320715,christoffel,0.036965998189727685,0.036965998189727685,0.0166379309721278,0,nan,6,1e-06,146.40085507023164,120
0,10000,3,20320716,convex_hull,0.01750144568511304,0.01750144568511304,0.0,0,nan,6,1e-06,nan,120
0,10000,3,20320716,packing,0.14917942439998622,0.01896035917828165,0.14917942439998622,251,0.15,6,1e-06,nan,120
0,10000,3,20320716,christoffel,0.04314615708616706,0.04314615708616706,0.02088634268857657,0,nan,6,1e-06,154.72676705790045,120
0,10000,4,20320717,convex_hull,0.022203309250379163,0.022203309250379163,0.0,0,nan,6,1e-06,nan,120
0,10000,4,20320717,packing,0.14944404198675554,0.03580393568283233,0.14944404198675554,254,0.15,6,1e-06,nan,120
0,10000,4,20320717,christoffel,0.03277682533412152,0.03277682533412152,0.02088634268857705,0,nan,6,1e-06,154.0751599271,120
0,10000,5,20320718,convex_hull,0.022179191699745568,0.022179191699745568,0.0,0,nan,6,1e-06,nan,120
0,10000,5,20320718,packing,0.14759433550405143,0.021768474132038945,0.14759433550405143,246,0.15,6,1e-06,nan,120
0,10000,5,20320718,christoffel,0.04253268791748987,0.04253268791748987,0.018061584170299825,0,nan,6,1e-06,148.3785527735723,120
0,10000,6,20320719,convex_hull,0.017212805255117425,0.017212805255117425,0.0,0,nan,6,1e-06,nan,120
0,10000,6,20320719,packing,0.1493592280371776,0.02667294054614347,0.1493592280371776,257,0.15,6,1e-06,nan,120
0,10000,6,20320719,christoffel,0.034400357574845386,0.034400357574845386,0.013868929215800333,0,nan,6,1e-06,150.32801808958723,120
0,10000,7,20320720,convex_hull,0.013431194631578906,0.013431194631578906,0.0,0,nan,6,1e-06,nan,120
0,10000,7,20320720,packing,0.14517759275826347,0.024427684509852526,0.14517759275826347,259,0.15,6,1e-06,nan,120
0,10000,7,20320720,christoffel,0.038595110714833326,0.038595110714833326,0.006173331345568603,0,nan,6,1e-06,132.37221489678737,120
0,10000,8,20320721,convex_hull,0.01885470323802278,0.01885470323802278,0.0,0,nan,6,1e-06,nan,120
0,10000,8,20320721,packing,0.14937057047540936,0.009134240696707846,0.14937057047540936,263,0.15,6,1e-06,nan,120
0,10000,8,20320721,christoffel,0.03977430424338351,0.03977430424338351,0.02088634268857657,0,nan,6,1e-06,140.46933689496083,120
0,10000,9,20320722,convex_hull,0.02191138564519628,0.02191138564519628,0.0,0,nan,6,1e-06,nan,120
0,10000,9,20320722,packing,0.14972701636935049,0.016915744678708794,0.14972701636935049,253,0.15,6,1e-06,nan,120
0,10000,9,20320722,christoffel,0.0375486983706045,0.0375486983706045,0.01092352326571851,0,nan,6,1e-06,139.11749364620604,120
0,10000,10,20320723,convex_hull,0.018932476472723118,0.018932476472723118,0.0,0,nan,6,1e-06,nan,120
0,10000,10,20320723,packing,0.14832805976628516,0.01358807763568709,0.14832805976628516,262,0.15,6,1e-06,nan,120
0,10000,10,20320723,christoffel,0.04220145180355117,0.04220145180355117,0.017021133090228076,0,nan,6,1e-06,144.6605516036654,120
0,10000,11,20320724,convex_hull,0.015023663873340996,0.015023663873340996,0.0,0,nan,6,1e-06,nan,120
0,10000,11,20320724,packing,0.1489408650782591,0.015582448120222081,0.1489408650782591,253,0.15,6,1e-06,nan,120
0,10000,11,20320724,christoffel,0.038954899327333994,0.038954899327333994,0.018061584170299825,0,nan,6,1e-06,150.98144658237706,120
0,10000,12,20320725,convex_hull,0.02355876696950929,0.02355876696950929,0.0,0,nan,6,1e-06,nan,120
0,10000,12,20320725,packing,0.14974940849921436,0.026651268745870038,0.14974940849921436,253,0.15,6,1e-06,nan,120
0,10000,12,20320725,christoffel,0.03859001765698125,0.03859001765698125,0.023596637134869453,0,nan,6,1e-06,158.53879625376993,120
0,10000,13,20320726,convex_hull,0.024497079978972887,0.024497079978972887,0.0,0,nan,6,1e-06,nan,120
0,10000,13,20320726,packing,0.14989687854087297,0.02074348541795129,0.14989687854087297,254,0.15,6,1e-06,nan,120
0,10000,13,20320726,christoffel,0.04186522449818904,0.04186522449818904,0.023596637134869654,0,nan,6,1e-06,166.3059064943541,120
0,10000,14,20320727,convex_hull,0.018964867363933224,0.018964867363933224,0.0,0,nan,6,1e-06,nan,120
0,10000,14,20320727,packing,0.14932890986362257,0.019690050074378324,0.14932890986362257,246,0.15,6,1e-06,nan,120
0,10000,14,20320727,christoffel,0.03934126698728811,0.03934126698728811,0.013868929215800638,0,nan,6,1e-06,142.81184534131924,120
0,10000,15,20320728,convex_hull,0.018633487477015934,0.018633487477015934,0.0,0,nan,6,1e-06,nan,120
0,10000,15,20320728,packing,0.14947469192042956,0.021766299339059547,0.14947469192042956,265,0.15,6,1e-06,nan,120
0,10000,15,20320728,christoffel,0.03859001765698125,0.03859001765698125,0.019097831794491926,0,nan,6,1e-06,151.536367629642,120
0,10000,16,20320729,convex_hull,0.015767327714741233,0.015767327714741233,0.0,0,nan,6,1e-06,nan,120
0,10000,16,20320729,packing,0.14938071109987416,0.019152832726782754,0.14938071109987416,255,0.15,6,1e-06,nan,120
0,10000,16,20320729,christoffel,0.04253268791748926,0.04253268791748926,0.014076318536028856,0,nan,6,1e-06,146.98592259941685,120
0,10000,17,20320730,convex_hull,0.022313999566128985,0.022313999566128985,0.0,0,nan,6,1e-06,nan,120
0,10000,17,20320730,packing,0.14934135213967026,0.023638857997412666,0.14934135213967026,256,0.15,6,1e-06,nan,120
0,10000,17,20320730,christoffel,0.038595110714833326,0.038595110714833326,0.014076318536030193,0,nan,6,1e-06,153.58308527612024,120
0,10000,18,20320731,convex_hull,0.01919096557979647,0.01919096557979647,0.0,0,nan,6,1e-06,nan,120
0,10000,18,20320731,packing,0.14706666159354675,0.026888205121638614,0.14706666159354675,254,0.15,6,1e-06,nan,120
0,10000,18,20320731,christoffel,0.0400624751397975,0.0400624751397975,0.013400995499125025,0,nan,6,1e-06,138.27200789441034,120
0,10000,19,20320732,convex_hull,0.01893634862539747,0.01893634862539747,0.0,0,nan,6,1e-06,nan,120
0,10000,19,20320732,packing,0.14971453384660072,0.012784453363274217,0.14971453384660072,253,0.15,6,1e-06,nan,120
0,10000,19,20320732,christoffel,0.03516109577228689,0.03516109577228689,0.013868929215800638,0,nan,6,1e-06,155.99646543565004,120
0,10000,20,20320733,convex_hull,0.016224962457109485,0.016224962457109485,0.0,0,nan,6,1e-06,nan,120
0,10000,20,20320733,packing,0.14990500089633763,0.018135544368267115,0.14990500089633763,253,0.15,6,1e-06,nan,120
0,10000,20,20320733,christoffel,0.04137710312703367,0.04137710312703367,0.01628759189653783,0,nan,6,1e-06,148.68221976644753,120
0,10000,21,20320734,convex_hull,0.015935381613885472,0.015935381613885472,0.0,0,nan,6,1e-06,nan,120
0,10000,21,20320734,packing,0.14995011202990471,0.01636083957530543,0.14995011202990471,251,0.15,6,1e-06,nan,120
0,10000,21,20320734,christoffel,0.04314615708616706,0.04314615708616706,0.017021133090228076,0,nan,6,1e-06,148.95990081731742,120
0,10000,22,20320735,convex_hull,0.018872394638535035,0.018872394638535035,0.0,0,nan,6,1e-06,nan,120
0,10000,22,20320735,packing,0.14906625158498354,0.018226156957747514,0.14906625158498354,252,0.15,6,1e-06,nan,120
0,10000,22,20320735,christoffel,0.03872519483378006,0.03872519483378006,0.017021133090228076,0,nan,6,1e-06,141.13784328281298,120
0,10000,23,20320736,convex_hull,0.014345488781602586,0.014345488781602586,0.0,0,nan,6,1e-06,nan,120
0,10000,23,20320736,packing,0.1484333693562313,0.023485582455282344,0.1484333693562313,254,0.15,6,1e-06,nan,120
0,10000,23,20320736,christoffel,0.034905029751627736,0.034905029751627736,0.024578088643181145,0,nan,6,1e-06,156.09402463408432,120
0,10000,24,20320737,convex_hull,0.022217335900956568,0.022217335900956568,0.0,0,nan,6,1e-06,nan,120
0,10000,24,20320737,packing,0.1490375362363192,0.024190637217749694,0.1490375362363192,249,0.15,6,1e-06,nan,120
0,10000,24,20320737,christoffel,0.03887542769676504,0.03887542769676504,0.014076318536030193,0,nan,6,1e-06,154.18854777965024,120
0,10000,25,20320738,convex_hull,0.012981877606055087,0.012981877606055087,0.0,0,nan,6,1e-06,nan,120
0,10000,25,20320738,packing,0.14676216615742843,0.01788843879471233,0.14676216615742843,254,0.15,6,1e-06,nan,120
0,10000,25,20320738,christoffel,0.0425326879174892,0.0425326879174892,0.013868929215800638,0,nan,6,1e-06,151.33632047904223,120
0,10000,26,20320739,convex_hull,0.024108546051454516,0.024108546051454516,0.0,0,nan,6,1e-06,nan,120
0,10000,26,20320739,packing,0.14860575503879447,0.029969694460073498,0.14860575503879447,254,0.15,6,1e-06,nan,120
0,10000,26,20320739,christoffel,0.04012109743251922,0.04012109743251922,0.0166379309721278,0,nan,6,1e-06,150.93587735151678,120
0,10000,27,20320740,convex_hull,0.01296334783767114,0.01296334783767114,0.0,0,nan,6,1e-06,nan,120
0,10000,27,20320740,packing,0.1486583839927249,0.02585034200171321,0.1486583839927249,257,0.15,6,1e-06,nan,120
0,10000,27,20320740,christoffel,0.03977430424338354,0.03977430424338354,0.024578088643181003,0,nan,6,1e-06,149.5324326403459,120
0,10000,28,20320741,convex_hull,0.017108745837060176,0.017108745837060176,0.0,0,nan,6,1e-06,nan,120
0,10000,28,20320741,packing,0.14754027359484612,0.015556585594647676,0.14754027359484612,254,0.15,6,1e-06,nan,120
0,10000,28,20320741,christoffel,0.03706872140110932,0.03706872140110932,0.019097831794491926,0,nan,6,1e-06,151.72717493213992,120
0,10000,29,20320742,convex_hull,0.01958564546231672,0.01958564546231672,0.0,0,nan,6,1e-06,nan,120
0,10000,29,20320742,packing,0.1492708301495912,0.02100879293299382,0.1492708301495912,254,0.15,6,1e-06,nan,120
0,10000,29,20320742,christoffel,0.03706872140110819,0.03706872140110819,0.013868929215800638,0,nan,6,1e-06,152.61106765087234,120
0,10000,30,20320743,convex_hull,0.013472654531550454,0.013472654531550454,0.0,0,nan,6,1e-06,nan,120
0,10000,30,20320743,packing,0.14875769577852882,0.026201736105037815,0.14875769577852882,248,0.15,6,1e-06,nan,120
0,10000,30,20320743,christoffel,0.03490502975162884,0.03490502975162884,0.02321635052465665,0,nan,6,1e-06,154.99064687024156,120
0,10000,31,20320744,convex_hull,0.024446069224440974,0.024446069224440974,0.0,0,nan,6,1e-06,nan,120
0,10000,31,20320744,packing,0.14915204577825025,0.013594232108619514,0.14915204577825025,252,0.15,6,1e-06,nan,120
0,10000,31,20320744,christoffel,0.04314615708616706,0.04314615708616706,0.0232163505246558,0,nan,6,1e-06,153.49709503240604,120
0,10000,32,20320745,convex_hull,0.025663510373731498,0.025663510373731498,0.0,0,nan,6,1e-06,nan,120
0,10000,32,20320745,packing,0.1487880584070771,0.03375779048275657,0.1487880584070771,258,0.15,6,1e-06,nan,120
0,10000,32,20320745,christoffel,0.0385900176569812,0.0385900176569812,0.018061584170299825,0,nan,6,1e-06,149.209879419589,120
0,10000,33,20320746,convex_hull,0.0200455918798837,0.0200455918798837,0.0,0,nan,6,1e-06,nan,120
0,10000,33,20320746,packing,0.14978516827408495,0.026202855071705056,0.14978516827408495,254,0.15,6,1e-06,nan,120
0,10000,33,20320746,christoffel,0.042532687917489875,0.042532687917489875,0.013868929215800435,0,nan,6,1e-06,152.86032631387525,120
0,10000,34,20320747,convex_hull,0.014298382760357855,0.014298382760357855,0.0,0,nan,6,1e-06,nan,120
0,10000,34,20320747,packing,0.14872975235864563,0.020599698781613274,0.14872975235864563,250,0.15,6,1e-06,nan,120
0,10000,34,20320747,christoffel,0.04104459679240244,0.04104459679240244,0.0166379309721278,0,nan,6,1e-06,141.78579980849207,120
0,10000,35,20320748,convex_hull,0.013977394570164666,0.013977394570164666,0.0,0,nan,6,1e-06,nan,120
0,10000,35,20320748,packing,0.1489507505957739,0.02249990838241861,0.1489507505957739,256,0.15,6,1e-06,nan,120
0,10000,35,20320748,christoffel,0.038614045645391754,0.038614045645391754,0.009140262949423958,0,nan,6,1e-06,143.96200114869794,120
0,10000,36,20320749,convex_hull,0.01623164159384555,0.01623164159384555,0.0,0,nan,6,1e-06,nan,120
0,10000,36,20320749,packing,0.1499667592797067,0.016631068226085732,0.1499667592797067,254,0.15,6,1e-06,nan,120
0,10000,36,20320749,christoffel,0.03789364503983667,0.03789364503983667,0.013868929215800435,0,nan,6,1e-06,146.98013197696687,120
0,10000,37,20320750,convex_hull,0.01784379641724174,0.01784379641724174,0.0,0,nan,6,1e-06,nan,120
0,10000,37,20320750,packing,0.1484238961291291,0.012909859577786897,0.1484238961291291,253,0.15,6,1e-06,nan,120
0,10000,37,20320750,christoffel,0.03232419093261614,0.03232419093261614,0.025625615873292325,0,nan,6,1e-06,147.918035677079,120
0,10000,38,20320751,convex_hull,0.02806080858740642,0.02806080858740642,0.0,0,nan,6,1e-06,nan,120
0,10000,38,20320751,packing,0.1492732138518067,0.047770135301873656,0.1492732138518067,258,0.15,6,1e-06,nan,120
0,10000,38,20320751,christoffel,0.04314615708616706,0.04314615708616706,0.0166379309721278,0,nan,6,1e-06,145.8502325012253,120
0,10000,39,20320752,convex_hull,0.018987604504105485,0.018987604504105485,0.0,0,nan,6,1e-06,nan,120
0,10000,39,20320752,packing,0.14753973263656017,0.028681174580168278,0.14753973263656017,252,0.15,6,1e-06,nan,120
0,10000,39,20320752,christoffel,0.03887542769676503,0.03887542769676503,0.015255476712894116,0,nan,6,1e-06,144.38043334518193,120
0,10000,40,20320753,convex_hull,0.016234484186237314,0.016234484186237314,0.0,0,nan,6,1e-06,nan,120
0,10000,40,20320753,packing,0.14946774632294835,0.020100549852370087,0.14946774632294835,252,0.15,6,1e-06,nan,120
0,10000,40,20320753,christoffel,0.03705600885576262,0.03705600885576262,0.018061584170299825,0,nan,6,1e-06,147.50375723231465,120
0,10000,41,20320754,convex_hull,0.016794413880153434,0.016794413880153434,0.0,0,nan,6,1e-06,nan,120
0,10000,41,20320754,packing,0.14310103075538239,0.029279685313186227,0.14310103075538239,252,0.15,6,1e-06,nan,120
0,10000,41,20320754,christoffel,0.04200441334573062,0.04200441334573062,0.0166379309721278,0,nan,6,1e-06,147.64235152466335,120
0,10000,42,20320755,convex_hull,0.03543690292341163,0.03543690292341163,0.0,0,nan,6,1e-06,nan,120
0,10000,42,20320755,packing,0.1492390588762289,0.02584992627300331,0.1492390588762289,248,0.15,6,1e-06,nan,120
0,10000,42,20320755,christoffel,0.04314615708616706,0.04314615708616706,0.015255476712893732,0,nan,6,1e-06,141.89667862768192,120
0,10000,43,20320756,convex_hull,0.022346244930949662,0.022346244930949662,0.0,0,nan,6,1e-06,nan,120
0,10000,43,20320756,packing,0.1480616477447092,0.01684593700957826,0.1480616477447092,261,0.15,6,1e-06,nan,120
0,10000,43,20320756,christoffel,0.04198893781871181,0.04198893781871181,0.019097831794491926,0,nan,6,1e-06,153.46051442096092,120
0,10000,44,20320757,convex_hull,0.025239813629716196,0.025239813629716196,0.0,0,nan,6,1e-06,nan,120
0,10000,44,20320757,packing,0.14799406566238216,0.028808791133160316,0.14799406566238216,255,0.15,6,1e-06,nan,120
0,10000,44,20320757,christoffel,0.04104459679240234,0.04104459679240234,0.01663793097212805,0,nan,6,1e-06,143.29095647367427,120
0,10000,45,20320758,convex_hull,0.027331223061911457,0.027331223061911457,0.0,0,nan,6,1e-06,nan,120
0,10000,45,20320758,packing,0.14860561306062214,0.01636720484854101,0.14860561306062214,252,0.15,6,1e-06,nan,120
0,10000,45,20320758,christoffel,0.036973291996975036,0.036973291996975036,0.02088634268857657,0,nan,6,1e-06,160.20310733455585,120
0,10000,46,20320759,convex_hull,0.012006817934207662,0.012006817934207662,0.0,0,nan,6,1e-06,nan,120
0,10000,46,20320759,packing,0.14932211258799555,0.016639168425721468,0.14932211258799555,255,0.15,6,1e-06,nan,120
0,10000,46,20320759,christoffel,0.03816620977783258,0.03816620977783258,0.018061584170299825,0,nan,6,1e-06,151.62280587130144,120
0,10000,47,20320760,convex_hull,0.01887796062195813,0.01887796062195813,0.0,0,nan,6,1e-06,nan,120
0,10000,47,20320760,packing,0.14966749271891455,0.022858835221323315,0.14966749271891455,257,0.15,6,1e-06,nan,120
0,10000,47,20320760,christoffel,0.041044596792403396,0.041044596792403396,0.018061584170299825,0,nan,6,1e-06,145.46958308681087,120
0,10000,48,20320761,convex_hull,0.019925427445887472,0.019925427445887472,0.0,0,nan,6,1e-06,nan,120
0,10000,48,20320761,packing,0.14998633512766746,0.012780161188805983,0.14998633512766746,253,0.15,6,1e-06,nan,120
0,10000,48,20320761,christoffel,0.043146157086167675,0.043146157086167675,0.016287591896537737,0,nan,6,1e-06,141.2104964340696,120
0,10000,49,20320762,convex_hull,0.018394335054516233,0.018394335054516233,0.0,0,nan,6,1e-06,nan,120
0,10000,49,20320762,packing,0.14927122540318027,0.022901059722358424,0.14927122540318027,258,0.15,6,1e-06,nan,120
0,10000,49,20320762,christoffel,0.04035185166444743,0.04035185166444743,0.01663793097212805,0,nan,6,1e-06,151.56876634966,120
2,10000,0,20320713,convex_hull,0.18581062743856874,0.18581062743856874,0.0,0,nan,6,1e-06,nan,120
2,10000,0,20320713,packing,0.1719380694277974,0.1719380694277974,0.11003865564607196,196,0.15,6,1e-06,nan,120
2,10000,0,20320713,christoffel,0.14834135128619733,0.14834135128619733,0.0,0,nan,6,1e-06,1694.8983379507958,120
2,10000,1,20320714,convex_hull,0.3050950335181705,0.3050950335181705,0.0,0,nan,6,1e-06,nan,120
2,10000,1,20320714,packing,0.23249378551687186,0.23249378551687186,0.13291161091591674,204,0.15,6,1e-06,nan,120
2,10000,1,20320714,christoffel,0.14834135128619733,0.14834135128619733,0.02893450926363878,0,nan,6,1e-06,2295.230982271673,120
2,10000,2,20320715,convex_hull,0.20548895425314528,0.20548895425314528,0.0,0,nan,6,1e-06,nan,120
2,10000,2,20320715,packing,0.19821705761878347,0.19821705761878347,0.13685176116501618,197,0.15,6,1e-06,nan,120
2,10000,2,20320715,christoffel,0.11123483032845154,0.11123483032845154,0.0,0,nan,6,1e-06,2026.6023260224633,120
2,10000,3,20320716,convex_hull,0.31741695110354534,0.31741695110354534,0.0,0,nan,6,1e-06,nan,120
2,10000,3,20320716,packing,0.20852889337045952,0.20852889337045952,0.10611390750853977,202,0.15,6,1e-06,nan,120
2,10000,3,20320716,christoffel,0.2012520136980645,0.2012520136980645,0.0,0,nan,6,1e-06,1886.716789774824,120
2,10000,4,20320717,convex_hull,0.35735763985786584,0.35735763985786584,0.0,0,nan,6,1e-06,nan,120
2,10000,4,20320717,packing,0.23155028616983916,0.23155028616983916,0.10401799823777891,199,0.15,6,1e-06,nan,120
2,10000,4,20320717,christoffel,0.16909633538423885,0.16909633538423885,0.01909783179449197,0,nan,6,1e-06,2401.7246114922136,120
2,10000,5,20320718,convex_hull,0.23284144315333902,0.23284144315333902,0.0,0,nan,6,1e-06,nan,120
2,10000,5,20320718,packing,0.15916433812357703,0.15916433812357703,0.10928606627157966,207,0.15,6,1e-06,nan,120
2,10000,5,20320718,christoffel,0.14834135128619733,0.14834135128619733,0.0,0,nan,6,1e-06,1887.7601372431286,120
2,10000,6,20320719,convex_hull,0.2257410578123544,0.2257410578123544,0.0,0,nan,6,1e-06,nan,120
2,10000,6,20320719,packing,0.1523362620851272,0.1523362620851272,0.12579574826855,210,0.15,6,1e-06,nan,120
2,10000,6,20320719,christoffel,0.14834135128619733,0.14834135128619733,0.010172702771266333,0,nan,6,1e-06,1908.312587988241,120
2,10000,7,20320720,convex_hull,0.22815495001195296,0.22815495001195296,0.0,0,nan,6,1e-06,nan,120
2,10000,7,20320720,packing,0.19307399254554466,0.19307399254554466,0.11631947580028434,205,0.15,6,1e-06,nan,120
2,10000,7,20320720,christoffel,0.13004412988302116,0.13004412988302116,0.0,0,nan,6,1e-06,1766.3490550967917,120
2,10000,8,20320721,convex_hull,0.28401918230745543,0.28401918230745543,0.0,0,nan,6,1e-06,nan,120
2,10000,8,20320721,packing,0.1880588459229822,0.1880588459229822,0.11208664486896613,208,0.15,6,1e-06,nan,120
2,10000,8,20320721,christoffel,0.25419784683262214,0.25419784683262214,0.0,0,nan,6,1e-06,1389.157274848216,120
2,10000,9,20320722,convex_hull,0.18722089555604043,0.18722089555604043,0.0,0,nan,6,1e-06,nan,120
2,10000,9,20320722,packing,0.1951588885556104,0.1951588885556104,0.12035494756818199,211,0.15,6,1e-06,nan,120
2,10000,9,20320722,christoffel,0.14807618759367816,0.14807618759367816,0.023596637134869654,0,nan,6,1e-06,2046.2983386169292,120
2,10000,10,20320723,convex_hull,0.3496653886297405,0.3496653886297405,0.0,0,nan,6,1e-06,nan,120
2,10000,10,20320723,packing,0.2161336448248837,0.2161336448248837,0.10873686804150073,201,0.15,6,1e-06,nan,120
2,10000,10,20320723,christoffel,0.2012520136980645,0.2012520136980645,0.0,0,nan,6,1e-06,1955.7690933744032,120
2,10000,11,20320724,convex_hull,0.23521514135986138,0.23521514135986138,0.0,0,nan,6,1e-06,nan,120
2,10000,11,20320724,packing,0.20920488783090976,0.20920488783090976,0.10111726878814364,210,0.15,6,1e-06,nan,120
2,10000,11,20320724,christoffel,0.2012520136980645,0.2012520136980645,0.0,0,nan,6,1e-06,1382.0198743171084,120
2,10000,12,20320725,convex_hull,0.2696162418830985,0.2696162418830985,0.0,0,nan,6,1e-06,nan,120
2,10000,12,20320725,packing,0.2188821285149983,0.2188821285149983,0.1126580802115249,201,0.15,6,1e-06,nan,120
2,10000,12,20320725,christoffel,0.16909633538423868,0.16909633538423868,0.0,0,nan,6,1e-06,1758.5869663815668,120
2,10000,13,20320726,convex_hull,0.2219129480108876,0.2219129480108876,0.0,0,nan,6,1e-06,nan,120
2,10000,13,20320726,packing,0.17451095735746916,0.17451095735746916,0.11792998311096736,206,0.15,6,1e-06,nan,120
2,10000,13,20320726,christoffel,0.16068340312854765,0.16068340312854765,0.0,0,nan,6,1e-06,1919.8678734703449,120
2,10000,14,20320727,convex_hull,0.18256706294890726,0.18256706294890726,0.0,0,nan,6,1e-06,nan,120
2,10000,14,20320727,packing,0.15496167862735008,0.15496167862735008,0.12342216628308435,206,0.15,6,1e-06,nan,120
2,10000,14,20320727,christoffel,0.10405606805271382,0.10405606805271382,0.004892487529059445,0,nan,6,1e-06,2274.643273098294,120
2,10000,15,20320728,convex_hull,0.2508624222562256,0.2508624222562256,0.0,0,nan,6,1e-06,nan,120
2,10000,15,20320728,packing,0.2356076928243093,0.2356076928243093,0.10355755918829401,198,0.15,6,1e-06,nan,120
2,10000,15,20320728,christoffel,0.20125201369806528,0.20125201369806528,0.0,0,nan,6,1e-06,1682.3946447069875,120
2,10000,16,20320729,convex_hull,0.2719349080773691,0.2719349080773691,0.0,0,nan,6,1e-06,nan,120
2,10000,16,20320729,packing,0.2761838431522956,0.2761838431522956,0.12524265224426556,209,0.15,6,1e-06,nan,120
2,10000,16,20320729,christoffel,0.14834135128619733,0.14834135128619733,0.0,0,nan,6,1e-06,1730.023889809072,120
2,10000,17,20320730,convex_hull,0.20262355426380466,0.20262355426380466,0.0,0,nan,6,1e-06,nan,120
2,10000,17,20320730,packing,0.21303746225648443,0.21303746225648443,0.09726499180632642,208,0.15,6,1e-06,nan,120
2,10000,17,20320730,christoffel,0.12448660567782377,0.12448660567782377,0.0,0,nan,6,1e-06,1760.3735715102478,120
2,10000,18,20320731,convex_hull,0.2564563074992438,0.2564563074992438,0.0,0,nan,6,1e-06,nan,120
2,10000,18,20320731,packing,0.18533885836087624,0.18533885836087624,0.073997584152663,199,0.15,6,1e-06,nan,120
2,10000,18,20320731,christoffel,0.18240532788618313,0.18240532788618313,0.0,0,nan,6,1e-06,1865.7878619567534,120
2,10000,19,20320732,convex_hull,0.23186305554574854,0.23186305554574854,0.0,0,nan,6,1e-06,nan,120
2,10000,19,20320732,packing,0.20171409240555113,0.20171409240555113,0.12440390811065882,209,0.15,6,1e-06,nan,120
2,10000,19,20320732,christoffel,0.1483413512861971,0.1483413512861971,0.0,0,nan,6,1e-06,2038.9756173475603,120
2,10000,20,20320733,convex_hull,0.24342018362897982,0.24342018362897982,0.0,0,nan,6,1e-06,nan,120
2,10000,20,20320733,packing,0.1942446313351923,0.1942446313351923,0.10656354924670464,200,0.15,6,1e-06,nan,120
2,10000,20,20320733,christoffel,0.16202378955556057,0.16202378955556057,0.0,0,nan,6,1e-06,1544.5377870455254,120
2,10000,21,20320734,convex_hull,0.26122465719070537,0.26122465719070537,0.0,0,nan,6,1e-06,nan,120
2,10000,21,20320734,packing,0.21718327068052942,0.21718327068052942,0.11545279404618813,200,0.15,6,1e-06,nan,120
2,10000,21,20320734,christoffel,0.16909633538423885,0.16909633538423885,0.0,0,nan,6,1e-06,1933.7936495604908,120
2,10000,22,20320735,convex_hull,0.258803240947437,0.258803240947437,0.0,0,nan,6,1e-06,nan,120
2,10000,22,20320735,packing,0.22502352646496074,0.22502352646496074,0.14436511008201458,197,0.15,6,1e-06,nan,120
2,10000,22,20320735,christoffel,0.1483413512861971,0.1483413512861971,0.018061584170299825,0,nan,6,1e-06,2385.2290206381736,120
2,10000,23,20320736,convex_hull,0.3007755263760772,0.3007755263760772,0.0,0,nan,6,1e-06,nan,120
2,10000,23,20320736,packing,0.18332789100314487,0.18332789100314487,0.12325419085394129,201,0.15,6,1e-06,nan,120
2,10000,23,20320736,christoffel,0.20125201369806528,0.20125201369806528,0.0,0,nan,6,1e-06,1634.483757164258,120
2,10000,24,20320737,convex_hull,0.33263703276611595,0.33263703276611595,0.0,0,nan,6,1e-06,nan,120
2,10000,24,20320737,packing,0.2815168477792117,0.2815168477792117,0.1335069975392973,208,0.15,6,1e-06,nan,120
2,10000,24,20320737,christoffel,0.16909633538423904,0.16909633538423904,0.0061733313455689,0,nan,6,1e-06,2027.6973102609852,120
2,10000,25,20320738,convex_hull,0.25790942205347533,0.25790942205347533,0.0,0,nan,6,1e-06,nan,120
2,10000,25,20320738,packing,0.19973383866638592,0.19973383866638592,0.11668857042626746,197,0.15,6,1e-06,nan,120
2,10000,25,20320738,christoffel,0.17592960092415508,0.17592960092415508,0.0,0,nan,6,1e-06,1574.95608374356,120
2,10000,26,20320739,convex_hull,0.32507629761336176,0.32507629761336176,0.0,0,nan,6,1e-06,nan,120
2,10000,26,20320739,packing,0.2256190203620501,0.2256190203620501,0.10476755233214696,202,0.15,6,1e-06,nan,120
2,10000,26,20320739,christoffel,0.20125201369806528,0.20125201369806528,0.0,0,nan,6,1e-06,1523.908301658393,120
2,10000,27,20320740,convex_hull,0.2401285590870715,0.2401285590870715,0.0,0,nan,6,1e-06,nan,120
2,10000,27,20320740,packing,0.23293026716872675,0.23293026716872675,0.10095111390703027,199,0.15,6,1e-06,nan,120
2,10000,27,20320740,christoffel,0.10405606805271428,0.10405606805271428,0.013868929215800638,0,nan,6,1e-06,2333.234716320956,120
2,10000,28,20320741,convex_hull,0.17199311442262905,0.17199311442262905,0.0,0,nan,6,1e-06,nan,120
2,10000,28,20320741,packing,0.14474096405988493,0.14474096405988493,0.12833176656594592,210,0.15,6,1e-06,nan,120
2,10000,28,20320741,christoffel,0.11817345523414605,0.11817345523414605,0.00042463318020004493,0,nan,6,1e-06,1894.2758120969709,120
2,10000,29,20320742,convex_hull,0.16561721290160455,0.16561721290160455,0.0,0,nan,6,1e-06,nan,120
2,10000,29,20320742,packing,0.16707321682479234,0.16707321682479234,0.1124294379793147,204,0.15,6,1e-06,nan,120
2,10000,29,20320742,christoffel,0.09552432039018947,0.09552432039018947,0.00035123284760715123,0,nan,6,1e-06,1897.4909618336872,120
2,10000,30,20320743,convex_hull,0.23332766718585393,0.23332766718585393,0.0,0,nan,6,1e-06,nan,120
2,10000,30,20320743,packing,0.19283730559554266,0.19283730559554266,0.12107179264058265,198,0.15,6,1e-06,nan,120
2,10000,30,20320743,christoffel,0.1300441298830215,0.1300441298830215,0.0,0,nan,6,1e-06,1891.3353931351664,120
2,10000,31,20320744,convex_hull,0.2101620196060176,0.2101620196060176,0.0,0,nan,6,1e-06,nan,120
2,10000,31,20320744,packing,0.16167870692551514,0.16167870692551514,0.10682145581569003,201,0.15,6,1e-06,nan,120
2,10000,31,20320744,christoffel,0.14815467372412358,0.14815467372412358,0.0,0,nan,6,1e-06,1636.1924630293422,120
2,10000,32,20320745,convex_hull,0.32760941451569214,0.32760941451569214,0.0,0,nan,6,1e-06,nan,120
2,10000,32,20320745,packing,0.22207245096255931,0.22207245096255931,0.10234159029691359,202,0.15,6,1e-06,nan,120
2,10000,32,20320745,christoffel,0.2012520136980645,0.2012520136980645,0.0,0,nan,6,1e-06,1386.058945285441,120
2,10000,33,20320746,convex_hull,0.23746071635522437,0.23746071635522437,0.0,0,nan,6,1e-06,nan,120
2,10000,33,20320746,packing,0.20554818000868494,0.20554818000868494,0.1030569497689795,201,0.15,6,1e-06,nan,120
2,10000,33,20320746,christoffel,0.1974723836399427,0.1974723836399427,0.0,0,nan,6,1e-06,1351.1648816400657,120
2,10000,34,20320747,convex_hull,0.30173189086401053,0.30173189086401053,0.0,0,nan,6,1e-06,nan,120
2,10000,34,20320747,packing,0.2306730300368058,0.2306730300368058,0.12600287883964922,199,0.15,6,1e-06,nan,120
2,10000,34,20320747,christoffel,0.14834135128619733,0.14834135128619733,0.0004246331801999446,0,nan,6,1e-06,1997.0142984225695,120
2,10000,35,20320748,convex_hull,0.23199488434246102,0.23199488434246102,0.0,0,nan,6,1e-06,nan,120
2,10000,35,20320748,packing,0.2157579943239916,0.2157579943239916,0.11621932423136894,210,0.15,6,1e-06,nan,120
2,10000,35,20320748,christoffel,0.20125201369806528,0.20125201369806528,0.0,0,nan,6,1e-06,1514.37816646034,120
2,10000,36,20320749,convex_hull,0.231657354883768,0.231657354883768,0.0,0,nan,6,1e-06,nan,120
2,10000,36,20320749,packing,0.1532498153046664,0.1532498153046664,0.10058979801660578,211,0.15,6,1e-06,nan,120
2,10000,36,20320749,christoffel,0.12448660567782399,0.12448660567782399,0.013400995499124928,0,nan,6,1e-06,2181.7916761554866,120
2,10000,37,20320750,convex_hull,0.32979125066233045,0.32979125066233045,0.0,0,nan,6,1e-06,nan,120
2,10000,37,20320750,packing,0.19872331808786955,0.19872331808786955,0.08385336169664459,204,0.15,6,1e-06,nan,120
2,10000,37,20320750,christoffel,0.20125201369806528,0.20125201369806528,0.0,0,nan,6,1e-06,1367.770623005955,120
2,10000,38,20320751,convex_hull,0.32030032634015865,0.32030032634015865,0.0,0,nan,6,1e-06,nan,120
2,10000,38,20320751,packing,0.28250963818888475,0.28250963818888475,0.13336742070082108,197,0.15,6,1e-06,nan,120
2,10000,38,20320751,christoffel,0.2012520136980645,0.2012520136980645,0.0,0,nan,6,1e-06,1869.938529601089,120
2,10000,39,20320752,convex_hull,0.24295546116508532,0.24295546116508532,0.0,0,nan,6,1e-06,nan,120
2,10000,39,20320752,packing,0.14539589495874414,0.14539589495874414,0.07023489773056135,203,0.15,6,1e-06,nan,120
2,10000,39,20320752,christoffel,0.2012520136980645,0.2012520136980645,0.0,0,nan,6,1e-06,1409.332723586231,120
2,10000,40,20320753,convex_hull,0.2950863871412295,0.2950863871412295,0.0,0,nan,6,1e-06,nan,120
2,10000,40,20320753,packing,0.23782927281392555,0.23782927281392555,0.09775701533581382,209,0.15,6,1e-06,nan,120
2,10000,40,20320753,christoffel,0.2059338820246912,0.2059338820246912,0.0,0,nan,6,1e-06,1322.7645586103297,120
2,10000,41,20320754,convex_hull,0.23938714973020747,0.23938714973020747,0.0,0,nan,6,1e-06,nan,120
2,10000,41,20320754,packing,0.17888767083855736,0.17888767083855736,0.10690153934529478,206,0.15,6,1e-06,nan,120
2,10000,41,20320754,christoffel,0.20125201369806528,0.20125201369806528,0.0,0,nan,6,1e-06,1441.1677726615803,120
2,10000,42,20320755,convex_hull,0.26226933152538046,0.26226933152538046,0.0,0,nan,6,1e-06,nan,120
2,10000,42,20320755,packing,0.21555997506655591,0.21555997506655591,0.13015801558924855,201,0.15,6,1e-06,nan,120
2,10000,42,20320755,christoffel,0.14834135128619733,0.14834135128619733,0.0,0,nan,6,1e-06,2060.1365417657203,120
2,10000,43,20320756,convex_hull,0.24633063366394503,0.24633063366394503,0.0,0,nan,6,1e-06,nan,120
2,10000,43,20320756,packing,0.1823079534142539,0.1823079534142539,0.11928140404229581,201,0.15,6,1e-06,nan,120
2,10000,43,20320756,christoffel,0.1620237895555606,0.1620237895555606,0.0,0,nan,6,1e-06,1613.1516674061972,120
2,10000,44,20320757,convex_hull,0.21038186327346584,0.21038186327346584,0.0,0,nan,6,1e-06,nan,120
2,10000,44,20320757,packing,0.17909608727745605,0.17909608727745605,0.11945374996940783,210,0.15,6,1e-06,nan,120
2,10000,44,20320757,christoffel,0.14834135128619733,0.14834135128619733,0.0,0,nan,6,1e-06,1599.6513009868756,120
2,10000,45,20320758,convex_hull,0.24317516332027417,0.24317516332027417,0.0,0,nan,6,1e-06,nan,120
2,10000,45,20320758,packing,0.19098423277521823,0.19098423277521823,0.11529969286054553,205,0.15,6,1e-06,nan,120
2,10000,45,20320758,christoffel,0.1483413512861971,0.1483413512861971,0.0003512328476073647,0,nan,6,1e-06,2034.3383796958547,120
2,10000,46,20320759,convex_hull,0.32604352310749446,0.32604352310749446,0.0,0,nan,6,1e-06,nan,120
2,10000,46,20320759,packing,0.19606175018659636,0.19606175018659636,0.10691785263618547,199,0.15,6,1e-06,nan,120
2,10000,46,20320759,christoffel,0.22253670209470794,0.22253670209470794,0.0,0,nan,6,1e-06,1388.3154067399423,120
2,10000,47,20320760,convex_hull,0.2370790230810299,0.2370790230810299,0.0,0,nan,6,1e-06,nan,120
2,10000,47,20320760,packing,0.14943649532678385,0.14943649532678385,0.10586452229184906,210,0.15,6,1e-06,nan,120
2,10000,47,20320760,christoffel,0.14834135128619733,0.14834135128619733,0.0004246331801999446,0,nan,6,1e-06,1790.5918450120687,120
2,10000,48,20320761,convex_hull,0.2307331538650887,0.2307331538650887,0.0,0,nan,6,1e-06,nan,120
2,10000,48,20320761,packing,0.1705583500789609,0.1705583500789609,0.11174326787836053,198,0.15,6,1e-06,nan,120
2,10000,48,20320761,christoffel,0.13004412988302116,0.13004412988302116,0.018061584170299825,0,nan,6,1e-06,2485.0191972906787,120
2,10000,49,20320762,convex_hull,0.2796269440169294,0.2796269440169294,0.0,0,nan,6,1e-06,nan,120
2,10000,49,20320762,packing,0.26451375244736364,0.26451375244736364,0.10547499251429837,205,0.15,6,1e-06,nan,120
2,10000,49,20320762,christoffel,0.14834135128619733,0.14834135128619733,0.00035123284760687665,0,nan,6,1e-06,1887.7744539437863,120
4,10000,0,20320713,convex_hull,0.5697452608789199,0.5697452608789199,0.0,0,nan,6,1e-06,nan,120
4,10000,0,20320713,packing,0.4408579956551688,0.4408579956551688,0.036066559214768756,161,0.15,6,1e-06,nan,120
4,10000,0,20320713,christoffel,0.4561433916724646,0.4561433916724646,0.0,0,nan,6,1e-06,2466.7526007836873,120
4,10000,1,20320714,convex_hull,0.5893512145193553,0.5893512145193553,0.0,0,nan,6,1e-06,nan,120
4,10000,1,20320714,packing,0.46443206471176657,0.46443206471176657,0.03794555894661267,153,0.15,6,1e-06,nan,120
4,10000,1,20320714,christoffel,0.4660931158133984,0.4660931158133984,0.0,0,nan,6,1e-06,3056.8150166968308,120
4,10000,2,20320715,convex_hull,0.5948470977467363,0.5948470977467363,0.0,0,nan,6,1e-06,nan,120
4,10000,2,20320715,packing,0.49518372272980093,0.49518372272980093,0.0,148,0.15,6,1e-06,nan,120
4,10000,2,20320715,christoffel,0.4660931158133984,0.4660931158133984,0.0,0,nan,6,1e-06,2853.701447059919,120
4,10000,3,20320716,convex_hull,0.567494288028451,0.567494288028451,0.0,0,nan,6,1e-06,nan,120
4,10000,3,20320716,packing,0.4428471709862216,0.4428471709862216,0.03326015799409843,146,0.15,6,1e-06,nan,120
4,10000,3,20320716,christoffel,0.41311111954171725,0.41311111954171725,0.0,0,nan,6,1e-06,3316.583464038112,120
4,10000,4,20320717,convex_hull,0.6603706709629343,0.6603706709629343,0.0,0,nan,6,1e-06,nan,120
4,10000,4,20320717,packing,0.5801737296878249,0.5801737296878249,0.0,146,0.15,6,1e-06,nan,120
4,10000,4,20320717,christoffel,0.5002286955126278,0.5002286955126278,0.0,0,nan,6,1e-06,2872.924984386122,120
4,10000,5,20320718,convex_hull,0.5032688800293305,0.5032688800293305,0.0,0,nan,6,1e-06,nan,120
4,10000,5,20320718,packing,0.45308484552573325,0.45308484552573325,0.0,147,0.15,6,1e-06,nan,120
4,10000,5,20320718,christoffel,0.4131111195417165,0.4131111195417165,0.0,0,nan,6,1e-06,2980.5700867342957,120
4,10000,6,20320719,convex_hull,0.5636780440230008,0.5636780440230008,0.0,0,nan,6,1e-06,nan,120
4,10000,6,20320719,packing,0.4616416919412436,0.4616416919412436,0.0,148,0.15,6,1e-06,nan,120
4,10000,6,20320719,christoffel,0.4660931158133979,0.4660931158133979,0.0,0,nan,6,1e-06,2738.9527219157844,120
4,10000,7,20320720,convex_hull,0.5558455059201971,0.5558455059201971,0.0,0,nan,6,1e-06,nan,120
4,10000,7,20320720,packing,0.494488510956256,0.494488510956256,0.0,144,0.15,6,1e-06,nan,120
4,10000,7,20320720,christoffel,0.5190777821569488,0.5190777821569488,0.0,0,nan,6,1e-06,2525.647281696355,120
4,10000,8,20320721,convex_hull,0.4619937334510408,0.4619937334510408,0.0,0,nan,6,1e-06,nan,120
4,10000,8,20320721,packing,0.38103182238571853,0.38103182238571853,0.028926105578425565,146,0.15,6,1e-06,nan,120
4,10000,8,20320721,christoffel,0.4131111195417165,0.4131111195417165,0.0,0,nan,6,1e-06,3335.8781962145904,120
4,10000,9,20320722,convex_hull,0.5045084862266696,0.5045084862266696,0.0,0,nan,6,1e-06,nan,120
4,10000,9,20320722,packing,0.42147015059528015,0.42147015059528015,0.0,147,0.15,6,1e-06,nan,120
4,10000,9,20320722,christoffel,0.369083011013042,0.369083011013042,0.0,0,nan,6,1e-06,3736.7783297548513,120
4,10000,10,20320723,convex_hull,0.5849058482671264,0.5849058482671264,0.0,0,nan,6,1e-06,nan,120
4,10000,10,20320723,packing,0.45136338671692056,0.45136338671692056,0.051799733625292665,161,0.15,6,1e-06,nan,120
4,10000,10,20320723,christoffel,0.3904818309314014,0.3904818309314014,0.0,0,nan,6,1e-06,4293.214116824464,120
4,10000,11,20320724,convex_hull,0.5887218234812585,0.5887218234812585,0.0,0,nan,6,1e-06,nan,120
4,10000,11,20320724,packing,0.43872182348125843,0.43872182348125843,0.0014073345881220334,149,0.15,6,1e-06,nan,120
4,10000,11,20320724,christoffel,0.5352397875653966,0.5352397875653966,0.0,0,nan,6,1e-06,2091.7027424291555,120
4,10000,12,20320725,convex_hull,0.51233217568395,0.51233217568395,0.0,0,nan,6,1e-06,nan,120
4,10000,12,20320725,packing,0.4191427645778665,0.4191427645778665,0.00010172206791358995,149,0.15,6,1e-06,nan,120
4,10000,12,20320725,christoffel,0.3071606639071164,0.3071606639071164,0.0,0,nan,6,1e-06,5418.501344721387,120
4,10000,13,20320726,convex_hull,0.6235199927846836,0.6235199927846836,0.0,0,nan,6,1e-06,nan,120
4,10000,13,20320726,packing,0.550289710562915,0.550289710562915,0.05500359366962404,149,0.15,6,1e-06,nan,120
4,10000,13,20320726,christoffel,0.41311111954171725,0.41311111954171725,0.0,0,nan,6,1e-06,3735.2758645028266,120
4,10000,14,20320727,convex_hull,0.6361516981114046,0.6361516981114046,0.0,0,nan,6,1e-06,nan,120
4,10000,14,20320727,packing,0.5014298011731597,0.5014298011731597,0.06336459312910225,149,0.15,6,1e-06,nan,120
4,10000,14,20320727,christoffel,0.4660931158133984,0.4660931158133984,0.0,0,nan,6,1e-06,3459.190384107704,120
4,10000,15,20320728,convex_hull,0.5845704671015118,0.5845704671015118,0.0,0,nan,6,1e-06,nan,120
4,10000,15,20320728,packing,0.5053908279890003,0.5053908279890003,0.006190000188020406,150,0.15,6,1e-06,nan,120
4,10000,15,20320728,christoffel,0.4660931158133979,0.4660931158133979,0.0,0,nan,6,1e-06,2720.68629903086,120
4,10000,16,20320729,convex_hull,0.4884621677080111,0.4884621677080111,0.0,0,nan,6,1e-06,nan,120
4,10000,16,20320729,packing,0.3561796033827752,0.3561796033827752,0.05541887241973542,150,0.15,6,1e-06,nan,120
4,10000,16,20320729,christoffel,0.36013297178970405,0.36013297178970405,0.0,0,nan,6,1e-06,4143.207359699372,120
4,10000,17,20320730,convex_hull,0.5343931013697941,0.5343931013697941,0.0,0,nan,6,1e-06,nan,120
4,10000,17,20320730,packing,0.4087780845738358,0.4087780845738358,0.003934973061841429,150,0.15,6,1e-06,nan,120
4,10000,17,20320730,christoffel,0.4131111195417165,0.4131111195417165,0.0,0,nan,6,1e-06,3165.2868655706816,120
4,10000,18,20320731,convex_hull,0.49730170056922407,0.49730170056922407,0.0,0,nan,6,1e-06,nan,120
4,10000,18,20320731,packing,0.4095056509175028,0.4095056509175028,0.013373771250371425,149,0.15,6,1e-06,nan,120
4,10000,18,20320731,christoffel,0.41311111954171725,0.41311111954171725,0.0,0,nan,6,1e-06,3105.693356667849,120
4,10000,19,20320732,convex_hull,0.4205699867522701,0.4205699867522701,0.0,0,nan,6,1e-06,nan,120
4,10000,19,20320732,packing,0.3644830743746721,0.3644830743746721,0.0,155,0.15,6,1e-06,nan,120
4,10000,19,20320732,christoffel,0.3601329717897042,0.3601329717897042,0.0,0,nan,6,1e-06,4597.029732589358,120
4,10000,20,20320733,convex_hull,0.5763643144600017,0.5763643144600017,0.0,0,nan,6,1e-06,nan,120
4,10000,20,20320733,packing,0.44489644654351834,0.44489644654351834,0.0,155,0.15,6,1e-06,nan,120
4,10000,20,20320733,christoffel,0.4707018316705931,0.4707018316705931,0.0,0,nan,6,1e-06,2399.2097008230458,120
4,10000,21,20320734,convex_hull,0.538566807404023,0.538566807404023,0.0,0,nan,6,1e-06,nan,120
4,10000,21,20320734,packing,0.40048292160176446,0.40048292160176446,0.039127738398628376,153,0.15,6,1e-06,nan,120
4,10000,21,20320734,christoffel,0.41311111954171725,0.41311111954171725,0.0,0,nan,6,1e-06,3308.2083819693476,120
4,10000,22,20320735,convex_hull,0.5570875689675652,0.5570875689675652,0.0,0,nan,6,1e-06,nan,120
4,10000,22,20320735,packing,0.47985934371610073,0.47985934371610073,0.0,155,0.15,6,1e-06,nan,120
4,10000,22,20320735,christoffel,0.41311111954171725,0.41311111954171725,0.0,0,nan,6,1e-06,3232.9453584827374,120
4,10000,23,20320736,convex_hull,0.5305771465561235,0.5305771465561235,0.0,0,nan,6,1e-06,nan,120
4,10000,23,20320736,packing,0.3898625357846489,0.3898625357846489,0.03198011321774863,154,0.15,6,1e-06,nan,120
4,10000,23,20320736,christoffel,0.3601329717897042,0.3601329717897042,0.0,0,nan,6,1e-06,4559.714549064329,120
4,10000,24,20320737,convex_hull,0.5413449809099186,0.5413449809099186,0.0,0,nan,6,1e-06,nan,120
4,10000,24,20320737,packing,0.4045818711084318,0.4045818711084318,0.05259289477181239,156,0.15,6,1e-06,nan,120
4,10000,24,20320737,christoffel,0.36013297178970405,0.36013297178970405,0.0,0,nan,6,1e-06,4019.73584822985,120
4,10000,25,20320738,convex_hull,0.6392135304910503,0.6392135304910503,0.0,0,nan,6,1e-06,nan,120
4,10000,25,20320738,packing,0.5088553633183652,0.5088553633183652,0.02451925943344746,147,0.15,6,1e-06,nan,120
4,10000,25,20320738,christoffel,0.5190777821569488,0.5190777821569488,0.0,0,nan,6,1e-06,3162.9996851064775,120
4,10000,26,20320739,convex_hull,0.5254146703609147,0.5254146703609147,0.0,0,nan,6,1e-06,nan,120
4,10000,26,20320739,packing,0.4501055953184899,0.4501055953184899,0.0,152,0.15,6,1e-06,nan,120
4,10000,26,20320739,christoffel,0.3601329717897042,0.3601329717897042,0.0,0,nan,6,1e-06,3755.411190062818,120
4,10000,27,20320740,convex_hull,0.6434468685603284,0.6434468685603284,0.0,0,nan,6,1e-06,nan,120
4,10000,27,20320740,packing,0.5127222942870786,0.5127222942870786,0.0,145,0.15,6,1e-06,nan,120
4,10000,27,20320740,christoffel,0.5720643766657875,0.5720643766657875,0.0,0,nan,6,1e-06,2203.816012146581,120
4,10000,28,20320741,convex_hull,0.5878408036248552,0.5878408036248552,0.0,0,nan,6,1e-06,nan,120
4,10000,28,20320741,packing,0.47538689272557055,0.47538689272557055,0.0063005646625209355,148,0.15,6,1e-06,nan,120
4,10000,28,20320741,christoffel,0.4660931158133979,0.4660931158133979,0.0,0,nan,6,1e-06,2872.449663792177,120
4,10000,29,20320742,convex_hull,0.49806590322983246,0.49806590322983246,0.0,0,nan,6,1e-06,nan,120
4,10000,29,20320742,packing,0.3574088122279294,0.3574088122279294,0.09110904349904514,157,0.15,6,1e-06,nan,120
4,10000,29,20320742,christoffel,0.3071606639071167,0.3071606639071167,0.0,0,nan,6,1e-06,5203.032786325658,120
4,10000,30,20320743,convex_hull,0.5121254008789292,0.5121254008789292,0.0,0,nan,6,1e-06,nan,120
4,10000,30,20320743,packing,0.42053656884881463,0.42053656884881463,0.04679109413815841,147,0.15,6,1e-06,nan,120
4,10000,30,20320743,christoffel,0.41311111954171725,0.41311111954171725,0.0,0,nan,6,1e-06,3585.5250546084067,120
4,10000,31,20320744,convex_hull,0.6253947306170234,0.6253947306170234,0.0,0,nan,6,1e-06,nan,120
4,10000,31,20320744,packing,0.4778242858170192,0.4778242858170192,0.0,148,0.15,6,1e-06,nan,120
4,10000,31,20320744,christoffel,0.5190777821569491,0.5190777821569491,0.0,0,nan,6,1e-06,2841.4708526217787,120
4,10000,32,20320745,convex_hull,0.5377212949835634,0.5377212949835634,0.0,0,nan,6,1e-06,nan,120
4,10000,32,20320745,packing,0.47484927343146643,0.47484927343146643,0.0,147,0.15,6,1e-06,nan,120
4,10000,32,20320745,christoffel,0.47070183167059304,0.47070183167059304,0.0,0,nan,6,1e-06,2322.6524034013237,120
4,10000,33,20320746,convex_hull,0.4319153704669487,0.4319153704669487,0.0,0,nan,6,1e-06,nan,120
4,10000,33,20320746,packing,0.38155557578025123,0.38155557578025123,0.0,152,0.15,6,1e-06,nan,120
4,10000,33,20320746,christoffel,0.4062150340671714,0.4062150340671714,0.0,0,nan,6,1e-06,3083.6852954662663,120
4,10000,34,20320747,convex_hull,0.5559051153078423,0.5559051153078423,0.0,0,nan,6,1e-06,nan,120
4,10000,34,20320747,packing,0.4870056562019768,0.4870056562019768,0.0,150,0.15,6,1e-06,nan,120
4,10000,34,20320747,christoffel,0.4660931158133984,0.4660931158133984,0.0,0,nan,6,1e-06,2339.659051490931,120
4,10000,35,20320748,convex_hull,0.6588430571255209,0.6588430571255209,0.0,0,nan,6,1e-06,nan,120
4,10000,35,20320748,packing,0.5286393461719981,0.5286393461719981,0.008570063887253676,147,0.15,6,1e-06,nan,120
4,10000,35,20320748,christoffel,0.5190777821569491,0.5190777821569491,0.0,0,nan,6,1e-06,2393.9949540710686,120
4,10000,36,20320749,convex_hull,0.48058781289284064,0.48058781289284064,0.0,0,nan,6,1e-06,nan,120
4,10000,36,20320749,packing,0.38345603065795797,0.38345603065795797,0.04295891917691774,152,0.15,6,1e-06,nan,120
4,10000,36,20320749,christoffel,0.36013297178970405,0.36013297178970405,0.0,0,nan,6,1e-06,4275.490243158117,120
4,10000,37,20320750,convex_hull,0.5224899600720236,0.5224899600720236,0.0,0,nan,6,1e-06,nan,120
4,10000,37,20320750,packing,0.3937482431483289,0.3937482431483289,0.043638312808916946,151,0.15,6,1e-06,nan,120
4,10000,37,20320750,christoffel,0.4131111195417165,0.4131111195417165,0.0,0,nan,6,1e-06,4674.83771934452,120
4,10000,38,20320751,convex_hull,0.645900373923261,0.645900373923261,0.0,0,nan,6,1e-06,nan,120
4,10000,38,20320751,packing,0.5686475858500313,0.5686475858500313,0.00394730220563555,143,0.15,6,1e-06,nan,120
4,10000,38,20320751,christoffel,0.4660931158133984,0.4660931158133984,0.0,0,nan,6,1e-06,3129.9108620807756,120
4,10000,39,20320752,convex_hull,0.5632020769646754,0.5632020769646754,0.0,0,nan,6,1e-06,nan,120
4,10000,39,20320752,packing,0.4361547665439698,0.4361547665439698,0.0,150,0.15,6,1e-06,nan,120
4,10000,39,20320752,christoffel,0.5190777821569488,0.5190777821569488,0.0,0,nan,6,1e-06,2693.450442562079,120
4,10000,40,20320753,convex_hull,0.4742268867226177,0.4742268867226177,0.0,0,nan,6,1e-06,nan,120
4,10000,40,20320753,packing,0.3545363427609931,0.3545363427609931,0.0,152,0.15,6,1e-06,nan,120
4,10000,40,20320753,christoffel,0.41311111954171725,0.41311111954171725,0.0,0,nan,6,1e-06,3026.3269314060094,120
4,10000,41,20320754,convex_hull,0.4789757260354929,0.4789757260354929,0.0,0,nan,6,1e-06,nan,120
4,10000,41,20320754,packing,0.36937386077798884,0.36937386077798884,0.03878670596412437,156,0.15,6,1e-06,nan,120
4,10000,41,20320754,christoffel,0.41311111954171725,0.41311111954171725,0.0,0,nan,6,1e-06,3150.288170142303,120
4,10000,42,20320755,convex_hull,0.5868850578477427,0.5868850578477427,0.0,0,nan,6,1e-06,nan,120
4,10000,42,20320755,packing,0.44714180637699197,0.44714180637699197,0.04280148333370448,158,0.15,6,1e-06,nan,120
4,10000,42,20320755,christoffel,0.4660931158133979,0.4660931158133979,0.0,0,nan,6,1e-06,3386.1865807310382,120
4,10000,43,20320756,convex_hull,0.465356907548708,0.465356907548708,0.0,0,nan,6,1e-06,nan,120
4,10000,43,20320756,packing,0.3939626242255735,0.3939626242255735,0.027227370566728637,154,0.15,6,1e-06,nan,120
4,10000,43,20320756,christoffel,0.3071606639071164,0.3071606639071164,0.0,0,nan,6,1e-06,5563.668977016248,120
4,10000,44,20320757,convex_hull,0.508017648352443,0.508017648352443,0.0,0,nan,6,1e-06,nan,120
4,10000,44,20320757,packing,0.3977382588075351,0.3977382588075351,0.03307211138239918,158,0.15,6,1e-06,nan,120
4,10000,44,20320757,christoffel,0.3601329717897042,0.3601329717897042,0.0,0,nan,6,1e-06,4485.52317916805,120
4,10000,45,20320758,convex_hull,0.506015081485567,0.506015081485567,0.0,0,nan,6,1e-06,nan,120
4,10000,45,20320758,packing,0.38265225611798415,0.38265225611798415,0.0,150,0.15,6,1e-06,nan,120
4,10000,45,20320758,christoffel,0.4660931158133979,0.4660931158133979,0.0,0,nan,6,1e-06,3187.166792216947,120
4,10000,46,20320759,convex_hull,0.6624021488094173,0.6624021488094173,0.0,0,nan,6,1e-06,nan,120
4,10000,46,20320759,packing,0.5241960265728045,0.5241960265728045,0.01685890771351417,145,0.15,6,1e-06,nan,120
4,10000,46,20320759,christoffel,0.4660931158133979,0.4660931158133979,0.0,0,nan,6,1e-06,2976.424543056253,120
4,10000,47,20320760,convex_hull,0.6162433924152472,0.6162433924152472,0.0,0,nan,6,1e-06,nan,120
4,10000,47,20320760,packing,0.5350282590672177,0.5350282590672177,7.979877884412012e-05,147,0.15,6,1e-06,nan,120
4,10000,47,20320760,christoffel,0.4660931158133979,0.4660931158133979,0.0,0,nan,6,1e-06,2457.7674524718855,120
4,10000,48,20320761,convex_hull,0.5936984820308946,0.5936984820308946,0.0,0,nan,6,1e-06,nan,120
4,10000,48,20320761,packing,0.5044824231163173,0.5044824231163173,0.04764658802711352,147,0.15,6,1e-06,nan,120
4,10000,48,20320761,christoffel,0.4660931158133979,0.4660931158133979,0.0,0,nan,6,1e-06,2940.597057348369,120
4,10000,49,20320762,convex_hull,0.5191677065843994,0.5191677065843994,0.0,0,nan,6,1e-06,nan,120
4,10000,49,20320762,packing,0.36917119728007364,0.36917119728007364,0.0033575496175033415,153,0.15,6,1e-06,nan,120
4,10000,49,20320762,christoffel,0.4660931158133979,0.4660931158133979,0.0,0,nan,6,1e-06,2270.886197241059,120
0,30000,0,20330713,convex_hull,0.006437589047838375,0.006437589047838375,0.0,0,nan,6,1e-06,nan,120
0,30000,0,20330713,packing,0.14947622583154063,0.014465979371509119,0.14947622583154063,263,0.15,6,1e-06,nan,120
0,30000,0,20330713,christoffel,0.02822724101524846,0.02822724101524846,0.014076318536030193,0,nan,6,1e-06,141.48078073642677,120
0,30000,1,20330714,convex_hull,0.011343375885652283,0.011343375885652283,0.0,0,nan,6,1e-06,nan,120
0,30000,1,20330714,packing,0.14965210565714093,0.009966222154172255,0.14965210565714093,272,0.15,6,1e-06,nan,120
0,30000,1,20330714,christoffel,0.029078815505173626,0.029078815505173626,0.0166379309721278,0,nan,6,1e-06,145.71872347848281,120
0,30000,2,20330715,convex_hull,0.007542486306109983,0.007542486306109983,0.0,0,nan,6,1e-06,nan,120
0,30000,2,20330715,packing,0.14956804736595572,0.022970366501685685,0.14956804736595572,272,0.15,6,1e-06,nan,120
0,30000,2,20330715,christoffel,0.029359014912698995,0.029359014912698995,0.010172702771266333,0,nan,6,1e-06,135.9312581829759,120
0,30000,3,20330716,convex_hull,0.007791040128231489,0.007791040128231489,0.0,0,nan,6,1e-06,nan,120
0,30000,3,20330716,packing,0.14951014643156735,0.009133051224524236,0.14951014643156735,263,0.15,6,1e-06,nan,120
0,30000,3,20330716,christoffel,0.030660080189300536,0.030660080189300536,0.017021133090228974,0,nan,6,1e-06,149.39102661769843,120
0,30000,4,20330717,convex_hull,0.007483743264170237,0.007483743264170237,0.0,0,nan,6,1e-06,nan,120
0,30000,4,20330717,packing,0.14974975425073267,0.008396629363986774,0.14974975425073267,268,0.15,6,1e-06,nan,120
0,30000,4,20330717,christoffel,0.028981457850617957,0.028981457850617957,0.0061733313455689,0,nan,6,1e-06,140.31615520061706,120
0,30000,5,20330718,convex_hull,0.011596769555349313,0.011596769555349313,0.0,0,nan,6,1e-06,nan,120
0,30000,5,20330718,packing,0.14999314537240682,0.010330453614092905,0.14999314537240682,260,0.15,6,1e-06,nan,120
0,30000,5,20330718,christoffel,0.03414652116689245,0.03414652116689245,0.012222019140403719,0,nan,6,1e-06,149.96716926882127,120
0,30000,6,20330719,convex_hull,0.00730195364450383,0.00730195364450383,0.0,0,nan,6,1e-06,nan,120
0,30000,6,20330719,packing,0.14930661121609412,0.011236652992142021,0.14930661121609412,266,0.15,6,1e-06,nan,120
0,30000,6,20330719,christoffel,0.028347585708132544,0.028347585708132544,0.009140262949423855,0,nan,6,1e-06,143.72848098273164,120
0,30000,7,20330720,convex_hull,0.008164900670194278,0.008164900670194278,0.0,0,nan,6,1e-06,nan,120
0,30000,7,20330720,packing,0.14909540691628864,0.016493154906161017,0.14909540691628864,265,0.15,6,1e-06,nan,120
0,30000,7,20330720,christoffel,0.030468484760001024,0.030468484760001024,0.008443068162366068,0,nan,6,1e-06,137.8477944213518,120
0,30000,8,20330721,convex_hull,0.013922440291677803,0.013922440291677803,0.0,0,nan,6,1e-06,nan,120
0,30000,8,20330721,packing,0.1485999279282575,0.009884891832511067,0.1485999279282575,266,0.15,6,1e-06,nan,120
0,30000,8,20330721,christoffel,0.02960527199450174,0.02960527199450174,0.01092352326571851,0,nan,6,1e-06,144.68867283734755,120
0,30000,9,20330722,convex_hull,0.007360378011389522,0.007360378011389522,0.0,0,nan,6,1e-06,nan,120
0,30000,9,20330722,packing,0.14812344434580413,0.00904566620315736,0.14812344434580413,266,0.15,6,1e-06,nan,120
0,30000,9,20330722,christoffel,0.029042818595510982,0.029042818595510982,0.010172702771266333,0,nan,6,1e-06,140.65504622295262,120
0,30000,10,20330723,convex_hull,0.007327217485506529,0.007327217485506529,0.0,0,nan,6,1e-06,nan,120
0,30000,10,20330723,packing,0.14999083374825073,0.007098596520945688,0.14999083374825073,269,0.15,6,1e-06,nan,120
0,30000,10,20330723,christoffel,0.028460477626675407,0.028460477626675407,0.013868929215800333,0,nan,6,1e-06,142.86790538949623,120
0,30000,11,20330724,convex_hull,0.007370053110976949,0.007370053110976949,0.0,0,nan,6,1e-06,nan,120
0,30000,11,20330724,packing,0.14892417663402835,0.011380749651876326,0.14892417663402835,261,0.15,6,1e-06,nan,120
0,30000,11,20330724,christoffel,0.029691254121959713,0.029691254121959713,0.011089869843868125,0,nan,6,1e-06,140.5922551411345,120
0,30000,12,20330725,convex_hull,0.009078508647102657,0.009078508647102657,0.0,0,nan,6,1e-06,nan,120
0,30000,12,20330725,packing,0.1482242602201541,0.018663049328530967,0.1482242602201541,264,0.15,6,1e-06,nan,120
0,30000,12,20330725,christoffel,0.02936575908704934,0.02936575908704934,0.01628759189653783,0,nan,6,1e-06,143.34300538083153,120
0,30000,13,20330726,convex_hull,0.013112884290049736,0.013112884290049736,0.0,0,nan,6,1e-06,nan,120
0,30000,13,20330726,packing,0.14927723653581948,0.007566658985727864,0.14927723653581948,277,0.15,6,1e-06,nan,120
0,30000,13,20330726,christoffel,0.028921706507567316,0.028921706507567316,0.013400995499125025,0,nan,6,1e-06,146.2170323652542,120
0,30000,14,20330727,convex_hull,0.010533360769057719,0.010533360769057719,0.0,0,nan,6,1e-06,nan,120
0,30000,14,20330727,packing,0.14986408275369212,0.019237084845578428,0.14986408275369212,267,0.15,6,1e-06,nan,120
0,30000,14,20330727,christoffel,0.028131584949679905,0.028131584949679905,0.013868929215800435,0,nan,6,1e-06,151.60837776829734,120
0,30000,15,20330728,convex_hull,0.007203122042976934,0.007203122042976934,0.0,0,nan,6,1e-06,nan,120
0,30000,15,20330728,packing,0.1498048991509603,0.013334471762469408,0.1498048991509603,268,0.15,6,1e-06,nan,120
0,30000,15,20330728,christoffel,0.027902295117040704,0.027902295117040704,0.013089160251105162,0,nan,6,1e-06,143.530923559913,120
0,30000,16,20330729,convex_hull,0.010425802131827864,0.010425802131827864,0.0,0,nan,6,1e-06,nan,120
0,30000,16,20330729,packing,0.1499913771575616,0.00753186968348063,0.1499913771575616,267,0.15,6,1e-06,nan,120
0,30000,16,20330729,christoffel,0.034658492623966884,0.034658492623966884,0.01092352326571851,0,nan,6,1e-06,140.57481620336938,120
0,30000,17,20330730,convex_hull,0.007740831756514426,0.007740831756514426,0.0,0,nan,6,1e-06,nan,120
0,30000,17,20330730,packing,0.14970644033348846,0.010617275660057046,0.14970644033348846,263,0.15,6,1e-06,nan,120
0,30000,17,20330730,christoffel,0.027984773256814626,0.027984773256814626,0.009140262949423958,0,nan,6,1e-06,144.44166362522725,120
0,30000,18,20330731,convex_hull,0.007385179072185686,0.007385179072185686,0.0,0,nan,6,1e-06,nan,120
0,30000,18,20330731,packing,0.14967430831456108,0.0035160921677025447,0.14967430831456108,265,0.15,6,1e-06,nan,120
0,30000,18,20330731,christoffel,0.035980368759772924,0.035980368759772924,0.016637930972128175,0,nan,6,1e-06,149.25943099937126,120
0,30000,19,20330732,convex_hull,0.00951341559558495,0.00951341559558495,0.0,0,nan,6,1e-06,nan,120
0,30000,19,20330732,packing,0.14944864468161956,0.005768621574849253,0.14944864468161956,261,0.15,6,1e-06,nan,120
0,30000,19,20330732,christoffel,0.02997992787408515,0.02997992787408515,0.006173331345568603,0,nan,6,1e-06,142.2015761907629,120
0,30000,20,20330733,convex_hull,0.008962487462479388,0.008962487462479388,0.0,0,nan,6,1e-06,nan,120
0,30000,20,20330733,packing,0.14993073512500565,0.008971938332055313,0.14993073512500565,269,0.15,6,1e-06,nan,120
0,30000,20,20330733,christoffel,0.03131082742565331,0.03131082742565331,0.013868929215800333,0,nan,6,1e-06,146.90365348404663,120
0,30000,21,20330734,convex_hull,0.01130381788454211,0.01130381788454211,0.0,0,nan,6,1e-06,nan,120
0,30000,21,20330734,packing,0.14985421247854624,0.004173186603862622,0.14985421247854624,268,0.15,6,1e-06,nan,120
0,30000,21,20330734,christoffel,0.03216732883907291,0.03216732883907291,0.018061584170299825,0,nan,6,1e-06,144.44754421650117,120
0,30000,22,20330735,convex_hull,0.00996441958617797,0.00996441958617797,0.0,0,nan,6,1e-06,nan,120
0,30000,22,20330735,packing,0.149328840978736,0.010357427555533122,0.149328840978736,265,0.15,6,1e-06,nan,120
0,30000,22,20330735,christoffel,0.02904150027085743,0.02904150027085743,0.013868929215800333,0,nan,6,1e-06,150.1625008898043,120
0,30000,23,20330736,convex_hull,0.009215623095602898,0.009215623095602898,0.0,0,nan,6,1e-06,nan,120
0,30000,23,20330736,packing,0.14969214089954264,0.0096717338391403,0.14969214089954264,268,0.15,6,1e-06,nan,120
0,30000,23,20330736,christoffel,0.026798212077034235,0.026798212077034235,0.009140262949423958,0,nan,6,1e-06,137.64842515270178,120
0,30000,24,20330737,convex_hull,0.00676264100249298,0.00676264100249298,0.0,0,nan,6,1e-06,nan,120
0,30000,24,20330737,packing,0.1489351314459919,0.005350713349216968,0.1489351314459919,269,0.15,6,1e-06,nan,120
0,30000,24,20330737,christoffel,0.028119018033249354,0.028119018033249354,0.012440341776683992,0,nan,6,1e-06,144.606789478707,120
0,30000,25,20330738,convex_hull,0.010906790977911454,0.010906790977911454,0.0,0,nan,6,1e-06,nan,120
0,30000,25,20330738,packing,0.1494998554918383,0.009223646098747929,0.1494998554918383,263,0.15,6,1e-06,nan,120
0,30000,25,20330738,christoffel,0.028580466976299897,0.028580466976299897,0.013558594810690251,0,nan,6,1e-06,142.42306035472052,120
0,30000,26,20330739,convex_hull,0.012420885369276786,0.012420885369276786,0.0,0,nan,6,1e-06,nan,120
0,30000,26,20330739,packing,0.1482551391275675,0.012812659069915522,0.1482551391275675,264,0.15,6,1e-06,nan,120
0,30000,26,20330739,christoffel,0.02938230476180632,0.02938230476180632,0.016637930972128175,0,nan,6,1e-06,151.7567789819519,120
0,30000,27,20330740,convex_hull,0.012212295858319509,0.012212295858319509,0.0,0,nan,6,1e-06,nan,120
0,30000,27,20330740,packing,0.1493590950127759,0.014767969595755298,0.1493590950127759,262,0.15,6,1e-06,nan,120
0,30000,27,20330740,christoffel,0.030744353091795094,0.030744353091795094,0.013089160251105162,0,nan,6,1e-06,145.8792829386857,120
0,30000,28,20330741,convex_hull,0.007534426703813354,0.007534426703813354,0.0,0,nan,6,1e-06,nan,120
0,30000,28,20330741,packing,0.14972855790277728,0.011464718323865697,0.14972855790277728,266,0.15,6,1e-06,nan,120
0,30000,28,20330741,christoffel,0.029662174236689244,0.029662174236689244,0.0061733313455689,0,nan,6,1e-06,141.00267328018313,120
0,30000,29,20330742,convex_hull,0.010771494297664006,0.010771494297664006,0.0,0,nan,6,1e-06,nan,120
0,30000,29,20330742,packing,0.14909683306944732,0.019356954062410836,0.14909683306944732,260,0.15,6,1e-06,nan,120
0,30000,29,20330742,christoffel,0.028201765279077275,0.028201765279077275,0.015255476712893627,0,nan,6,1e-06,147.05242197621587,120
0,30000,30,20330743,convex_hull,0.012818197576272778,0.012818197576272778,0.0,0,nan,6,1e-06,nan,120
0,30000,30,20330743,packing,0.1491133357486163,0.01735838396237996,0.1491133357486163,269,0.15,6,1e-06,nan,120
0,30000,30,20330743,christoffel,0.029020013355560075,0.029020013355560075,0.01702113309022853,0,nan,6,1e-06,150.85425604482305,120
0,30000,31,20330744,convex_hull,0.010904800790175534,0.010904800790175534,0.0,0,nan,6,1e-06,nan,120
0,30000,31,20330744,packing,0.14986320607802472,0.014380251275881217,0.14986320607802472,260,0.15,6,1e-06,nan,120
0,30000,31,20330744,christoffel,0.027972767284928805,0.027972767284928805,0.009140262949423958,0,nan,6,1e-06,138.348618740279,120
0,30000,32,20330745,convex_hull,0.009027977204810312,0.009027977204810312,0.0,0,nan,6,1e-06,nan,120
0,30000,32,20330745,packing,0.14977538844027338,0.013010635601581833,0.14977538844027338,273,0.15,6,1e-06,nan,120
0,30000,32,20330745,christoffel,0.02935073123391434,0.02935073123391434,0.011089869843868125,0,nan,6,1e-06,140.86095363210512,120
0,30000,33,20330746,convex_hull,0.011605365459669033,0.011605365459669033,0.0,0,nan,6,1e-06,nan,120
0,30000,33,20330746,packing,0.1479583551478152,0.00921008833516232,0.1479583551478152,271,0.15,6,1e-06,nan,120
0,30000,33,20330746,christoffel,0.028831503895671462,0.028831503895671462,0.013089160251105254,0,nan,6,1e-06,144.7221993011495,120
0,30000,34,20330747,convex_hull,0.01002122035030663,0.01002122035030663,0.0,0,nan,6,1e-06,nan,120
0,30000,34,20330747,packing,0.14936755259587264,0.02078150023256048,0.14936755259587264,261,0.15,6,1e-06,nan,120
0,30000,34,20330747,christoffel,0.03631769144030108,0.03631769144030108,0.013868929215800333,0,nan,6,1e-06,146.59885513831523,120
0,30000,35,20330748,convex_hull,0.008634582306219454,0.008634582306219454,0.0,0,nan,6,1e-06,nan,120
0,30000,35,20330748,packing,0.14993821875172642,0.015624185140084929,0.14993821875172642,269,0.15,6,1e-06,nan,120
0,30000,35,20330748,christoffel,0.02960777987635021,0.02960777987635021,0.01209011474076631,0,nan,6,1e-06,141.05421497123433,120
0,30000,36,20330749,convex_hull,0.008782876888792169,0.008782876888792169,0.0,0,nan,6,1e-06,nan,120
0,30000,36,20330749,packing,0.14901573885634112,0.006958740424696519,0.14901573885634112,275,0.15,6,1e-06,nan,120
0,30000,36,20330749,christoffel,0.02777377751179156,0.02777377751179156,0.013400995499125025,0,nan,6,1e-06,147.20540531467296,120
0,30000,37,20330750,convex_hull,0.010324010710124936,0.010324010710124936,0.0,0,nan,6,1e-06,nan,120
0,30000,37,20330750,packing,0.14916223570451392,0.0058900763197284045,0.14916223570451392,268,0.15,6,1e-06,nan,120
0,30000,37,20330750,christoffel,0.028122773110123307,0.028122773110123307,0.01092352326571851,0,nan,6,1e-06,146.6443000257465,120
0,30000,38,20330751,convex_hull,0.010110307060280554,0.010110307060280554,0.0,0,nan,6,1e-06,nan,120
0,30000,38,20330751,packing,0.1494588277825153,0.008469782109886193,0.1494588277825153,262,0.15,6,1e-06,nan,120
0,30000,38,20330751,christoffel,0.030489987940914016,0.030489987940914016,0.006173331345568603,0,nan,6,1e-06,139.11419895653333,120
0,30000,39,20330752,convex_hull,0.011575315523742016,0.011575315523742016,0.0,0,nan,6,1e-06,nan,120
0,30000,39,20330752,packing,0.1497645023604175,0.017119369134257767,0.1497645023604175,262,0.15,6,1e-06,nan,120
0,30000,39,20330752,christoffel,0.0289464646952007,0.0289464646952007,0.006173331345568603,0,nan,6,1e-06,142.6196970962955,120
0,30000,40,20330753,convex_hull,0.012418620906142413,0.012418620906142413,0.0,0,nan,6,1e-06,nan,120
0,30000,40,20330753,packing,0.14936577476477653,0.009806699919353817,0.14936577476477653,275,0.15,6,1e-06,nan,120
0,30000,40,20330753,christoffel,0.029078815505173567,0.029078815505173567,0.009140262949423855,0,nan,6,1e-06,138.5662211102469,120
0,30000,41,20330754,convex_hull,0.011895650806782555,0.011895650806782555,0.0,0,nan,6,1e-06,nan,120
0,30000,41,20330754,packing,0.14909897549756135,0.007974414183225448,0.14909897549756135,267,0.15,6,1e-06,nan,120
0,30000,41,20330754,christoffel,0.03150893548955951,0.03150893548955951,0.010923523265718408,0,nan,6,1e-06,141.22071637031993,120
0,30000,42,20330755,convex_hull,0.012284381418247446,0.012284381418247446,0.0,0,nan,6,1e-06,nan,120
0,30000,42,20330755,packing,0.14989488026896947,0.017811879749085435,0.14989488026896947,271,0.15,6,1e-06,nan,120
0,30000,42,20330755,christoffel,0.03194911176084785,0.03194911176084785,0.01109015657649938,0,nan,6,1e-06,142.85086670916033,120
0,30000,43,20330756,convex_hull,0.014202750294492117,0.014202750294492117,0.0,0,nan,6,1e-06,nan,120
0,30000,43,20330756,packing,0.1499895232431927,0.006255015792003549,0.1499895232431927,273,0.15,6,1e-06,nan,120
0,30000,43,20330756,christoffel,0.030574638624705164,0.030574638624705164,0.009140262949423958,0,nan,6,1e-06,139.7003620004225,120
0,30000,44,20330757,convex_hull,0.012971516739926163,0.012971516739926163,0.0,0,nan,6,1e-06,nan,120
0,30000,44,20330757,packing,0.14808022373843344,0.009617010764163714,0.14808022373843344,270,0.15,6,1e-06,nan,120
0,30000,44,20330757,christoffel,0.032891480449623395,0.032891480449623395,0.016287591896537737,0,nan,6,1e-06,153.98830615798636,120
0,30000,45,20330758,convex_hull,0.011814487864584477,0.011814487864584477,0.0,0,nan,6,1e-06,nan,120
0,30000,45,20330758,packing,0.1498830888030399,0.0038304275034829194,0.1498830888030399,267,0.15,6,1e-06,nan,120
0,30000,45,20330758,christoffel,0.02905410337235635,0.02905410337235635,0.013089160251105162,0,nan,6,1e-06,142.63579539459676,120
0,30000,46,20330759,convex_hull,0.00654769591272457,0.00654769591272457,0.0,0,nan,6,1e-06,nan,120
0,30000,46,20330759,packing,0.14941227810748614,0.00912254927956313,0.14941227810748614,260,0.15,6,1e-06,nan,120
0,30000,46,20330759,christoffel,0.029605271994502635,0.029605271994502635,0.0061733313455689,0,nan,6,1e-06,139.78394876172928,120
0,30000,47,20330760,convex_hull,0.008519996369417625,0.008519996369417625,0.0,0,nan,6,1e-06,nan,120
0,30000,47,20330760,packing,0.14881749658617416,0.004904873859430614,0.14881749658617416,272,0.15,6,1e-06,nan,120
0,30000,47,20330760,christoffel,0.02883150389567198,0.02883150389567198,0.012440341776683574,0,nan,6,1e-06,144.48314490175767,120
0,30000,48,20330761,convex_hull,0.009892688917184592,0.009892688917184592,0.0,0,nan,6,1e-06,nan,120
0,30000,48,20330761,packing,0.1492512823412926,0.008372201036322052,0.1492512823412926,268,0.15,6,1e-06,nan,120
0,30000,48,20330761,christoffel,0.030678960806457763,0.030678960806457763,0.018061584170299825,0,nan,6,1e-06,148.778127712055,120
0,30000,49,20330762,convex_hull,0.013410932840279808,0.013410932840279808,0.0,0,nan,6,1e-06,nan,120
0,30000,49,20330762,packing,0.1497407572334395,0.006601404005333877,0.1497407572334395,264,0.15,6,1e-06,nan,120
0,30000,49,20330762,christoffel,0.028499315447141255,0.028499315447141255,0.013400995499124928,0,nan,6,1e-06,148.65315196533177,120
2,30000,0,20330713,convex_hull,0.20188100919231178,0.20188100919231178,0.0,0,nan,6,1e-06,nan,120
2,30000,0,20330713,packing,0.17243586614648085,0.17243586614648085,0.12766883523411932,228,0.15,6,1e-06,nan,120
2,30000,0,20330713,christoffel,0.09552432039018989,0.09552432039018989,0.013868929215800638,0,nan,6,1e-06,2467.747758802193,120
2,30000,1,20330714,convex_hull,0.21264504100564252,0.21264504100564252,0.0,0,nan,6,1e-06,nan,120
2,30000,1,20330714,packing,0.1529402782095047,0.1529402782095047,0.10936042820415404,220,0.15,6,1e-06,nan,120
2,30000,1,20330714,christoffel,0.09671954848455831,0.09671954848455831,0.013868929215800638,0,nan,6,1e-06,2691.801557051765,120
2,30000,2,20330715,convex_hull,0.20151662553462407,0.20151662553462407,0.0,0,nan,6,1e-06,nan,120
2,30000,2,20330715,packing,0.13582448786277232,0.13582448786277232,0.132058310410466,222,0.15,6,1e-06,nan,120
2,30000,2,20330715,christoffel,0.14834135128619733,0.14834135128619733,0.0,0,nan,6,1e-06,1916.6324201671102,120
2,30000,3,20330716,convex_hull,0.19044805026951325,0.19044805026951325,0.0,0,nan,6,1e-06,nan,120
2,30000,3,20330716,packing,0.13457908222701073,0.13457908222701073,0.10676519626894865,224,0.15,6,1e-06,nan,120
2,30000,3,20330716,christoffel,0.1483413512861971,0.1483413512861971,0.0,0,nan,6,1e-06,1911.2781330553369,120
2,30000,4,20330717,convex_hull,0.1816984637742128,0.1816984637742128,0.0,0,nan,6,1e-06,nan,120
2,30000,4,20330717,packing,0.12884572570974093,0.12884572570974093,0.11806716966372965,220,0.15,6,1e-06,nan,120
2,30000,4,20330717,christoffel,0.13924318344074915,0.13924318344074915,0.0,0,nan,6,1e-06,2094.1743315070803,120
2,30000,5,20330718,convex_hull,0.19005338644141034,0.19005338644141034,0.0,0,nan,6,1e-06,nan,120
2,30000,5,20330718,packing,0.12257633342486465,0.12257633342486465,0.11570995843039134,224,0.15,6,1e-06,nan,120
2,30000,5,20330718,christoffel,0.09552432039018989,0.09552432039018989,0.013868929215800333,0,nan,6,1e-06,2412.44630566973,120
2,30000,6,20330719,convex_hull,0.20934553215497434,0.20934553215497434,0.0,0,nan,6,1e-06,nan,120
2,30000,6,20330719,packing,0.14540621318525213,0.14540621318525213,0.10508087535460309,223,0.15,6,1e-06,nan,120
2,30000,6,20330719,christoffel,0.09552432039018989,0.09552432039018989,0.010041765834816167,0,nan,6,1e-06,2238.4752156045015,120
2,30000,7,20330720,convex_hull,0.2825356717159187,0.2825356717159187,0.0,0,nan,6,1e-06,nan,120
2,30000,7,20330720,packing,0.19423099193337337,0.19423099193337337,0.1060758544815571,226,0.15,6,1e-06,nan,120
2,30000,7,20330720,christoffel,0.1483413512861971,0.1483413512861971,0.009140262949423855,0,nan,6,1e-06,2202.456939998719,120
2,30000,8,20330721,convex_hull,0.175648593701269,0.175648593701269,0.0,0,nan,6,1e-06,nan,120
2,30000,8,20330721,packing,0.13533703329012647,0.09650117953120316,0.13533703329012647,229,0.15,6,1e-06,nan,120
2,30000,8,20330721,christoffel,0.11123483032845104,0.11123483032845104,0.009140262949423958,0,nan,6,1e-06,2082.7316085647217,120
2,30000,9,20330722,convex_hull,0.1743435851913392,0.1743435851913392,0.0,0,nan,6,1e-06,nan,120
2,30000,9,20330722,packing,0.12390588536032521,0.10735984212857372,0.12390588536032521,234,0.15,6,1e-06,nan,120
2,30000,9,20330722,christoffel,0.09552432039018989,0.09552432039018989,0.01628759189653783,0,nan,6,1e-06,2376.458085059487,120
2,30000,10,20330723,convex_hull,0.198269603779464,0.198269603779464,0.0,0,nan,6,1e-06,nan,120
2,30000,10,20330723,packing,0.13841601749017315,0.13841601749017315,0.11793136337980781,226,0.15,6,1e-06,nan,120
2,30000,10,20330723,christoffel,0.09552432039018989,0.09552432039018989,0.01092352326571851,0,nan,6,1e-06,2416.93674606429,120
2,30000,11,20330724,convex_hull,0.20472791113967875,0.20472791113967875,0.0,0,nan,6,1e-06,nan,120
2,30000,11,20330724,packing,0.14466420490179735,0.14466420490179735,0.10926295311006762,230,0.15,6,1e-06,nan,120
2,30000,11,20330724,christoffel,0.12448660567782377,0.12448660567782377,0.012222019140403719,0,nan,6,1e-06,2453.914650397733,120
2,30000,12,20330725,convex_hull,0.16266233808879083,0.16266233808879083,0.0,0,nan,6,1e-06,nan,120
2,30000,12,20330725,packing,0.1398787690088655,0.1398787690088655,0.12873439143508625,229,0.15,6,1e-06,nan,120
2,30000,12,20330725,christoffel,0.14834135128619733,0.14834135128619733,0.0,0,nan,6,1e-06,2012.2547432569834,120
2,30000,13,20330726,convex_hull,0.15953532316321478,0.15953532316321478,0.0,0,nan,6,1e-06,nan,120
2,30000,13,20330726,packing,0.13331308723062185,0.10356033382496335,0.13331308723062185,226,0.15,6,1e-06,nan,120
2,30000,13,20330726,christoffel,0.10405606805271411,0.10405606805271411,0.0004246331801999446,0,nan,6,1e-06,2148.1747670956843,120
2,30000,14,20330727,convex_hull,0.2387421431857581,0.2387421431857581,0.0,0,nan,6,1e-06,nan,120
2,30000,14,20330727,packing,0.16236915064061366,0.16236915064061366,0.12097484300992645,219,0.15,6,1e-06,nan,120
2,30000,14,20330727,christoffel,0.09552432039018947,0.09552432039018947,0.0004246331801999446,0,nan,6,1e-06,2526.1543616200456,120
2,30000,15,20330728,convex_hull,0.1910741361230197,0.1910741361230197,0.0,0,nan,6,1e-06,nan,120
2,30000,15,20330728,packing,0.1231063424406352,0.1231063424406352,0.09800071696049117,224,0.15,6,1e-06,nan,120
2,30000,15,20330728,christoffel,0.09671954848455849,0.09671954848455849,0.018061584170299825,0,nan,6,1e-06,2560.7818329714128,120
2,30000,16,20330729,convex_hull,0.1573404088953128,0.1573404088953128,0.0,0,nan,6,1e-06,nan,120
2,30000,16,20330729,packing,0.15412547024268783,0.15412547024268783,0.11331209992334634,219,0.15,6,1e-06,nan,120
2,30000,16,20330729,christoffel,0.14834135128619733,0.14834135128619733,0.0,0,nan,6,1e-06,1998.897958926991,120
2,30000,17,20330730,convex_hull,0.15431577325965642,0.15431577325965642,0.0,0,nan,6,1e-06,nan,120
2,30000,17,20330730,packing,0.13820795614013107,0.13820795614013107,0.11851870675002107,230,0.15,6,1e-06,nan,120
2,30000,17,20330730,christoffel,0.09552432039018989,0.09552432039018989,0.010041765834815955,0,nan,6,1e-06,2257.708775867856,120
2,30000,18,20330731,convex_hull,0.19738188648967941,0.19738188648967941,0.0,0,nan,6,1e-06,nan,120
2,30000,18,20330731,packing,0.13127724938817978,0.13127724938817978,0.11801642791435873,219,0.15,6,1e-06,nan,120
2,30000,18,20330731,christoffel,0.14834135128619733,0.14834135128619733,0.0,0,nan,6,1e-06,1903.859440020457,120
2,30000,19,20330732,convex_hull,0.1889595355316363,0.1889595355316363,0.0,0,nan,6,1e-06,nan,120
2,30000,19,20330732,packing,0.1521122699837825,0.1521122699837825,0.1340981760112685,228,0.15,6,1e-06,nan,120
2,30000,19,20330732,christoffel,0.09552432039018989,0.09552432039018989,0.023596637134869654,0,nan,6,1e-06,2408.5337676556755,120
2,30000,20,20330733,convex_hull,0.19503247058549306,0.19503247058549306,0.0,0,nan,6,1e-06,nan,120
2,30000,20,20330733,packing,0.14487024766404497,0.14487024766404497,0.1308121167094598,223,0.15,6,1e-06,nan,120
2,30000,20,20330733,christoffel,0.07001659895857486,0.07001659895857486,0.02729505727501933,0,nan,6,1e-06,3014.9937846180324,120
2,30000,21,20330734,convex_hull,0.17477215329640405,0.17477215329640405,0.0,0,nan,6,1e-06,nan,120
2,30000,21,20330734,packing,0.12741855365345978,0.11741077643227862,0.12741855365345978,227,0.15,6,1e-06,nan,120
2,30000,21,20330734,christoffel,0.10405606805271411,0.10405606805271411,0.012222019140403719,0,nan,6,1e-06,2335.1173612904668,120
2,30000,22,20330735,convex_hull,0.14935712084261768,0.14935712084261768,0.0,0,nan,6,1e-06,nan,120
2,30000,22,20330735,packing,0.11976122974399864,0.11976122974399864,0.10058798846708394,229,0.15,6,1e-06,nan,120
2,30000,22,20330735,christoffel,0.09552432039018947,0.09552432039018947,0.013868929215800435,0,nan,6,1e-06,2293.958132871106,120
2,30000,23,20330736,convex_hull,0.1874757452943678,0.1874757452943678,0.0,0,nan,6,1e-06,nan,120
2,30000,23,20330736,packing,0.13895026408848388,0.13486378496381304,0.13895026408848388,229,0.15,6,1e-06,nan,120
2,30000,23,20330736,christoffel,0.09671954848455803,0.09671954848455803,0.010923523265718408,0,nan,6,1e-06,2184.866271904281,120
2,30000,24,20330737,convex_hull,0.2326522790839052,0.2326522790839052,0.0,0,nan,6,1e-06,nan,120
2,30000,24,20330737,packing,0.1566903215049195,0.1566903215049195,0.09908502824750443,222,0.15,6,1e-06,nan,120
2,30000,24,20330737,christoffel,0.14834135128619733,0.14834135128619733,0.0,0,nan,6,1e-06,2056.17845930368,120
2,30000,25,20330738,convex_hull,0.2136166336766354,0.2136166336766354,0.0,0,nan,6,1e-06,nan,120
2,30000,25,20330738,packing,0.15608874293319783,0.15608874293319783,0.13833159952591834,224,0.15,6,1e-06,nan,120
2,30000,25,20330738,christoffel,0.09671954848455803,0.09671954848455803,0.03058024747470014,0,nan,6,1e-06,2736.5625764633787,120
2,30000,26,20330739,convex_hull,0.13621491234071956,0.13621491234071956,0.0,0,nan,6,1e-06,nan,120
2,30000,26,20330739,packing,0.12945323332500983,0.12945323332500983,0.11830465446039351,225,0.15,6,1e-06,nan,120
2,30000,26,20330739,christoffel,0.09552432039018947,0.09552432039018947,0.0,0,nan,6,1e-06,2087.783971031827,120
2,30000,27,20330740,convex_hull,0.222201934941392,0.222201934941392,0.0,0,nan,6,1e-06,nan,120
2,30000,27,20330740,packing,0.21836029491991918,0.21836029491991918,0.11480980643038374,221,0.15,6,1e-06,nan,120
2,30000,27,20330740,christoffel,0.11817345523414605,0.11817345523414605,0.02893450926363878,0,nan,6,1e-06,2732.11046276925,120
2,30000,28,20330741,convex_hull,0.14823309882870236,0.14823309882870236,0.0,0,nan,6,1e-06,nan,120
2,30000,28,20330741,packing,0.1252000898857807,0.1252000898857807,0.12500037508055928,231,0.15,6,1e-06,nan,120
2,30000,28,20330741,christoffel,0.09552432039018947,0.09552432039018947,0.018061584170299825,0,nan,6,1e-06,2504.028836701748,120
2,30000,29,20330742,convex_hull,0.2323410020505162,0.2323410020505162,0.0,0,nan,6,1e-06,nan,120
2,30000,29,20330742,packing,0.13673268081656106,0.13673268081656106,0.11350530440910811,233,0.15,6,1e-06,nan,120
2,30000,29,20330742,christoffel,0.15723515574741118,0.15723515574741118,0.0,0,nan,6,1e-06,1790.4468184076843,120
2,30000,30,20330743,convex_hull,0.20433765944012336,0.20433765944012336,0.0,0,nan,6,1e-06,nan,120
2,30000,30,20330743,packing,0.13858193624270979,0.13858193624270979,0.12131067901514303,218,0.15,6,1e-06,nan,120
2,30000,30,20330743,christoffel,0.1112348303284512,0.1112348303284512,0.009140262949423958,0,nan,6,1e-06,2266.12162122495,120
2,30000,31,20330744,convex_hull,0.21025129663801714,0.21025129663801714,0.0,0,nan,6,1e-06,nan,120
2,30000,31,20330744,packing,0.1458357385850965,0.1458357385850965,0.12104034347235537,224,0.15,6,1e-06,nan,120
2,30000,31,20330744,christoffel,0.14834135128619733,0.14834135128619733,0.012222019140403719,0,nan,6,1e-06,2329.915390306546,120
2,30000,32,20330745,convex_hull,0.19179625715065016,0.19179625715065016,0.0,0,nan,6,1e-06,nan,120
2,30000,32,20330745,packing,0.14984273827612773,0.14984273827612773,0.12074130169477082,227,0.15,6,1e-06,nan,120
2,30000,32,20330745,christoffel,0.14834135128619733,0.14834135128619733,0.0,0,nan,6,1e-06,2016.4875990048934,120
2,30000,33,20330746,convex_hull,0.1762564090633113,0.1762564090633113,0.0,0,nan,6,1e-06,nan,120
2,30000,33,20330746,packing,0.13215631126775704,0.13215631126775704,0.12006878178159619,220,0.15,6,1e-06,nan,120
2,30000,33,20330746,christoffel,0.09552432039018989,0.09552432039018989,0.018061584170299825,0,nan,6,1e-06,2568.6576969225757,120
2,30000,34,20330747,convex_hull,0.17545184736744468,0.17545184736744468,0.0,0,nan,6,1e-06,nan,120
2,30000,34,20330747,packing,0.14507578059458967,0.14507578059458967,0.1107960117387663,225,0.15,6,1e-06,nan,120
2,30000,34,20330747,christoffel,0.11817345523414605,0.11817345523414605,0.0,0,nan,6,1e-06,2101.5133392121206,120
2,30000,35,20330748,convex_hull,0.21840331364499632,0.21840331364499632,0.0,0,nan,6,1e-06,nan,120
2,30000,35,20330748,packing,0.15856030038178945,0.15856030038178945,0.10742999231344408,224,0.15,6,1e-06,nan,120
2,30000,35,20330748,christoffel,0.14834135128619733,0.14834135128619733,0.0,0,nan,6,1e-06,1942.0663949429988,120
2,30000,36,20330749,convex_hull,0.1671645312114612,0.1671645312114612,0.0,0,nan,6,1e-06,nan,120
2,30000,36,20330749,packing,0.13847565929834735,0.13847565929834735,0.11795959831271441,224,0.15,6,1e-06,nan,120
2,30000,36,20330749,christoffel,0.11114211754399826,0.11114211754399826,0.0,0,nan,6,1e-06,1937.9295611162656,120
2,30000,37,20330750,convex_hull,0.2220846601589093,0.2220846601589093,0.0,0,nan,6,1e-06,nan,120
2,30000,37,20330750,packing,0.13750951804253453,0.1302216002672161,0.13750951804253453,225,0.15,6,1e-06,nan,120
2,30000,37,20330750,christoffel,0.09552432039018947,0.09552432039018947,0.03279943240470049,0,nan,6,1e-06,3076.2531949753015,120
2,30000,38,20330751,convex_hull,0.15995357850844144,0.15995357850844144,0.0,0,nan,6,1e-06,nan,120
2,30000,38,20330751,packing,0.12816240899610243,0.12299655606516782,0.12816240899610243,225,0.15,6,1e-06,nan,120
2,30000,38,20330751,christoffel,0.09552432039018989,0.09552432039018989,0.023596637134869654,0,nan,6,1e-06,2386.8009455616307,120
2,30000,39,20330752,convex_hull,0.18220303898689846,0.18220303898689846,0.0,0,nan,6,1e-06,nan,120
2,30000,39,20330752,packing,0.14253646552638466,0.12180184670592156,0.14253646552638466,226,0.15,6,1e-06,nan,120
2,30000,39,20330752,christoffel,0.07525726044940888,0.07525726044940888,0.035727575325743284,0,nan,6,1e-06,3088.883099454184,120
2,30000,40,20330753,convex_hull,0.16607546635333467,0.16607546635333467,0.0,0,nan,6,1e-06,nan,120
2,30000,40,20330753,packing,0.14185442537463622,0.12374289165175476,0.14185442537463622,225,0.15,6,1e-06,nan,120
2,30000,40,20330753,christoffel,0.09552432039018989,0.09552432039018989,0.02729505727501933,0,nan,6,1e-06,2617.4905510720537,120
2,30000,41,20330754,convex_hull,0.1405411799728382,0.1405411799728382,0.0,0,nan,6,1e-06,nan,120
2,30000,41,20330754,packing,0.12145381402863362,0.12145381402863362,0.11808104726895374,227,0.15,6,1e-06,nan,120
2,30000,41,20330754,christoffel,0.09671954848455831,0.09671954848455831,0.0,0,nan,6,1e-06,2139.2633141682986,120
2,30000,42,20330755,convex_hull,0.19101273341393366,0.19101273341393366,0.0,0,nan,6,1e-06,nan,120
2,30000,42,20330755,packing,0.13034075643917045,0.13034075643917045,0.11254915864263315,227,0.15,6,1e-06,nan,120
2,30000,42,20330755,christoffel,0.10405606805271382,0.10405606805271382,0.0004246331801999446,0,nan,6,1e-06,2218.9734926894757,120
2,30000,43,20330756,convex_hull,0.20420085290527462,0.20420085290527462,0.0,0,nan,6,1e-06,nan,120
2,30000,43,20330756,packing,0.14548421905036335,0.14463857503341895,0.14548421905036335,227,0.15,6,1e-06,nan,120
2,30000,43,20330756,christoffel,0.11123483032845154,0.11123483032845154,0.01909783179449197,0,nan,6,1e-06,2619.4946375311424,120
2,30000,44,20330757,convex_hull,0.18629637952253802,0.18629637952253802,0.0,0,nan,6,1e-06,nan,120
2,30000,44,20330757,packing,0.13057772648076968,0.13057772648076968,0.13005659808490444,221,0.15,6,1e-06,nan,120
2,30000,44,20330757,christoffel,0.09671954848455831,0.09671954848455831,0.018061584170299825,0,nan,6,1e-06,2439.4828992386288,120
2,30000,45,20330758,convex_hull,0.17253191738225312,0.17253191738225312,0.0,0,nan,6,1e-06,nan,120
2,30000,45,20330758,packing,0.12841097524613354,0.11154198197058365,0.12841097524613354,226,0.15,6,1e-06,nan,120
2,30000,45,20330758,christoffel,0.05774989863532595,0.05774989863532595,0.018061584170299825,0,nan,6,1e-06,2462.0049508200277,120
2,30000,46,20330759,convex_hull,0.14993181668327307,0.14993181668327307,0.0,0,nan,6,1e-06,nan,120
2,30000,46,20330759,packing,0.1241321727311977,0.10960551994655923,0.1241321727311977,222,0.15,6,1e-06,nan,120
2,30000,46,20330759,christoffel,0.09552432039018989,0.09552432039018989,0.00035123284760715123,0,nan,6,1e-06,2232.504422738439,120
2,30000,47,20330760,convex_hull,0.1816727620973808,0.1816727620973808,0.0,0,nan,6,1e-06,nan,120
2,30000,47,20330760,packing,0.15983620586750738,0.15983620586750738,0.10178335727645305,224,0.15,6,1e-06,nan,120
2,30000,47,20330760,christoffel,0.1483413512861971,0.1483413512861971,0.0,0,nan,6,1e-06,1943.4308442176134,120
2,30000,48,20330761,convex_hull,0.23138429090682622,0.23138429090682622,0.0,0,nan,6,1e-06,nan,120
2,30000,48,20330761,packing,0.12541517934348145,0.11060346065041296,0.12541517934348145,228,0.15,6,1e-06,nan,120
2,30000,48,20330761,christoffel,0.11123483032845129,0.11123483032845129,0.018061584170299825,0,nan,6,1e-06,2550.309748345138,120
2,30000,49,20330762,convex_hull,0.15671917408912453,0.15671917408912453,0.0,0,nan,6,1e-06,nan,120
2,30000,49,20330762,packing,0.13315570213307723,0.13315570213307723,0.10961941029938882,231,0.15,6,1e-06,nan,120
2,30000,49,20330762,christoffel,0.14834135128619733,0.14834135128619733,0.00035123284760687665,0,nan,6,1e-06,2018.8531896382822,120
4,30000,0,20330713,convex_hull,0.3820986837638028,0.3820986837638028,0.0,0,nan,6,1e-06,nan,120
4,30000,0,20330713,packing,0.2963457770742661,0.2963457770742661,0.0008876434321956062,172,0.15,6,1e-06,nan,120
4,30000,0,20330713,christoffel,0.3071606639071164,0.3071606639071164,0.0,0,nan,6,1e-06,6199.906038670655,120
4,30000,1,20330714,convex_hull,0.6180101194410642,0.6180101194410642,0.0,0,nan,6,1e-06,nan,120
4,30000,1,20330714,packing,0.5384963359362913,0.5384963359362913,0.011945360088203238,166,0.15,6,1e-06,nan,120
4,30000,1,20330714,christoffel,0.36013297178970405,0.36013297178970405,0.0,0,nan,6,1e-06,7081.259764513055,120
4,30000,2,20330715,convex_hull,0.4661655873399541,0.4661655873399541,0.0,0,nan,6,1e-06,nan,120
4,30000,2,20330715,packing,0.3730724078949825,0.3730724078949825,0.04260187343153732,174,0.15,6,1e-06,nan,120
4,30000,2,20330715,christoffel,0.3071606639071167,0.3071606639071167,0.0,0,nan,6,1e-06,5891.821279233468,120
4,30000,3,20330716,convex_hull,0.44377816441274115,0.44377816441274115,0.0,0,nan,6,1e-06,nan,120
4,30000,3,20330716,packing,0.35052337903139563,0.35052337903139563,0.027793255477002066,175,0.15,6,1e-06,nan,120
4,30000,3,20330716,christoffel,0.41311111954171725,0.41311111954171725,0.0,0,nan,6,1e-06,3907.5212585079003,120
4,30000,4,20330717,convex_hull,0.4558585570990718,0.4558585570990718,0.0,0,nan,6,1e-06,nan,120
4,30000,4,20330717,packing,0.36318263327059275,0.36318263327059275,0.01364142883642594,181,0.15,6,1e-06,nan,120
4,30000,4,20330717,christoffel,0.3071606639071167,0.3071606639071167,0.0,0,nan,6,1e-06,5954.681784427234,120
4,30000,5,20330718,convex_hull,0.5117974145437528,0.5117974145437528,0.0,0,nan,6,1e-06,nan,120
4,30000,5,20330718,packing,0.41551271602911377,0.41551271602911377,0.051446510076228025,174,0.15,6,1e-06,nan,120
4,30000,5,20330718,christoffel,0.3601329717897042,0.3601329717897042,0.0,0,nan,6,1e-06,4505.528121396222,120
4,30000,6,20330719,convex_hull,0.48149974410244273,0.48149974410244273,0.0,0,nan,6,1e-06,nan,120
4,30000,6,20330719,packing,0.36287597202182087,0.36287597202182087,0.028744253918631557,172,0.15,6,1e-06,nan,120
4,30000,6,20330719,christoffel,0.3601329717897042,0.3601329717897042,0.0,0,nan,6,1e-06,3961.0466388473887,120
4,30000,7,20330720,convex_hull,0.47274996442914125,0.47274996442914125,0.0,0,nan,6,1e-06,nan,120
4,30000,7,20330720,packing,0.33293050585681594,0.33293050585681594,0.028633336880335314,171,0.15,6,1e-06,nan,120
4,30000,7,20330720,christoffel,0.2541978468326227,0.2541978468326227,0.0,0,nan,6,1e-06,10084.310056982944,120
4,30000,8,20330721,convex_hull,0.4472099903018293,0.4472099903018293,0.0,0,nan,6,1e-06,nan,120
4,30000,8,20330721,packing,0.3482300080275711,0.3482300080275711,0.03545049405493417,177,0.15,6,1e-06,nan,120
4,30000,8,20330721,christoffel,0.3601329717897042,0.3601329717897042,0.0,0,nan,6,1e-06,5534.843925403012,120
4,30000,9,20330722,convex_hull,0.33094478755412854,0.33094478755412854,0.0,0,nan,6,1e-06,nan,120
4,30000,9,20330722,packing,0.28130997177301564,0.28130997177301564,0.03386850632228011,178,0.15,6,1e-06,nan,120
4,30000,9,20330722,christoffel,0.3071606639071164,0.3071606639071164,0.0,0,nan,6,1e-06,5836.945001564912,120
4,30000,10,20330723,convex_hull,0.49612571640740105,0.49612571640740105,0.0,0,nan,6,1e-06,nan,120
4,30000,10,20330723,packing,0.34644561379513295,0.34644561379513295,0.034979954354578346,175,0.15,6,1e-06,nan,120
4,30000,10,20330723,christoffel,0.3601329717897042,0.3601329717897042,0.0,0,nan,6,1e-06,5124.690346135838,120
4,30000,11,20330724,convex_hull,0.4928295192688033,0.4928295192688033,0.0,0,nan,6,1e-06,nan,120
4,30000,11,20330724,packing,0.37130759345295083,0.37130759345295083,0.02110023583695042,169,0.15,6,1e-06,nan,120
4,30000,11,20330724,christoffel,0.2972103007585076,0.2972103007585076,0.0,0,nan,6,1e-06,7909.975737911972,120
4,30000,12,20330725,convex_hull,0.5946512796976622,0.5946512796976622,0.0,0,nan,6,1e-06,nan,120
4,30000,12,20330725,packing,0.5017983720187615,0.5017983720187615,0.042509423928130396,173,0.15,6,1e-06,nan,120
4,30000,12,20330725,christoffel,0.4131111195417165,0.4131111195417165,0.0,0,nan,6,1e-06,4826.912020428715,120
4,30000,13,20330726,convex_hull,0.4545362887488438,0.4545362887488438,0.0,0,nan,6,1e-06,nan,120
4,30000,13,20330726,packing,0.36386469626445717,0.36386469626445717,0.03340351657965823,176,0.15,6,1e-06,nan,120
4,30000,13,20330726,christoffel,0.4082451956863053,0.4082451956863053,0.0,0,nan,6,1e-06,3878.8579505670027,120
4,30000,14,20330727,convex_hull,0.4492572347153688,0.4492572347153688,0.0,0,nan,6,1e-06,nan,120
4,30000,14,20330727,packing,0.3517178951090133,0.3517178951090133,0.026860842392326445,175,0.15,6,1e-06,nan,120
4,30000,14,20330727,christoffel,0.36013297178970405,0.36013297178970405,0.0,0,nan,6,1e-06,6129.504123835352,120
4,30000,15,20330728,convex_hull,0.4343687213807841,0.4343687213807841,0.0,0,nan,6,1e-06,nan,120
4,30000,15,20330728,packing,0.3686259942568604,0.3686259942568604,0.022984593195176206,165,0.15,6,1e-06,nan,120
4,30000,15,20330728,christoffel,0.3071606639071167,0.3071606639071167,0.0,0,nan,6,1e-06,6677.415547492678,120
4,30000,16,20330729,convex_hull,0.5005931002810826,0.5005931002810826,0.0,0,nan,6,1e-06,nan,120
4,30000,16,20330729,packing,0.46082447729971443,0.46082447729971443,0.04844352090406634,163,0.15,6,1e-06,nan,120
4,30000,16,20330729,christoffel,0.3601329717897042,0.3601329717897042,0.0,0,nan,6,1e-06,5245.263021140614,120
4,30000,17,20330730,convex_hull,0.5333664466937473,0.5333664466937473,0.0,0,nan,6,1e-06,nan,120
4,30000,17,20330730,packing,0.44542615437944644,0.44542615437944644,0.020827002812083162,166,0.15,6,1e-06,nan,120
4,30000,17,20330730,christoffel,0.41311111954171725,0.41311111954171725,0.0,0,nan,6,1e-06,4155.759070287922,120
4,30000,18,20330731,convex_hull,0.4052683189138715,0.4052683189138715,0.0,0,nan,6,1e-06,nan,120
4,30000,18,20330731,packing,0.3128135862365281,0.3128135862365281,0.12233081270770774,167,0.15,6,1e-06,nan,120
4,30000,18,20330731,christoffel,0.2012520136980645,0.2012520136980645,0.013868929215800435,0,nan,6,1e-06,11927.560667235546,120
4,30000,19,20330732,convex_hull,0.5036605625873142,0.5036605625873142,0.0,0,nan,6,1e-06,nan,120
4,30000,19,20330732,packing,0.40174089960931936,0.40174089960931936,0.054228328464583475,175,0.15,6,1e-06,nan,120
4,30000,19,20330732,christoffel,0.31344112233014504,0.31344112233014504,0.0,0,nan,6,1e-06,5914.0820135205395,120
4,30000,20,20330733,convex_hull,0.5349625117287673,0.5349625117287673,0.0,0,nan,6,1e-06,nan,120
4,30000,20,20330733,packing,0.38508417533215544,0.38508417533215544,0.053704461943164805,168,0.15,6,1e-06,nan,120
4,30000,20,20330733,christoffel,0.25419784683262214,0.25419784683262214,0.0,0,nan,6,1e-06,9178.633571559814,120
4,30000,21,20330734,convex_hull,0.5053924631978571,0.5053924631978571,0.0,0,nan,6,1e-06,nan,120
4,30000,21,20330734,packing,0.39710421239815874,0.39710421239815874,0.057566955161828526,168,0.15,6,1e-06,nan,120
4,30000,21,20330734,christoffel,0.3601329717897042,0.3601329717897042,0.0,0,nan,6,1e-06,4942.492707459936,120
4,30000,22,20330735,convex_hull,0.49209605072237433,0.49209605072237433,0.0,0,nan,6,1e-06,nan,120
4,30000,22,20330735,packing,0.417366849439773,0.417366849439773,0.08214084109736808,173,0.15,6,1e-06,nan,120
4,30000,22,20330735,christoffel,0.3071606639071164,0.3071606639071164,0.0,0,nan,6,1e-06,6589.054943537471,120
4,30000,23,20330736,convex_hull,0.481008065634134,0.481008065634134,0.0,0,nan,6,1e-06,nan,120
4,30000,23,20330736,packing,0.3492126379152848,0.3492126379152848,0.04749609184520376,183,0.15,6,1e-06,nan,120
4,30000,23,20330736,christoffel,0.2592873490404216,0.2592873490404216,0.0,0,nan,6,1e-06,5720.426409429565,120
4,30000,24,20330737,convex_hull,0.5189445399910324,0.5189445399910324,0.0,0,nan,6,1e-06,nan,120
4,30000,24,20330737,packing,0.4543905720037289,0.4543905720037289,0.09956107311762863,177,0.15,6,1e-06,nan,120
4,30000,24,20330737,christoffel,0.28801468217868326,0.28801468217868326,0.0,0,nan,6,1e-06,8113.938185870622,120
4,30000,25,20330738,convex_hull,0.4680196560564201,0.4680196560564201,0.0,0,nan,6,1e-06,nan,120
4,30000,25,20330738,packing,0.44587585512825656,0.44587585512825656,0.07979781472410319,176,0.15,6,1e-06,nan,120
4,30000,25,20330738,christoffel,0.36013297178970405,0.36013297178970405,0.0,0,nan,6,1e-06,6055.53469858656,120
4,30000,26,20330739,convex_hull,0.44980811000628573,0.44980811000628573,0.0,0,nan,6,1e-06,nan,120
4,30000,26,20330739,packing,0.3519855363827935,0.3519855363827935,0.011108968891899274,169,0.15,6,1e-06,nan,120
4,30000,26,20330739,christoffel,0.3071606639071167,0.3071606639071167,0.0,0,nan,6,1e-06,5927.809282696158,120
4,30000,27,20330740,convex_hull,0.4945295528985086,0.4945295528985086,0.0,0,nan,6,1e-06,nan,120
4,30000,27,20330740,packing,0.42408791381545996,0.42408791381545996,0.10456385949154412,170,0.15,6,1e-06,nan,120
4,30000,27,20330740,christoffel,0.25419784683262214,0.25419784683262214,0.0,0,nan,6,1e-06,10352.659879213026,120
4,30000,28,20330741,convex_hull,0.43294924871018264,0.43294924871018264,0.0,0,nan,6,1e-06,nan,120
4,30000,28,20330741,packing,0.38706638231497514,0.38706638231497514,0.004950141686664633,172,0.15,6,1e-06,nan,120
4,30000,28,20330741,christoffel,0.3601329717897042,0.3601329717897042,0.0,0,nan,6,1e-06,4823.566674571038,120
4,30000,29,20330742,convex_hull,0.5060064742455753,0.5060064742455753,0.0,0,nan,6,1e-06,nan,120
4,30000,29,20330742,packing,0.3629813505660864,0.3629813505660864,0.023100041741765942,166,0.15,6,1e-06,nan,120
4,30000,29,20330742,christoffel,0.4660931158133979,0.4660931158133979,0.0,0,nan,6,1e-06,2936.1910835947356,120
4,30000,30,20330743,convex_hull,0.5358308342714873,0.5358308342714873,0.0,0,nan,6,1e-06,nan,120
4,30000,30,20330743,packing,0.4033282135638179,0.4033282135638179,0.014973183117078182,177,0.15,6,1e-06,nan,120
4,30000,30,20330743,christoffel,0.4235490689945179,0.4235490689945179,0.0,0,nan,6,1e-06,3810.7127900286287,120
4,30000,31,20330744,convex_hull,0.3490706468414291,0.3490706468414291,0.0,0,nan,6,1e-06,nan,120
4,30000,31,20330744,packing,0.25960415452270946,0.25960415452270946,0.015569191608412192,178,0.15,6,1e-06,nan,120
4,30000,31,20330744,christoffel,0.30609775474469164,0.30609775474469164,0.0,0,nan,6,1e-06,4634.4138216274,120
4,30000,32,20330745,convex_hull,0.5310325959376118,0.5310325959376118,0.0,0,nan,6,1e-06,nan,120
4,30000,32,20330745,packing,0.42928518079679145,0.42928518079679145,0.0,168,0.15,6,1e-06,nan,120
4,30000,32,20330745,christoffel,0.41311111954171725,0.41311111954171725,0.0,0,nan,6,1e-06,3189.8168075299136,120
4,30000,33,20330746,convex_hull,0.4603839252961433,0.4603839252961433,0.0,0,nan,6,1e-06,nan,120
4,30000,33,20330746,packing,0.38505550947343914,0.38505550947343914,0.04648027181569392,178,0.15,6,1e-06,nan,120
4,30000,33,20330746,christoffel,0.41311111954171725,0.41311111954171725,0.0,0,nan,6,1e-06,3705.8271080866307,120
4,30000,34,20330747,convex_hull,0.518457428447716,0.518457428447716,0.0,0,nan,6,1e-06,nan,120
4,30000,34,20330747,packing,0.491253173459157,0.491253173459157,0.04448420546630616,169,0.15,6,1e-06,nan,120
4,30000,34,20330747,christoffel,0.3601329717897042,0.3601329717897042,0.0,0,nan,6,1e-06,5038.860697671908,120
4,30000,35,20330748,convex_hull,0.4975347386159036,0.4975347386159036,0.0,0,nan,6,1e-06,nan,120
4,30000,35,20330748,packing,0.4783450718288209,0.4783450718288209,0.011194542898577131,165,0.15,6,1e-06,nan,120
4,30000,35,20330748,christoffel,0.2541978468326227,0.2541978468326227,0.0,0,nan,6,1e-06,8897.76511082028,120
4,30000,36,20330749,convex_hull,0.4647366130677447,0.4647366130677447,0.0,0,nan,6,1e-06,nan,120
4,30000,36,20330749,packing,0.36881678697658105,0.36881678697658105,0.044068890247517256,171,0.15,6,1e-06,nan,120
4,30000,36,20330749,christoffel,0.3601329717897042,0.3601329717897042,0.0,0,nan,6,1e-06,4415.71713290891,120
4,30000,37,20330750,convex_hull,0.4506602751019279,0.4506602751019279,0.0,0,nan,6,1e-06,nan,120
4,30000,37,20330750,packing,0.3338288618990005,0.3338288618990005,0.019640237208387257,173,0.15,6,1e-06,nan,120
4,30000,37,20330750,christoffel,0.4131111195417165,0.4131111195417165,0.0,0,nan,6,1e-06,3320.6381249237,120
4,30000,38,20330751,convex_hull,0.40156229191581017,0.40156229191581017,0.0,0,nan,6,1e-06,nan,120
4,30000,38,20330751,packing,0.3276786743849358,0.3276786743849358,0.01751326848075485,177,0.15,6,1e-06,nan,120
4,30000,38,20330751,christoffel,0.3601329717897042,0.3601329717897042,0.0,0,nan,6,1e-06,4865.3673402752,120
4,30000,39,20330752,convex_hull,0.47375767124255314,0.47375767124255314,0.0,0,nan,6,1e-06,nan,120
4,30000,39,20330752,packing,0.42520050401316967,0.42520050401316967,0.03801157915623904,176,0.15,6,1e-06,nan,120
4,30000,39,20330752,christoffel,0.3071606639071167,0.3071606639071167,0.0,0,nan,6,1e-06,7718.308403084853,120
4,30000,40,20330753,convex_hull,0.35635152809249043,0.35635152809249043,0.0,0,nan,6,1e-06,nan,120
4,30000,40,20330753,packing,0.29438906196104997,0.29438906196104997,0.06558108533083651,182,0.15,6,1e-06,nan,120
4,30000,40,20330753,christoffel,0.14834135128619733,0.14834135128619733,0.0004246331801999446,0,nan,6,1e-06,10207.046942418834,120
4,30000,41,20330754,convex_hull,0.4810053168177652,0.4810053168177652,0.0,0,nan,6,1e-06,nan,120
4,30000,41,20330754,packing,0.3333717221442807,0.3333717221442807,0.08501476708856381,176,0.15,6,1e-06,nan,120
4,30000,41,20330754,christoffel,0.3071606639071167,0.3071606639071167,0.0,0,nan,6,1e-06,6190.252452279064,120
4,30000,42,20330755,convex_hull,0.33332822165825804,0.33332822165825804,0.0,0,nan,6,1e-06,nan,120
4,30000,42,20330755,packing,0.2718399918366168,0.2718399918366168,0.0576639609240146,178,0.15,6,1e-06,nan,120
4,30000,42,20330755,christoffel,0.3048419106819334,0.3048419106819334,0.0,0,nan,6,1e-06,5769.878440352663,120
4,30000,43,20330756,convex_hull,0.512579986540216,0.512579986540216,0.0,0,nan,6,1e-06,nan,120
4,30000,43,20330756,packing,0.37223061209804076,0.37223061209804076,0.09618640848971705,183,0.15,6,1e-06,nan,120
4,30000,43,20330756,christoffel,0.3071606639071164,0.3071606639071164,0.0,0,nan,6,1e-06,6960.575381465625,120
4,30000,44,20330757,convex_hull,0.47950139443861506,0.47950139443861506,0.0,0,nan,6,1e-06,nan,120
4,30000,44,20330757,packing,0.3932685121059951,0.3932685121059951,0.005318231393898198,177,0.15,6,1e-06,nan,120
4,30000,44,20330757,christoffel,0.36013297178970405,0.36013297178970405,0.0,0,nan,6,1e-06,4195.891687139305,120
4,30000,45,20330758,convex_hull,0.46762472330578725,0.46762472330578725,0.0,0,nan,6,1e-06,nan,120
4,30000,45,20330758,packing,0.3997050600929207,0.3997050600929207,0.04841341149915279,181,0.15,6,1e-06,nan,120
4,30000,45,20330758,christoffel,0.3071606639071167,0.3071606639071167,0.0,0,nan,6,1e-06,6682.39695851006,120
4,30000,46,20330759,convex_hull,0.5378376832052841,0.5378376832052841,0.0,0,nan,6,1e-06,nan,120
4,30000,46,20330759,packing,0.43446366992813246,0.43446366992813246,0.033069094347514816,172,0.15,6,1e-06,nan,120
4,30000,46,20330759,christoffel,0.41311111954171725,0.41311111954171725,0.0,0,nan,6,1e-06,3499.6193146704936,120
4,30000,47,20330760,convex_hull,0.4571918787455914,0.4571918787455914,0.0,0,nan,6,1e-06,nan,120
4,30000,47,20330760,packing,0.39255807622407013,0.39255807622407013,0.01111129106543085,168,0.15,6,1e-06,nan,120
4,30000,47,20330760,christoffel,0.36013297178970405,0.36013297178970405,0.0,0,nan,6,1e-06,5268.841043097672,120
4,30000,48,20330761,convex_hull,0.4202640072502918,0.4202640072502918,0.0,0,nan,6,1e-06,nan,120
4,30000,48,20330761,packing,0.37806847896538076,0.37806847896538076,0.04394549553856597,176,0.15,6,1e-06,nan,120
4,30000,48,20330761,christoffel,0.35338269814205214,0.35338269814205214,0.0,0,nan,6,1e-06,6075.878378651235,120
4,30000,49,20330762,convex_hull,0.5344551306491494,0.5344551306491494,0.0,0,nan,6,1e-06,nan,120
4,30000,49,20330762,packing,0.43813353481713757,0.43813353481713757,0.04414624261557898,167,0.15,6,1e-06,nan,120
4,30000,49,20330762,christoffel,0.36013297178970405,0.36013297178970405,0.0,0,nan,6,1e-06,6562.186142729319,120
0,100000,0,20340713,convex_hull,0.004093677913470562,0.004093677913470562,0.0,0,nan,6,1e-06,nan,120
0,100000,0,20340713,packing,0.14966188428312227,0.0009678976621879665,0.14966188428312227,278,0.15,6,1e-06,nan,120
0,100000,0,20340713,christoffel,0.02133602604246193,0.02133602604246193,0.009140262949423958,0,nan,6,1e-06,143.6797038418821,120
0,100000,1,20340714,convex_hull,0.004325441588071015,0.004325441588071015,0.0,0,nan,6,1e-06,nan,120
0,100000,1,20340714,packing,0.14957599866128835,0.003398481003326792,0.14957599866128835,275,0.15,6,1e-06,nan,120
0,100000,1,20340714,christoffel,0.019073937629714845,0.019073937629714845,0.008763886235589016,0,nan,6,1e-06,141.4031917466615,120
0,100000,2,20340715,convex_hull,0.004386822838324647,0.004386822838324647,0.0,0,nan,6,1e-06,nan,120
0,100000,2,20340715,packing,0.1495418153465473,0.004057490726825541,0.1495418153465473,275,0.15,6,1e-06,nan,120
0,100000,2,20340715,christoffel,0.022288510434300593,0.022288510434300593,0.0061733313455689,0,nan,6,1e-06,139.1675306421941,120
0,100000,3,20340716,convex_hull,0.005176642642511648,0.005176642642511648,0.0,0,nan,6,1e-06,nan,120
0,100000,3,20340716,packing,0.1499371585730518,0.009444720086341313,0.1499371585730518,272,0.15,6,1e-06,nan,120
0,100000,3,20340716,christoffel,0.019721190913446596,0.019721190913446596,0.0061733313455689,0,nan,6,1e-06,136.51713389023223,120
0,100000,4,20340717,convex_hull,0.005752502953484598,0.005752502953484598,0.0,0,nan,6,1e-06,nan,120
0,100000,4,20340717,packing,0.14982806774093582,0.002715470479743659,0.14982806774093582,274,0.15,6,1e-06,nan,120
0,100000,4,20340717,christoffel,0.021892782492846936,0.021892782492846936,0.008443068162366068,0,nan,6,1e-06,140.18988851138363,120
0,100000,5,20340718,convex_hull,0.004757946018297501,0.004757946018297501,0.0,0,nan,6,1e-06,nan,120
0,100000,5,20340718,packing,0.14997009882517975,0.00552577216680239,0.14997009882517975,273,0.15,6,1e-06,nan,120
0,100000,5,20340718,christoffel,0.019533039471580242,0.019533039471580242,0.009140262949423958,0,nan,6,1e-06,141.2065523805963,120
0,100000,6,20340719,convex_hull,0.00486739014156926,0.00486739014156926,0.0,0,nan,6,1e-06,nan,120
0,100000,6,20340719,packing,0.14836168133271221,0.009128938654194757,0.14836168133271221,268,0.15,6,1e-06,nan,120
0,100000,6,20340719,christoffel,0.018709192503340986,0.018709192503340986,0.0061733313455689,0,nan,6,1e-06,141.35174858061788,120
0,100000,7,20340720,convex_hull,0.004313115464254408,0.004313115464254408,0.0,0,nan,6,1e-06,nan,120
0,100000,7,20340720,packing,0.14932917435305093,0.0031087886521563024,0.14932917435305093,272,0.15,6,1e-06,nan,120
0,100000,7,20340720,christoffel,0.02007441345637581,0.02007441345637581,0.008763886235589016,0,nan,6,1e-06,140.03098518305018,120
0,100000,8,20340721,convex_hull,0.004254916434413135,0.004254916434413135,0.0,0,nan,6,1e-06,nan,120
0,100000,8,20340721,packing,0.1488942792150607,0.0,0.1488942792150607,279,0.15,6,1e-06,nan,120
0,100000,8,20340721,christoffel,0.019599538771412336,0.019599538771412336,0.009140262949423958,0,nan,6,1e-06,142.54673995950412,120
0,100000,9,20340722,convex_hull,0.00386594470809656,0.00386594470809656,0.0,0,nan,6,1e-06,nan,120
0,100000,9,20340722,packing,0.14948963080163935,0.003270683953157244,0.14948963080163935,279,0.15,6,1e-06,nan,120
0,100000,9,20340722,christoffel,0.019768895187943652,0.019768895187943652,0.009140262949423958,0,nan,6,1e-06,142.31591115577737,120
0,100000,10,20340723,convex_hull,0.004197928173878912,0.004197928173878912,0.0,0,nan,6,1e-06,nan,120
0,100000,10,20340723,packing,0.14972130198692346,0.00124800056648125,0.14972130198692346,274,0.15,6,1e-06,nan,120
0,100000,10,20340723,christoffel,0.01928055210205105,0.01928055210205105,0.009140262949423855,0,nan,6,1e-06,141.59822995489068,120
0,100000,11,20340724,convex_hull,0.003714100835846583,0.003714100835846583,0.0,0,nan,6,1e-06,nan,120
0,100000,11,20340724,packing,0.1487122996996988,0.0009799100714004971,0.1487122996996988,278,0.15,6,1e-06,nan,120
0,100000,11,20340724,christoffel,0.01823061440346106,0.01823061440346106,0.008443068162366068,0,nan,6,1e-06,139.87483025193308,120
0,100000,12,20340725,convex_hull,0.005306381936304687,0.005306381936304687,0.0,0,nan,6,1e-06,nan,120
0,100000,12,20340725,packing,0.14998405811396154,0.004206330040587791,0.14998405811396154,266,0.15,6,1e-06,nan,120
0,100000,12,20340725,christoffel,0.019436158299796436,0.019436158299796436,0.0061733313455689,0,nan,6,1e-06,137.99231438408268,120
0,100000,13,20340726,convex_hull,0.004873096960729816,0.004873096960729816,0.0,0,nan,6,1e-06,nan,120
0,100000,13,20340726,packing,0.14960794350071682,0.0035967752092241345,0.14960794350071682,277,0.15,6,1e-06,nan,120
0,100000,13,20340726,christoffel,0.01813665551803969,0.01813665551803969,0.009140262949423855,0,nan,6,1e-06,140.76243876883603,120
0,100000,14,20340727,convex_hull,0.005593035189599135,0.005593035189599135,0.0,0,nan,6,1e-06,nan,120
0,100000,14,20340727,packing,0.1493089617668859,0.004134499286786691,0.1493089617668859,267,0.15,6,1e-06,nan,120
0,100000,14,20340727,christoffel,0.02004130765242046,0.02004130765242046,0.0061733313455689,0,nan,6,1e-06,140.14196169081424,120
0,100000,15,20340728,convex_hull,0.005253128579214459,0.005253128579214459,0.0,0,nan,6,1e-06,nan,120
0,100000,15,20340728,packing,0.14931041914087917,0.00701886670876356,0.14931041914087917,269,0.15,6,1e-06,nan,120
0,100000,15,20340728,christoffel,0.019885326773561814,0.019885326773561814,0.0061733313455689,0,nan,6,1e-06,140.0858438052668,120
0,100000,16,20340729,convex_hull,0.004165875685133304,0.004165875685133304,0.0,0,nan,6,1e-06,nan,120
0,100000,16,20340729,packing,0.14976397118170404,0.0038911513015997545,0.14976397118170404,268,0.15,6,1e-06,nan,120
0,100000,16,20340729,christoffel,0.022286765024918557,0.022286765024918557,0.009140262949423958,0,nan,6,1e-06,139.74526206963543,120
0,100000,17,20340730,convex_hull,0.004530441970018306,0.004530441970018306,0.0,0,nan,6,1e-06,nan,120
0,100000,17,20340730,packing,0.149812856318984,0.0025373173211936384,0.149812856318984,282,0.15,6,1e-06,nan,120
0,100000,17,20340730,christoffel,0.01903578283206002,0.01903578283206002,0.0061733313455689,0,nan,6,1e-06,141.00952093926233,120
0,100000,18,20340731,convex_hull,0.005528277306122175,0.005528277306122175,0.0,0,nan,6,1e-06,nan,120
0,100000,18,20340731,packing,0.1486081972677522,0.006245573610390909,0.1486081972677522,275,0.15,6,1e-06,nan,120
0,100000,18,20340731,christoffel,0.02048906843254426,0.02048906843254426,0.009140262949423855,0,nan,6,1e-06,141.03119951256693,120
0,100000,19,20340732,convex_hull,0.0032821762165572317,0.0032821762165572317,0.0,0,nan,6,1e-06,nan,120
0,100000,19,20340732,packing,0.1492257125753188,0.006072501356729404,0.1492257125753188,276,0.15,6,1e-06,nan,120
0,100000,19,20340732,christoffel,0.01796367790599292,0.01796367790599292,0.011089869843868125,0,nan,6,1e-06,143.40588038088546,120
0,100000,20,20340733,convex_hull,0.004854512370403624,0.004854512370403624,0.0,0,nan,6,1e-06,nan,120
0,100000,20,20340733,packing,0.1492705022352443,0.0018664577056355103,0.1492705022352443,285,0.15,6,1e-06,nan,120
0,100000,20,20340733,christoffel,0.02196186497077881,0.02196186497077881,0.009140262949423855,0,nan,6,1e-06,142.16622595301277,120
0,100000,21,20340734,convex_hull,0.004703651111355876,0.004703651111355876,0.0,0,nan,6,1e-06,nan,120
0,100000,21,20340734,packing,0.1497454186537121,0.0012180929794668172,0.1497454186537121,273,0.15,6,1e-06,nan,120
0,100000,21,20340734,christoffel,0.02230250764721134,0.02230250764721134,0.009140262949423958,0,nan,6,1e-06,140.72261523317655,120
0,100000,22,20340735,convex_hull,0.004910080019239899,0.004910080019239899,0.0,0,nan,6,1e-06,nan,120
0,100000,22,20340735,packing,0.14690604244436534,0.006380761872394003,0.14690604244436534,275,0.15,6,1e-06,nan,120
0,100000,22,20340735,christoffel,0.019778855017094185,0.019778855017094185,0.0061733313455689,0,nan,6,1e-06,139.44957383854765,120
0,100000,23,20340736,convex_hull,0.004384252592820006,0.004384252592820006,0.0,0,nan,6,1e-06,nan,120
0,100000,23,20340736,packing,0.14989729583916755,0.00413984785707433,0.14989729583916755,272,0.15,6,1e-06,nan,120
0,100000,23,20340736,christoffel,0.018057125610840257,0.018057125610840257,0.0061733313455689,0,nan,6,1e-06,140.34918818986176,120
0,100000,24,20340737,convex_hull,0.0047463673074682675,0.0047463673074682675,0.0,0,nan,6,1e-06,nan,120
0,100000,24,20340737,packing,0.14940341353724218,0.0023991664302683846,0.14940341353724218,276,0.15,6,1e-06,nan,120
0,100000,24,20340737,christoffel,0.018012720643811365,0.018012720643811365,0.008443068162366068,0,nan,6,1e-06,139.62509859643743,120
0,100000,25,20340738,convex_hull,0.003065868181994475,0.003065868181994475,0.0,0,nan,6,1e-06,nan,120
0,100000,25,20340738,packing,0.14957573767860532,0.005064307915285088,0.14957573767860532,279,0.15,6,1e-06,nan,120
0,100000,25,20340738,christoffel,0.018347853041116958,0.018347853041116958,0.009140262949423958,0,nan,6,1e-06,143.1897735538949,120
0,100000,26,20340739,convex_hull,0.0056429575826706865,0.0056429575826706865,0.0,0,nan,6,1e-06,nan,120
0,100000,26,20340739,packing,0.149483578409784,0.006681639000959166,0.149483578409784,275,0.15,6,1e-06,nan,120
0,100000,26,20340739,christoffel,0.02034984414205904,0.02034984414205904,0.009140262949423958,0,nan,6,1e-06,141.5613052860721,120
0,100000,27,20340740,convex_hull,0.004833386454293518,0.004833386454293518,0.0,0,nan,6,1e-06,nan,120
0,100000,27,20340740,packing,0.14968765643106097,0.0006538420659706612,0.14968765643106097,280,0.15,6,1e-06,nan,120
0,100000,27,20340740,christoffel,0.019874930714767106,0.019874930714767106,0.009140262949423958,0,nan,6,1e-06,140.77656724464478,120
0,100000,28,20340741,convex_hull,0.0055751166498225835,0.0055751166498225835,0.0,0,nan,6,1e-06,nan,120
0,100000,28,20340741,packing,0.14965989559961534,0.00893941315714894,0.14965989559961534,268,0.15,6,1e-06,nan,120
0,100000,28,20340741,christoffel,0.02105475882809526,0.02105475882809526,0.009140262949423958,0,nan,6,1e-06,141.2585529153901,120
0,100000,29,20340742,convex_hull,0.005326428938244126,0.005326428938244126,0.0,0,nan,6,1e-06,nan,120
0,100000,29,20340742,packing,0.1496379783453976,0.004894498665566488,0.1496379783453976,273,0.15,6,1e-06,nan,120
0,100000,29,20340742,christoffel,0.022171259833750383,0.022171259833750383,0.009140262949423958,0,nan,6,1e-06,143.68042589409777,120
0,100000,30,20340743,convex_hull,0.003701878137383753,0.003701878137383753,0.0,0,nan,6,1e-06,nan,120
0,100000,30,20340743,packing,0.14822149511313398,0.0057151954817400985,0.14822149511313398,280,0.15,6,1e-06,nan,120
0,100000,30,20340743,christoffel,0.019399968329435826,0.019399968329435826,0.009140262949423855,0,nan,6,1e-06,139.0263540646342,120
0,100000,31,20340744,convex_hull,0.004993664130137899,0.004993664130137899,0.0,0,nan,6,1e-06,nan,120
0,100000,31,20340744,packing,0.14991943717897782,0.0057211451973137595,0.14991943717897782,273,0.15,6,1e-06,nan,120
0,100000,31,20340744,christoffel,0.02100905453672759,0.02100905453672759,0.009140262949423958,0,nan,6,1e-06,142.5472620036226,120
0,100000,32,20340745,convex_hull,0.005014131182074909,0.005014131182074909,0.0,0,nan,6,1e-06,nan,120
0,100000,32,20340745,packing,0.14968366789431053,0.004369472459006513,0.14968366789431053,271,0.15,6,1e-06,nan,120
0,100000,32,20340745,christoffel,0.023314123895714352,0.023314123895714352,0.009140262949423958,0,nan,6,1e-06,139.3557025133548,120
0,100000,33,20340746,convex_hull,0.00423244924043354,0.00423244924043354,0.0,0,nan,6,1e-06,nan,120
0,100000,33,20340746,packing,0.14985867362005112,0.0,0.14985867362005112,270,0.15,6,1e-06,nan,120
0,100000,33,20340746,christoffel,0.019586098920975983,0.019586098920975983,0.0061733313455689,0,nan,6,1e-06,141.66968074548788,120
0,100000,34,20340747,convex_hull,0.005324831801007789,0.005324831801007789,0.0,0,nan,6,1e-06,nan,120
0,100000,34,20340747,packing,0.14921572598294064,0.004900505445776943,0.14921572598294064,279,0.15,6,1e-06,nan,120
0,100000,34,20340747,christoffel,0.016788751179143732,0.016788751179143732,0.006173331345568603,0,nan,6,1e-06,140.48122302486334,120
0,100000,35,20340748,convex_hull,0.004887601216766053,0.004887601216766053,0.0,0,nan,6,1e-06,nan,120
0,100000,35,20340748,packing,0.14954392154859897,0.0022819689712821056,0.14954392154859897,272,0.15,6,1e-06,nan,120
0,100000,35,20340748,christoffel,0.018666892269790607,0.018666892269790607,0.01092352326571851,0,nan,6,1e-06,143.74769397097535,120
0,100000,36,20340749,convex_hull,0.004034724662230812,0.004034724662230812,0.0,0,nan,6,1e-06,nan,120
0,100000,36,20340749,packing,0.14981151416458482,0.002943361978785114,0.14981151416458482,272,0.15,6,1e-06,nan,120
0,100000,36,20340749,christoffel,0.019703681599087836,0.019703681599087836,0.009140262949423855,0,nan,6,1e-06,140.61460511779606,120
0,100000,37,20340750,convex_hull,0.006018924858096715,0.006018924858096715,0.0,0,nan,6,1e-06,nan,120
0,100000,37,20340750,packing,0.1493361060097751,0.004333233790771579,0.1493361060097751,275,0.15,6,1e-06,nan,120
0,100000,37,20340750,christoffel,0.018390699197154702,0.018390699197154702,0.0061733313455689,0,nan,6,1e-06,140.98659454096256,120
0,100000,38,20340751,convex_hull,0.004063379087957677,0.004063379087957677,0.0,0,nan,6,1e-06,nan,120
0,100000,38,20340751,packing,0.14998321181254326,0.0017694782542086174,0.14998321181254326,276,0.15,6,1e-06,nan,120
0,100000,38,20340751,christoffel,0.020974875659888686,0.020974875659888686,0.009140262949423855,0,nan,6,1e-06,140.70103114794443,120
0,100000,39,20340752,convex_hull,0.0045858940073090744,0.0045858940073090744,0.0,0,nan,6,1e-06,nan,120
0,100000,39,20340752,packing,0.14934493571228302,0.007043264475284083,0.14934493571228302,284,0.15,6,1e-06,nan,120
0,100000,39,20340752,christoffel,0.019389846342847895,0.019389846342847895,0.010923523265718408,0,nan,6,1e-06,143.20969782585587,120
0,100000,40,20340753,convex_hull,0.004725726715769856,0.004725726715769856,0.0,0,nan,6,1e-06,nan,120
0,100000,40,20340753,packing,0.1497314374588814,0.00422827283681898,0.1497314374588814,273,0.15,6,1e-06,nan,120
0,100000,40,20340753,christoffel,0.021487351238865762,0.021487351238865762,0.010041765834816167,0,nan,6,1e-06,144.63576744410307,120
0,100000,41,20340754,convex_hull,0.004650914022526322,0.004650914022526322,0.0,0,nan,6,1e-06,nan,120
0,100000,41,20340754,packing,0.14986516394318672,0.0027434993700226895,0.14986516394318672,271,0.15,6,1e-06,nan,120
0,100000,41,20340754,christoffel,0.022577817125401765,0.022577817125401765,0.009140262949423958,0,nan,6,1e-06,142.079436569056,120
0,100000,42,20340755,convex_hull,0.004661231467254693,0.004661231467254693,0.0,0,nan,6,1e-06,nan,120
0,100000,42,20340755,packing,0.14980295658338205,0.0001447931666849478,0.14980295658338205,271,0.15,6,1e-06,nan,120
0,100000,42,20340755,christoffel,0.019879526854628776,0.019879526854628776,0.0061733313455689,0,nan,6,1e-06,140.29394211227094,120
0,100000,43,20340756,convex_hull,0.00455161513836758,0.00455161513836758,0.0,0,nan,6,1e-06,nan,120
0,100000,43,20340756,packing,0.14997533128990037,0.004518966577361588,0.14997533128990037,280,0.15,6,1e-06,nan,120
0,100000,43,20340756,christoffel,0.02072681065957223,0.02072681065957223,0.0061733313455689,0,nan,6,1e-06,141.8550725928079,120
0,100000,44,20340757,convex_hull,0.004443277915486381,0.004443277915486381,0.0,0,nan,6,1e-06,nan,120
0,100000,44,20340757,packing,0.14995109431023468,0.006084509147034567,0.14995109431023468,276,0.15,6,1e-06,nan,120
0,100000,44,20340757,christoffel,0.025534473149485804,0.025534473149485804,0.01092352326571851,0,nan,6,1e-06,145.63300097504666,120
0,100000,45,20340758,convex_hull,0.003933378110554086,0.003933378110554086,0.0,0,nan,6,1e-06,nan,120
0,100000,45,20340758,packing,0.14943298419337148,0.0024101866441496034,0.14943298419337148,272,0.15,6,1e-06,nan,120
0,100000,45,20340758,christoffel,0.018580543068744942,0.018580543068744942,0.0061733313455689,0,nan,6,1e-06,141.03921458788,120
0,100000,46,20340759,convex_hull,0.0070790001154741496,0.0070790001154741496,0.0,0,nan,6,1e-06,nan,120
0,100000,46,20340759,packing,0.14953075207870192,0.0021214368474190837,0.14953075207870192,268,0.15,6,1e-06,nan,120
0,100000,46,20340759,christoffel,0.019217402557551604,0.019217402557551604,0.0061733313455689,0,nan,6,1e-06,138.43347643136096,120
0,100000,47,20340760,convex_hull,0.005134023090263774,0.005134023090263774,0.0,0,nan,6,1e-06,nan,120
0,100000,47,20340760,packing,0.149941301862338,0.004008879282439759,0.149941301862338,271,0.15,6,1e-06,nan,120
0,100000,47,20340760,christoffel,0.022925244656543376,0.022925244656543376,0.008443068162366068,0,nan,6,1e-06,140.44698331497352,120
0,100000,48,20340761,convex_hull,0.0062955453655467114,0.0062955453655467114,0.0,0,nan,6,1e-06,nan,120
0,100000,48,20340761,packing,0.14991596005355023,0.005291989902723948,0.14991596005355023,271,0.15,6,1e-06,nan,120
0,100000,48,20340761,christoffel,0.022553146552123565,0.022553146552123565,0.0061733313455689,0,nan,6,1e-06,139.1531177396137,120
0,100000,49,20340762,convex_hull,0.00486113566802907,0.00486113566802907,0.0,0,nan,6,1e-06,nan,120
0,100000,49,20340762,packing,0.1499499288272147,0.0046588610251386275,0.1499499288272147,280,0.15,6,1e-06,nan,120
0,100000,49,20340762,christoffel,0.02185495641931571,0.02185495641931571,0.009140262949423958,0,nan,6,1e-06,142.05962767485946,120
2,100000,0,20340713,convex_hull,0.1356908628834442,0.1356908628834442,0.0,0,nan,6,1e-06,nan,120
2,100000,0,20340713,packing,0.12154465609277498,0.08854873055184737,0.12154465609277498,236,0.15,6,1e-06,nan,120
2,100000,0,20340713,christoffel,0.09552432039018989,0.09552432039018989,0.00042463318020004493,0,nan,6,1e-06,2346.2630594390075,120
2,100000,1,20340714,convex_hull,0.11297583116276104,0.11297583116276104,0.0,0,nan,6,1e-06,nan,120
2,100000,1,20340714,packing,0.1289132755775929,0.11292240669810502,0.1289132755775929,250,0.15,6,1e-06,nan,120
2,100000,1,20340714,christoffel,0.08717835109400868,0.08717835109400868,0.01092352326571851,0,nan,6,1e-06,2505.88711037586,120
2,100000,2,20340715,convex_hull,0.11337712175632997,0.11337712175632997,0.0,0,nan,6,1e-06,nan,120
2,100000,2,20340715,packing,0.12544124975124404,0.09578684348448743,0.12544124975124404,238,0.15,6,1e-06,nan,120
2,100000,2,20340715,christoffel,0.09671954848455831,0.09671954848455831,0.012222019140403719,0,nan,6,1e-06,2407.9325184175013,120
2,100000,3,20340716,convex_hull,0.13222054922488355,0.13222054922488355,0.0,0,nan,6,1e-06,nan,120
2,100000,3,20340716,packing,0.12727301906098143,0.11965131676415805,0.12727301906098143,242,0.15,6,1e-06,nan,120
2,100000,3,20340716,christoffel,0.07001659895857505,0.07001659895857505,0.03171798584288311,0,nan,6,1e-06,2776.9897944220365,120
2,100000,4,20340717,convex_hull,0.1362169506889705,0.1362169506889705,0.0,0,nan,6,1e-06,nan,120
2,100000,4,20340717,packing,0.13020724532528316,0.09138616401486832,0.13020724532528316,245,0.15,6,1e-06,nan,120
2,100000,4,20340717,christoffel,0.09671954848455849,0.09671954848455849,0.009140262949423958,0,nan,6,1e-06,2258.5382927417336,120
2,100000,5,20340718,convex_hull,0.19242700431027382,0.19242700431027382,0.0,0,nan,6,1e-06,nan,120
2,100000,5,20340718,packing,0.13037588310993353,0.11162176214855199,0.13037588310993353,238,0.15,6,1e-06,nan,120
2,100000,5,20340718,christoffel,0.1112348303284512,0.1112348303284512,0.013868929215800638,0,nan,6,1e-06,2347.702716899931,120
2,100000,6,20340719,convex_hull,0.13603106592049932,0.13603106592049932,0.0,0,nan,6,1e-06,nan,120
2,100000,6,20340719,packing,0.13088916106568682,0.10839206953614264,0.13088916106568682,234,0.15,6,1e-06,nan,120
2,100000,6,20340719,christoffel,0.09552432039018989,0.09552432039018989,0.018061584170299825,0,nan,6,1e-06,2674.8295293562046,120
2,100000,7,20340720,convex_hull,0.17526936180790548,0.17526936180790548,0.0,0,nan,6,1e-06,nan,120
2,100000,7,20340720,packing,0.13425396158110503,0.10260533215251957,0.13425396158110503,241,0.15,6,1e-06,nan,120
2,100000,7,20340720,christoffel,0.09552432039018989,0.09552432039018989,0.023596637134869654,0,nan,6,1e-06,2774.137134124795,120
2,100000,8,20340721,convex_hull,0.18373120010947458,0.18373120010947458,0.0,0,nan,6,1e-06,nan,120
2,100000,8,20340721,packing,0.12543777477228124,0.10300895390826278,0.12543777477228124,239,0.15,6,1e-06,nan,120
2,100000,8,20340721,christoffel,0.11817345523414605,0.11817345523414605,0.00035123284760687665,0,nan,6,1e-06,2167.127337839426,120
2,100000,9,20340722,convex_hull,0.17493041828852943,0.17493041828852943,0.0,0,nan,6,1e-06,nan,120
2,100000,9,20340722,packing,0.13714152156047776,0.11006612406162905,0.13714152156047776,237,0.15,6,1e-06,nan,120
2,100000,9,20340722,christoffel,0.09552432039018989,0.09552432039018989,0.0004246331801999446,0,nan,6,1e-06,2289.1042774076805,120
2,100000,10,20340723,convex_hull,0.14560209878412908,0.14560209878412908,0.0,0,nan,6,1e-06,nan,120
2,100000,10,20340723,packing,0.12888907196984145,0.08599450112900883,0.12888907196984145,241,0.15,6,1e-06,nan,120
2,100000,10,20340723,christoffel,0.09552432039018947,0.09552432039018947,0.012222019140403719,0,nan,6,1e-06,2509.937003759496,120
2,100000,11,20340724,convex_hull,0.12060290244316166,0.12060290244316166,0.0,0,nan,6,1e-06,nan,120
2,100000,11,20340724,packing,0.14216022163495468,0.07243623665944268,0.14216022163495468,244,0.15,6,1e-06,nan,120
2,100000,11,20340724,christoffel,0.08002718789732291,0.08002718789732291,0.02729505727501941,0,nan,6,1e-06,2761.6501217163177,120
2,100000,12,20340725,convex_hull,0.1579986654735089,0.1579986654735089,0.0,0,nan,6,1e-06,nan,120
2,100000,12,20340725,packing,0.1416732201784311,0.09670940299323494,0.1416732201784311,237,0.15,6,1e-06,nan,120
2,100000,12,20340725,christoffel,0.109928815363556,0.109928815363556,0.009140262949423855,0,nan,6,1e-06,2260.2304333445036,120
2,100000,13,20340726,convex_hull,0.1769559356835993,0.1769559356835993,0.0,0,nan,6,1e-06,nan,120
2,100000,13,20340726,packing,0.11864404009315654,0.0796318400330025,0.11864404009315654,242,0.15,6,1e-06,nan,120
2,100000,13,20340726,christoffel,0.1483413512861971,0.1483413512861971,0.0,0,nan,6,1e-06,2082.815859612789,120
2,100000,14,20340727,convex_hull,0.13535037346864404,0.13535037346864404,0.0,0,nan,6,1e-06,nan,120
2,100000,14,20340727,packing,0.12647875709579126,0.10663220475022092,0.12647875709579126,232,0.15,6,1e-06,nan,120
2,100000,14,20340727,christoffel,0.09552432039018989,0.09552432039018989,0.018061584170299825,0,nan,6,1e-06,2671.942003747997,120
2,100000,15,20340728,convex_hull,0.10027987462435646,0.10027987462435646,0.0,0,nan,6,1e-06,nan,120
2,100000,15,20340728,packing,0.13547498974406855,0.0883826020771307,0.13547498974406855,246,0.15,6,1e-06,nan,120
2,100000,15,20340728,christoffel,0.05141265297815537,0.05141265297815537,0.0317179858428828,0,nan,6,1e-06,2912.936354560238,120
2,100000,16,20340729,convex_hull,0.14294000968343168,0.14294000968343168,0.0,0,nan,6,1e-06,nan,120
2,100000,16,20340729,packing,0.12810973011341398,0.07268006931794083,0.12810973011341398,243,0.15,6,1e-06,nan,120
2,100000,16,20340729,christoffel,0.09552432039018989,0.09552432039018989,0.00035123284760715123,0,nan,6,1e-06,2192.8928183169273,120
2,100000,17,20340730,convex_hull,0.11952748439753086,0.11952748439753086,0.0,0,nan,6,1e-06,nan,120
2,100000,17,20340730,packing,0.10958443086533043,0.08629292363304161,0.10958443086533043,245,0.15,6,1e-06,nan,120
2,100000,17,20340730,christoffel,0.09552432039018989,0.09552432039018989,0.026726075461524466,0,nan,6,1e-06,2829.0565745068166,120
2,100000,18,20340731,convex_hull,0.10919533581071784,0.10919533581071784,0.0,0,nan,6,1e-06,nan,120
2,100000,18,20340731,packing,0.1330516831122006,0.09305417870890775,0.1330516831122006,245,0.15,6,1e-06,nan,120
2,100000,18,20340731,christoffel,0.051412652978155345,0.051412652978155345,0.035727575325743284,0,nan,6,1e-06,3111.86690264311,120
2,100000,19,20340732,convex_hull,0.15409505151112923,0.15409505151112923,0.0,0,nan,6,1e-06,nan,120
2,100000,19,20340732,packing,0.1430365850584601,0.1430365850584601,0.1277928131058239,241,0.15,6,1e-06,nan,120
2,100000,19,20340732,christoffel,0.09552432039018989,0.09552432039018989,0.010923523265718408,0,nan,6,1e-06,2338.2894013514265,120
2,100000,20,20340733,convex_hull,0.10633570702708589,0.10633570702708589,0.0,0,nan,6,1e-06,nan,120
2,100000,20,20340733,packing,0.11401972650545533,0.09959706311618188,0.11401972650545533,239,0.15,6,1e-06,nan,120
2,100000,20,20340733,christoffel,0.09552432039018947,0.09552432039018947,0.015255476712893627,0,nan,6,1e-06,2601.1197814954357,120
2,100000,21,20340734,convex_hull,0.12158389544049343,0.12158389544049343,0.0,0,nan,6,1e-06,nan,120
2,100000,21,20340734,packing,0.11285003301443863,0.08950934753458889,0.11285003301443863,244,0.15,6,1e-06,nan,120
2,100000,21,20340734,christoffel,0.07001659895857505,0.07001659895857505,0.0317179858428828,0,nan,6,1e-06,2967.1625106935107,120
2,100000,22,20340735,convex_hull,0.10413161107965202,0.10413161107965202,0.0,0,nan,6,1e-06,nan,120
2,100000,22,20340735,packing,0.12954013045385748,0.0859290584931878,0.12954013045385748,237,0.15,6,1e-06,nan,120
2,100000,22,20340735,christoffel,0.09497974629419467,0.09497974629419467,0.018061584170299825,0,nan,6,1e-06,2632.3415277391223,120
2,100000,23,20340736,convex_hull,0.13390852090862668,0.13390852090862668,0.0,0,nan,6,1e-06,nan,120
2,100000,23,20340736,packing,0.12724328023190834,0.10288859274952858,0.12724328023190834,241,0.15,6,1e-06,nan,120
2,100000,23,20340736,christoffel,0.09552432039018989,0.09552432039018989,0.013868929215800638,0,nan,6,1e-06,2394.825477392991,120
2,100000,24,20340737,convex_hull,0.10662306282373668,0.10662306282373668,0.0,0,nan,6,1e-06,nan,120
2,100000,24,20340737,packing,0.13138681329363067,0.08122575246983293,0.13138681329363067,240,0.15,6,1e-06,nan,120
2,100000,24,20340737,christoffel,0.09552432039018989,0.09552432039018989,0.015255476712894116,0,nan,6,1e-06,2527.04713268242,120
2,100000,25,20340738,convex_hull,0.11699321480995684,0.11699321480995684,0.0,0,nan,6,1e-06,nan,120
2,100000,25,20340738,packing,0.12017089793256486,0.08735587050604202,0.12017089793256486,237,0.15,6,1e-06,nan,120
2,100000,25,20340738,christoffel,0.09552432039018989,0.09552432039018989,0.012222019140403719,0,nan,6,1e-06,2454.8174661832863,120
2,100000,26,20340739,convex_hull,0.11103036029135183,0.11103036029135183,0.0,0,nan,6,1e-06,nan,120
2,100000,26,20340739,packing,0.12319590089128174,0.10046481657875231,0.12319590089128174,249,0.15,6,1e-06,nan,120
2,100000,26,20340739,christoffel,0.09497974629419424,0.09497974629419424,0.02893450926363878,0,nan,6,1e-06,2807.4203744703223,120
2,100000,27,20340740,convex_hull,0.1385141963214018,0.1385141963214018,0.0,0,nan,6,1e-06,nan,120
2,100000,27,20340740,packing,0.12662983512780265,0.12662983512780265,0.11438901099851817,244,0.15,6,1e-06,nan,120
2,100000,27,20340740,christoffel,0.09552432039018947,0.09552432039018947,0.023596637134869654,0,nan,6,1e-06,2766.4923698930224,120
2,100000,28,20340741,convex_hull,0.1235621926029341,0.1235621926029341,0.0,0,nan,6,1e-06,nan,120
2,100000,28,20340741,packing,0.12840533964371637,0.10688999188554246,0.12840533964371637,235,0.15,6,1e-06,nan,120
2,100000,28,20340741,christoffel,0.09552432039018989,0.09552432039018989,0.018061584170299825,0,nan,6,1e-06,2610.077544220879,120
2,100000,29,20340742,convex_hull,0.12843729533879492,0.12843729533879492,0.0,0,nan,6,1e-06,nan,120
2,100000,29,20340742,packing,0.1251024914228096,0.0674399215084053,0.1251024914228096,239,0.15,6,1e-06,nan,120
2,100000,29,20340742,christoffel,0.09497974629419424,0.09497974629419424,0.00042463318020004493,0,nan,6,1e-06,2327.5211691549807,120
2,100000,30,20340743,convex_hull,0.179502872901271,0.179502872901271,0.0,0,nan,6,1e-06,nan,120
2,100000,30,20340743,packing,0.13196529620020236,0.12161472369568874,0.13196529620020236,240,0.15,6,1e-06,nan,120
2,100000,30,20340743,christoffel,0.09552432039018947,0.09552432039018947,0.023596637134869654,0,nan,6,1e-06,2698.246736830277,120
2,100000,31,20340744,convex_hull,0.14603133020169642,0.14603133020169642,0.0,0,nan,6,1e-06,nan,120
2,100000,31,20340744,packing,0.11533940760149397,0.10873653340651143,0.11533940760149397,239,0.15,6,1e-06,nan,120
2,100000,31,20340744,christoffel,0.08422396076828925,0.08422396076828925,0.03393296904892279,0,nan,6,1e-06,2967.999151667672,120
2,100000,32,20340745,convex_hull,0.12881875932028222,0.12881875932028222,0.0,0,nan,6,1e-06,nan,120
2,100000,32,20340745,packing,0.13639518915358728,0.1139160051069267,0.13639518915358728,236,0.15,6,1e-06,nan,120
2,100000,32,20340745,christoffel,0.07525726044940888,0.07525726044940888,0.04105483292932888,0,nan,6,1e-06,3167.921800822848,120
2,100000,33,20340746,convex_hull,0.15987555140454812,0.15987555140454812,0.0,0,nan,6,1e-06,nan,120
2,100000,33,20340746,packing,0.12453320167435455,0.10615922971626848,0.12453320167435455,243,0.15,6,1e-06,nan,120
2,100000,33,20340746,christoffel,0.1483413512861971,0.1483413512861971,0.0,0,nan,6,1e-06,2208.8687915548735,120
2,100000,34,20340747,convex_hull,0.17980671784212088,0.17980671784212088,0.0,0,nan,6,1e-06,nan,120
2,100000,34,20340747,packing,0.11897766654301356,0.09067044801321975,0.11897766654301356,248,0.15,6,1e-06,nan,120
2,100000,34,20340747,christoffel,0.09552432039018947,0.09552432039018947,0.035727575325743284,0,nan,6,1e-06,3055.984174490081,120
2,100000,35,20340748,convex_hull,0.1490503859208562,0.1490503859208562,0.0,0,nan,6,1e-06,nan,120
2,100000,35,20340748,packing,0.13395055032745895,0.09266512141511282,0.13395055032745895,235,0.15,6,1e-06,nan,120
2,100000,35,20340748,christoffel,0.09552432039018989,0.09552432039018989,0.018061584170299825,0,nan,6,1e-06,2453.6282948415164,120
2,100000,36,20340749,convex_hull,0.1064729834708226,0.1064729834708226,0.0,0,nan,6,1e-06,nan,120
2,100000,36,20340749,packing,0.12820188451205838,0.08973450682152245,0.12820188451205838,241,0.15,6,1e-06,nan,120
2,100000,36,20340749,christoffel,0.09552432039018947,0.09552432039018947,0.015255476712893732,0,nan,6,1e-06,2611.7939991507837,120
2,100000,37,20340750,convex_hull,0.15937447375722866,0.15937447375722866,0.0,0,nan,6,1e-06,nan,120
2,100000,37,20340750,packing,0.1345798545149921,0.10878975668622307,0.1345798545149921,235,0.15,6,1e-06,nan,120
2,100000,37,20340750,christoffel,0.09552432039018989,0.09552432039018989,0.009140262949423958,0,nan,6,1e-06,2399.6563768186215,120
2,100000,38,20340751,convex_hull,0.13499064547511946,0.13499064547511946,0.0,0,nan,6,1e-06,nan,120
2,100000,38,20340751,packing,0.11789515377892501,0.09666548889653881,0.11789515377892501,239,0.15,6,1e-06,nan,120
2,100000,38,20340751,christoffel,0.09552432039018989,0.09552432039018989,0.013868929215800638,0,nan,6,1e-06,2669.042166082035,120
2,100000,39,20340752,convex_hull,0.14233177615321785,0.14233177615321785,0.0,0,nan,6,1e-06,nan,120
2,100000,39,20340752,packing,0.14151948062661734,0.087962408058747,0.14151948062661734,235,0.15,6,1e-06,nan,120
2,100000,39,20340752,christoffel,0.09552432039018989,0.09552432039018989,0.01092352326571851,0,nan,6,1e-06,2387.7169040244157,120
2,100000,40,20340753,convex_hull,0.14034813081729192,0.14034813081729192,0.0,0,nan,6,1e-06,nan,120
2,100000,40,20340753,packing,0.12030473807940867,0.10779461257500575,0.12030473807940867,247,0.15,6,1e-06,nan,120
2,100000,40,20340753,christoffel,0.09552432039018947,0.09552432039018947,0.01092352326571851,0,nan,6,1e-06,2404.777821207792,120
2,100000,41,20340754,convex_hull,0.1380880591883629,0.1380880591883629,0.0,0,nan,6,1e-06,nan,120
2,100000,41,20340754,packing,0.13156413456993266,0.08972199482790569,0.13156413456993266,238,0.15,6,1e-06,nan,120
2,100000,41,20340754,christoffel,0.09552432039018989,0.09552432039018989,0.010041765834815955,0,nan,6,1e-06,2364.370111041607,120
2,100000,42,20340755,convex_hull,0.15458312781127573,0.15458312781127573,0.0,0,nan,6,1e-06,nan,120
2,100000,42,20340755,packing,0.11842338110319583,0.08805203897769198,0.11842338110319583,234,0.15,6,1e-06,nan,120
2,100000,42,20340755,christoffel,0.10405606805271382,0.10405606805271382,0.009140262949423958,0,nan,6,1e-06,2381.5049092190243,120
2,100000,43,20340756,convex_hull,0.14959006970710748,0.14959006970710748,0.0,0,nan,6,1e-06,nan,120
2,100000,43,20340756,packing,0.13011925735860666,0.13011925735860666,0.1272747411201034,237,0.15,6,1e-06,nan,120
2,100000,43,20340756,christoffel,0.09552432039018947,0.09552432039018947,0.018061584170299825,0,nan,6,1e-06,2680.604713631542,120
2,100000,44,20340757,convex_hull,0.1367835612032853,0.1367835612032853,0.0,0,nan,6,1e-06,nan,120
2,100000,44,20340757,packing,0.12530333844950703,0.10981738645255376,0.12530333844950703,238,0.15,6,1e-06,nan,120
2,100000,44,20340757,christoffel,0.08422396076828886,0.08422396076828886,0.02854254087042433,0,nan,6,1e-06,2987.916005355303,120
2,100000,45,20340758,convex_hull,0.1341352184491188,0.1341352184491188,0.0,0,nan,6,1e-06,nan,120
2,100000,45,20340758,packing,0.13360818465899507,0.13360818465899507,0.13337707762650575,243,0.15,6,1e-06,nan,120
2,100000,45,20340758,christoffel,0.11817345523414605,0.11817345523414605,0.0004246331801999446,0,nan,6,1e-06,2230.7331633675267,120
2,100000,46,20340759,convex_hull,0.12863351029904177,0.12863351029904177,0.0,0,nan,6,1e-06,nan,120
2,100000,46,20340759,packing,0.13199010979335946,0.0888130151812522,0.13199010979335946,239,0.15,6,1e-06,nan,120
2,100000,46,20340759,christoffel,0.09552432039018989,0.09552432039018989,0.00042463318020004493,0,nan,6,1e-06,2281.926714527944,120
2,100000,47,20340760,convex_hull,0.12189928562285661,0.12189928562285661,0.0,0,nan,6,1e-06,nan,120
2,100000,47,20340760,packing,0.12409472879430195,0.09489579927576897,0.12409472879430195,238,0.15,6,1e-06,nan,120
2,100000,47,20340760,christoffel,0.09552432039018947,0.09552432039018947,0.013868929215800638,0,nan,6,1e-06,2672.965273772665,120
2,100000,48,20340761,convex_hull,0.14007017896150478,0.14007017896150478,0.0,0,nan,6,1e-06,nan,120
2,100000,48,20340761,packing,0.12108354749419259,0.09947414767792234,0.12108354749419259,240,0.15,6,1e-06,nan,120
2,100000,48,20340761,christoffel,0.09552432039018947,0.09552432039018947,0.018061584170299825,0,nan,6,1e-06,2512.064833884695,120
2,100000,49,20340762,convex_hull,0.14865035683057062,0.14865035683057062,0.0,0,nan,6,1e-06,nan,120
2,100000,49,20340762,packing,0.13166676583560333,0.12702737084857194,0.13166676583560333,235,0.15,6,1e-06,nan,120
2,100000,49,20340762,christoffel,0.09552432039018989,0.09552432039018989,0.018061584170299825,0,nan,6,1e-06,2614.88594731923,120
4,100000,0,20340713,convex_hull,0.3555454916434383,0.3555454916434383,0.0,0,nan,6,1e-06,nan,120
4,100000,0,20340713,packing,0.25457363120034937,0.25457363120034937,0.10934526319495985,192,0.15,6,1e-06,nan,120
4,100000,0,20340713,christoffel,0.20125201369806528,0.20125201369806528,0.0,0,nan,6,1e-06,10404.362238497242,120
4,100000,1,20340714,convex_hull,0.31974100778003695,0.31974100778003695,0.0,0,nan,6,1e-06,nan,120
4,100000,1,20340714,packing,0.2678212363298562,0.2678212363298562,0.0640568170143001,192,0.15,6,1e-06,nan,120
4,100000,1,20340714,christoffel,0.24038436642076477,0.24038436642076477,0.0,0,nan,6,1e-06,8988.384046758705,120
4,100000,2,20340715,convex_hull,0.4493694661186526,0.4493694661186526,0.0,0,nan,6,1e-06,nan,120
4,100000,2,20340715,packing,0.36579238816926485,0.36579238816926485,0.07955040792651513,187,0.15,6,1e-06,nan,120
4,100000,2,20340715,christoffel,0.2541978468326227,0.2541978468326227,0.0,0,nan,6,1e-06,7868.709115256118,120
4,100000,3,20340716,convex_hull,0.27832849070177235,0.27832849070177235,0.0,0,nan,6,1e-06,nan,120
4,100000,3,20340716,packing,0.21427122578708593,0.21427122578708593,0.04190376380296956,205,0.15,6,1e-06,nan,120
4,100000,3,20340716,christoffel,0.20125201369806528,0.20125201369806528,0.0004246331801999446,0,nan,6,1e-06,10166.982391416765,120
4,100000,4,20340717,convex_hull,0.4634778481444212,0.4634778481444212,0.0,0,nan,6,1e-06,nan,120
4,100000,4,20340717,packing,0.32653546264648714,0.32653546264648714,0.04497878401596245,186,0.15,6,1e-06,nan,120
4,100000,4,20340717,christoffel,0.2541978468326227,0.2541978468326227,0.0,0,nan,6,1e-06,8791.687531481934,120
4,100000,5,20340718,convex_hull,0.3953136154621734,0.3953136154621734,0.0,0,nan,6,1e-06,nan,120
4,100000,5,20340718,packing,0.33938292577144813,0.33938292577144813,0.03997966439842093,196,0.15,6,1e-06,nan,120
4,100000,5,20340718,christoffel,0.3071606639071167,0.3071606639071167,0.0,0,nan,6,1e-06,6444.93740950257,120
4,100000,6,20340719,convex_hull,0.3408622738748622,0.3408622738748622,0.0,0,nan,6,1e-06,nan,120
4,100000,6,20340719,packing,0.2804708246439195,0.2804708246439195,0.08306573995107613,191,0.15,6,1e-06,nan,120
4,100000,6,20340719,christoffel,0.2541978468326227,0.2541978468326227,0.0,0,nan,6,1e-06,7710.7539720672785,120
4,100000,7,20340720,convex_hull,0.39401113502541896,0.39401113502541896,0.0,0,nan,6,1e-06,nan,120
4,100000,7,20340720,packing,0.3500818824098332,0.3500818824098332,0.060552394160045875,195,0.15,6,1e-06,nan,120
4,100000,7,20340720,christoffel,0.3071606639071164,0.3071606639071164,0.0,0,nan,6,1e-06,6387.002466331537,120
4,100000,8,20340721,convex_hull,0.4780963829348384,0.4780963829348384,0.0,0,nan,6,1e-06,nan,120
4,100000,8,20340721,packing,0.35301628522299855,0.35301628522299855,0.07778793183669164,191,0.15,6,1e-06,nan,120
4,100000,8,20340721,christoffel,0.3071606639071164,0.3071606639071164,0.0,0,nan,6,1e-06,7661.666973133844,120
4,100000,9,20340722,convex_hull,0.4507935173529117,0.4507935173529117,0.0,0,nan,6,1e-06,nan,120
4,100000,9,20340722,packing,0.3693017135859392,0.3693017135859392,0.06234527682562396,192,0.15,6,1e-06,nan,120
4,100000,9,20340722,christoffel,0.2541978468326227,0.2541978468326227,0.0,0,nan,6,1e-06,8700.020314442972,120
4,100000,10,20340723,convex_hull,0.37124860395334486,0.37124860395334486,0.0,0,nan,6,1e-06,nan,120
4,100000,10,20340723,packing,0.276777612935192,0.276777612935192,0.04565465190264739,202,0.15,6,1e-06,nan,120
4,100000,10,20340723,christoffel,0.2541978468326227,0.2541978468326227,0.0,0,nan,6,1e-06,8341.864066179038,120
4,100000,11,20340724,convex_hull,0.3445803951683009,0.3445803951683009,0.0,0,nan,6,1e-06,nan,120
4,100000,11,20340724,packing,0.30252285923647604,0.30252285923647604,0.08265479658965846,192,0.15,6,1e-06,nan,120
4,100000,11,20340724,christoffel,0.2541978468326227,0.2541978468326227,0.0,0,nan,6,1e-06,8602.519294510932,120
4,100000,12,20340725,convex_hull,0.33747232137332844,0.33747232137332844,0.0,0,nan,6,1e-06,nan,120
4,100000,12,20340725,packing,0.23801752734870077,0.23801752734870077,0.049802595503609104,185,0.15,6,1e-06,nan,120
4,100000,12,20340725,christoffel,0.2541978468326227,0.2541978468326227,0.0,0,nan,6,1e-06,6986.350866691009,120
4,100000,13,20340726,convex_hull,0.3652663640591426,0.3652663640591426,0.0,0,nan,6,1e-06,nan,120
4,100000,13,20340726,packing,0.23484936809230897,0.23484936809230897,0.031668744406042615,193,0.15,6,1e-06,nan,120
4,100000,13,20340726,christoffel,0.36013297178970405,0.36013297178970405,0.0,0,nan,6,1e-06,4996.644280393643,120
4,100000,14,20340727,convex_hull,0.3709395315741158,0.3709395315741158,0.0,0,nan,6,1e-06,nan,120
4,100000,14,20340727,packing,0.27097029438134634,0.27097029438134634,0.05731930731627455,200,0.15,6,1e-06,nan,120
4,100000,14,20340727,christoffel,0.2541978468326227,0.2541978468326227,0.0,0,nan,6,1e-06,7790.761096273332,120
4,100000,15,20340728,convex_hull,0.41298205175947783,0.41298205175947783,0.0,0,nan,6,1e-06,nan,120
4,100000,15,20340728,packing,0.2707730268581502,0.2707730268581502,0.03111055486819425,195,0.15,6,1e-06,nan,120
4,100000,15,20340728,christoffel,0.2541978468326227,0.2541978468326227,0.0,0,nan,6,1e-06,7795.257957657618,120
4,100000,16,20340729,convex_hull,0.40847413973206187,0.40847413973206187,0.0,0,nan,6,1e-06,nan,120
4,100000,16,20340729,packing,0.37462285944815155,0.37462285944815155,0.04029511015979037,195,0.15,6,1e-06,nan,120
4,100000,16,20340729,christoffel,0.3071606639071164,0.3071606639071164,0.0,0,nan,6,1e-06,6012.602066885156,120
4,100000,17,20340730,convex_hull,0.36347594873937344,0.36347594873937344,0.0,0,nan,6,1e-06,nan,120
4,100000,17,20340730,packing,0.23436476634309897,0.23436476634309897,0.07856874402341663,194,0.15,6,1e-06,nan,120
4,100000,17,20340730,christoffel,0.20125201369806528,0.20125201369806528,0.0,0,nan,6,1e-06,10032.497272736817,120
4,100000,18,20340731,convex_hull,0.40848114648706096,0.40848114648706096,0.0,0,nan,6,1e-06,nan,120
4,100000,18,20340731,packing,0.33158359550397354,0.33158359550397354,0.07100434180397719,192,0.15,6,1e-06,nan,120
4,100000,18,20340731,christoffel,0.2592873490404216,0.2592873490404216,0.0,0,nan,6,1e-06,7896.0097692661875,120
4,100000,19,20340732,convex_hull,0.36916470982231336,0.36916470982231336,0.0,0,nan,6,1e-06,nan,120
4,100000,19,20340732,packing,0.2914520283104859,0.2914520283104859,0.09191048954514547,193,0.15,6,1e-06,nan,120
4,100000,19,20340732,christoffel,0.20125201369806528,0.20125201369806528,0.0,0,nan,6,1e-06,10268.152386523157,120
4,100000,20,20340733,convex_hull,0.37457415400706484,0.37457415400706484,0.0,0,nan,6,1e-06,nan,120
4,100000,20,20340733,packing,0.2756365351785176,0.2756365351785176,0.06146067161154689,191,0.15,6,1e-06,nan,120
4,100000,20,20340733,christoffel,0.3071606639071167,0.3071606639071167,0.0,0,nan,6,1e-06,6309.502767697515,120
4,100000,21,20340734,convex_hull,0.3323853981248039,0.3323853981248039,0.0,0,nan,6,1e-06,nan,120
4,100000,21,20340734,packing,0.2242403331782342,0.2242403331782342,0.10021060564285056,201,0.15,6,1e-06,nan,120
4,100000,21,20340734,christoffel,0.20125201369806528,0.20125201369806528,0.0,0,nan,6,1e-06,9867.799147838847,120
4,100000,22,20340735,convex_hull,0.42431190859672524,0.42431190859672524,0.0,0,nan,6,1e-06,nan,120
4,100000,22,20340735,packing,0.2945283311113217,0.2945283311113217,0.06638916412914819,195,0.15,6,1e-06,nan,120
4,100000,22,20340735,christoffel,0.3071606639071167,0.3071606639071167,0.0,0,nan,6,1e-06,6909.497428908114,120
4,100000,23,20340736,convex_hull,0.363615282812058,0.363615282812058,0.0,0,nan,6,1e-06,nan,120
4,100000,23,20340736,packing,0.2975106187093062,0.2975106187093062,0.09864046992884445,197,0.15,6,1e-06,nan,120
4,100000,23,20340736,christoffel,0.2541978468326227,0.2541978468326227,0.0,0,nan,6,1e-06,9359.466056477873,120
4,100000,24,20340737,convex_hull,0.4012077100043674,0.4012077100043674,0.0,0,nan,6,1e-06,nan,120
4,100000,24,20340737,packing,0.3632557846658898,0.3632557846658898,0.058758356664008526,196,0.15,6,1e-06,nan,120
4,100000,24,20340737,christoffel,0.3071606639071167,0.3071606639071167,0.0,0,nan,6,1e-06,6151.094388142085,120
4,100000,25,20340738,convex_hull,0.40284195397156825,0.40284195397156825,0.0,0,nan,6,1e-06,nan,120
4,100000,25,20340738,packing,0.33105818261408404,0.33105818261408404,0.03189182319626749,188,0.15,6,1e-06,nan,120
4,100000,25,20340738,christoffel,0.3071606639071164,0.3071606639071164,0.0,0,nan,6,1e-06,7051.733137820814,120
4,100000,26,20340739,convex_hull,0.3834682926526423,0.3834682926526423,0.0,0,nan,6,1e-06,nan,120
4,100000,26,20340739,packing,0.3249797355918058,0.3249797355918058,0.06689465566362807,192,0.15,6,1e-06,nan,120
4,100000,26,20340739,christoffel,0.2541978468326227,0.2541978468326227,0.0,0,nan,6,1e-06,8146.919609705814,120
4,100000,27,20340740,convex_hull,0.3997962054137195,0.3997962054137195,0.0,0,nan,6,1e-06,nan,120
4,100000,27,20340740,packing,0.31205275516893993,0.31205275516893993,0.030847068607701256,196,0.15,6,1e-06,nan,120
4,100000,27,20340740,christoffel,0.3071606639071167,0.3071606639071167,0.0,0,nan,6,1e-06,7337.6764913580255,120
4,100000,28,20340741,convex_hull,0.3839914887763511,0.3839914887763511,0.0,0,nan,6,1e-06,nan,120
4,100000,28,20340741,packing,0.33151151067480156,0.33151151067480156,0.05066375343957075,186,0.15,6,1e-06,nan,120
4,100000,28,20340741,christoffel,0.25419784683262214,0.25419784683262214,0.0,0,nan,6,1e-06,8269.984629136348,120
4,100000,29,20340742,convex_hull,0.27238976901830975,0.27238976901830975,0.0,0,nan,6,1e-06,nan,120
4,100000,29,20340742,packing,0.20764685504276,0.20764685504276,0.062219935793013215,194,0.15,6,1e-06,nan,120
4,100000,29,20340742,christoffel,0.20125201369806528,0.20125201369806528,0.0,0,nan,6,1e-06,9449.730279725558,120
4,100000,30,20340743,convex_hull,0.3885306512922301,0.3885306512922301,0.0,0,nan,6,1e-06,nan,120
4,100000,30,20340743,packing,0.2803298461320186,0.2803298461320186,0.08036350182604046,198,0.15,6,1e-06,nan,120
4,100000,30,20340743,christoffel,0.3071606639071167,0.3071606639071167,0.0,0,nan,6,1e-06,5706.818146738996,120
4,100000,31,20340744,convex_hull,0.3089599444585029,0.3089599444585029,0.0,0,nan,6,1e-06,nan,120
4,100000,31,20340744,packing,0.24659866355634655,0.24659866355634655,0.04621314114625441,191,0.15,6,1e-06,nan,120
4,100000,31,20340744,christoffel,0.2541978468326227,0.2541978468326227,0.0,0,nan,6,1e-06,8491.744787423837,120
4,100000,32,20340745,convex_hull,0.33461392107730303,0.33461392107730303,0.0,0,nan,6,1e-06,nan,120
4,100000,32,20340745,packing,0.312672638300448,0.312672638300448,0.07093545830174053,199,0.15,6,1e-06,nan,120
4,100000,32,20340745,christoffel,0.2541978468326227,0.2541978468326227,0.0,0,nan,6,1e-06,8293.471827808524,120
4,100000,33,20340746,convex_hull,0.4270840172323268,0.4270840172323268,0.0,0,nan,6,1e-06,nan,120
4,100000,33,20340746,packing,0.2919314731530712,0.2919314731530712,0.0709915338124053,200,0.15,6,1e-06,nan,120
4,100000,33,20340746,christoffel,0.3071606639071167,0.3071606639071167,0.0,0,nan,6,1e-06,6018.387714381288,120
4,100000,34,20340747,convex_hull,0.33917552916203425,0.33917552916203425,0.0,0,nan,6,1e-06,nan,120
4,100000,34,20340747,packing,0.26142642180657005,0.26142642180657005,0.08744243209490399,188,0.15,6,1e-06,nan,120
4,100000,34,20340747,christoffel,0.25419784683262214,0.25419784683262214,0.0,0,nan,6,1e-06,8577.479017304686,120
4,100000,35,20340748,convex_hull,0.3940535614600273,0.3940535614600273,0.0,0,nan,6,1e-06,nan,120
4,100000,35,20340748,packing,0.26769008375684944,0.26769008375684944,0.08982968049220608,194,0.15,6,1e-06,nan,120
4,100000,35,20340748,christoffel,0.3071606639071167,0.3071606639071167,0.0,0,nan,6,1e-06,7569.67126734534,120
4,100000,36,20340749,convex_hull,0.3481899795739275,0.3481899795739275,0.0,0,nan,6,1e-06,nan,120
4,100000,36,20340749,packing,0.2944563013298027,0.2944563013298027,0.08126956833308707,196,0.15,6,1e-06,nan,120
4,100000,36,20340749,christoffel,0.2541978468326227,0.2541978468326227,0.0,0,nan,6,1e-06,7920.331268792963,120
4,100000,37,20340750,convex_hull,0.44030366059056936,0.44030366059056936,0.0,0,nan,6,1e-06,nan,120
4,100000,37,20340750,packing,0.3591302875421797,0.3591302875421797,0.05518423727673649,196,0.15,6,1e-06,nan,120
4,100000,37,20340750,christoffel,0.36013297178970405,0.36013297178970405,0.0,0,nan,6,1e-06,5904.302074013653,120
4,100000,38,20340751,convex_hull,0.4354971253431648,0.4354971253431648,0.0,0,nan,6,1e-06,nan,120
4,100000,38,20340751,packing,0.3512735723225001,0.3512735723225001,0.060792397708437584,185,0.15,6,1e-06,nan,120
4,100000,38,20340751,christoffel,0.3071606639071164,0.3071606639071164,0.0,0,nan,6,1e-06,7019.905613963495,120
4,100000,39,20340752,convex_hull,0.35050206015192814,0.35050206015192814,0.0,0,nan,6,1e-06,nan,120
4,100000,39,20340752,packing,0.24475723492147713,0.24475723492147713,0.0746605363948849,195,0.15,6,1e-06,nan,120
4,100000,39,20340752,christoffel,0.25419784683262214,0.25419784683262214,0.0,0,nan,6,1e-06,7533.292002770167,120
4,100000,40,20340753,convex_hull,0.375949094211876,0.375949094211876,0.0,0,nan,6,1e-06,nan,120
4,100000,40,20340753,packing,0.26712481452186065,0.26712481452186065,0.07039555423163213,201,0.15,6,1e-06,nan,120
4,100000,40,20340753,christoffel,0.2541978468326227,0.2541978468326227,0.0,0,nan,6,1e-06,8176.552424106612,120
4,100000,41,20340754,convex_hull,0.3486856176793027,0.3486856176793027,0.0,0,nan,6,1e-06,nan,120
4,100000,41,20340754,packing,0.2957298408384629,0.2957298408384629,0.07039363570927826,206,0.15,6,1e-06,nan,120
4,100000,41,20340754,christoffel,0.2541978468326227,0.2541978468326227,0.0,0,nan,6,1e-06,8066.709756876988,120
4,100000,42,20340755,convex_hull,0.3584918418515573,0.3584918418515573,0.0,0,nan,6,1e-06,nan,120
4,100000,42,20340755,packing,0.24351578489739192,0.24351578489739192,0.020013125312319024,194,0.15,6,1e-06,nan,120
4,100000,42,20340755,christoffel,0.2541978468326227,0.2541978468326227,0.0,0,nan,6,1e-06,8740.326568343968,120
4,100000,43,20340756,convex_hull,0.4120474990440225,0.4120474990440225,0.0,0,nan,6,1e-06,nan,120
4,100000,43,20340756,packing,0.3546003812299927,0.3546003812299927,0.0595606365082455,194,0.15,6,1e-06,nan,120
4,100000,43,20340756,christoffel,0.3071606639071167,0.3071606639071167,0.0,0,nan,6,1e-06,7948.935570330939,120
4,100000,44,20340757,convex_hull,0.398745163439225,0.398745163439225,0.0,0,nan,6,1e-06,nan,120
4,100000,44,20340757,packing,0.2947310512547241,0.2947310512547241,0.07209685422040168,194,0.15,6,1e-06,nan,120
4,100000,44,20340757,christoffel,0.2541978468326227,0.2541978468326227,0.0,0,nan,6,1e-06,8265.729429975472,120
4,100000,45,20340758,convex_hull,0.34222861932106213,0.34222861932106213,0.0,0,nan,6,1e-06,nan,120
4,100000,45,20340758,packing,0.31683593111453545,0.31683593111453545,0.03728893937564892,190,0.15,6,1e-06,nan,120
4,100000,45,20340758,christoffel,0.3415044924436521,0.3415044924436521,0.0,0,nan,6,1e-06,5878.969377562242,120
4,100000,46,20340759,convex_hull,0.49305798568536335,0.49305798568536335,0.0,0,nan,6,1e-06,nan,120
4,100000,46,20340759,packing,0.3748674262410753,0.3748674262410753,0.05838635343762988,196,0.15,6,1e-06,nan,120
4,100000,46,20340759,christoffel,0.3601329717897042,0.3601329717897042,0.0,0,nan,6,1e-06,6455.388154286514,120
4,100000,47,20340760,convex_hull,0.36158565031611467,0.36158565031611467,0.0,0,nan,6,1e-06,nan,120
4,100000,47,20340760,packing,0.2810269664809575,0.2810269664809575,0.0940438921516753,190,0.15,6,1e-06,nan,120
4,100000,47,20340760,christoffel,0.2012520136980645,0.2012520136980645,0.015255476712893732,0,nan,6,1e-06,12818.27519773168,120
4,100000,48,20340761,convex_hull,0.3793978114210435,0.3793978114210435,0.0,0,nan,6,1e-06,nan,120
4,100000,48,20340761,packing,0.2947932168000047,0.2947932168000047,0.07082639400551494,198,0.15,6,1e-06,nan,120
4,100000,48,20340761,christoffel,0.3071606639071167,0.3071606639071167,0.0,0,nan,6,1e-06,6457.5206809992005,120
4,100000,49,20340762,convex_hull,0.3017178632545717,0.3017178632545717,0.0,0,nan,6,1e-06,nan,120
4,100000,49,20340762,packing,0.23917650087385897,0.23917650087385897,0.05656928374057646,192,0.15,6,1e-06,nan,120
4,100000,49,20340762,christoffel,0.21430759638199048,0.21430759638199048,0.0,0,nan,6,1e-06,9112.243823403625,120
