sweep,geometry,T,N,trial,seed,error
time,disk,0.01,1000,0,52972,0.044677747013731166
time,disk,0.01,1000,1,52973,0.037691038676848206
time,disk,0.01,1000,2,52974,0.03955693109017146
time,disk,0.01,1000,3,52975,0.03696637762308874
time,disk,0.01,1000,4,52976,0.04777570455493111
time,disk,0.01,1000,5,52977,0.03808770803515623
time,disk,0.01,1000,6,52978,0.024686115346726552
time,disk,0.01,1000,7,52979,0.036784193860696764
time,disk,0.01,1000,8,52980,0.04805687807729821
time,disk,0.01,1000,9,52981,0.0285491044971204
time,disk,0.01,1000,10,52982,0.051316540618309675
time,disk,0.01,1000,11,52983,0.03817470613880916
time,disk,0.01,1000,12,52984,0.040793632411250225
time,disk,0.01,1000,13,52985,0.031776112618448885
time,disk,0.01,1000,14,52986,0.050861070147014686
time,disk,0.01,1000,15,52987,0.0553974816847623
time,disk,0.01,1000,16,52988,0.040021950671077486
time,disk,0.01,1000,17,52989,0.03997790293525755
time,disk,0.01,1000,18,52990,0.04360395692466116
time,disk,0.01,1000,19,52991,0.038721314545710206
time,disk,0.01,1000,20,52992,0.03709875064796814
time,disk,0.01,1000,21,52993,0.040243173123363
time,disk,0.01,1000,22,52994,0.034151501199942376
time,disk,0.01,1000,23,52995,0.04910563883761273
time,disk,0.01,1000,24,52996,0.032460332401553195
time,disk,0.01,1000,25,52997,0.031774527957680376
time,disk,0.01,1000,26,52998,0.04338182963976161
time,disk,0.01,1000,27,52999,0.028565337144083984
time,disk,0.01,1000,28,53000,0.05446423434119852
time,disk,0.01,1000,29,53001,0.03442318988563844
time,disk,0.01,1000,30,53002,0.033522386243600155
time,disk,0.01,1000,31,53003,0.04914464143098478
time,disk,0.01,1000,32,53004,0.04461243679500858
time,disk,0.01,1000,33,53005,0.03842666526305791
time,disk,0.01,1000,34,53006,0.030022541648280072
time,disk,0.01,1000,35,53007,0.04771959928071824
time,disk,0.01,1000,36,53008,0.03364400647011525
time,disk,0.01,1000,37,53009,0.035731472848422936
time,disk,0.01,1000,38,53010,0.034575855576999825
time,disk,0.01,1000,39,53011,0.0383712633868729
time,disk,0.01,1000,40,53012,0.03691087270495205
time,disk,0.01,1000,41,53013,0.04294071724257507
time,disk,0.01,1000,42,53014,0.05420413204821972
time,disk,0.01,1000,43,53015,0.031378330409505314
time,disk,0.01,1000,44,53016,0.04874866453226622
time,disk,0.01,1000,45,53017,0.044645442400053595
time,disk,0.01,1000,46,53018,0.04776482347531862
time,disk,0.01,1000,47,53019,0.03975942590212033
time,disk,0.01,1000,48,53020,0.02769656347891067
time,disk,0.01,1000,49,53021,0.05579446673042639
time,disk,0.134375,1000,0,53682,0.043771811914914874
time,disk,0.134375,1000,1,53683,0.04022952079443721
time,disk,0.134375,1000,2,53684,0.03579648951322632
time,disk,0.134375,1000,3,53685,0.03311401144428649
time,disk,0.134375,1000,4,53686,0.040712052401571885
time,disk,0.134375,1000,5,53687,0.04362254631220107
time,disk,0.134375,1000,6,53688,0.039670852488961246
time,disk,0.134375,1000,7,53689,0.039471162116222105
time,disk,0.134375,1000,8,53690,0.04132370196678602
time,disk,0.134375,1000,9,53691,0.05730166087329799
time,disk,0.134375,1000,10,53692,0.03579434846994032
time,disk,0.134375,1000,11,53693,0.034162877384439315
time,disk,0.134375,1000,12,53694,0.03589091153433866
time,disk,0.134375,1000,13,53695,0.03303545881710864
time,disk,0.134375,1000,14,53696,0.05258328662796583
time,disk,0.134375,1000,15,53697,0.0314273190206616
time,disk,0.134375,1000,16,53698,0.060525468780618985
time,disk,0.134375,1000,17,53699,0.04220884933045043
time,disk,0.134375,1000,18,53700,0.051322336511469224
time,disk,0.134375,1000,19,53701,0.03897424726577675
time,disk,0.134375,1000,20,53702,0.0482489723483032
time,disk,0.134375,1000,21,53703,0.039637412658127626
time,disk,0.134375,1000,22,53704,0.04709647826890162
time,disk,0.134375,1000,23,53705,0.05573396405537236
time,disk,0.134375,1000,24,53706,0.045468678412752324
time,disk,0.134375,1000,25,53707,0.03804110035961775
time,disk,0.134375,1000,26,53708,0.04163612923332038
time,disk,0.134375,1000,27,53709,0.039021317205895134
time,disk,0.134375,1000,28,53710,0.043207053335477384
time,disk,0.134375,1000,29,53711,0.046191449486871074
time,disk,0.134375,1000,30,53712,0.052164144627974744
time,disk,0.134375,1000,31,53713,0.044021908399501604
time,disk,0.134375,1000,32,53714,0.04385636219052484
time,disk,0.134375,1000,33,53715,0.040628310346948346
time,disk,0.134375,1000,34,53716,0.03297090588338094
time,disk,0.134375,1000,35,53717,0.044405193065051946
time,disk,0.134375,1000,36,53718,0.05009571364246953
time,disk,0.134375,1000,37,53719,0.0379340170478409
time,disk,0.134375,1000,38,53720,0.04194264438456678
time,disk,0.134375,1000,39,53721,0.043409862171610435
time,disk,0.134375,1000,40,53722,0.04236771092857441
time,disk,0.134375,1000,41,53723,0.039634825101054434
time,disk,0.134375,1000,42,53724,0.02963166134993901
time,disk,0.134375,1000,43,53725,0.05345775025135598
time,disk,0.134375,1000,44,53726,0.03915856247710591
time,disk,0.134375,1000,45,53727,0.039822911448552156
time,disk,0.134375,1000,46,53728,0.03967579825704679
time,disk,0.134375,1000,47,53729,0.06210011741556009
time,disk,0.134375,1000,48,53730,0.05129732172509253
time,disk,0.134375,1000,49,53731,0.046401405023999004
time,disk,0.25875,1000,0,53787,0.04352627093336565
time,disk,0.25875,1000,1,53788,0.05349085049958452
time,disk,0.25875,1000,2,53789,0.04805533762206022
time,disk,0.25875,1000,3,53790,0.04270551490524974
time,disk,0.25875,1000,4,53791,0.03914790712823099
time,disk,0.25875,1000,5,53792,0.054252239419112676
time,disk,0.25875,1000,6,53793,0.05737924930247816
time,disk,0.25875,1000,7,53794,0.04716773466832792
time,disk,0.25875,1000,8,53795,0.04443400533835603
time,disk,0.25875,1000,9,53796,0.04075980898593448
time,disk,0.25875,1000,10,53797,0.031496391365349874
time,disk,0.25875,1000,11,53798,0.050787068984260365
time,disk,0.25875,1000,12,53799,0.043338810176563054
time,disk,0.25875,1000,13,53800,0.059210284484368436
time,disk,0.25875,1000,14,53801,0.036089287463480536
time,disk,0.25875,1000,15,53802,0.06052942150231667
time,disk,0.25875,1000,16,53803,0.04595020950622231
time,disk,0.25875,1000,17,53804,0.04961505806680211
time,disk,0.25875,1000,18,53805,0.05908599200014681
time,disk,0.25875,1000,19,53806,0.043199700949953804
time,disk,0.25875,1000,20,53807,0.04629463210401064
time,disk,0.25875,1000,21,53808,0.03473772291246924
time,disk,0.25875,1000,22,53809,0.037473009010690526
time,disk,0.25875,1000,23,53810,0.0551986997129547
time,disk,0.25875,1000,24,53811,0.04640417453126382
time,disk,0.25875,1000,25,53812,0.05761649206204057
time,disk,0.25875,1000,26,53813,0.03790601654704568
time,disk,0.25875,1000,27,53814,0.038275933744669456
time,disk,0.25875,1000,28,53815,0.045536701692884596
time,disk,0.25875,1000,29,53816,0.04664667214000704
time,disk,0.25875,1000,30,53817,0.04381873189380779
time,disk,0.25875,1000,31,53818,0.043326631151345635
time,disk,0.25875,1000,32,53819,0.045898403850061845
time,disk,0.25875,1000,33,53820,0.043936593423467674
time,disk,0.25875,1000,34,53821,0.05673597212453717
time,disk,0.25875,1000,35,53822,0.034589261171222734
time,disk,0.25875,1000,36,53823,0.0458535052556845
time,disk,0.25875,1000,37,53824,0.036029306719010175
time,disk,0.25875,1000,38,53825,0.04402136782813878
time,disk,0.25875,1000,39,53826,0.051042620027141244
time,disk,0.25875,1000,40,53827,0.042550069169652704
time,disk,0.25875,1000,41,53828,0.04939883531106671
time,disk,0.25875,1000,42,53829,0.05117333602112079
time,disk,0.25875,1000,43,53830,0.05663279628805669
time,disk,0.25875,1000,44,53831,0.04288149237173609
time,disk,0.25875,1000,45,53832,0.04378447789289235
time,disk,0.25875,1000,46,53833,0.04435549751004035
time,disk,0.25875,1000,47,53834,0.04199293676955106
time,disk,0.25875,1000,48,53835,0.042996932009353145
time,disk,0.25875,1000,49,53836,0.06549374794445534
time,disk,0.383125,1000,0,53630,0.07140365752537134
time,disk,0.383125,1000,1,53631,0.04759613640866328
time,disk,0.383125,1000,2,53632,0.039728955054329676
time,disk,0.383125,1000,3,53633,0.054121761179985746
time,disk,0.383125,1000,4,53634,0.06044385323461158
time,disk,0.383125,1000,5,53635,0.05077061960182831
time,disk,0.383125,1000,6,53636,0.045025669481493925
time,disk,0.383125,1000,7,53637,0.07507349050641121
time,disk,0.383125,1000,8,53638,0.05502341244380243
time,disk,0.383125,1000,9,53639,0.038064167579926415
time,disk,0.383125,1000,10,53640,0.046923126329734915
time,disk,0.383125,1000,11,53641,0.051872420390335135
time,disk,0.383125,1000,12,53642,0.042618945247107194
time,disk,0.383125,1000,13,53643,0.059212278699780456
time,disk,0.383125,1000,14,53644,0.04537930774140557
time,disk,0.383125,1000,15,53645,0.04459059703283737
time,disk,0.383125,1000,16,53646,0.06935598833075414
time,disk,0.383125,1000,17,53647,0.05086232177197064
time,disk,0.383125,1000,18,53648,0.051057214470206606
time,disk,0.383125,1000,19,53649,0.053726927149166596
time,disk,0.383125,1000,20,53650,0.05620954354328678
time,disk,0.383125,1000,21,53651,0.05118610864470223
time,disk,0.383125,1000,22,53652,0.052759805408246895
time,disk,0.383125,1000,23,53653,0.04604986974941477
time,disk,0.383125,1000,24,53654,0.0425025861315998
time,disk,0.383125,1000,25,53655,0.058324247317513664
time,disk,0.383125,1000,26,53656,0.05345446426838936
time,disk,0.383125,1000,27,53657,0.05016066241969668
time,disk,0.383125,1000,28,53658,0.052325403149696186
time,disk,0.383125,1000,29,53659,0.04852554231534111
time,disk,0.383125,1000,30,53660,0.05110061799380531
time,disk,0.383125,1000,31,53661,0.05348031769156629
time,disk,0.383125,1000,32,53662,0.052610681143104375
time,disk,0.383125,1000,33,53663,0.05774190286164049
time,disk,0.383125,1000,34,53664,0.04665258645230394
time,disk,0.383125,1000,35,53665,0.055431991868942446
time,disk,0.383125,1000,36,53666,0.03810141263458312
time,disk,0.383125,1000,37,53667,0.05314058023219527
time,disk,0.383125,1000,38,53668,0.05054147565695555
time,disk,0.383125,1000,39,53669,0.03698950995699186
time,disk,0.383125,1000,40,53670,0.062029807478366006
time,disk,0.383125,1000,41,53671,0.03766534409472846
time,disk,0.383125,1000,42,53672,0.07325827437577849
time,disk,0.383125,1000,43,53673,0.04444996645605342
time,disk,0.383125,1000,44,53674,0.046752702251575746
time,disk,0.383125,1000,45,53675,0.03620550298964707
time,disk,0.383125,1000,46,53676,0.04580568210277478
time,disk,0.383125,1000,47,53677,0.0596994014378832
time,disk,0.383125,1000,48,53678,0.05044077909527886
time,disk,0.383125,1000,49,53679,0.03439118082286597
time,disk,0.5075,1000,0,53464,0.03974380669862076
time,disk,0.5075,1000,1,53465,0.039705627778138096
time,disk,0.5075,1000,2,53466,0.04516535950538247
time,disk,0.5075,1000,3,53467,0.053657104222784184
time,disk,0.5075,1000,4,53468,0.05306326225295515
time,disk,0.5075,1000,5,53469,0.04691334682018034
time,disk,0.5075,1000,6,53470,0.055226750875840634
time,disk,0.5075,1000,7,53471,0.04571014316135363
time,disk,0.5075,1000,8,53472,0.06066621787601335
time,disk,0.5075,1000,9,53473,0.04384163437926878
time,disk,0.5075,1000,10,53474,0.061230426596140544
time,disk,0.5075,1000,11,53475,0.06305820754152082
time,disk,0.5075,1000,12,53476,0.056074586115356456
time,disk,0.5075,1000,13,53477,0.07017203411259516
time,disk,0.5075,1000,14,53478,0.06253147382067038
time,disk,0.5075,1000,15,53479,0.037047173019089503
time,disk,0.5075,1000,16,53480,0.06042722463656058
time,disk,0.5075,1000,17,53481,0.056680234207341085
time,disk,0.5075,1000,18,53482,0.0649907102705962
time,disk,0.5075,1000,19,53483,0.0705103976668904
time,disk,0.5075,1000,20,53484,0.05927505591202049
time,disk,0.5075,1000,21,53485,0.06125357481085754
time,disk,0.5075,1000,22,53486,0.05488278447475195
time,disk,0.5075,1000,23,53487,0.056600531531937
time,disk,0.5075,1000,24,53488,0.04587632951251893
time,disk,0.5075,1000,25,53489,0.058098819158204515
time,disk,0.5075,1000,26,53490,0.06955685886384741
time,disk,0.5075,1000,27,53491,0.05569910205616927
time,disk,0.5075,1000,28,53492,0.05152510505374202
time,disk,0.5075,1000,29,53493,0.05128807203414911
time,disk,0.5075,1000,30,53494,0.06985864575314372
time,disk,0.5075,1000,31,53495,0.05066930487822415
time,disk,0.5075,1000,32,53496,0.06677670147546416
time,disk,0.5075,1000,33,53497,0.04705899877184724
time,disk,0.5075,1000,34,53498,0.08550406723882117
time,disk,0.5075,1000,35,53499,0.04889401809991415
time,disk,0.5075,1000,36,53500,0.05213108466422833
time,disk,0.5075,1000,37,53501,0.06838852461844414
time,disk,0.5075,1000,38,53502,0.08696222037135105
time,disk,0.5075,1000,39,53503,0.05025311234401521
time,disk,0.5075,1000,40,53504,0.058163774348328284
time,disk,0.5075,1000,41,53505,0.043165082927443955
time,disk,0.5075,1000,42,53506,0.049403533421931066
time,disk,0.5075,1000,43,53507,0.05006900733753871
time,disk,0.5075,1000,44,53508,0.05323349288196339
time,disk,0.5075,1000,45,53509,0.04750643934765042
time,disk,0.5075,1000,46,53510,0.05772685808901248
time,disk,0.5075,1000,47,53511,0.04590934608807866
time,disk,0.5075,1000,48,53512,0.04403617288325526
time,disk,0.5075,1000,49,53513,0.053968081631864756
time,disk,0.631875,1000,0,53894,0.06198349822805713
time,disk,0.631875,1000,1,53895,0.05635589319059484
time,disk,0.631875,1000,2,53896,0.08344362040953228
time,disk,0.631875,1000,3,53897,0.06874133170213466
time,disk,0.631875,1000,4,53898,0.04049232391367004
time,disk,0.631875,1000,5,53899,0.07026659920644862
time,disk,0.631875,1000,6,53900,0.06571915163063978
time,disk,0.631875,1000,7,53901,0.0596276161956666
time,disk,0.631875,1000,8,53902,0.049203199894466774
time,disk,0.631875,1000,9,53903,0.08814417849392286
time,disk,0.631875,1000,10,53904,0.05323657129226219
time,disk,0.631875,1000,11,53905,0.050717042625087395
time,disk,0.631875,1000,12,53906,0.05642675151847591
time,disk,0.631875,1000,13,53907,0.04209991131221347
time,disk,0.631875,1000,14,53908,0.07196650560473218
time,disk,0.631875,1000,15,53909,0.08309496932021129
time,disk,0.631875,1000,16,53910,0.07199495928764604
time,disk,0.631875,1000,17,53911,0.06073251993517691
time,disk,0.631875,1000,18,53912,0.09304860580970013
time,disk,0.631875,1000,19,53913,0.04927136645646795
time,disk,0.631875,1000,20,53914,0.08390816033851048
time,disk,0.631875,1000,21,53915,0.05977101993898428
time,disk,0.631875,1000,22,53916,0.06343741813764141
time,disk,0.631875,1000,23,53917,0.06879213805338653
time,disk,0.631875,1000,24,53918,0.047600905940864004
time,disk,0.631875,1000,25,53919,0.06571715083238824
time,disk,0.631875,1000,26,53920,0.06365674293087747
time,disk,0.631875,1000,27,53921,0.05335060542777575
time,disk,0.631875,1000,28,53922,0.06271638999770317
time,disk,0.631875,1000,29,53923,0.05370439980136261
time,disk,0.631875,1000,30,53924,0.05436975078582248
time,disk,0.631875,1000,31,53925,0.06771509777169077
time,disk,0.631875,1000,32,53926,0.05308860062096599
time,disk,0.631875,1000,33,53927,0.07386002049206923
time,disk,0.631875,1000,34,53928,0.0499522044618917
time,disk,0.631875,1000,35,53929,0.06180964431687115
time,disk,0.631875,1000,36,53930,0.07147942702066659
time,disk,0.631875,1000,37,53931,0.06383039714261514
time,disk,0.631875,1000,38,53932,0.07637668679640056
time,disk,0.631875,1000,39,53933,0.05749466383899883
time,disk,0.631875,1000,40,53934,0.06393371918833157
time,disk,0.631875,1000,41,53935,0.05303663212249844
time,disk,0.631875,1000,42,53936,0.08205510974079452
time,disk,0.631875,1000,43,53937,0.05089193852532238
time,disk,0.631875,1000,44,53938,0.07042231221836545
time,disk,0.631875,1000,45,53939,0.04800243889292007
time,disk,0.631875,1000,46,53940,0.06466473047667647
time,disk,0.631875,1000,47,53941,0.0644634269809495
time,disk,0.631875,1000,48,53942,0.06086133854040472
time,disk,0.631875,1000,49,53943,0.046636641962334115
time,disk,0.75625,1000,0,53710,0.07761947584439705
time,disk,0.75625,1000,1,53711,0.06506451241433314
time,disk,0.75625,1000,2,53712,0.0796925123000192
time,disk,0.75625,1000,3,53713,0.08020776252073504
time,disk,0.75625,1000,4,53714,0.0809842368306083
time,disk,0.75625,1000,5,53715,0.0661191218283496
time,disk,0.75625,1000,6,53716,0.040907577645640104
time,disk,0.75625,1000,7,53717,0.07452350215932842
time,disk,0.75625,1000,8,53718,0.07903514479531218
time,disk,0.75625,1000,9,53719,0.06964636820442525
time,disk,0.75625,1000,10,53720,0.07021914762476997
time,disk,0.75625,1000,11,53721,0.07896393550152542
time,disk,0.75625,1000,12,53722,0.07029835989959038
time,disk,0.75625,1000,13,53723,0.05906634156777993
time,disk,0.75625,1000,14,53724,0.047628476470246026
time,disk,0.75625,1000,15,53725,0.06596014289156234
time,disk,0.75625,1000,16,53726,0.050031222500551954
time,disk,0.75625,1000,17,53727,0.07404880650755939
time,disk,0.75625,1000,18,53728,0.04827653004521258
time,disk,0.75625,1000,19,53729,0.08834042449774318
time,disk,0.75625,1000,20,53730,0.0788157856109341
time,disk,0.75625,1000,21,53731,0.05345496966555473
time,disk,0.75625,1000,22,53732,0.06352008551134872
time,disk,0.75625,1000,23,53733,0.0683609967613852
time,disk,0.75625,1000,24,53734,0.05787220282649354
time,disk,0.75625,1000,25,53735,0.06494842274802078
time,disk,0.75625,1000,26,53736,0.048892235777043505
time,disk,0.75625,1000,27,53737,0.07460820000171267
time,disk,0.75625,1000,28,53738,0.04422411191677331
time,disk,0.75625,1000,29,53739,0.07676033426574187
time,disk,0.75625,1000,30,53740,0.05656489217559302
time,disk,0.75625,1000,31,53741,0.0689054686968709
time,disk,0.75625,1000,32,53742,0.04615437805814548
time,disk,0.75625,1000,33,53743,0.06935115083471528
time,disk,0.75625,1000,34,53744,0.09126313112402078
time,disk,0.75625,1000,35,53745,0.09134681188262836
time,disk,0.75625,1000,36,53746,0.07826098026264688
time,disk,0.75625,1000,37,53747,0.10924317571423112
time,disk,0.75625,1000,38,53748,0.05892697367381302
time,disk,0.75625,1000,39,53749,0.04772805978425348
time,disk,0.75625,1000,40,53750,0.05713259144722646
time,disk,0.75625,1000,41,53751,0.07772276869375612
time,disk,0.75625,1000,42,53752,0.03579490637801581
time,disk,0.75625,1000,43,53753,0.05703291638741276
time,disk,0.75625,1000,44,53754,0.04715904006780014
time,disk,0.75625,1000,45,53755,0.05837021227784958
time,disk,0.75625,1000,46,53756,0.08283030569582407
time,disk,0.75625,1000,47,53757,0.056138708354174456
time,disk,0.75625,1000,48,53758,0.06235016599202709
time,disk,0.75625,1000,49,53759,0.046657362308993804
time,disk,0.880625,1000,0,53842,0.0685410293915999
time,disk,0.880625,1000,1,53843,0.06020160333519086
time,disk,0.880625,1000,2,53844,0.09272694015475133
time,disk,0.880625,1000,3,53845,0.0546463832989994
time,disk,0.880625,1000,4,53846,0.05157163484289964
time,disk,0.880625,1000,5,53847,0.05137594796045229
time,disk,0.880625,1000,6,53848,0.06554791217145776
time,disk,0.880625,1000,7,53849,0.09349252563392657
time,disk,0.880625,1000,8,53850,0.06178604426359871
time,disk,0.880625,1000,9,53851,0.0701385183565787
time,disk,0.880625,1000,10,53852,0.07921919312225593
time,disk,0.880625,1000,11,53853,0.07093647720177394
time,disk,0.880625,1000,12,53854,0.06027897532445083
time,disk,0.880625,1000,13,53855,0.05797949200441627
time,disk,0.880625,1000,14,53856,0.06665373312647747
time,disk,0.880625,1000,15,53857,0.08127512908479653
time,disk,0.880625,1000,16,53858,0.07214150392054998
time,disk,0.880625,1000,17,53859,0.06883381725458726
time,disk,0.880625,1000,18,53860,0.07978210295035476
time,disk,0.880625,1000,19,53861,0.0922203159378375
time,disk,0.880625,1000,20,53862,0.05759189643918877
time,disk,0.880625,1000,21,53863,0.06393757086924791
time,disk,0.880625,1000,22,53864,0.05964291271222525
time,disk,0.880625,1000,23,53865,0.09535728281341321
time,disk,0.880625,1000,24,53866,0.06827772527622836
time,disk,0.880625,1000,25,53867,0.08617452507079856
time,disk,0.880625,1000,26,53868,0.06476823981543062
time,disk,0.880625,1000,27,53869,0.09000713174578787
time,disk,0.880625,1000,28,53870,0.05797230464248269
time,disk,0.880625,1000,29,53871,0.06681748184392237
time,disk,0.880625,1000,30,53872,0.08580015053965749
time,disk,0.880625,1000,31,53873,0.09233405054241872
time,disk,0.880625,1000,32,53874,0.04697071535250639
time,disk,0.880625,1000,33,53875,0.047103378271224516
time,disk,0.880625,1000,34,53876,0.06999127135351244
time,disk,0.880625,1000,35,53877,0.0625511829120484
time,disk,0.880625,1000,36,53878,0.06723993048887815
time,disk,0.880625,1000,37,53879,0.07440326522555465
time,disk,0.880625,1000,38,53880,0.09247081659124051
time,disk,0.880625,1000,39,53881,0.06172314022614447
time,disk,0.880625,1000,40,53882,0.11189471568043051
time,disk,0.880625,1000,41,53883,0.09994816894840691
time,disk,0.880625,1000,42,53884,0.06781094684719374
time,disk,0.880625,1000,43,53885,0.06657357539552701
time,disk,0.880625,1000,44,53886,0.05530697958167248
time,disk,0.880625,1000,45,53887,0.07866787829665284
time,disk,0.880625,1000,46,53888,0.11123769627266844
time,disk,0.880625,1000,47,53889,0.055137203778921486
time,disk,0.880625,1000,48,53890,0.08371714233149867
time,disk,0.880625,1000,49,53891,0.08951849546333475
time,disk,1.005,1000,0,53124,0.10401916593795936
time,disk,1.005,1000,1,53125,0.09229684242143454
time,disk,1.005,1000,2,53126,0.05714102858189465
time,disk,1.005,1000,3,53127,0.0936776961747264
time,disk,1.005,1000,4,53128,0.07662853948646796
time,disk,1.005,1000,5,53129,0.11094121405296159
time,disk,1.005,1000,6,53130,0.057835180323022255
time,disk,1.005,1000,7,53131,0.08335083709655411
time,disk,1.005,1000,8,53132,0.08094379272185186
time,disk,1.005,1000,9,53133,0.08712515860733844
time,disk,1.005,1000,10,53134,0.07895947465274918
time,disk,1.005,1000,11,53135,0.06246420805179559
time,disk,1.005,1000,12,53136,0.07785293833366545
time,disk,1.005,1000,13,53137,0.061085927960763516
time,disk,1.005,1000,14,53138,0.07331515677917681
time,disk,1.005,1000,15,53139,0.08234305790766616
time,disk,1.005,1000,16,53140,0.060331186105271356
time,disk,1.005,1000,17,53141,0.07364913909895274
time,disk,1.005,1000,18,53142,0.061270044314817
time,disk,1.005,1000,19,53143,0.054287779356931604
time,disk,1.005,1000,20,53144,0.07133596867054526
time,disk,1.005,1000,21,53145,0.06817964842012823
time,disk,1.005,1000,22,53146,0.08565836712784808
time,disk,1.005,1000,23,53147,0.07285571668646482
time,disk,1.005,1000,24,53148,0.07698297988859776
time,disk,1.005,1000,25,53149,0.08840315358719117
time,disk,1.005,1000,26,53150,0.0612320317386158
time,disk,1.005,1000,27,53151,0.10688843606577883
time,disk,1.005,1000,28,53152,0.08806989515737107
time,disk,1.005,1000,29,53153,0.0780118820396235
time,disk,1.005,1000,30,53154,0.08226259651542134
time,disk,1.005,1000,31,53155,0.0973663926719543
time,disk,1.005,1000,32,53156,0.11127447227141066
time,disk,1.005,1000,33,53157,0.062337632263884425
time,disk,1.005,1000,34,53158,0.07181757583336396
time,disk,1.005,1000,35,53159,0.053412285608870555
time,disk,1.005,1000,36,53160,0.07271485285500588
time,disk,1.005,1000,37,53161,0.1200405881503061
time,disk,1.005,1000,38,53162,0.07917681011432653
time,disk,1.005,1000,39,53163,0.07683530147838241
time,disk,1.005,1000,40,53164,0.125061642411811
time,disk,1.005,1000,41,53165,0.06421714388756754
time,disk,1.005,1000,42,53166,0.048684604078302385
time,disk,1.005,1000,43,53167,0.13330043358792176
time,disk,1.005,1000,44,53168,0.08426073678518392
time,disk,1.005,1000,45,53169,0.06356696106328996
time,disk,1.005,1000,46,53170,0.10650403729564334
time,disk,1.005,1000,47,53171,0.07381413706327862
time,disk,1.005,1000,48,53172,0.05581956922769366
time,disk,1.005,1000,49,53173,0.09421299968046108
time,disk,1.129375,1000,0,53834,0.09993612312465498
time,disk,1.129375,1000,1,53835,0.08019053810031747
time,disk,1.129375,1000,2,53836,0.10396951579513912
time,disk,1.129375,1000,3,53837,0.0799461706932763
time,disk,1.129375,1000,4,53838,0.09821962605124335
time,disk,1.129375,1000,5,53839,0.08236970888898956
time,disk,1.129375,1000,6,53840,0.06187897367604255
time,disk,1.129375,1000,7,53841,0.08752117055413512
time,disk,1.129375,1000,8,53842,0.07220879950529621
time,disk,1.129375,1000,9,53843,0.0664307509887276
time,disk,1.129375,1000,10,53844,0.11479118363941576
time,disk,1.129375,1000,11,53845,0.06979335189268986
time,disk,1.129375,1000,12,53846,0.06094528908417361
time,disk,1.129375,1000,13,53847,0.060872587303989915
time,disk,1.129375,1000,14,53848,0.08276559543818093
time,disk,1.129375,1000,15,53849,0.10503556759877834
time,disk,1.129375,1000,16,53850,0.07507686399039552
time,disk,1.129375,1000,17,53851,0.08974647065754136
time,disk,1.129375,1000,18,53852,0.09325819933281237
time,disk,1.129375,1000,19,53853,0.08958670164515943
time,disk,1.129375,1000,20,53854,0.06636273312178699
time,disk,1.129375,1000,21,53855,0.06562414351846521
time,disk,1.129375,1000,22,53856,0.08276141083621227
time,disk,1.129375,1000,23,53857,0.10240888842546514
time,disk,1.129375,1000,24,53858,0.09054795605303145
time,disk,1.129375,1000,25,53859,0.07684870609000892
time,disk,1.129375,1000,26,53860,0.09594693181296876
time,disk,1.129375,1000,27,53861,0.11055984977407093
time,disk,1.129375,1000,28,53862,0.0691105638323441
time,disk,1.129375,1000,29,53863,0.08052143362763192
time,disk,1.129375,1000,30,53864,0.07577918166874048
time,disk,1.129375,1000,31,53865,0.10408805950610903
time,disk,1.129375,1000,32,53866,0.08656726513176
time,disk,1.129375,1000,33,53867,0.10730235346317
time,disk,1.129375,1000,34,53868,0.08024449771721985
time,disk,1.129375,1000,35,53869,0.10599516572487412
time,disk,1.129375,1000,36,53870,0.07014575160535351
time,disk,1.129375,1000,37,53871,0.0787976933727695
time,disk,1.129375,1000,38,53872,0.10971277077195665
time,disk,1.129375,1000,39,53873,0.11143811107393892
time,disk,1.129375,1000,40,53874,0.04731817184233883
time,disk,1.129375,1000,41,53875,0.052701388025496836
time,disk,1.129375,1000,42,53876,0.088875407615621
time,disk,1.129375,1000,43,53877,0.07691095137894612
time,disk,1.129375,1000,44,53878,0.083534764225066
time,disk,1.129375,1000,45,53879,0.09287950280908312
time,disk,1.129375,1000,46,53880,0.10409597413908726
time,disk,1.129375,1000,47,53881,0.06190477390319558
time,disk,1.129375,1000,48,53882,0.12657711987835935
time,disk,1.129375,1000,49,53883,0.12673085641970674
time,disk,1.25375,1000,0,53659,0.08799487972094784
time,disk,1.25375,1000,1,53660,0.10091413539571203
time,disk,1.25375,1000,2,53661,0.10385311872024247
time,disk,1.25375,1000,3,53662,0.11139640069231822
time,disk,1.25375,1000,4,53663,0.1014176645654955
time,disk,1.25375,1000,5,53664,0.10872129125888397
time,disk,1.25375,1000,6,53665,0.09656099796759168
time,disk,1.25375,1000,7,53666,0.08089613726486153
time,disk,1.25375,1000,8,53667,0.08549922263223099
time,disk,1.25375,1000,9,53668,0.08270197560145319
time,disk,1.25375,1000,10,53669,0.07601141023814573
time,disk,1.25375,1000,11,53670,0.11768598604677188
time,disk,1.25375,1000,12,53671,0.07267905436208028
time,disk,1.25375,1000,13,53672,0.125943435912253
time,disk,1.25375,1000,14,53673,0.10613563528229833
time,disk,1.25375,1000,15,53674,0.08076490728698633
time,disk,1.25375,1000,16,53675,0.08228101616512995
time,disk,1.25375,1000,17,53676,0.06946726247791643
time,disk,1.25375,1000,18,53677,0.07077404392124913
time,disk,1.25375,1000,19,53678,0.06820185294622275
time,disk,1.25375,1000,20,53679,0.07859721169613361
time,disk,1.25375,1000,21,53680,0.07442307810374586
time,disk,1.25375,1000,22,53681,0.09378962552910401
time,disk,1.25375,1000,23,53682,0.08240111323263741
time,disk,1.25375,1000,24,53683,0.09150492549573498
time,disk,1.25375,1000,25,53684,0.07554480062014914
time,disk,1.25375,1000,26,53685,0.0693596752530025
time,disk,1.25375,1000,27,53686,0.11373895923400872
time,disk,1.25375,1000,28,53687,0.09601185784692498
time,disk,1.25375,1000,29,53688,0.07950922348458131
time,disk,1.25375,1000,30,53689,0.0810890337633168
time,disk,1.25375,1000,31,53690,0.09374607577569045
time,disk,1.25375,1000,32,53691,0.10747611557804844
time,disk,1.25375,1000,33,53692,0.06840503002547633
time,disk,1.25375,1000,34,53693,0.06622866258301119
time,disk,1.25375,1000,35,53694,0.07869822438693332
time,disk,1.25375,1000,36,53695,0.0702396126406452
time,disk,1.25375,1000,37,53696,0.0852247260400253
time,disk,1.25375,1000,38,53697,0.04859761401967573
time,disk,1.25375,1000,39,53698,0.17707326961818212
time,disk,1.25375,1000,40,53699,0.09844726392735467
time,disk,1.25375,1000,41,53700,0.06546971385951228
time,disk,1.25375,1000,42,53701,0.07780645273915358
time,disk,1.25375,1000,43,53702,0.12298453835235207
time,disk,1.25375,1000,44,53703,0.05648958723296024
time,disk,1.25375,1000,45,53704,0.103806342849391
time,disk,1.25375,1000,46,53705,0.08493633052597326
time,disk,1.25375,1000,47,53706,0.0992495850470369
time,disk,1.25375,1000,48,53707,0.1046115465757073
time,disk,1.25375,1000,49,53708,0.08584759020486123
time,disk,1.378125,1000,0,53782,0.08638423952919652
time,disk,1.378125,1000,1,53783,0.07667298933381071
time,disk,1.378125,1000,2,53784,0.11146079910356126
time,disk,1.378125,1000,3,53785,0.07807586267982304
time,disk,1.378125,1000,4,53786,0.1085160645089559
time,disk,1.378125,1000,5,53787,0.07507625833060981
time,disk,1.378125,1000,6,53788,0.09880867212941562
time,disk,1.378125,1000,7,53789,0.1195046768589332
time,disk,1.378125,1000,8,53790,0.09798402165151605
time,disk,1.378125,1000,9,53791,0.09596743075435495
time,disk,1.378125,1000,10,53792,0.12710383886325488
time,disk,1.378125,1000,11,53793,0.10060214079315617
time,disk,1.378125,1000,12,53794,0.1118573413812357
time,disk,1.378125,1000,13,53795,0.08908533908079616
time,disk,1.378125,1000,14,53796,0.06873800092880886
time,disk,1.378125,1000,15,53797,0.09231626455375837
time,disk,1.378125,1000,16,53798,0.14597222609023217
time,disk,1.378125,1000,17,53799,0.08051174101321057
time,disk,1.378125,1000,18,53800,0.17221796342326864
time,disk,1.378125,1000,19,53801,0.08102410128952153
time,disk,1.378125,1000,20,53802,0.08600484570557375
time,disk,1.378125,1000,21,53803,0.08911504725033907
time,disk,1.378125,1000,22,53804,0.08689187446891299
time,disk,1.378125,1000,23,53805,0.1794292696244616
time,disk,1.378125,1000,24,53806,0.10245652853679996
time,disk,1.378125,1000,25,53807,0.09372388936525779
time,disk,1.378125,1000,26,53808,0.1061076872613607
time,disk,1.378125,1000,27,53809,0.0874721670323304
time,disk,1.378125,1000,28,53810,0.15113949483803363
time,disk,1.378125,1000,29,53811,0.0762467762545842
time,disk,1.378125,1000,30,53812,0.08077391309904748
time,disk,1.378125,1000,31,53813,0.11274153556935147
time,disk,1.378125,1000,32,53814,0.10789305153682492
time,disk,1.378125,1000,33,53815,0.13142062395086687
time,disk,1.378125,1000,34,53816,0.06800853446961878
time,disk,1.378125,1000,35,53817,0.12288338656441791
time,disk,1.378125,1000,36,53818,0.07182354617198272
time,disk,1.378125,1000,37,53819,0.09756917762051791
time,disk,1.378125,1000,38,53820,0.12128616584850031
time,disk,1.378125,1000,39,53821,0.12621152265629418
time,disk,1.378125,1000,40,53822,0.09329899608524285
time,disk,1.378125,1000,41,53823,0.08586940166489129
time,disk,1.378125,1000,42,53824,0.09210004783556137
time,disk,1.378125,1000,43,53825,0.10740031940897546
time,disk,1.378125,1000,44,53826,0.1536149844441222
time,disk,1.378125,1000,45,53827,0.08809997721992338
time,disk,1.378125,1000,46,53828,0.11385950492962332
time,disk,1.378125,1000,47,53829,0.15590435688884055
time,disk,1.378125,1000,48,53830,0.12355050766072875
time,disk,1.378125,1000,49,53831,0.11937171328434784
time,disk,1.5025,1000,0,53336,0.0919667261960201
time,disk,1.5025,1000,1,53337,0.1234931193486441
time,disk,1.5025,1000,2,53338,0.18419671605303972
time,disk,1.5025,1000,3,53339,0.13245913568060771
time,disk,1.5025,1000,4,53340,0.08947955799080211
time,disk,1.5025,1000,5,53341,0.1502864713370107
time,disk,1.5025,1000,6,53342,0.12144953905030714
time,disk,1.5025,1000,7,53343,0.06468196229392012
time,disk,1.5025,1000,8,53344,0.14223955293934865
time,disk,1.5025,1000,9,53345,0.0837123707614681
time,disk,1.5025,1000,10,53346,0.0768043606603839
time,disk,1.5025,1000,11,53347,0.10385046615256686
time,disk,1.5025,1000,12,53348,0.07497498227080436
time,disk,1.5025,1000,13,53349,0.13519913694765945
time,disk,1.5025,1000,14,53350,0.13263810960214123
time,disk,1.5025,1000,15,53351,0.11633399386299864
time,disk,1.5025,1000,16,53352,0.15367132211610982
time,disk,1.5025,1000,17,53353,0.14834239459291132
time,disk,1.5025,1000,18,53354,0.17144301631645809
time,disk,1.5025,1000,19,53355,0.12004535078815902
time,disk,1.5025,1000,20,53356,0.12624917928178656
time,disk,1.5025,1000,21,53357,0.11196021907392617
time,disk,1.5025,1000,22,53358,0.10658191661969621
time,disk,1.5025,1000,23,53359,0.12714931346791078
time,disk,1.5025,1000,24,53360,0.07710320770382982
time,disk,1.5025,1000,25,53361,0.10940865201099907
time,disk,1.5025,1000,26,53362,0.1366736074858882
time,disk,1.5025,1000,27,53363,0.11924293283778219
time,disk,1.5025,1000,28,53364,0.07263653795044482
time,disk,1.5025,1000,29,53365,0.10772365711360145
time,disk,1.5025,1000,30,53366,0.20056817808984007
time,disk,1.5025,1000,31,53367,0.13559619677212917
time,disk,1.5025,1000,32,53368,0.08943474318586025
time,disk,1.5025,1000,33,53369,0.122860922396049
time,disk,1.5025,1000,34,53370,0.13943438539933092
time,disk,1.5025,1000,35,53371,0.16891217169041692
time,disk,1.5025,1000,36,53372,0.09893047746083
time,disk,1.5025,1000,37,53373,0.15373100698739858
time,disk,1.5025,1000,38,53374,0.07573099426778326
time,disk,1.5025,1000,39,53375,0.13522711149405453
time,disk,1.5025,1000,40,53376,0.09833260743372525
time,disk,1.5025,1000,41,53377,0.10439783954634407
time,disk,1.5025,1000,42,53378,0.10447910730967663
time,disk,1.5025,1000,43,53379,0.13692653857323006
time,disk,1.5025,1000,44,53380,0.11200165608933851
time,disk,1.5025,1000,45,53381,0.125505661575033
time,disk,1.5025,1000,46,53382,0.12813471779160557
time,disk,1.5025,1000,47,53383,0.08198013482369204
time,disk,1.5025,1000,48,53384,0.11764346305147401
time,disk,1.5025,1000,49,53385,0.14882919310967835
time,disk,1.626875,1000,0,54046,0.1812218996887417
time,disk,1.626875,1000,1,54047,0.130537175699918
time,disk,1.626875,1000,2,54048,0.14081985398830063
time,disk,1.626875,1000,3,54049,0.07734583743193388
time,disk,1.626875,1000,4,54050,0.14576774200407694
time,disk,1.626875,1000,5,54051,0.1111784065858898
time,disk,1.626875,1000,6,54052,0.11029329379361973
time,disk,1.626875,1000,7,54053,0.1913566760145747
time,disk,1.626875,1000,8,54054,0.13210680687301085
time,disk,1.626875,1000,9,54055,0.15700781439791436
time,disk,1.626875,1000,10,54056,0.11912967753545631
time,disk,1.626875,1000,11,54057,0.19932519590867237
time,disk,1.626875,1000,12,54058,0.0929338152269076
time,disk,1.626875,1000,13,54059,0.09605362316853668
time,disk,1.626875,1000,14,54060,0.07613860985522565
time,disk,1.626875,1000,15,54061,0.13213652126846037
time,disk,1.626875,1000,16,54062,0.22191168414317558
time,disk,1.626875,1000,17,54063,0.08730508126710214
time,disk,1.626875,1000,18,54064,0.08680656677288454
time,disk,1.626875,1000,19,54065,0.16413831740856916
time,disk,1.626875,1000,20,54066,0.16454984470630865
time,disk,1.626875,1000,21,54067,0.09013197335883817
time,disk,1.626875,1000,22,54068,0.1865287164125519
time,disk,1.626875,1000,23,54069,0.2032364497926238
time,disk,1.626875,1000,24,54070,0.1305839050988874
time,disk,1.626875,1000,25,54071,0.08689978116677732
time,disk,1.626875,1000,26,54072,0.0751584211782186
time,disk,1.626875,1000,27,54073,0.13936581547983046
time,disk,1.626875,1000,28,54074,0.11559651685345931
time,disk,1.626875,1000,29,54075,0.12478578040242796
time,disk,1.626875,1000,30,54076,0.23042288930419688
time,disk,1.626875,1000,31,54077,0.10413788946457296
time,disk,1.626875,1000,32,54078,0.08639828852556684
time,disk,1.626875,1000,33,54079,0.09792446727698038
time,disk,1.626875,1000,34,54080,0.08223867389922698
time,disk,1.626875,1000,35,54081,0.14328751694993916
time,disk,1.626875,1000,36,54082,0.11186664205624672
time,disk,1.626875,1000,37,54083,0.0524565334290144
time,disk,1.626875,1000,38,54084,0.07224228480562443
time,disk,1.626875,1000,39,54085,0.1483550623549247
time,disk,1.626875,1000,40,54086,0.1454936859449607
time,disk,1.626875,1000,41,54087,0.12281666716689318
time,disk,1.626875,1000,42,54088,0.14990728604627632
time,disk,1.626875,1000,43,54089,0.07544077419679192
time,disk,1.626875,1000,44,54090,0.08943504949725396
time,disk,1.626875,1000,45,54091,0.10638930209716249
time,disk,1.626875,1000,46,54092,0.12954311017641018
time,disk,1.626875,1000,47,54093,0.17273948486701074
time,disk,1.626875,1000,48,54094,0.13925230619870624
time,disk,1.626875,1000,49,54095,0.07356705541464326
time,disk,1.75125,1000,0,53582,0.09887925967226872
time,disk,1.75125,1000,1,53583,0.11631924267519854
time,disk,1.75125,1000,2,53584,0.11823046621133326
time,disk,1.75125,1000,3,53585,0.22754325443601245
time,disk,1.75125,1000,4,53586,0.1419947000319546
time,disk,1.75125,1000,5,53587,0.14318866982956166
time,disk,1.75125,1000,6,53588,0.12764587036456745
time,disk,1.75125,1000,7,53589,0.10252082831908964
time,disk,1.75125,1000,8,53590,0.15131569136454112
time,disk,1.75125,1000,9,53591,0.1313742939297444
time,disk,1.75125,1000,10,53592,0.08875101344992543
time,disk,1.75125,1000,11,53593,0.2252483586602333
time,disk,1.75125,1000,12,53594,0.1439506057813693
time,disk,1.75125,1000,13,53595,0.1661778859102218
time,disk,1.75125,1000,14,53596,0.13087542609499753
time,disk,1.75125,1000,15,53597,0.10845260322574275
time,disk,1.75125,1000,16,53598,0.12349836034417953
time,disk,1.75125,1000,17,53599,0.15965726095094576
time,disk,1.75125,1000,18,53600,0.09452014544870772
time,disk,1.75125,1000,19,53601,0.11212992548261881
time,disk,1.75125,1000,20,53602,0.08130056945034235
time,disk,1.75125,1000,21,53603,0.20074639764860117
time,disk,1.75125,1000,22,53604,0.13630623459905353
time,disk,1.75125,1000,23,53605,0.08930865481880877
time,disk,1.75125,1000,24,53606,0.1995516221370169
time,disk,1.75125,1000,25,53607,0.11546044389306542
time,disk,1.75125,1000,26,53608,0.16855220611491434
time,disk,1.75125,1000,27,53609,0.08865606729315464
time,disk,1.75125,1000,28,53610,0.1266245592091603
time,disk,1.75125,1000,29,53611,0.12565962121256422
time,disk,1.75125,1000,30,53612,0.1827587724537717
time,disk,1.75125,1000,31,53613,0.09036597747693283
time,disk,1.75125,1000,32,53614,0.128735824635188
time,disk,1.75125,1000,33,53615,0.08024428462474109
time,disk,1.75125,1000,34,53616,0.10749390763547764
time,disk,1.75125,1000,35,53617,0.11131234720833937
time,disk,1.75125,1000,36,53618,0.10174122499184506
time,disk,1.75125,1000,37,53619,0.11594314215455723
time,disk,1.75125,1000,38,53620,0.1608170964028161
time,disk,1.75125,1000,39,53621,0.07696719471490174
time,disk,1.75125,1000,40,53622,0.135372338504804
time,disk,1.75125,1000,41,53623,0.10390193977126569
time,disk,1.75125,1000,42,53624,0.1284075425797116
time,disk,1.75125,1000,43,53625,0.16138876502387794
time,disk,1.75125,1000,44,53626,0.21656601475606643
time,disk,1.75125,1000,45,53627,0.13054648758166112
time,disk,1.75125,1000,46,53628,0.17526558470326828
time,disk,1.75125,1000,47,53629,0.0967402212720002
time,disk,1.75125,1000,48,53630,0.2177674255119854
time,disk,1.75125,1000,49,53631,0.1704195882300414
time,disk,1.875625,1000,0,53994,0.08790344537059042
time,disk,1.875625,1000,1,53995,0.16411337401131698
time,disk,1.875625,1000,2,53996,0.10528799509952656
time,disk,1.875625,1000,3,53997,0.15047349071173574
time,disk,1.875625,1000,4,53998,0.17191945767517763
time,disk,1.875625,1000,5,53999,0.12836596787630022
time,disk,1.875625,1000,6,54000,0.2397983012416718
time,disk,1.875625,1000,7,54001,0.24295022051769283
time,disk,1.875625,1000,8,54002,0.13800647270713293
time,disk,1.875625,1000,9,54003,0.1793385910882605
time,disk,1.875625,1000,10,54004,0.11710886818481371
time,disk,1.875625,1000,11,54005,0.08489320557521791
time,disk,1.875625,1000,12,54006,0.18255757724586816
time,disk,1.875625,1000,13,54007,0.11509139572869846
time,disk,1.875625,1000,14,54008,0.11661455773573615
time,disk,1.875625,1000,15,54009,0.12178570102706797
time,disk,1.875625,1000,16,54010,0.215446433525942
time,disk,1.875625,1000,17,54011,0.18389296215162848
time,disk,1.875625,1000,18,54012,0.14079530751969208
time,disk,1.875625,1000,19,54013,0.19464228254147706
time,disk,1.875625,1000,20,54014,0.09536937387495348
time,disk,1.875625,1000,21,54015,0.1673720112853668
time,disk,1.875625,1000,22,54016,0.17067171052398103
time,disk,1.875625,1000,23,54017,0.2316241514404716
time,disk,1.875625,1000,24,54018,0.13245446782747908
time,disk,1.875625,1000,25,54019,0.17041728682361687
time,disk,1.875625,1000,26,54020,0.15956809428466126
time,disk,1.875625,1000,27,54021,0.17247142689643405
time,disk,1.875625,1000,28,54022,0.16567892445795998
time,disk,1.875625,1000,29,54023,0.17703609279476784
time,disk,1.875625,1000,30,54024,0.18250152719652032
time,disk,1.875625,1000,31,54025,0.12210585286854145
time,disk,1.875625,1000,32,54026,0.14953118706124682
time,disk,1.875625,1000,33,54027,0.10396837079046019
time,disk,1.875625,1000,34,54028,0.11228665621550214
time,disk,1.875625,1000,35,54029,0.11413222875217652
time,disk,1.875625,1000,36,54030,0.12155068051617501
time,disk,1.875625,1000,37,54031,0.1326724089061955
time,disk,1.875625,1000,38,54032,0.15498208715570452
time,disk,1.875625,1000,39,54033,0.15395039545242334
time,disk,1.875625,1000,40,54034,0.10858004106085803
time,disk,1.875625,1000,41,54035,0.1675313207201739
time,disk,1.875625,1000,42,54036,0.11548274601752423
time,disk,1.875625,1000,43,54037,0.17045083525356802
time,disk,1.875625,1000,44,54038,0.11060401488493699
time,disk,1.875625,1000,45,54039,0.16640614745237586
time,disk,1.875625,1000,46,54040,0.1016523562052057
time,disk,1.875625,1000,47,54041,0.10308489907644984
time,disk,1.875625,1000,48,54042,0.1781048037477557
time,disk,1.875625,1000,49,54043,0.11768868142124647
time,disk,2.0,1000,0,52996,0.12046079713442448
time,disk,2.0,1000,1,52997,0.1738842432994239
time,disk,2.0,1000,2,52998,0.1689762289078082
time,disk,2.0,1000,3,52999,0.0915829406153615
time,disk,2.0,1000,4,53000,0.1559864273015441
time,disk,2.0,1000,5,53001,0.09704236173123804
time,disk,2.0,1000,6,53002,0.10918304003289833
time,disk,2.0,1000,7,53003,0.16045866731203648
time,disk,2.0,1000,8,53004,0.18019735709167928
time,disk,2.0,1000,9,53005,0.19417019561048884
time,disk,2.0,1000,10,53006,0.1464300869377389
time,disk,2.0,1000,11,53007,0.1320064562953756
time,disk,2.0,1000,12,53008,0.21877888025846282
time,disk,2.0,1000,13,53009,0.16244030928550057
time,disk,2.0,1000,14,53010,0.21197391061572277
time,disk,2.0,1000,15,53011,0.11391178235125293
time,disk,2.0,1000,16,53012,0.16121526032612138
time,disk,2.0,1000,17,53013,0.13063236147780324
time,disk,2.0,1000,18,53014,0.12400776781085356
time,disk,2.0,1000,19,53015,0.1575562883235601
time,disk,2.0,1000,20,53016,0.13710218873161265
time,disk,2.0,1000,21,53017,0.23719237837501758
time,disk,2.0,1000,22,53018,0.16403538326113792
time,disk,2.0,1000,23,53019,0.10566237570005532
time,disk,2.0,1000,24,53020,0.11095691622075306
time,disk,2.0,1000,25,53021,0.1200864931188004
time,disk,2.0,1000,26,53022,0.28484650897373853
time,disk,2.0,1000,27,53023,0.15016791516509906
time,disk,2.0,1000,28,53024,0.14412307114891423
time,disk,2.0,1000,29,53025,0.12350831685918108
time,disk,2.0,1000,30,53026,0.16336104147052685
time,disk,2.0,1000,31,53027,0.13588684292952374
time,disk,2.0,1000,32,53028,0.18579583613519643
time,disk,2.0,1000,33,53029,0.15180963106458342
time,disk,2.0,1000,34,53030,0.11333920964327644
time,disk,2.0,1000,35,53031,0.19838819976378147
time,disk,2.0,1000,36,53032,0.21995140298840016
time,disk,2.0,1000,37,53033,0.12118586714769394
time,disk,2.0,1000,38,53034,0.13845610483229243
time,disk,2.0,1000,39,53035,0.11020340147346266
time,disk,2.0,1000,40,53036,0.24212492099203972
time,disk,2.0,1000,41,53037,0.17554766675840766
time,disk,2.0,1000,42,53038,0.2124972305840226
time,disk,2.0,1000,43,53039,0.1985424847834023
time,disk,2.0,1000,44,53040,0.1730112226122249
time,disk,2.0,1000,45,53041,0.14540605792411376
time,disk,2.0,1000,46,53042,0.12799045509334545
time,disk,2.0,1000,47,53043,0.18528767504402027
time,disk,2.0,1000,48,53044,0.13058938864356415
time,disk,2.0,1000,49,53045,0.1790189781506868
sample,disk,1.0,300,0,63855,0.10290638532108229
sample,disk,1.0,300,1,63856,0.1190806968246097
sample,disk,1.0,300,2,63857,0.09755864968083407
sample,disk,1.0,300,3,63858,0.2993805317681647
sample,disk,1.0,300,4,63859,0.1622830781083453
sample,disk,1.0,300,5,63860,0.15641946328343984
sample,disk,1.0,300,6,63861,0.18241479927723628
sample,disk,1.0,300,7,63862,0.12091844029738717
sample,disk,1.0,300,8,63863,0.13803668066143182
sample,disk,1.0,300,9,63864,0.2838505089895505
sample,disk,1.0,300,10,63865,0.11760911508048587
sample,disk,1.0,300,11,63866,0.14769165381317487
sample,disk,1.0,300,12,63867,0.18395915579455815
sample,disk,1.0,300,13,63868,0.22802075731951765
sample,disk,1.0,300,14,63869,0.1559835066439283
sample,disk,1.0,300,15,63870,0.16968897056322416
sample,disk,1.0,300,16,63871,0.2362308659962692
sample,disk,1.0,300,17,63872,0.1995689773231347
sample,disk,1.0,300,18,63873,0.16003554662000408
sample,disk,1.0,300,19,63874,0.23802885157076178
sample,disk,1.0,300,20,63875,0.13447951802867752
sample,disk,1.0,300,21,63876,0.15830720961981742
sample,disk,1.0,300,22,63877,0.11604786270366081
sample,disk,1.0,300,23,63878,0.15796748064146102
sample,disk,1.0,300,24,63879,0.22270435079012887
sample,disk,1.0,300,25,63880,0.1536267773587183
sample,disk,1.0,300,26,63881,0.15938655041840644
sample,disk,1.0,300,27,63882,0.132188745957091
sample,disk,1.0,300,28,63883,0.20214134917117849
sample,disk,1.0,300,29,63884,0.1566088632371791
sample,disk,1.0,300,30,63885,0.1721211919419386
sample,disk,1.0,300,31,63886,0.2826530417958344
sample,disk,1.0,300,32,63887,0.16516586393946847
sample,disk,1.0,300,33,63888,0.13113949572317077
sample,disk,1.0,300,34,63889,0.2556786986668203
sample,disk,1.0,300,35,63890,0.2835321812165568
sample,disk,1.0,300,36,63891,0.17413793984330292
sample,disk,1.0,300,37,63892,0.07544749006493837
sample,disk,1.0,300,38,63893,0.11781228337141993
sample,disk,1.0,300,39,63894,0.15025578149804675
sample,disk,1.0,300,40,63895,0.12360056529416333
sample,disk,1.0,300,41,63896,0.15423483085317535
sample,disk,1.0,300,42,63897,0.14379625659686554
sample,disk,1.0,300,43,63898,0.08992147709696095
sample,disk,1.0,300,44,63899,0.1846389191261558
sample,disk,1.0,300,45,63900,0.24955166131516757
sample,disk,1.0,300,46,63901,0.1176542939906087
sample,disk,1.0,300,47,63902,0.14145119862648717
sample,disk,1.0,300,48,63903,0.19551573387465848
sample,disk,1.0,300,49,63904,0.17340270239254668
sample,disk,1.0,1000,0,65869,0.0874483914448115
sample,disk,1.0,1000,1,65870,0.09136875123850312
sample,disk,1.0,1000,2,65871,0.0711215552235478
sample,disk,1.0,1000,3,65872,0.06721070381890694
sample,disk,1.0,1000,4,65873,0.062354845907771
sample,disk,1.0,1000,5,65874,0.05946058064965753
sample,disk,1.0,1000,6,65875,0.07212316475880082
sample,disk,1.0,1000,7,65876,0.07855330560243211
sample,disk,1.0,1000,8,65877,0.10646723453148986
sample,disk,1.0,1000,9,65878,0.06898464966466132
sample,disk,1.0,1000,10,65879,0.05723843213983029
sample,disk,1.0,1000,11,65880,0.07449494106027373
sample,disk,1.0,1000,12,65881,0.0698860453949548
sample,disk,1.0,1000,13,65882,0.05477169845268729
sample,disk,1.0,1000,14,65883,0.10363184434004837
sample,disk,1.0,1000,15,65884,0.07347581836172741
sample,disk,1.0,1000,16,65885,0.07266590857259596
sample,disk,1.0,1000,17,65886,0.06468570072812128
sample,disk,1.0,1000,18,65887,0.08364772068534906
sample,disk,1.0,1000,19,65888,0.09095773404900508
sample,disk,1.0,1000,20,65889,0.08480061682382647
sample,disk,1.0,1000,21,65890,0.0765097840732791
sample,disk,1.0,1000,22,65891,0.05875154990364096
sample,disk,1.0,1000,23,65892,0.09944657403597944
sample,disk,1.0,1000,24,65893,0.08369493073411487
sample,disk,1.0,1000,25,65894,0.07545022874336142
sample,disk,1.0,1000,26,65895,0.0702049072628738
sample,disk,1.0,1000,27,65896,0.07151611122902544
sample,disk,1.0,1000,28,65897,0.05722802761154121
sample,disk,1.0,1000,29,65898,0.06952869363195163
sample,disk,1.0,1000,30,65899,0.05980214378512763
sample,disk,1.0,1000,31,65900,0.07041350217352282
sample,disk,1.0,1000,32,65901,0.05645053653055236
sample,disk,1.0,1000,33,65902,0.0727096457436821
sample,disk,1.0,1000,34,65903,0.09532591778641718
sample,disk,1.0,1000,35,65904,0.1201963441577556
sample,disk,1.0,1000,36,65905,0.048561279943985305
sample,disk,1.0,1000,37,65906,0.07303107533056229
sample,disk,1.0,1000,38,65907,0.07951338589152773
sample,disk,1.0,1000,39,65908,0.09284825278422626
sample,disk,1.0,1000,40,65909,0.10231935376980007
sample,disk,1.0,1000,41,65910,0.07579288160760245
sample,disk,1.0,1000,42,65911,0.11461915352619147
sample,disk,1.0,1000,43,65912,0.04979596184092562
sample,disk,1.0,1000,44,65913,0.09661242928882358
sample,disk,1.0,1000,45,65914,0.08861409855293008
sample,disk,1.0,1000,46,65915,0.0884441650372302
sample,disk,1.0,1000,47,65916,0.08349841298510022
sample,disk,1.0,1000,48,65917,0.1425993300562524
sample,disk,1.0,1000,49,65918,0.08547031839968151
sample,disk,1.0,3000,0,65927,0.03546975895716394
sample,disk,1.0,3000,1,65928,0.05043264200926509
sample,disk,1.0,3000,2,65929,0.03948199558543608
sample,disk,1.0,3000,3,65930,0.03831671321268583
sample,disk,1.0,3000,4,65931,0.03724197823815653
sample,disk,1.0,3000,5,65932,0.041998953297434444
sample,disk,1.0,3000,6,65933,0.04429191268344751
sample,disk,1.0,3000,7,65934,0.05101310038297215
sample,disk,1.0,3000,8,65935,0.05263395209598831
sample,disk,1.0,3000,9,65936,0.032423849079657854
sample,disk,1.0,3000,10,65937,0.03371898344827364
sample,disk,1.0,3000,11,65938,0.0483990283267364
sample,disk,1.0,3000,12,65939,0.032666175773263896
sample,disk,1.0,3000,13,65940,0.046718569262805036
sample,disk,1.0,3000,14,65941,0.037016796415687246
sample,disk,1.0,3000,15,65942,0.06457766272545405
sample,disk,1.0,3000,16,65943,0.03688494075699317
sample,disk,1.0,3000,17,65944,0.033992143389608626
sample,disk,1.0,3000,18,65945,0.05533890781413344
sample,disk,1.0,3000,19,65946,0.03222281327724565
sample,disk,1.0,3000,20,65947,0.029335868435913084
sample,disk,1.0,3000,21,65948,0.03731687514835391
sample,disk,1.0,3000,22,65949,0.057895195809150805
sample,disk,1.0,3000,23,65950,0.03173139436139475
sample,disk,1.0,3000,24,65951,0.042961439798734236
sample,disk,1.0,3000,25,65952,0.03378187543335121
sample,disk,1.0,3000,26,65953,0.027442980683460474
sample,disk,1.0,3000,27,65954,0.053578282430418366
sample,disk,1.0,3000,28,65955,0.046280238289896
sample,disk,1.0,3000,29,65956,0.031725679836085305
sample,disk,1.0,3000,30,65957,0.037213504333895885
sample,disk,1.0,3000,31,65958,0.039340484974283274
sample,disk,1.0,3000,32,65959,0.03380983564308828
sample,disk,1.0,3000,33,65960,0.026171114252512163
sample,disk,1.0,3000,34,65961,0.04056931988893168
sample,disk,1.0,3000,35,65962,0.04791965304079478
sample,disk,1.0,3000,36,65963,0.043839181797449445
sample,disk,1.0,3000,37,65964,0.03212722884749888
sample,disk,1.0,3000,38,65965,0.03076673965430794
sample,disk,1.0,3000,39,65966,0.032749706095647535
sample,disk,1.0,3000,40,65967,0.0444333781991067
sample,disk,1.0,3000,41,65968,0.03633298729018808
sample,disk,1.0,3000,42,65969,0.03554518660939238
sample,disk,1.0,3000,43,65970,0.03739950096218179
sample,disk,1.0,3000,44,65971,0.036946260338546894
sample,disk,1.0,3000,45,65972,0.03287308973426706
sample,disk,1.0,3000,46,65973,0.05161034766793811
sample,disk,1.0,3000,47,65974,0.032246107633115334
sample,disk,1.0,3000,48,65975,0.03255832596014102
sample,disk,1.0,3000,49,65976,0.03678842526586133
sample,disk,1.0,10000,0,67989,0.016987011751263156
sample,disk,1.0,10000,1,67990,0.014984147590562448
sample,disk,1.0,10000,2,67991,0.01584610213028245
sample,disk,1.0,10000,3,67992,0.01881538225734318
sample,disk,1.0,10000,4,67993,0.019970738268218484
sample,disk,1.0,10000,5,67994,0.02042212081213816
sample,disk,1.0,10000,6,67995,0.019195628914077743
sample,disk,1.0,10000,7,67996,0.02195473457147432
sample,disk,1.0,10000,8,67997,0.02282649195191092
sample,disk,1.0,10000,9,67998,0.021148814094395642
sample,disk,1.0,10000,10,67999,0.01870762993875971
sample,disk,1.0,10000,11,68000,0.018031490109001447
sample,disk,1.0,10000,12,68001,0.022772191224659958
sample,disk,1.0,10000,13,68002,0.022294662977083813
sample,disk,1.0,10000,14,68003,0.019334495542241172
sample,disk,1.0,10000,15,68004,0.02362189400033086
sample,disk,1.0,10000,16,68005,0.01710468348822178
sample,disk,1.0,10000,17,68006,0.02207929578708952
sample,disk,1.0,10000,18,68007,0.025534721845561215
sample,disk,1.0,10000,19,68008,0.021759140427539667
sample,disk,1.0,10000,20,68009,0.01223732026952072
sample,disk,1.0,10000,21,68010,0.030198954920584047
sample,disk,1.0,10000,22,68011,0.014321302086160443
sample,disk,1.0,10000,23,68012,0.02007967637439634
sample,disk,1.0,10000,24,68013,0.013497899930949376
sample,disk,1.0,10000,25,68014,0.01788575662998449
sample,disk,1.0,10000,26,68015,0.015450714530393424
sample,disk,1.0,10000,27,68016,0.02227598507010625
sample,disk,1.0,10000,28,68017,0.015228465901792375
sample,disk,1.0,10000,29,68018,0.029362144218494382
sample,disk,1.0,10000,30,68019,0.016031416371463367
sample,disk,1.0,10000,31,68020,0.025416310875711747
sample,disk,1.0,10000,32,68021,0.017030327902605998
sample,disk,1.0,10000,33,68022,0.01676512490872674
sample,disk,1.0,10000,34,68023,0.017509908807672368
sample,disk,1.0,10000,35,68024,0.02132871445249792
sample,disk,1.0,10000,36,68025,0.017007922983589347
sample,disk,1.0,10000,37,68026,0.017571088888801857
sample,disk,1.0,10000,38,68027,0.02548399588962605
sample,disk,1.0,10000,39,68028,0.027295262385656514
sample,disk,1.0,10000,40,68029,0.01762090215184446
sample,disk,1.0,10000,41,68030,0.016927824924567913
sample,disk,1.0,10000,42,68031,0.019278808844358175
sample,disk,1.0,10000,43,68032,0.02322333334998267
sample,disk,1.0,10000,44,68033,0.0278764769168002
sample,disk,1.0,10000,45,68034,0.01942864434844808
sample,disk,1.0,10000,46,68035,0.0193321812758234
sample,disk,1.0,10000,47,68036,0.02527934281201414
sample,disk,1.0,10000,48,68037,0.0160164669578518
sample,disk,1.0,10000,49,68038,0.019642628017377733
sample,disk,1.0,30000,0,68047,0.013429390066274065
sample,disk,1.0,30000,1,68048,0.011657824784948133
sample,disk,1.0,30000,2,68049,0.008428666489038929
sample,disk,1.0,30000,3,68050,0.011225559274268326
sample,disk,1.0,30000,4,68051,0.009700309810723692
sample,disk,1.0,30000,5,68052,0.011006794354342313
sample,disk,1.0,30000,6,68053,0.009447423216379914
sample,disk,1.0,30000,7,68054,0.008679249092098208
sample,disk,1.0,30000,8,68055,0.01009938655416818
sample,disk,1.0,30000,9,68056,0.012236310993936348
sample,disk,1.0,30000,10,68057,0.008263851816460643
sample,disk,1.0,30000,11,68058,0.01040269874711486
sample,disk,1.0,30000,12,68059,0.012434540458389872
sample,disk,1.0,30000,13,68060,0.00805657601903441
sample,disk,1.0,30000,14,68061,0.01052576639667556
sample,disk,1.0,30000,15,68062,0.009445651586462666
sample,disk,1.0,30000,16,68063,0.01150065649917834
sample,disk,1.0,30000,17,68064,0.010655878618811664
sample,disk,1.0,30000,18,68065,0.00957969134244506
sample,disk,1.0,30000,19,68066,0.009286581546322009
sample,disk,1.0,30000,20,68067,0.013188493400371867
sample,disk,1.0,30000,21,68068,0.009135664507232391
sample,disk,1.0,30000,22,68069,0.009598824234673438
sample,disk,1.0,30000,23,68070,0.013545871471172168
sample,disk,1.0,30000,24,68071,0.009759204310162979
sample,disk,1.0,30000,25,68072,0.009527655010389371
sample,disk,1.0,30000,26,68073,0.01187124102169936
sample,disk,1.0,30000,27,68074,0.01289121334367679
sample,disk,1.0,30000,28,68075,0.011299480471428818
sample,disk,1.0,30000,29,68076,0.012431861443500385
sample,disk,1.0,30000,30,68077,0.009148475935886984
sample,disk,1.0,30000,31,68078,0.010905845047157433
sample,disk,1.0,30000,32,68079,0.009189225288910521
sample,disk,1.0,30000,33,68080,0.010679692111936036
sample,disk,1.0,30000,34,68081,0.013681643713968248
sample,disk,1.0,30000,35,68082,0.010177831042462506
sample,disk,1.0,30000,36,68083,0.01149643987619281
sample,disk,1.0,30000,37,68084,0.008715286198427876
sample,disk,1.0,30000,38,68085,0.010422741453258114
sample,disk,1.0,30000,39,68086,0.012051564052445594
sample,disk,1.0,30000,40,68087,0.014083628975064535
sample,disk,1.0,30000,41,68088,0.00896917046080793
sample,disk,1.0,30000,42,68089,0.008629809105182884
sample,disk,1.0,30000,43,68090,0.00941609301508943
sample,disk,1.0,30000,44,68091,0.011372921559325028
sample,disk,1.0,30000,45,68092,0.010111064330172906
sample,disk,1.0,30000,46,68093,0.009143153128160449
sample,disk,1.0,30000,47,68094,0.009652470966472043
sample,disk,1.0,30000,48,68095,0.009009247414905022
sample,disk,1.0,30000,49,68096,0.009711923415355574
sample,disk,1.0,100000,0,70157,0.0069910256148371375
sample,disk,1.0,100000,1,70158,0.005598907548663685
sample,disk,1.0,100000,2,70159,0.005659039360611622
sample,disk,1.0,100000,3,70160,0.005912509978239611
sample,disk,1.0,100000,4,70161,0.006514177369164122
sample,disk,1.0,100000,5,70162,0.005829925875032358
sample,disk,1.0,100000,6,70163,0.005460661533122979
sample,disk,1.0,100000,7,70164,0.005322976424967137
sample,disk,1.0,100000,8,70165,0.005928909567236554
sample,disk,1.0,100000,9,70166,0.00576845572685423
sample,disk,1.0,100000,10,70167,0.005521351013719801
sample,disk,1.0,100000,11,70168,0.006493795150281968
sample,disk,1.0,100000,12,70169,0.0061551809511261
sample,disk,1.0,100000,13,70170,0.0055553684913577425
sample,disk,1.0,100000,14,70171,0.007541093845698137
sample,disk,1.0,100000,15,70172,0.006087205695827029
sample,disk,1.0,100000,16,70173,0.0061499795073000334
sample,disk,1.0,100000,17,70174,0.006954084767812098
sample,disk,1.0,100000,18,70175,0.005604480862001302
sample,disk,1.0,100000,19,70176,0.00786565779944752
sample,disk,1.0,100000,20,70177,0.0057283629105823256
sample,disk,1.0,100000,21,70178,0.005383365893453915
sample,disk,1.0,100000,22,70179,0.006029817565591039
sample,disk,1.0,100000,23,70180,0.007037595492881709
sample,disk,1.0,100000,24,70181,0.005108715215508994
sample,disk,1.0,100000,25,70182,0.0056028453870381354
sample,disk,1.0,100000,26,70183,0.005911698706319576
sample,disk,1.0,100000,27,70184,0.005868796588990228
sample,disk,1.0,100000,28,70185,0.006292019285942953
sample,disk,1.0,100000,29,70186,0.006287124417323797
sample,disk,1.0,100000,30,70187,0.005369527035470343
sample,disk,1.0,100000,31,70188,0.005694227213835373
sample,disk,1.0,100000,32,70189,0.006052868770183156
sample,disk,1.0,100000,33,70190,0.005776380243113662
sample,disk,1.0,100000,34,70191,0.006309823957670865
sample,disk,1.0,100000,35,70192,0.005756478115665253
sample,disk,1.0,100000,36,70193,0.005945163941056528
sample,disk,1.0,100000,37,70194,0.005414025860574439
sample,disk,1.0,100000,38,70195,0.006474716800222619
sample,disk,1.0,100000,39,70196,0.006470421693974094
sample,disk,1.0,100000,40,70197,0.005537481573340428
sample,disk,1.0,100000,41,70198,0.005747702006030447
sample,disk,1.0,100000,42,70199,0.006808741509058916
sample,disk,1.0,100000,43,70200,0.006094943404787588
sample,disk,1.0,100000,44,70201,0.006541170621203528
sample,disk,1.0,100000,45,70202,0.005680069455641833
sample,disk,1.0,100000,46,70203,0.006229598990669149
sample,disk,1.0,100000,47,70204,0.007480445689201644
sample,disk,1.0,100000,48,70205,0.005878818535565428
sample,disk,1.0,100000,49,70206,0.005548792639894557
sample,disk,1.0,300000,0,70215,0.004369940855328366
sample,disk,1.0,300000,1,70216,0.004436186981483232
sample,disk,1.0,300000,2,70217,0.004946603482139875
sample,disk,1.0,300000,3,70218,0.005086132634242103
sample,disk,1.0,300000,4,70219,0.004705487021921511
sample,disk,1.0,300000,5,70220,0.004420793118720935
sample,disk,1.0,300000,6,70221,0.00454732014265381
sample,disk,1.0,300000,7,70222,0.004514946752036752
sample,disk,1.0,300000,8,70223,0.0046289157366864835
sample,disk,1.0,300000,9,70224,0.0045280334492648075
sample,disk,1.0,300000,10,70225,0.004469106701913178
sample,disk,1.0,300000,11,70226,0.005078106287418579
sample,disk,1.0,300000,12,70227,0.004514060991979156
sample,disk,1.0,300000,13,70228,0.004419465931441148
sample,disk,1.0,300000,14,70229,0.004513913271307963
sample,disk,1.0,300000,15,70230,0.00489137092280388
sample,disk,1.0,300000,16,70231,0.004931370511663457
sample,disk,1.0,300000,17,70232,0.004591226851531472
sample,disk,1.0,300000,18,70233,0.004613096384721952
sample,disk,1.0,300000,19,70234,0.004705524914181424
sample,disk,1.0,300000,20,70235,0.004342688302959562
sample,disk,1.0,300000,21,70236,0.004294755133191137
sample,disk,1.0,300000,22,70237,0.004791746719866344
sample,disk,1.0,300000,23,70238,0.004633303891033923
sample,disk,1.0,300000,24,70239,0.004785986535274428
sample,disk,1.0,300000,25,70240,0.004349479657960062
sample,disk,1.0,300000,26,70241,0.004276334509678017
sample,disk,1.0,300000,27,70242,0.004563195715644485
sample,disk,1.0,300000,28,70243,0.004725881426299238
sample,disk,1.0,300000,29,70244,0.004546430913926808
sample,disk,1.0,300000,30,70245,0.004504825460744612
sample,disk,1.0,300000,31,70246,0.004420707391293345
sample,disk,1.0,300000,32,70247,0.005005038888955939
sample,disk,1.0,300000,33,70248,0.004351594995795478
sample,disk,1.0,300000,34,70249,0.004825210634702638
sample,disk,1.0,300000,35,70250,0.004434418508767193
sample,disk,1.0,300000,36,70251,0.004280401717760512
sample,disk,1.0,300000,37,70252,0.004380466309612504
sample,disk,1.0,300000,38,70253,0.004954400387953942
sample,disk,1.0,300000,39,70254,0.0047770663458644716
sample,disk,1.0,300000,40,70255,0.0048137765272442444
sample,disk,1.0,300000,41,70256,0.00433904672022135
sample,disk,1.0,300000,42,70257,0.004286786592355858
sample,disk,1.0,300000,43,70258,0.004731152818168115
sample,disk,1.0,300000,44,70259,0.004889258176168441
sample,disk,1.0,300000,45,70260,0.004406212484985019
sample,disk,1.0,300000,46,70261,0.004377759767724702
sample,disk,1.0,300000,47,70262,0.00453519848240269
sample,disk,1.0,300000,48,70263,0.004618109766514392
sample,disk,1.0,300000,49,70264,0.004773534457049164
time,opened,0.01,1000,0,59436,0.051597149977883
time,opened,0.01,1000,1,59437,0.030110194816695877
time,opened,0.01,1000,2,59438,0.06416130969577499
time,opened,0.01,1000,3,59439,0.03828374967656012
time,opened,0.01,1000,4,59440,0.06794402134986356
time,opened,0.01,1000,5,59441,0.04518729295918099
time,opened,0.01,1000,6,59442,0.054540100591208604
time,opened,0.01,1000,7,59443,0.06002370550452662
time,opened,0.01,1000,8,59444,0.046824554229064064
time,opened,0.01,1000,9,59445,0.06021046685989328
time,opened,0.01,1000,10,59446,0.04405611649474784
time,opened,0.01,1000,11,59447,0.04385455384652308
time,opened,0.01,1000,12,59448,0.04630726275933863
time,opened,0.01,1000,13,59449,0.05208949249176644
time,opened,0.01,1000,14,59450,0.04820246392927328
time,opened,0.01,1000,15,59451,0.05400050631484322
time,opened,0.01,1000,16,59452,0.02851268425715006
time,opened,0.01,1000,17,59453,0.04082556005336949
time,opened,0.01,1000,18,59454,0.06848929781875288
time,opened,0.01,1000,19,59455,0.05860503767734247
time,opened,0.01,1000,20,59456,0.056410537452798434
time,opened,0.01,1000,21,59457,0.05189297249613387
time,opened,0.01,1000,22,59458,0.05163380496573376
time,opened,0.01,1000,23,59459,0.055561899722218935
time,opened,0.01,1000,24,59460,0.0484669666884879
time,opened,0.01,1000,25,59461,0.051560294226929225
time,opened,0.01,1000,26,59462,0.05267884968118925
time,opened,0.01,1000,27,59463,0.05240100016324668
time,opened,0.01,1000,28,59464,0.053372071305522614
time,opened,0.01,1000,29,59465,0.040704026840680675
time,opened,0.01,1000,30,59466,0.03527321828455508
time,opened,0.01,1000,31,59467,0.056923265882254326
time,opened,0.01,1000,32,59468,0.030689948819576564
time,opened,0.01,1000,33,59469,0.05601460023729246
time,opened,0.01,1000,34,59470,0.05668338779911205
time,opened,0.01,1000,35,59471,0.06195071683918669
time,opened,0.01,1000,36,59472,0.062270448782558815
time,opened,0.01,1000,37,59473,0.04454850070148684
time,opened,0.01,1000,38,59474,0.06134387618102566
time,opened,0.01,1000,39,59475,0.06168155548012717
time,opened,0.01,1000,40,59476,0.06057381325305574
time,opened,0.01,1000,41,59477,0.04324756354469472
time,opened,0.01,1000,42,59478,0.04355414463727818
time,opened,0.01,1000,43,59479,0.07056708418452683
time,opened,0.01,1000,44,59480,0.07042587665559474
time,opened,0.01,1000,45,59481,0.04339121096411678
time,opened,0.01,1000,46,59482,0.0705757191065615
time,opened,0.01,1000,47,59483,0.049799181745326396
time,opened,0.01,1000,48,59484,0.0587027703108596
time,opened,0.01,1000,49,59485,0.03744677864123315
time,opened,0.134375,1000,0,60190,0.04504463964372791
time,opened,0.134375,1000,1,60191,0.057432338860617244
time,opened,0.134375,1000,2,60192,0.07673151004048778
time,opened,0.134375,1000,3,60193,0.04617109539107309
time,opened,0.134375,1000,4,60194,0.0435481158453114
time,opened,0.134375,1000,5,60195,0.04307389341544803
time,opened,0.134375,1000,6,60196,0.04335272635321079
time,opened,0.134375,1000,7,60197,0.045608464684596284
time,opened,0.134375,1000,8,60198,0.04606698989146607
time,opened,0.134375,1000,9,60199,0.05363137817318605
time,opened,0.134375,1000,10,60200,0.037189890426453674
time,opened,0.134375,1000,11,60201,0.037801454798093714
time,opened,0.134375,1000,12,60202,0.057042703437456356
time,opened,0.134375,1000,13,60203,0.0523485182638227
time,opened,0.134375,1000,14,60204,0.06165165606106302
time,opened,0.134375,1000,15,60205,0.06139902947070058
time,opened,0.134375,1000,16,60206,0.05080133164592986
time,opened,0.134375,1000,17,60207,0.0566113430369917
time,opened,0.134375,1000,18,60208,0.06101321855318147
time,opened,0.134375,1000,19,60209,0.05149215344234713
time,opened,0.134375,1000,20,60210,0.04312402275276764
time,opened,0.134375,1000,21,60211,0.04937273745757044
time,opened,0.134375,1000,22,60212,0.055748147734771034
time,opened,0.134375,1000,23,60213,0.05532872025816379
time,opened,0.134375,1000,24,60214,0.03447406137785131
time,opened,0.134375,1000,25,60215,0.04631407963976463
time,opened,0.134375,1000,26,60216,0.05695036205982574
time,opened,0.134375,1000,27,60217,0.040242831997909366
time,opened,0.134375,1000,28,60218,0.05156976586111375
time,opened,0.134375,1000,29,60219,0.05631698084517281
time,opened,0.134375,1000,30,60220,0.04276945905457129
time,opened,0.134375,1000,31,60221,0.05930041376573558
time,opened,0.134375,1000,32,60222,0.04375325418878409
time,opened,0.134375,1000,33,60223,0.08964238117882203
time,opened,0.134375,1000,34,60224,0.07108257495962982
time,opened,0.134375,1000,35,60225,0.06315471248017843
time,opened,0.134375,1000,36,60226,0.05011942385195065
time,opened,0.134375,1000,37,60227,0.05432718960569655
time,opened,0.134375,1000,38,60228,0.05532780397836147
time,opened,0.134375,1000,39,60229,0.05456131924647369
time,opened,0.134375,1000,40,60230,0.048812079429210065
time,opened,0.134375,1000,41,60231,0.052178666216481574
time,opened,0.134375,1000,42,60232,0.054511258650923614
time,opened,0.134375,1000,43,60233,0.04742507719304885
time,opened,0.134375,1000,44,60234,0.058393188271439835
time,opened,0.134375,1000,45,60235,0.042944508806810985
time,opened,0.134375,1000,46,60236,0.056672990625173454
time,opened,0.134375,1000,47,60237,0.052237723838682325
time,opened,0.134375,1000,48,60238,0.06949590050900527
time,opened,0.134375,1000,49,60239,0.04687163173295957
time,opened,0.25875,1000,0,60303,0.06344474961736118
time,opened,0.25875,1000,1,60304,0.06772678149421381
time,opened,0.25875,1000,2,60305,0.05197354202707667
time,opened,0.25875,1000,3,60306,0.0413114398731357
time,opened,0.25875,1000,4,60307,0.09749855769050877
time,opened,0.25875,1000,5,60308,0.05755061615044378
time,opened,0.25875,1000,6,60309,0.0563981914281043
time,opened,0.25875,1000,7,60310,0.07916341762932108
time,opened,0.25875,1000,8,60311,0.05081318611758728
time,opened,0.25875,1000,9,60312,0.074299943168402
time,opened,0.25875,1000,10,60313,0.0704004810343308
time,opened,0.25875,1000,11,60314,0.05839424127171227
time,opened,0.25875,1000,12,60315,0.06925397785600773
time,opened,0.25875,1000,13,60316,0.06840633295534332
time,opened,0.25875,1000,14,60317,0.05224840140046866
time,opened,0.25875,1000,15,60318,0.061919613251247244
time,opened,0.25875,1000,16,60319,0.0665834993676475
time,opened,0.25875,1000,17,60320,0.05353343075019187
time,opened,0.25875,1000,18,60321,0.06260941315751913
time,opened,0.25875,1000,19,60322,0.05252731049809692
time,opened,0.25875,1000,20,60323,0.08550200098025151
time,opened,0.25875,1000,21,60324,0.0894540462957158
time,opened,0.25875,1000,22,60325,0.08943438971717417
time,opened,0.25875,1000,23,60326,0.08161841498821683
time,opened,0.25875,1000,24,60327,0.0499530194582437
time,opened,0.25875,1000,25,60328,0.08058245664080917
time,opened,0.25875,1000,26,60329,0.06345065668001063
time,opened,0.25875,1000,27,60330,0.049269278914833875
time,opened,0.25875,1000,28,60331,0.06499158966325488
time,opened,0.25875,1000,29,60332,0.06437284581693796
time,opened,0.25875,1000,30,60333,0.0471444370557163
time,opened,0.25875,1000,31,60334,0.06489775606163978
time,opened,0.25875,1000,32,60335,0.04613619762019455
time,opened,0.25875,1000,33,60336,0.04759326957741827
time,opened,0.25875,1000,34,60337,0.05875010832104355
time,opened,0.25875,1000,35,60338,0.06329249373436117
time,opened,0.25875,1000,36,60339,0.06591066112981984
time,opened,0.25875,1000,37,60340,0.06654627595162468
time,opened,0.25875,1000,38,60341,0.08042326965695677
time,opened,0.25875,1000,39,60342,0.05807580006120487
time,opened,0.25875,1000,40,60343,0.06293356539331449
time,opened,0.25875,1000,41,60344,0.05432639195750334
time,opened,0.25875,1000,42,60345,0.03846236584734946
time,opened,0.25875,1000,43,60346,0.05984048463625474
time,opened,0.25875,1000,44,60347,0.09248195457658451
time,opened,0.25875,1000,45,60348,0.047345148310230026
time,opened,0.25875,1000,46,60349,0.048939254030352264
time,opened,0.25875,1000,47,60350,0.03880966692809833
time,opened,0.25875,1000,48,60351,0.059437278747762896
time,opened,0.25875,1000,49,60352,0.047613772432797484
time,opened,0.383125,1000,0,60136,0.06973875032375527
time,opened,0.383125,1000,1,60137,0.060357999448697894
time,opened,0.383125,1000,2,60138,0.05780390637329466
time,opened,0.383125,1000,3,60139,0.06394841775195707
time,opened,0.383125,1000,4,60140,0.049865464929415154
time,opened,0.383125,1000,5,60141,0.08135387492369198
time,opened,0.383125,1000,6,60142,0.04308037009078063
time,opened,0.383125,1000,7,60143,0.0575020840252986
time,opened,0.383125,1000,8,60144,0.059128640059843404
time,opened,0.383125,1000,9,60145,0.0663097472315683
time,opened,0.383125,1000,10,60146,0.058071875747067514
time,opened,0.383125,1000,11,60147,0.06199255674568704
time,opened,0.383125,1000,12,60148,0.040992374203294005
time,opened,0.383125,1000,13,60149,0.060472101438255356
time,opened,0.383125,1000,14,60150,0.07254998460584214
time,opened,0.383125,1000,15,60151,0.07767368335194932
time,opened,0.383125,1000,16,60152,0.07019663416588949
time,opened,0.383125,1000,17,60153,0.0491289618552262
time,opened,0.383125,1000,18,60154,0.04484034357211077
time,opened,0.383125,1000,19,60155,0.055013691168018616
time,opened,0.383125,1000,20,60156,0.04979903594081365
time,opened,0.383125,1000,21,60157,0.07625200086794331
time,opened,0.383125,1000,22,60158,0.04416508316315658
time,opened,0.383125,1000,23,60159,0.06256869864617699
time,opened,0.383125,1000,24,60160,0.053797109369904304
time,opened,0.383125,1000,25,60161,0.050905191632980795
time,opened,0.383125,1000,26,60162,0.07197089091466616
time,opened,0.383125,1000,27,60163,0.05672190579384821
time,opened,0.383125,1000,28,60164,0.047654009550900954
time,opened,0.383125,1000,29,60165,0.04786949737319006
time,opened,0.383125,1000,30,60166,0.0732325698369675
time,opened,0.383125,1000,31,60167,0.05522482943272535
time,opened,0.383125,1000,32,60168,0.05429358678739609
time,opened,0.383125,1000,33,60169,0.0611730665757914
time,opened,0.383125,1000,34,60170,0.09382181875809795
time,opened,0.383125,1000,35,60171,0.049669232623969765
time,opened,0.383125,1000,36,60172,0.08992991562282227
time,opened,0.383125,1000,37,60173,0.055856266192473567
time,opened,0.383125,1000,38,60174,0.05183085593473373
time,opened,0.383125,1000,39,60175,0.07219897789810581
time,opened,0.383125,1000,40,60176,0.05756995978242611
time,opened,0.383125,1000,41,60177,0.06645676748363565
time,opened,0.383125,1000,42,60178,0.04728237537699548
time,opened,0.383125,1000,43,60179,0.059555221368233685
time,opened,0.383125,1000,44,60180,0.06626126305040202
time,opened,0.383125,1000,45,60181,0.09424451729522454
time,opened,0.383125,1000,46,60182,0.10080577942685548
time,opened,0.383125,1000,47,60183,0.052058437356981666
time,opened,0.383125,1000,48,60184,0.06434095740450867
time,opened,0.383125,1000,49,60185,0.04386542337464171
time,opened,0.5075,1000,0,59960,0.05151138479475116
time,opened,0.5075,1000,1,59961,0.048988905910842394
time,opened,0.5075,1000,2,59962,0.06892886356044393
time,opened,0.5075,1000,3,59963,0.08792110684114088
time,opened,0.5075,1000,4,59964,0.061466792303451014
time,opened,0.5075,1000,5,59965,0.05412751975102974
time,opened,0.5075,1000,6,59966,0.044738210894040856
time,opened,0.5075,1000,7,59967,0.0613331490464276
time,opened,0.5075,1000,8,59968,0.06317259329987687
time,opened,0.5075,1000,9,59969,0.05014049878256005
time,opened,0.5075,1000,10,59970,0.07045618760430661
time,opened,0.5075,1000,11,59971,0.051379118326272726
time,opened,0.5075,1000,12,59972,0.08789564848150931
time,opened,0.5075,1000,13,59973,0.07967449164808496
time,opened,0.5075,1000,14,59974,0.08403303947160097
time,opened,0.5075,1000,15,59975,0.08247191402993857
time,opened,0.5075,1000,16,59976,0.04972485381417987
time,opened,0.5075,1000,17,59977,0.0984367097439934
time,opened,0.5075,1000,18,59978,0.06249590797294135
time,opened,0.5075,1000,19,59979,0.06851151743230274
time,opened,0.5075,1000,20,59980,0.06046157386500384
time,opened,0.5075,1000,21,59981,0.06136451886107685
time,opened,0.5075,1000,22,59982,0.10862780542642221
time,opened,0.5075,1000,23,59983,0.07327612096101926
time,opened,0.5075,1000,24,59984,0.05951454001472123
time,opened,0.5075,1000,25,59985,0.05213156794060183
time,opened,0.5075,1000,26,59986,0.05433305400363878
time,opened,0.5075,1000,27,59987,0.06670648052150344
time,opened,0.5075,1000,28,59988,0.0637357626115132
time,opened,0.5075,1000,29,59989,0.06457695275089875
time,opened,0.5075,1000,30,59990,0.060036726427472965
time,opened,0.5075,1000,31,59991,0.06316106379545416
time,opened,0.5075,1000,32,59992,0.08579453340401547
time,opened,0.5075,1000,33,59993,0.0762554591333157
time,opened,0.5075,1000,34,59994,0.09192627516770609
time,opened,0.5075,1000,35,59995,0.09332973016125874
time,opened,0.5075,1000,36,59996,0.05396524174346976
time,opened,0.5075,1000,37,59997,0.06873000241749866
time,opened,0.5075,1000,38,59998,0.05420995616320461
time,opened,0.5075,1000,39,59999,0.07012726171587798
time,opened,0.5075,1000,40,60000,0.06198081299677787
time,opened,0.5075,1000,41,60001,0.08252655520257049
time,opened,0.5075,1000,42,60002,0.0629299192101279
time,opened,0.5075,1000,43,60003,0.09467259812406113
time,opened,0.5075,1000,44,60004,0.0747190439179374
time,opened,0.5075,1000,45,60005,0.0815189640304974
time,opened,0.5075,1000,46,60006,0.06125404204282124
time,opened,0.5075,1000,47,60007,0.07084765096602777
time,opened,0.5075,1000,48,60008,0.056653096944578756
time,opened,0.5075,1000,49,60009,0.04757052790049747
time,opened,0.631875,1000,0,60416,0.06146489806780062
time,opened,0.631875,1000,1,60417,0.08350626636382678
time,opened,0.631875,1000,2,60418,0.07160130478793267
time,opened,0.631875,1000,3,60419,0.0752602729786902
time,opened,0.631875,1000,4,60420,0.06955496840577448
time,opened,0.631875,1000,5,60421,0.10047749167153128
time,opened,0.631875,1000,6,60422,0.06320994802011391
time,opened,0.631875,1000,7,60423,0.05428448682169338
time,opened,0.631875,1000,8,60424,0.06288753703811864
time,opened,0.631875,1000,9,60425,0.06797790486422059
time,opened,0.631875,1000,10,60426,0.06453285013287079
time,opened,0.631875,1000,11,60427,0.1047386213703874
time,opened,0.631875,1000,12,60428,0.06754649120580614
time,opened,0.631875,1000,13,60429,0.0878473116715467
time,opened,0.631875,1000,14,60430,0.044413287865403286
time,opened,0.631875,1000,15,60431,0.09203680097711091
time,opened,0.631875,1000,16,60432,0.06478342240483888
time,opened,0.631875,1000,17,60433,0.0928956405439961
time,opened,0.631875,1000,18,60434,0.11335434755878697
time,opened,0.631875,1000,19,60435,0.05953834109289277
time,opened,0.631875,1000,20,60436,0.048140013353565325
time,opened,0.631875,1000,21,60437,0.07415175938291307
time,opened,0.631875,1000,22,60438,0.12109708162076042
time,opened,0.631875,1000,23,60439,0.08874104338056604
time,opened,0.631875,1000,24,60440,0.06899584284141172
time,opened,0.631875,1000,25,60441,0.05571177449371424
time,opened,0.631875,1000,26,60442,0.11062687267724362
time,opened,0.631875,1000,27,60443,0.11772906228642811
time,opened,0.631875,1000,28,60444,0.07464218083518137
time,opened,0.631875,1000,29,60445,0.08266200138021064
time,opened,0.631875,1000,30,60446,0.08514381806699255
time,opened,0.631875,1000,31,60447,0.06391915585705334
time,opened,0.631875,1000,32,60448,0.05975728363752227
time,opened,0.631875,1000,33,60449,0.11143508719035025
time,opened,0.631875,1000,34,60450,0.08276640232717075
time,opened,0.631875,1000,35,60451,0.07081659641542244
time,opened,0.631875,1000,36,60452,0.0698890740419758
time,opened,0.631875,1000,37,60453,0.08965456286109826
time,opened,0.631875,1000,38,60454,0.06568936372381148
time,opened,0.631875,1000,39,60455,0.042840226337093036
time,opened,0.631875,1000,40,60456,0.04754467059429424
time,opened,0.631875,1000,41,60457,0.06111045562018345
time,opened,0.631875,1000,42,60458,0.06369119250974503
time,opened,0.631875,1000,43,60459,0.05276167753257032
time,opened,0.631875,1000,44,60460,0.048916141035791
time,opened,0.631875,1000,45,60461,0.07525009971230938
time,opened,0.631875,1000,46,60462,0.07562336490551794
time,opened,0.631875,1000,47,60463,0.05394916111201064
time,opened,0.631875,1000,48,60464,0.07791327266572617
time,opened,0.631875,1000,49,60465,0.06080364478219136
time,opened,0.75625,1000,0,60222,0.06447259854589178
time,opened,0.75625,1000,1,60223,0.09868425589939099
time,opened,0.75625,1000,2,60224,0.08552075259942758
time,opened,0.75625,1000,3,60225,0.07581175401902701
time,opened,0.75625,1000,4,60226,0.08972811591046242
time,opened,0.75625,1000,5,60227,0.07039564594452002
time,opened,0.75625,1000,6,60228,0.06991178645415025
time,opened,0.75625,1000,7,60229,0.05671768841021484
time,opened,0.75625,1000,8,60230,0.04954982359414235
time,opened,0.75625,1000,9,60231,0.07873128851926413
time,opened,0.75625,1000,10,60232,0.06946995611621348
time,opened,0.75625,1000,11,60233,0.07983369819971636
time,opened,0.75625,1000,12,60234,0.06635357530945186
time,opened,0.75625,1000,13,60235,0.047709947924381824
time,opened,0.75625,1000,14,60236,0.08610004304114557
time,opened,0.75625,1000,15,60237,0.08080204353229616
time,opened,0.75625,1000,16,60238,0.10708688085699139
time,opened,0.75625,1000,17,60239,0.08663063694552817
time,opened,0.75625,1000,18,60240,0.12373598463644443
time,opened,0.75625,1000,19,60241,0.06006241044757433
time,opened,0.75625,1000,20,60242,0.09343477608805198
time,opened,0.75625,1000,21,60243,0.07046406738685768
time,opened,0.75625,1000,22,60244,0.14021266614605093
time,opened,0.75625,1000,23,60245,0.07639653825728959
time,opened,0.75625,1000,24,60246,0.04387030622516939
time,opened,0.75625,1000,25,60247,0.06522617042162164
time,opened,0.75625,1000,26,60248,0.11480738696008631
time,opened,0.75625,1000,27,60249,0.0899438678033743
time,opened,0.75625,1000,28,60250,0.06647496204912262
time,opened,0.75625,1000,29,60251,0.08487834044911267
time,opened,0.75625,1000,30,60252,0.071606934307365
time,opened,0.75625,1000,31,60253,0.09145250003517613
time,opened,0.75625,1000,32,60254,0.06419839118534193
time,opened,0.75625,1000,33,60255,0.06573567230789698
time,opened,0.75625,1000,34,60256,0.06010041673604071
time,opened,0.75625,1000,35,60257,0.05895716013050285
time,opened,0.75625,1000,36,60258,0.07257697057671184
time,opened,0.75625,1000,37,60259,0.10196855492480668
time,opened,0.75625,1000,38,60260,0.05039122468305267
time,opened,0.75625,1000,39,60261,0.0823282170257852
time,opened,0.75625,1000,40,60262,0.04167738022805248
time,opened,0.75625,1000,41,60263,0.06939222868681237
time,opened,0.75625,1000,42,60264,0.06640283831055145
time,opened,0.75625,1000,43,60265,0.0717800445709657
time,opened,0.75625,1000,44,60266,0.09210637019187183
time,opened,0.75625,1000,45,60267,0.0950973890653883
time,opened,0.75625,1000,46,60268,0.06240278339202429
time,opened,0.75625,1000,47,60269,0.07003319420566709
time,opened,0.75625,1000,48,60270,0.09679924718813153
time,opened,0.75625,1000,49,60271,0.08236322156951545
time,opened,0.880625,1000,0,60362,0.05032223892137619
time,opened,0.880625,1000,1,60363,0.12796801302703245
time,opened,0.880625,1000,2,60364,0.12085928333205653
time,opened,0.880625,1000,3,60365,0.05817644923319345
time,opened,0.880625,1000,4,60366,0.11565432488134815
time,opened,0.880625,1000,5,60367,0.05194879598201399
time,opened,0.880625,1000,6,60368,0.06623508861566675
time,opened,0.880625,1000,7,60369,0.10575286797465303
time,opened,0.880625,1000,8,60370,0.15001481288491877
time,opened,0.880625,1000,9,60371,0.11482082933415085
time,opened,0.880625,1000,10,60372,0.08591169838173555
time,opened,0.880625,1000,11,60373,0.0622082772004976
time,opened,0.880625,1000,12,60374,0.06896872523399177
time,opened,0.880625,1000,13,60375,0.11053285938201374
time,opened,0.880625,1000,14,60376,0.09109069495103181
time,opened,0.880625,1000,15,60377,0.12748500191191492
time,opened,0.880625,1000,16,60378,0.07609488583061515
time,opened,0.880625,1000,17,60379,0.07941835678569482
time,opened,0.880625,1000,18,60380,0.04302172181910095
time,opened,0.880625,1000,19,60381,0.11126472281858465
time,opened,0.880625,1000,20,60382,0.06109797426192177
time,opened,0.880625,1000,21,60383,0.07846328857676771
time,opened,0.880625,1000,22,60384,0.10027146581504735
time,opened,0.880625,1000,23,60385,0.053735904907191455
time,opened,0.880625,1000,24,60386,0.102670033836157
time,opened,0.880625,1000,25,60387,0.10872641281519416
time,opened,0.880625,1000,26,60388,0.13042173298258508
time,opened,0.880625,1000,27,60389,0.09814780541962156
time,opened,0.880625,1000,28,60390,0.10489577865741423
time,opened,0.880625,1000,29,60391,0.08266047280396124
time,opened,0.880625,1000,30,60392,0.10541780699890788
time,opened,0.880625,1000,31,60393,0.08312751953107585
time,opened,0.880625,1000,32,60394,0.06938859433507497
time,opened,0.880625,1000,33,60395,0.13921969022735675
time,opened,0.880625,1000,34,60396,0.0971923981114926
time,opened,0.880625,1000,35,60397,0.11108889136039506
time,opened,0.880625,1000,36,60398,0.07649494147635871
time,opened,0.880625,1000,37,60399,0.09483474425460776
time,opened,0.880625,1000,38,60400,0.058316962869482215
time,opened,0.880625,1000,39,60401,0.09930223649864148
time,opened,0.880625,1000,40,60402,0.07605245215599547
time,opened,0.880625,1000,41,60403,0.156290545971883
time,opened,0.880625,1000,42,60404,0.11212257251919554
time,opened,0.880625,1000,43,60405,0.0880464995762979
time,opened,0.880625,1000,44,60406,0.1102118252232365
time,opened,0.880625,1000,45,60407,0.06791021515899971
time,opened,0.880625,1000,46,60408,0.1228291672070105
time,opened,0.880625,1000,47,60409,0.08708863563366764
time,opened,0.880625,1000,48,60410,0.08540693950294878
time,opened,0.880625,1000,49,60411,0.06666335076792113
time,opened,1.005,1000,0,59598,0.0967954724519551
time,opened,1.005,1000,1,59599,0.08408877027014522
time,opened,1.005,1000,2,59600,0.08547344561854132
time,opened,1.005,1000,3,59601,0.10132768245096768
time,opened,1.005,1000,4,59602,0.05989983081797839
time,opened,1.005,1000,5,59603,0.07879195249072525
time,opened,1.005,1000,6,59604,0.0710278504545198
time,opened,1.005,1000,7,59605,0.08280865911822152
time,opened,1.005,1000,8,59606,0.08129696550322726
time,opened,1.005,1000,9,59607,0.07034000269803627
time,opened,1.005,1000,10,59608,0.09147462060861418
time,opened,1.005,1000,11,59609,0.06088772371720488
time,opened,1.005,1000,12,59610,0.04933943812983839
time,opened,1.005,1000,13,59611,0.09870306925092318
time,opened,1.005,1000,14,59612,0.12217440389844596
time,opened,1.005,1000,15,59613,0.1140979875546219
time,opened,1.005,1000,16,59614,0.06268633938144376
time,opened,1.005,1000,17,59615,0.08404759027815342
time,opened,1.005,1000,18,59616,0.168405750163446
time,opened,1.005,1000,19,59617,0.13201523619669717
time,opened,1.005,1000,20,59618,0.06068493816060522
time,opened,1.005,1000,21,59619,0.17889133696551093
time,opened,1.005,1000,22,59620,0.1744053381102459
time,opened,1.005,1000,23,59621,0.08478703949995513
time,opened,1.005,1000,24,59622,0.11309678668245886
time,opened,1.005,1000,25,59623,0.09988686734539089
time,opened,1.005,1000,26,59624,0.12999346401744136
time,opened,1.005,1000,27,59625,0.10159261101815134
time,opened,1.005,1000,28,59626,0.06767187309274579
time,opened,1.005,1000,29,59627,0.06590458004339209
time,opened,1.005,1000,30,59628,0.18162812518977559
time,opened,1.005,1000,31,59629,0.08335951245594726
time,opened,1.005,1000,32,59630,0.08158048590666178
time,opened,1.005,1000,33,59631,0.06565132878865293
time,opened,1.005,1000,34,59632,0.11989429839372268
time,opened,1.005,1000,35,59633,0.059187947155073826
time,opened,1.005,1000,36,59634,0.09700966431324842
time,opened,1.005,1000,37,59635,0.07163546417629228
time,opened,1.005,1000,38,59636,0.1404464251059137
time,opened,1.005,1000,39,59637,0.11190783779570594
time,opened,1.005,1000,40,59638,0.06541271379843534
time,opened,1.005,1000,41,59639,0.16374840816396463
time,opened,1.005,1000,42,59640,0.07435059962352664
time,opened,1.005,1000,43,59641,0.06594148300903237
time,opened,1.005,1000,44,59642,0.07394696963977024
time,opened,1.005,1000,45,59643,0.13788778082524777
time,opened,1.005,1000,46,59644,0.12855477248259034
time,opened,1.005,1000,47,59645,0.09118537669593417
time,opened,1.005,1000,48,59646,0.15013556252027976
time,opened,1.005,1000,49,59647,0.07991339475790021
time,opened,1.129375,1000,0,60352,0.07704993541259525
time,opened,1.129375,1000,1,60353,0.13732608361959714
time,opened,1.129375,1000,2,60354,0.11673996221945583
time,opened,1.129375,1000,3,60355,0.12595858625683137
time,opened,1.129375,1000,4,60356,0.08477660672547242
time,opened,1.129375,1000,5,60357,0.057230238292748384
time,opened,1.129375,1000,6,60358,0.06129481135670464
time,opened,1.129375,1000,7,60359,0.11866072803515769
time,opened,1.129375,1000,8,60360,0.15345852080700942
time,opened,1.129375,1000,9,60361,0.16412760262715165
time,opened,1.129375,1000,10,60362,0.05514537871801936
time,opened,1.129375,1000,11,60363,0.16297200458963618
time,opened,1.129375,1000,12,60364,0.1507924819876696
time,opened,1.129375,1000,13,60365,0.06673178580318688
time,opened,1.129375,1000,14,60366,0.1376070507734065
time,opened,1.129375,1000,15,60367,0.06322609789241287
time,opened,1.129375,1000,16,60368,0.0773490165648725
time,opened,1.129375,1000,17,60369,0.12959407253787056
time,opened,1.129375,1000,18,60370,0.18820274564452952
time,opened,1.129375,1000,19,60371,0.12205855236251971
time,opened,1.129375,1000,20,60372,0.09977689876448607
time,opened,1.129375,1000,21,60373,0.06593100446798764
time,opened,1.129375,1000,22,60374,0.07453685501571422
time,opened,1.129375,1000,23,60375,0.12544244307291424
time,opened,1.129375,1000,24,60376,0.10564842554327425
time,opened,1.129375,1000,25,60377,0.15095627044226012
time,opened,1.129375,1000,26,60378,0.08735676195404826
time,opened,1.129375,1000,27,60379,0.08457902414018259
time,opened,1.129375,1000,28,60380,0.0488743477873075
time,opened,1.129375,1000,29,60381,0.1416821630318679
time,opened,1.129375,1000,30,60382,0.06973857515249389
time,opened,1.129375,1000,31,60383,0.09876842231039745
time,opened,1.129375,1000,32,60384,0.12533472740658178
time,opened,1.129375,1000,33,60385,0.06528668747527021
time,opened,1.129375,1000,34,60386,0.12574364600944207
time,opened,1.129375,1000,35,60387,0.13645796117438275
time,opened,1.129375,1000,36,60388,0.14153886688124293
time,opened,1.129375,1000,37,60389,0.12118738027122519
time,opened,1.129375,1000,38,60390,0.12157189765544063
time,opened,1.129375,1000,39,60391,0.08272033492547662
time,opened,1.129375,1000,40,60392,0.13021486289258558
time,opened,1.129375,1000,41,60393,0.09367794338445401
time,opened,1.129375,1000,42,60394,0.08286781905069081
time,opened,1.129375,1000,43,60395,0.17517441783554727
time,opened,1.129375,1000,44,60396,0.10036505249049472
time,opened,1.129375,1000,45,60397,0.13429995782851145
time,opened,1.129375,1000,46,60398,0.08249659924459107
time,opened,1.129375,1000,47,60399,0.1104848697333488
time,opened,1.129375,1000,48,60400,0.06002273156773296
time,opened,1.129375,1000,49,60401,0.1022031096324914
time,opened,1.25375,1000,0,60167,0.08320408209766833
time,opened,1.25375,1000,1,60168,0.09351156726018343
time,opened,1.25375,1000,2,60169,0.07112914786215886
time,opened,1.25375,1000,3,60170,0.11879212543578933
time,opened,1.25375,1000,4,60171,0.05706193844123395
time,opened,1.25375,1000,5,60172,0.2035233412226536
time,opened,1.25375,1000,6,60173,0.07549797233381916
time,opened,1.25375,1000,7,60174,0.0908401263744756
time,opened,1.25375,1000,8,60175,0.17176167087134556
time,opened,1.25375,1000,9,60176,0.10528923582548211
time,opened,1.25375,1000,10,60177,0.11124526902539622
time,opened,1.25375,1000,11,60178,0.09486118830956926
time,opened,1.25375,1000,12,60179,0.1323336730028481
time,opened,1.25375,1000,13,60180,0.1476794978357145
time,opened,1.25375,1000,14,60181,0.21210391267234313
time,opened,1.25375,1000,15,60182,0.23948615983265173
time,opened,1.25375,1000,16,60183,0.122077151240905
time,opened,1.25375,1000,17,60184,0.12504016063586884
time,opened,1.25375,1000,18,60185,0.08917137640072846
time,opened,1.25375,1000,19,60186,0.11527854742331688
time,opened,1.25375,1000,20,60187,0.26863585787251615
time,opened,1.25375,1000,21,60188,0.07256716923652168
time,opened,1.25375,1000,22,60189,0.12860411452376386
time,opened,1.25375,1000,23,60190,0.08566286231725807
time,opened,1.25375,1000,24,60191,0.07965342580154128
time,opened,1.25375,1000,25,60192,0.12922386326003749
time,opened,1.25375,1000,26,60193,0.13529417165685012
time,opened,1.25375,1000,27,60194,0.10671266978094743
time,opened,1.25375,1000,28,60195,0.06980777603771558
time,opened,1.25375,1000,29,60196,0.10238056826585921
time,opened,1.25375,1000,30,60197,0.10183914927987933
time,opened,1.25375,1000,31,60198,0.07273891340940133
time,opened,1.25375,1000,32,60199,0.08302568681162503
time,opened,1.25375,1000,33,60200,0.05489681911966114
time,opened,1.25375,1000,34,60201,0.09422681456447919
time,opened,1.25375,1000,35,60202,0.1267530028570021
time,opened,1.25375,1000,36,60203,0.1304890770605871
time,opened,1.25375,1000,37,60204,0.13610986545816586
time,opened,1.25375,1000,38,60205,0.09861959934207905
time,opened,1.25375,1000,39,60206,0.06394144071436306
time,opened,1.25375,1000,40,60207,0.11743749702057857
time,opened,1.25375,1000,41,60208,0.1697172143294536
time,opened,1.25375,1000,42,60209,0.0995251545434757
time,opened,1.25375,1000,43,60210,0.10001883865990398
time,opened,1.25375,1000,44,60211,0.10361740290645634
time,opened,1.25375,1000,45,60212,0.12417800556852462
time,opened,1.25375,1000,46,60213,0.10512592792790423
time,opened,1.25375,1000,47,60214,0.06282117070545552
time,opened,1.25375,1000,48,60215,0.10967270497317742
time,opened,1.25375,1000,49,60216,0.15228990169560142
time,opened,1.378125,1000,0,60298,0.0998810976987766
time,opened,1.378125,1000,1,60299,0.13219224929995335
time,opened,1.378125,1000,2,60300,0.20590637572717507
time,opened,1.378125,1000,3,60301,0.13401533588640455
time,opened,1.378125,1000,4,60302,0.1406488364657195
time,opened,1.378125,1000,5,60303,0.16652629750677403
time,opened,1.378125,1000,6,60304,0.1285777131814925
time,opened,1.378125,1000,7,60305,0.12516513377937177
time,opened,1.378125,1000,8,60306,0.09913716732825248
time,opened,1.378125,1000,9,60307,0.1308579408929048
time,opened,1.378125,1000,10,60308,0.1297318888949533
time,opened,1.378125,1000,11,60309,0.131758194053375
time,opened,1.378125,1000,12,60310,0.22761618383752047
time,opened,1.378125,1000,13,60311,0.15528472574418994
time,opened,1.378125,1000,14,60312,0.14227493336826535
time,opened,1.378125,1000,15,60313,0.15649525275795376
time,opened,1.378125,1000,16,60314,0.1751918355236897
time,opened,1.378125,1000,17,60315,0.11200309393686511
time,opened,1.378125,1000,18,60316,0.18755140599596393
time,opened,1.378125,1000,19,60317,0.14262530410881147
time,opened,1.378125,1000,20,60318,0.14773300790179206
time,opened,1.378125,1000,21,60319,0.1119135822974471
time,opened,1.378125,1000,22,60320,0.11619640891954704
time,opened,1.378125,1000,23,60321,0.12000068815366244
time,opened,1.378125,1000,24,60322,0.08823780142452704
time,opened,1.378125,1000,25,60323,0.23335437759214656
time,opened,1.378125,1000,26,60324,0.16873602823370487
time,opened,1.378125,1000,27,60325,0.17580697489823432
time,opened,1.378125,1000,28,60326,0.21595844254875604
time,opened,1.378125,1000,29,60327,0.11302563612400768
time,opened,1.378125,1000,30,60328,0.15282016901992562
time,opened,1.378125,1000,31,60329,0.18548835823606477
time,opened,1.378125,1000,32,60330,0.14865683402319557
time,opened,1.378125,1000,33,60331,0.11816947416789013
time,opened,1.378125,1000,34,60332,0.12572057323772262
time,opened,1.378125,1000,35,60333,0.09759506377982403
time,opened,1.378125,1000,36,60334,0.14666035244105238
time,opened,1.378125,1000,37,60335,0.09492967773197662
time,opened,1.378125,1000,38,60336,0.10423050355754919
time,opened,1.378125,1000,39,60337,0.12696137862773452
time,opened,1.378125,1000,40,60338,0.13851959446590908
time,opened,1.378125,1000,41,60339,0.07786150322177261
time,opened,1.378125,1000,42,60340,0.2035617261025519
time,opened,1.378125,1000,43,60341,0.20141139941320862
time,opened,1.378125,1000,44,60342,0.13466449830119953
time,opened,1.378125,1000,45,60343,0.11894599355376122
time,opened,1.378125,1000,46,60344,0.09454484049701062
time,opened,1.378125,1000,47,60345,0.07498000251673395
time,opened,1.378125,1000,48,60346,0.15796437444896722
time,opened,1.378125,1000,49,60347,0.1892216942000219
time,opened,1.5025,1000,0,59824,0.1548987832522038
time,opened,1.5025,1000,1,59825,0.12679006625793648
time,opened,1.5025,1000,2,59826,0.23190024580855673
time,opened,1.5025,1000,3,59827,0.19003987697589836
time,opened,1.5025,1000,4,59828,0.08173888965175809
time,opened,1.5025,1000,5,59829,0.14912817347633817
time,opened,1.5025,1000,6,59830,0.2165929220390874
time,opened,1.5025,1000,7,59831,0.1245766045053898
time,opened,1.5025,1000,8,59832,0.050269345829331784
time,opened,1.5025,1000,9,59833,0.10097974209033381
time,opened,1.5025,1000,10,59834,0.0871322693064263
time,opened,1.5025,1000,11,59835,0.1257336067916506
time,opened,1.5025,1000,12,59836,0.17873573758744402
time,opened,1.5025,1000,13,59837,0.08968251068652379
time,opened,1.5025,1000,14,59838,0.14705334856049415
time,opened,1.5025,1000,15,59839,0.2105754860049605
time,opened,1.5025,1000,16,59840,0.09764782855879055
time,opened,1.5025,1000,17,59841,0.090635234843684
time,opened,1.5025,1000,18,59842,0.1651599699215133
time,opened,1.5025,1000,19,59843,0.12521891506063737
time,opened,1.5025,1000,20,59844,0.10801460221276815
time,opened,1.5025,1000,21,59845,0.09446702432302553
time,opened,1.5025,1000,22,59846,0.10479475210614995
time,opened,1.5025,1000,23,59847,0.09164058814725727
time,opened,1.5025,1000,24,59848,0.10937009280572473
time,opened,1.5025,1000,25,59849,0.10183533026669062
time,opened,1.5025,1000,26,59850,0.16000080351870902
time,opened,1.5025,1000,27,59851,0.21418004372772442
time,opened,1.5025,1000,28,59852,0.12586940238784386
time,opened,1.5025,1000,29,59853,0.18743631597400506
time,opened,1.5025,1000,30,59854,0.2314996543878297
time,opened,1.5025,1000,31,59855,0.17582183681161567
time,opened,1.5025,1000,32,59856,0.20178261487433174
time,opened,1.5025,1000,33,59857,0.1223414411612734
time,opened,1.5025,1000,34,59858,0.11807583985482185
time,opened,1.5025,1000,35,59859,0.15399580287978998
time,opened,1.5025,1000,36,59860,0.2879313031699477
time,opened,1.5025,1000,37,59861,0.10114525091842005
time,opened,1.5025,1000,38,59862,0.07874516791702296
time,opened,1.5025,1000,39,59863,0.15419448639243738
time,opened,1.5025,1000,40,59864,0.17639913946378338
time,opened,1.5025,1000,41,59865,0.08650098995263848
time,opened,1.5025,1000,42,59866,0.07674427332966746
time,opened,1.5025,1000,43,59867,0.14477447572464544
time,opened,1.5025,1000,44,59868,0.18555489148862842
time,opened,1.5025,1000,45,59869,0.08714730589598096
time,opened,1.5025,1000,46,59870,0.20354846023656403
time,opened,1.5025,1000,47,59871,0.2337000231804666
time,opened,1.5025,1000,48,59872,0.15550397970222163
time,opened,1.5025,1000,49,59873,0.15637092244213244
time,opened,1.626875,1000,0,60578,0.09890286681597268
time,opened,1.626875,1000,1,60579,0.14200382365247127
time,opened,1.626875,1000,2,60580,0.13835154208640668
time,opened,1.626875,1000,3,60581,0.12650122824534393
time,opened,1.626875,1000,4,60582,0.11028723082596005
time,opened,1.626875,1000,5,60583,0.08361519550901558
time,opened,1.626875,1000,6,60584,0.2614917506070981
time,opened,1.626875,1000,7,60585,0.15347132164075647
time,opened,1.626875,1000,8,60586,0.08302848522298709
time,opened,1.626875,1000,9,60587,0.199090593852159
time,opened,1.626875,1000,10,60588,0.1059946687539645
time,opened,1.626875,1000,11,60589,0.09990320591735205
time,opened,1.626875,1000,12,60590,0.19073076879233586
time,opened,1.626875,1000,13,60591,0.1775490318318603
time,opened,1.626875,1000,14,60592,0.11681387009977949
time,opened,1.626875,1000,15,60593,0.21065991899849335
time,opened,1.626875,1000,16,60594,0.09936820644497484
time,opened,1.626875,1000,17,60595,0.24656159191281504
time,opened,1.626875,1000,18,60596,0.19232154165145515
time,opened,1.626875,1000,19,60597,0.16676414708549805
time,opened,1.626875,1000,20,60598,0.14726308155249004
time,opened,1.626875,1000,21,60599,0.14639051338107553
time,opened,1.626875,1000,22,60600,0.10970130761124663
time,opened,1.626875,1000,23,60601,0.18591568842920733
time,opened,1.626875,1000,24,60602,0.12591876577293057
time,opened,1.626875,1000,25,60603,0.19601535913147938
time,opened,1.626875,1000,26,60604,0.08998986903511397
time,opened,1.626875,1000,27,60605,0.09393360522295895
time,opened,1.626875,1000,28,60606,0.31325562618114766
time,opened,1.626875,1000,29,60607,0.23415925264432538
time,opened,1.626875,1000,30,60608,0.14151326337961379
time,opened,1.626875,1000,31,60609,0.10942319833158858
time,opened,1.626875,1000,32,60610,0.21809554298138678
time,opened,1.626875,1000,33,60611,0.11875283115372415
time,opened,1.626875,1000,34,60612,0.14543119313319042
time,opened,1.626875,1000,35,60613,0.20811133170608184
time,opened,1.626875,1000,36,60614,0.10938786779967884
time,opened,1.626875,1000,37,60615,0.10261320807520646
time,opened,1.626875,1000,38,60616,0.12004100828703587
time,opened,1.626875,1000,39,60617,0.13519978292588228
time,opened,1.626875,1000,40,60618,0.1644286205064015
time,opened,1.626875,1000,41,60619,0.09821148679644645
time,opened,1.626875,1000,42,60620,0.15068078383135422
time,opened,1.626875,1000,43,60621,0.1374217536483844
time,opened,1.626875,1000,44,60622,0.2812604705308633
time,opened,1.626875,1000,45,60623,0.08787020634545888
time,opened,1.626875,1000,46,60624,0.25421802715033726
time,opened,1.626875,1000,47,60625,0.12656373890179773
time,opened,1.626875,1000,48,60626,0.16660297923045617
time,opened,1.626875,1000,49,60627,0.25540094255371715
time,opened,1.75125,1000,0,60086,0.13358096449201615
time,opened,1.75125,1000,1,60087,0.2830658043158108
time,opened,1.75125,1000,2,60088,0.22817900067951996
time,opened,1.75125,1000,3,60089,0.13943265648111938
time,opened,1.75125,1000,4,60090,0.13705063057216493
time,opened,1.75125,1000,5,60091,0.1544324501890891
time,opened,1.75125,1000,6,60092,0.17454430875425084
time,opened,1.75125,1000,7,60093,0.14682100300395456
time,opened,1.75125,1000,8,60094,0.0975772920804676
time,opened,1.75125,1000,9,60095,0.13152847599640938
time,opened,1.75125,1000,10,60096,0.2663504457442244
time,opened,1.75125,1000,11,60097,0.11476224634791107
time,opened,1.75125,1000,12,60098,0.40708147761069713
time,opened,1.75125,1000,13,60099,0.08385642860869588
time,opened,1.75125,1000,14,60100,0.147144898057442
time,opened,1.75125,1000,15,60101,0.09157421099376349
time,opened,1.75125,1000,16,60102,0.12443724303205701
time,opened,1.75125,1000,17,60103,0.14631076919149627
time,opened,1.75125,1000,18,60104,0.09452576865555255
time,opened,1.75125,1000,19,60105,0.07075976847492634
time,opened,1.75125,1000,20,60106,0.18251179376537655
time,opened,1.75125,1000,21,60107,0.1513473706976765
time,opened,1.75125,1000,22,60108,0.2860904463336825
time,opened,1.75125,1000,23,60109,0.15820648116706978
time,opened,1.75125,1000,24,60110,0.14918146290377485
time,opened,1.75125,1000,25,60111,0.11712253708510807
time,opened,1.75125,1000,26,60112,0.11027704097071273
time,opened,1.75125,1000,27,60113,0.15062783356086357
time,opened,1.75125,1000,28,60114,0.14721805926461856
time,opened,1.75125,1000,29,60115,0.18379116480898702
time,opened,1.75125,1000,30,60116,0.2956482516394532
time,opened,1.75125,1000,31,60117,0.12311034100677126
time,opened,1.75125,1000,32,60118,0.15570735068707142
time,opened,1.75125,1000,33,60119,0.2938785906519793
time,opened,1.75125,1000,34,60120,0.12774376900106865
time,opened,1.75125,1000,35,60121,0.247269965015069
time,opened,1.75125,1000,36,60122,0.18344570187608092
time,opened,1.75125,1000,37,60123,0.2690049492804299
time,opened,1.75125,1000,38,60124,0.171915025790099
time,opened,1.75125,1000,39,60125,0.27321649149707655
time,opened,1.75125,1000,40,60126,0.19399348577228795
time,opened,1.75125,1000,41,60127,0.1449460578135843
time,opened,1.75125,1000,42,60128,0.12601808205354106
time,opened,1.75125,1000,43,60129,0.13184885251167103
time,opened,1.75125,1000,44,60130,0.17561435521014845
time,opened,1.75125,1000,45,60131,0.18378871081047082
time,opened,1.75125,1000,46,60132,0.243149991567373
time,opened,1.75125,1000,47,60133,0.12517094130994433
time,opened,1.75125,1000,48,60134,0.19921537056011573
time,opened,1.75125,1000,49,60135,0.1759995384058218
time,opened,1.875625,1000,0,60524,0.11617688277319961
time,opened,1.875625,1000,1,60525,0.13611890091707282
time,opened,1.875625,1000,2,60526,0.1598611665621526
time,opened,1.875625,1000,3,60527,0.29175341001042715
time,opened,1.875625,1000,4,60528,0.1405391590551157
time,opened,1.875625,1000,5,60529,0.2556066911217105
time,opened,1.875625,1000,6,60530,0.0917935767374415
time,opened,1.875625,1000,7,60531,0.12172701621383336
time,opened,1.875625,1000,8,60532,0.12670772518671447
time,opened,1.875625,1000,9,60533,0.3165858260424943
time,opened,1.875625,1000,10,60534,0.24187104279153113
time,opened,1.875625,1000,11,60535,0.12228590490967564
time,opened,1.875625,1000,12,60536,0.13329869345393267
time,opened,1.875625,1000,13,60537,0.10345837547451914
time,opened,1.875625,1000,14,60538,0.10292089295399157
time,opened,1.875625,1000,15,60539,0.13733086769497824
time,opened,1.875625,1000,16,60540,0.09669461552322116
time,opened,1.875625,1000,17,60541,0.11404955365413294
time,opened,1.875625,1000,18,60542,0.2325476393193671
time,opened,1.875625,1000,19,60543,0.1942707356541284
time,opened,1.875625,1000,20,60544,0.22780236017657093
time,opened,1.875625,1000,21,60545,0.15843035769838495
time,opened,1.875625,1000,22,60546,0.21568857990108903
time,opened,1.875625,1000,23,60547,0.22684558241018163
time,opened,1.875625,1000,24,60548,0.2073694132417012
time,opened,1.875625,1000,25,60549,0.22401638646600652
time,opened,1.875625,1000,26,60550,0.08891708500638723
time,opened,1.875625,1000,27,60551,0.20154777108308508
time,opened,1.875625,1000,28,60552,0.08899219198157594
time,opened,1.875625,1000,29,60553,0.19400703821036855
time,opened,1.875625,1000,30,60554,0.2271440067685474
time,opened,1.875625,1000,31,60555,0.22335839060417684
time,opened,1.875625,1000,32,60556,0.10009815057507936
time,opened,1.875625,1000,33,60557,0.1127620063942575
time,opened,1.875625,1000,34,60558,0.15692119481630096
time,opened,1.875625,1000,35,60559,0.16102587758576292
time,opened,1.875625,1000,36,60560,0.25775807449166094
time,opened,1.875625,1000,37,60561,0.1904777159465836
time,opened,1.875625,1000,38,60562,0.12688947569194373
time,opened,1.875625,1000,39,60563,0.22044698434378346
time,opened,1.875625,1000,40,60564,0.08786093156832694
time,opened,1.875625,1000,41,60565,0.14727088551532763
time,opened,1.875625,1000,42,60566,0.22812649773299712
time,opened,1.875625,1000,43,60567,0.14414258942671213
time,opened,1.875625,1000,44,60568,0.07981036586038384
time,opened,1.875625,1000,45,60569,0.13885089565365152
time,opened,1.875625,1000,46,60570,0.14556831922732966
time,opened,1.875625,1000,47,60571,0.1081714515539404
time,opened,1.875625,1000,48,60572,0.08680619188816174
time,opened,1.875625,1000,49,60573,0.3510640857030001
time,opened,2.0,1000,0,59462,0.13989918262623013
time,opened,2.0,1000,1,59463,0.1317513244416736
time,opened,2.0,1000,2,59464,0.1376220034635105
time,opened,2.0,1000,3,59465,0.2633352378392339
time,opened,2.0,1000,4,59466,0.13145326109428268
time,opened,2.0,1000,5,59467,0.1318021519248135
time,opened,2.0,1000,6,59468,0.18027656699858377
time,opened,2.0,1000,7,59469,0.3794140424965319
time,opened,2.0,1000,8,59470,0.37452895461049324
time,opened,2.0,1000,9,59471,0.10352768698577869
time,opened,2.0,1000,10,59472,0.3401812489871336
time,opened,2.0,1000,11,59473,0.19622717174776588
time,opened,2.0,1000,12,59474,0.12737046699513271
time,opened,2.0,1000,13,59475,0.10450021456450154
time,opened,2.0,1000,14,59476,0.29281146386435525
time,opened,2.0,1000,15,59477,0.24540507879022247
time,opened,2.0,1000,16,59478,0.16371740318592945
time,opened,2.0,1000,17,59479,0.21341392599281966
time,opened,2.0,1000,18,59480,0.19125849575837683
time,opened,2.0,1000,19,59481,0.16491931166916807
time,opened,2.0,1000,20,59482,0.4875685210759598
time,opened,2.0,1000,21,59483,0.19074085926071987
time,opened,2.0,1000,22,59484,0.13348799209307707
time,opened,2.0,1000,23,59485,0.19055885104223064
time,opened,2.0,1000,24,59486,0.19284606589026645
time,opened,2.0,1000,25,59487,0.1883715464199272
time,opened,2.0,1000,26,59488,0.36411984684516824
time,opened,2.0,1000,27,59489,0.18834184965898862
time,opened,2.0,1000,28,59490,0.2748175147073067
time,opened,2.0,1000,29,59491,0.13647461721164078
time,opened,2.0,1000,30,59492,0.2588727024902117
time,opened,2.0,1000,31,59493,0.13692240686125667
time,opened,2.0,1000,32,59494,0.13680763724350564
time,opened,2.0,1000,33,59495,0.2118946719490045
time,opened,2.0,1000,34,59496,0.1472409462349633
time,opened,2.0,1000,35,59497,0.35064351068460275
time,opened,2.0,1000,36,59498,0.1956606026123638
time,opened,2.0,1000,37,59499,0.12764791455026872
time,opened,2.0,1000,38,59500,0.31078513106755723
time,opened,2.0,1000,39,59501,0.14785192528525104
time,opened,2.0,1000,40,59502,0.23597723886825522
time,opened,2.0,1000,41,59503,0.20532270108535636
time,opened,2.0,1000,42,59504,0.22179517854668132
time,opened,2.0,1000,43,59505,0.4136877856376648
time,opened,2.0,1000,44,59506,0.09086483574847556
time,opened,2.0,1000,45,59507,0.1105897399545009
time,opened,2.0,1000,46,59508,0.29486395524816633
time,opened,2.0,1000,47,59509,0.07457190207975209
time,opened,2.0,1000,48,59510,0.14325292396036912
time,opened,2.0,1000,49,59511,0.21104885265377807
sample,opened,1.0,300,0,70937,0.14525290626040666
sample,opened,1.0,300,1,70938,0.14685933176843927
sample,opened,1.0,300,2,70939,0.15893449014723107
sample,opened,1.0,300,3,70940,0.20129233138575092
sample,opened,1.0,300,4,70941,0.23466737803098536
sample,opened,1.0,300,5,70942,0.15127798651653174
sample,opened,1.0,300,6,70943,0.1820742624224918
sample,opened,1.0,300,7,70944,0.14076995476177206
sample,opened,1.0,300,8,70945,0.2433841143268587
sample,opened,1.0,300,9,70946,0.1531344139108774
sample,opened,1.0,300,10,70947,0.162906258008221
sample,opened,1.0,300,11,70948,0.15948686450848276
sample,opened,1.0,300,12,70949,0.16596806717831444
sample,opened,1.0,300,13,70950,0.18921704865005376
sample,opened,1.0,300,14,70951,0.12962253982271082
sample,opened,1.0,300,15,70952,0.17286319790887583
sample,opened,1.0,300,16,70953,0.12171950094819592
sample,opened,1.0,300,17,70954,0.29835634717718573
sample,opened,1.0,300,18,70955,0.1801763272385412
sample,opened,1.0,300,19,70956,0.1631579677232452
sample,opened,1.0,300,20,70957,0.20576834863734372
sample,opened,1.0,300,21,70958,0.30173357917257715
sample,opened,1.0,300,22,70959,0.15581373644354793
sample,opened,1.0,300,23,70960,0.2044730991120392
sample,opened,1.0,300,24,70961,0.21606521716427277
sample,opened,1.0,300,25,70962,0.21460281954959248
sample,opened,1.0,300,26,70963,0.1889634981258642
sample,opened,1.0,300,27,70964,0.2519798507192199
sample,opened,1.0,300,28,70965,0.16703815167754296
sample,opened,1.0,300,29,70966,0.16195092738329359
sample,opened,1.0,300,30,70967,0.26274922029334813
sample,opened,1.0,300,31,70968,0.18278060881305433
sample,opened,1.0,300,32,70969,0.3732485792709116
sample,opened,1.0,300,33,70970,0.1431344043590178
sample,opened,1.0,300,34,70971,0.27295253949237924
sample,opened,1.0,300,35,70972,0.14175966581800895
sample,opened,1.0,300,36,70973,0.18803160343560563
sample,opened,1.0,300,37,70974,0.17040378811323498
sample,opened,1.0,300,38,70975,0.15117428768948646
sample,opened,1.0,300,39,70976,0.24790485075146362
sample,opened,1.0,300,40,70977,0.1270306126139547
sample,opened,1.0,300,41,70978,0.12397392657363486
sample,opened,1.0,300,42,70979,0.1299686355101895
sample,opened,1.0,300,43,70980,0.15261242519439627
sample,opened,1.0,300,44,70981,0.14327894821764078
sample,opened,1.0,300,45,70982,0.30482347119552194
sample,opened,1.0,300,46,70983,0.4310312582396546
sample,opened,1.0,300,47,70984,0.21371248087118258
sample,opened,1.0,300,48,70985,0.17855181396588268
sample,opened,1.0,300,49,70986,0.3494544023446237
sample,opened,1.0,1000,0,73043,0.19080915455001285
sample,opened,1.0,1000,1,73044,0.1612796452130522
sample,opened,1.0,1000,2,73045,0.1112844331014789
sample,opened,1.0,1000,3,73046,0.12755933387128304
sample,opened,1.0,1000,4,73047,0.12822172117896827
sample,opened,1.0,1000,5,73048,0.0892944253411493
sample,opened,1.0,1000,6,73049,0.12500287427420492
sample,opened,1.0,1000,7,73050,0.1716361162278028
sample,opened,1.0,1000,8,73051,0.11474051549477295
sample,opened,1.0,1000,9,73052,0.07956138238975975
sample,opened,1.0,1000,10,73053,0.056228771045622475
sample,opened,1.0,1000,11,73054,0.10351740990996641
sample,opened,1.0,1000,12,73055,0.08751820278506056
sample,opened,1.0,1000,13,73056,0.1336272195205702
sample,opened,1.0,1000,14,73057,0.12841838815391785
sample,opened,1.0,1000,15,73058,0.0712369219211951
sample,opened,1.0,1000,16,73059,0.05940450168825321
sample,opened,1.0,1000,17,73060,0.10397248715993423
sample,opened,1.0,1000,18,73061,0.05010388832901011
sample,opened,1.0,1000,19,73062,0.12831250337115285
sample,opened,1.0,1000,20,73063,0.14870864628010028
sample,opened,1.0,1000,21,73064,0.1110399854383143
sample,opened,1.0,1000,22,73065,0.05863197126638598
sample,opened,1.0,1000,23,73066,0.08142143918474731
sample,opened,1.0,1000,24,73067,0.06754843619593483
sample,opened,1.0,1000,25,73068,0.10790221740960332
sample,opened,1.0,1000,26,73069,0.21566405782131023
sample,opened,1.0,1000,27,73070,0.07711229571502261
sample,opened,1.0,1000,28,73071,0.17606089845901784
sample,opened,1.0,1000,29,73072,0.13748913494969578
sample,opened,1.0,1000,30,73073,0.1149121040253519
sample,opened,1.0,1000,31,73074,0.1488957267941358
sample,opened,1.0,1000,32,73075,0.08981776351193717
sample,opened,1.0,1000,33,73076,0.10402137603041556
sample,opened,1.0,1000,34,73077,0.05240486961294735
sample,opened,1.0,1000,35,73078,0.07932695056728085
sample,opened,1.0,1000,36,73079,0.09787700660488492
sample,opened,1.0,1000,37,73080,0.14797468923055998
sample,opened,1.0,1000,38,73081,0.09464068881220454
sample,opened,1.0,1000,39,73082,0.06446413382410104
sample,opened,1.0,1000,40,73083,0.09973884876310933
sample,opened,1.0,1000,41,73084,0.07545115164347868
sample,opened,1.0,1000,42,73085,0.12230152047775027
sample,opened,1.0,1000,43,73086,0.06223642298215828
sample,opened,1.0,1000,44,73087,0.1066304914924873
sample,opened,1.0,1000,45,73088,0.066367748220956
sample,opened,1.0,1000,46,73089,0.11294539128388607
sample,opened,1.0,1000,47,73090,0.06267868147895812
sample,opened,1.0,1000,48,73091,0.06509827828936499
sample,opened,1.0,1000,49,73092,0.09026118824217774
sample,opened,1.0,3000,0,73105,0.08079529245320562
sample,opened,1.0,3000,1,73106,0.05405999728325311
sample,opened,1.0,3000,2,73107,0.03896437754906541
sample,opened,1.0,3000,3,73108,0.07455809656210069
sample,opened,1.0,3000,4,73109,0.047101304678181265
sample,opened,1.0,3000,5,73110,0.04091140869878632
sample,opened,1.0,3000,6,73111,0.056437636562099824
sample,opened,1.0,3000,7,73112,0.05227178425535704
sample,opened,1.0,3000,8,73113,0.03295958589170742
sample,opened,1.0,3000,9,73114,0.05741580363952493
sample,opened,1.0,3000,10,73115,0.031093371518607242
sample,opened,1.0,3000,11,73116,0.0584763581065635
sample,opened,1.0,3000,12,73117,0.06356200605037447
sample,opened,1.0,3000,13,73118,0.046742659040611985
sample,opened,1.0,3000,14,73119,0.03671219612068626
sample,opened,1.0,3000,15,73120,0.048100725665968284
sample,opened,1.0,3000,16,73121,0.04802082990138029
sample,opened,1.0,3000,17,73122,0.053800853973166904
sample,opened,1.0,3000,18,73123,0.07194145470102278
sample,opened,1.0,3000,19,73124,0.03726691097744966
sample,opened,1.0,3000,20,73125,0.02623175868409807
sample,opened,1.0,3000,21,73126,0.06432336027605001
sample,opened,1.0,3000,22,73127,0.07075698659833686
sample,opened,1.0,3000,23,73128,0.05504925763040705
sample,opened,1.0,3000,24,73129,0.06936899428715732
sample,opened,1.0,3000,25,73130,0.049307743568767395
sample,opened,1.0,3000,26,73131,0.07082071108413733
sample,opened,1.0,3000,27,73132,0.04456094737768941
sample,opened,1.0,3000,28,73133,0.05294833539833484
sample,opened,1.0,3000,29,73134,0.04217634055138558
sample,opened,1.0,3000,30,73135,0.05798050066211047
sample,opened,1.0,3000,31,73136,0.04362795203267105
sample,opened,1.0,3000,32,73137,0.057851789906366205
sample,opened,1.0,3000,33,73138,0.05725013811090256
sample,opened,1.0,3000,34,73139,0.052162783824003536
sample,opened,1.0,3000,35,73140,0.06438395962213664
sample,opened,1.0,3000,36,73141,0.052061499309100576
sample,opened,1.0,3000,37,73142,0.06287064647599809
sample,opened,1.0,3000,38,73143,0.04058139271419809
sample,opened,1.0,3000,39,73144,0.027916706849520332
sample,opened,1.0,3000,40,73145,0.05097313723725019
sample,opened,1.0,3000,41,73146,0.051112494506365826
sample,opened,1.0,3000,42,73147,0.03418896739896333
sample,opened,1.0,3000,43,73148,0.035376456397322155
sample,opened,1.0,3000,44,73149,0.04337363710056753
sample,opened,1.0,3000,45,73150,0.04151291876266078
sample,opened,1.0,3000,46,73151,0.04594795036631893
sample,opened,1.0,3000,47,73152,0.07407418832741394
sample,opened,1.0,3000,48,73153,0.09378062838424124
sample,opened,1.0,3000,49,73154,0.03460776186819267
sample,opened,1.0,10000,0,75259,0.015410628486798045
sample,opened,1.0,10000,1,75260,0.03586331839284418
sample,opened,1.0,10000,2,75261,0.03152801370487428
sample,opened,1.0,10000,3,75262,0.02928759993100802
sample,opened,1.0,10000,4,75263,0.033098862094874275
sample,opened,1.0,10000,5,75264,0.02138386711988635
sample,opened,1.0,10000,6,75265,0.023008046021926035
sample,opened,1.0,10000,7,75266,0.02676972937071572
sample,opened,1.0,10000,8,75267,0.02439919211043395
sample,opened,1.0,10000,9,75268,0.018160068681987104
sample,opened,1.0,10000,10,75269,0.04296992064695621
sample,opened,1.0,10000,11,75270,0.02647680609975635
sample,opened,1.0,10000,12,75271,0.024110276431812912
sample,opened,1.0,10000,13,75272,0.017944653873413725
sample,opened,1.0,10000,14,75273,0.031321198322897655
sample,opened,1.0,10000,15,75274,0.02649488083358985
sample,opened,1.0,10000,16,75275,0.042041817219681345
sample,opened,1.0,10000,17,75276,0.025613817241470094
sample,opened,1.0,10000,18,75277,0.022462078893910147
sample,opened,1.0,10000,19,75278,0.037173103684551005
sample,opened,1.0,10000,20,75279,0.024300016884117735
sample,opened,1.0,10000,21,75280,0.01665577528887588
sample,opened,1.0,10000,22,75281,0.0182296616430637
sample,opened,1.0,10000,23,75282,0.02370217294670017
sample,opened,1.0,10000,24,75283,0.02041325637274597
sample,opened,1.0,10000,25,75284,0.018548836730721906
sample,opened,1.0,10000,26,75285,0.019452282002193098
sample,opened,1.0,10000,27,75286,0.02692867213153443
sample,opened,1.0,10000,28,75287,0.02628634979392278
sample,opened,1.0,10000,29,75288,0.024450504768279743
sample,opened,1.0,10000,30,75289,0.02263233993616025
sample,opened,1.0,10000,31,75290,0.019296912912791
sample,opened,1.0,10000,32,75291,0.024293498861881785
sample,opened,1.0,10000,33,75292,0.023763066378854444
sample,opened,1.0,10000,34,75293,0.01603136523429284
sample,opened,1.0,10000,35,75294,0.022960956990278846
sample,opened,1.0,10000,36,75295,0.028382199655513557
sample,opened,1.0,10000,37,75296,0.02000784751707337
sample,opened,1.0,10000,38,75297,0.028300870512137085
sample,opened,1.0,10000,39,75298,0.02454644048427897
sample,opened,1.0,10000,40,75299,0.046929488620471665
sample,opened,1.0,10000,41,75300,0.01973470976881467
sample,opened,1.0,10000,42,75301,0.020293883839050824
sample,opened,1.0,10000,43,75302,0.024309391980446383
sample,opened,1.0,10000,44,75303,0.027489943724298024
sample,opened,1.0,10000,45,75304,0.03398947868156682
sample,opened,1.0,10000,46,75305,0.029408254436060446
sample,opened,1.0,10000,47,75306,0.017612128517676455
sample,opened,1.0,10000,48,75307,0.018306776125997442
sample,opened,1.0,10000,49,75308,0.039292961747355845
sample,opened,1.0,30000,0,75321,0.010618346796240774
sample,opened,1.0,30000,1,75322,0.00993395106452883
sample,opened,1.0,30000,2,75323,0.01378999650488864
sample,opened,1.0,30000,3,75324,0.009866622078840658
sample,opened,1.0,30000,4,75325,0.015960595630851896
sample,opened,1.0,30000,5,75326,0.008404428701305092
sample,opened,1.0,30000,6,75327,0.012087809248941784
sample,opened,1.0,30000,7,75328,0.009504750839416971
sample,opened,1.0,30000,8,75329,0.011702149444203776
sample,opened,1.0,30000,9,75330,0.012684619356980538
sample,opened,1.0,30000,10,75331,0.00993297088756415
sample,opened,1.0,30000,11,75332,0.012431025997951583
sample,opened,1.0,30000,12,75333,0.008024058503606596
sample,opened,1.0,30000,13,75334,0.012924650516117674
sample,opened,1.0,30000,14,75335,0.012291248431147005
sample,opened,1.0,30000,15,75336,0.012508510547742624
sample,opened,1.0,30000,16,75337,0.00905336203774143
sample,opened,1.0,30000,17,75338,0.022284607720190353
sample,opened,1.0,30000,18,75339,0.014937899862762739
sample,opened,1.0,30000,19,75340,0.010542089699634312
sample,opened,1.0,30000,20,75341,0.008791951814455698
sample,opened,1.0,30000,21,75342,0.01842296329901283
sample,opened,1.0,30000,22,75343,0.009247882350878199
sample,opened,1.0,30000,23,75344,0.00948327042916391
sample,opened,1.0,30000,24,75345,0.02110294717093427
sample,opened,1.0,30000,25,75346,0.009593484958460085
sample,opened,1.0,30000,26,75347,0.009692490797003116
sample,opened,1.0,30000,27,75348,0.013818626565421738
sample,opened,1.0,30000,28,75349,0.016832256353777674
sample,opened,1.0,30000,29,75350,0.014871937494942084
sample,opened,1.0,30000,30,75351,0.013946418276399676
sample,opened,1.0,30000,31,75352,0.010856915604417969
sample,opened,1.0,30000,32,75353,0.011779966299713935
sample,opened,1.0,30000,33,75354,0.018314101715021097
sample,opened,1.0,30000,34,75355,0.014093568949745866
sample,opened,1.0,30000,35,75356,0.010283119626587602
sample,opened,1.0,30000,36,75357,0.013592093593096244
sample,opened,1.0,30000,37,75358,0.010577468317360911
sample,opened,1.0,30000,38,75359,0.016739575609462508
sample,opened,1.0,30000,39,75360,0.0076827925296275796
sample,opened,1.0,30000,40,75361,0.012389637099681128
sample,opened,1.0,30000,41,75362,0.013736393062446525
sample,opened,1.0,30000,42,75363,0.013539456814311943
sample,opened,1.0,30000,43,75364,0.008302796486418018
sample,opened,1.0,30000,44,75365,0.009490706178150761
sample,opened,1.0,30000,45,75366,0.017861655925183413
sample,opened,1.0,30000,46,75367,0.019101160582386714
sample,opened,1.0,30000,47,75368,0.009622562361007732
sample,opened,1.0,30000,48,75369,0.011307026533900809
sample,opened,1.0,30000,49,75370,0.020430654816436484
sample,opened,1.0,100000,0,77523,0.006558264459332486
sample,opened,1.0,100000,1,77524,0.008728357639805921
sample,opened,1.0,100000,2,77525,0.007050945974996111
sample,opened,1.0,100000,3,77526,0.00852791655802581
sample,opened,1.0,100000,4,77527,0.006207773147526572
sample,opened,1.0,100000,5,77528,0.006032984567630748
sample,opened,1.0,100000,6,77529,0.007256255614564954
sample,opened,1.0,100000,7,77530,0.008257713389062763
sample,opened,1.0,100000,8,77531,0.006734532723699048
sample,opened,1.0,100000,9,77532,0.008249788828720855
sample,opened,1.0,100000,10,77533,0.009529824456284518
sample,opened,1.0,100000,11,77534,0.007175974207726654
sample,opened,1.0,100000,12,77535,0.0072918306907071954
sample,opened,1.0,100000,13,77536,0.007352307787425522
sample,opened,1.0,100000,14,77537,0.007945446392862156
sample,opened,1.0,100000,15,77538,0.008500728186318845
sample,opened,1.0,100000,16,77539,0.0074392652633232135
sample,opened,1.0,100000,17,77540,0.009062130006333522
sample,opened,1.0,100000,18,77541,0.00899440382101069
sample,opened,1.0,100000,19,77542,0.007615341309956886
sample,opened,1.0,100000,20,77543,0.0060318497444130925
sample,opened,1.0,100000,21,77544,0.009248729201649557
sample,opened,1.0,100000,22,77545,0.0067510361995476095
sample,opened,1.0,100000,23,77546,0.005970256335826
sample,opened,1.0,100000,24,77547,0.006999188970339958
sample,opened,1.0,100000,25,77548,0.007851119314844985
sample,opened,1.0,100000,26,77549,0.007018179216558379
sample,opened,1.0,100000,27,77550,0.005773325457020435
sample,opened,1.0,100000,28,77551,0.008479148834523149
sample,opened,1.0,100000,29,77552,0.006436593533474068
sample,opened,1.0,100000,30,77553,0.007047907960310399
sample,opened,1.0,100000,31,77554,0.006666985421296175
sample,opened,1.0,100000,32,77555,0.007995361467834307
sample,opened,1.0,100000,33,77556,0.007817282340341162
sample,opened,1.0,100000,34,77557,0.008489789913964244
sample,opened,1.0,100000,35,77558,0.006160402313184441
sample,opened,1.0,100000,36,77559,0.00846730050714423
sample,opened,1.0,100000,37,77560,0.008647357128480627
sample,opened,1.0,100000,38,77561,0.0062832121088569875
sample,opened,1.0,100000,39,77562,0.007175276107910426
sample,opened,1.0,100000,40,77563,0.0074452453604627105
sample,opened,1.0,100000,41,77564,0.00761765921820876
sample,opened,1.0,100000,42,77565,0.006387610799238393
sample,opened,1.0,100000,43,77566,0.009513376911079952
sample,opened,1.0,100000,44,77567,0.008242743861414928
sample,opened,1.0,100000,45,77568,0.007879950662654749
sample,opened,1.0,100000,46,77569,0.006386848023133567
sample,opened,1.0,100000,47,77570,0.006660869433480245
sample,opened,1.0,100000,48,77571,0.008381335060122588
sample,opened,1.0,100000,49,77572,0.007683886857080813
sample,opened,1.0,300000,0,77585,0.006010021166824978
sample,opened,1.0,300000,1,77586,0.005399120152440304
sample,opened,1.0,300000,2,77587,0.0052921880610970915
sample,opened,1.0,300000,3,77588,0.004873826445844176
sample,opened,1.0,300000,4,77589,0.004951275600633147
sample,opened,1.0,300000,5,77590,0.005543562412612921
sample,opened,1.0,300000,6,77591,0.00568192139780202
sample,opened,1.0,300000,7,77592,0.005778135217806981
sample,opened,1.0,300000,8,77593,0.0056671925027394566
sample,opened,1.0,300000,9,77594,0.005743845922127881
sample,opened,1.0,300000,10,77595,0.006104357501331197
sample,opened,1.0,300000,11,77596,0.005089487408141479
sample,opened,1.0,300000,12,77597,0.005064813491253677
sample,opened,1.0,300000,13,77598,0.005025578402851183
sample,opened,1.0,300000,14,77599,0.004953400847847116
sample,opened,1.0,300000,15,77600,0.005481728520642043
sample,opened,1.0,300000,16,77601,0.005169168657456039
sample,opened,1.0,300000,17,77602,0.005172032075695713
sample,opened,1.0,300000,18,77603,0.005088572423013217
sample,opened,1.0,300000,19,77604,0.005534223012863902
sample,opened,1.0,300000,20,77605,0.0058358620429041575
sample,opened,1.0,300000,21,77606,0.00557076273386562
sample,opened,1.0,300000,22,77607,0.0053501861208052545
sample,opened,1.0,300000,23,77608,0.005317253043374834
sample,opened,1.0,300000,24,77609,0.0056676842443635165
sample,opened,1.0,300000,25,77610,0.00552459619626467
sample,opened,1.0,300000,26,77611,0.005602204157722005
sample,opened,1.0,300000,27,77612,0.004972350281638071
sample,opened,1.0,300000,28,77613,0.005264051889984509
sample,opened,1.0,300000,29,77614,0.004892456690351572
sample,opened,1.0,300000,30,77615,0.005765188817806155
sample,opened,1.0,300000,31,77616,0.005068418602056037
sample,opened,1.0,300000,32,77617,0.005317933343955613
sample,opened,1.0,300000,33,77618,0.005297756321422125
sample,opened,1.0,300000,34,77619,0.005778134577407776
sample,opened,1.0,300000,35,77620,0.00562917557168245
sample,opened,1.0,300000,36,77621,0.005186843286814692
sample,opened,1.0,300000,37,77622,0.005464708707972
sample,opened,1.0,300000,38,77623,0.005309721239070984
sample,opened,1.0,300000,39,77624,0.0052884141594704715
sample,opened,1.0,300000,40,77625,0.005166104233772731
sample,opened,1.0,300000,41,77626,0.0059676893311116355
sample,opened,1.0,300000,42,77627,0.005414763951768261
sample,opened,1.0,300000,43,77628,0.005662855515867104
sample,opened,1.0,300000,44,77629,0.005310488161541208
sample,opened,1.0,300000,45,77630,0.004947601060445506
sample,opened,1.0,300000,46,77631,0.005269612520450085
sample,opened,1.0,300000,47,77632,0.005403152601565037
sample,opened,1.0,300000,48,77633,0.006059324704026199
sample,opened,1.0,300000,49,77634,0.0053473963037954314
time,triangle,0.01,1000,0,66396,0.06552470997823388
time,triangle,0.01,1000,1,66397,0.08077111689084743
time,triangle,0.01,1000,2,66398,0.0949868547638656
time,triangle,0.01,1000,3,66399,0.11039857662733549
time,triangle,0.01,1000,4,66400,0.06100234953277543
time,triangle,0.01,1000,5,66401,0.05590901076159386
time,triangle,0.01,1000,6,66402,0.13892746159321812
time,triangle,0.01,1000,7,66403,0.06118481995576412
time,triangle,0.01,1000,8,66404,0.09754648056121433
time,triangle,0.01,1000,9,66405,0.09618099863036544
time,triangle,0.01,1000,10,66406,0.10363784310326651
time,triangle,0.01,1000,11,66407,0.05281354361929689
time,triangle,0.01,1000,12,66408,0.10495537479647732
time,triangle,0.01,1000,13,66409,0.13890282032501267
time,triangle,0.01,1000,14,66410,0.10633122179067397
time,triangle,0.01,1000,15,66411,0.08780511200054938
time,triangle,0.01,1000,16,66412,0.13320701440975416
time,triangle,0.01,1000,17,66413,0.09230691606266422
time,triangle,0.01,1000,18,66414,0.09587966622837825
time,triangle,0.01,1000,19,66415,0.10766430146596251
time,triangle,0.01,1000,20,66416,0.0326300080563296
time,triangle,0.01,1000,21,66417,0.10754548619938141
time,triangle,0.01,1000,22,66418,0.08756315419478201
time,triangle,0.01,1000,23,66419,0.1169024481288825
time,triangle,0.01,1000,24,66420,0.06953380470205381
time,triangle,0.01,1000,25,66421,0.054642945899524765
time,triangle,0.01,1000,26,66422,0.038258913217459244
time,triangle,0.01,1000,27,66423,0.04890039871304325
time,triangle,0.01,1000,28,66424,0.1288609121893636
time,triangle,0.01,1000,29,66425,0.0779381299382137
time,triangle,0.01,1000,30,66426,0.16246085320031978
time,triangle,0.01,1000,31,66427,0.054217750972500256
time,triangle,0.01,1000,32,66428,0.11293415975158254
time,triangle,0.01,1000,33,66429,0.12758901008260795
time,triangle,0.01,1000,34,66430,0.09840392630376296
time,triangle,0.01,1000,35,66431,0.14441796416936564
time,triangle,0.01,1000,36,66432,0.08714390480223239
time,triangle,0.01,1000,37,66433,0.044434987181441246
time,triangle,0.01,1000,38,66434,0.14099345874657607
time,triangle,0.01,1000,39,66435,0.12072264256672267
time,triangle,0.01,1000,40,66436,0.11690765377376744
time,triangle,0.01,1000,41,66437,0.08122904713845994
time,triangle,0.01,1000,42,66438,0.0675741645726442
time,triangle,0.01,1000,43,66439,0.14594276536720507
time,triangle,0.01,1000,44,66440,0.08943897089852437
time,triangle,0.01,1000,45,66441,0.0807740457960493
time,triangle,0.01,1000,46,66442,0.05985594809569861
time,triangle,0.01,1000,47,66443,0.11688843944530661
time,triangle,0.01,1000,48,66444,0.09404930906090436
time,triangle,0.01,1000,49,66445,0.08453542592207872
time,triangle,0.134375,1000,0,67194,0.08079617366364511
time,triangle,0.134375,1000,1,67195,0.09555764493685147
time,triangle,0.134375,1000,2,67196,0.11439550639909929
time,triangle,0.134375,1000,3,67197,0.07152688476079583
time,triangle,0.134375,1000,4,67198,0.1019174226493896
time,triangle,0.134375,1000,5,67199,0.08231682337090615
time,triangle,0.134375,1000,6,67200,0.10225291853006852
time,triangle,0.134375,1000,7,67201,0.11448878238449706
time,triangle,0.134375,1000,8,67202,0.18012472593543682
time,triangle,0.134375,1000,9,67203,0.13145238857127614
time,triangle,0.134375,1000,10,67204,0.11202979271345376
time,triangle,0.134375,1000,11,67205,0.09360008096867073
time,triangle,0.134375,1000,12,67206,0.05201089736603566
time,triangle,0.134375,1000,13,67207,0.11117729825858444
time,triangle,0.134375,1000,14,67208,0.10912205620688503
time,triangle,0.134375,1000,15,67209,0.12003169465221587
time,triangle,0.134375,1000,16,67210,0.09206563617408443
time,triangle,0.134375,1000,17,67211,0.10060177751890012
time,triangle,0.134375,1000,18,67212,0.10532068384159876
time,triangle,0.134375,1000,19,67213,0.1130867960479117
time,triangle,0.134375,1000,20,67214,0.09621540238370985
time,triangle,0.134375,1000,21,67215,0.1356331675865803
time,triangle,0.134375,1000,22,67216,0.08337077126082226
time,triangle,0.134375,1000,23,67217,0.14590172107221927
time,triangle,0.134375,1000,24,67218,0.10330261189778593
time,triangle,0.134375,1000,25,67219,0.09089953568879926
time,triangle,0.134375,1000,26,67220,0.056327506796092656
time,triangle,0.134375,1000,27,67221,0.06102426833613986
time,triangle,0.134375,1000,28,67222,0.0707613813197301
time,triangle,0.134375,1000,29,67223,0.14150857035980216
time,triangle,0.134375,1000,30,67224,0.13124008422318958
time,triangle,0.134375,1000,31,67225,0.04549437181095619
time,triangle,0.134375,1000,32,67226,0.1347780988467105
time,triangle,0.134375,1000,33,67227,0.098885406168289
time,triangle,0.134375,1000,34,67228,0.09843567674678311
time,triangle,0.134375,1000,35,67229,0.09267522055933858
time,triangle,0.134375,1000,36,67230,0.08004977309032817
time,triangle,0.134375,1000,37,67231,0.13803374822345685
time,triangle,0.134375,1000,38,67232,0.07035821868701242
time,triangle,0.134375,1000,39,67233,0.19391137443232057
time,triangle,0.134375,1000,40,67234,0.1360008214394002
time,triangle,0.134375,1000,41,67235,0.07324391090808267
time,triangle,0.134375,1000,42,67236,0.10885205632464916
time,triangle,0.134375,1000,43,67237,0.08160158384911113
time,triangle,0.134375,1000,44,67238,0.09113595392059137
time,triangle,0.134375,1000,45,67239,0.17165140464091375
time,triangle,0.134375,1000,46,67240,0.17941761964807834
time,triangle,0.134375,1000,47,67241,0.09109257768236026
time,triangle,0.134375,1000,48,67242,0.15428710935605494
time,triangle,0.134375,1000,49,67243,0.07885326222879097
time,triangle,0.25875,1000,0,67315,0.1752626564408461
time,triangle,0.25875,1000,1,67316,0.17498353062981206
time,triangle,0.25875,1000,2,67317,0.13439271291459035
time,triangle,0.25875,1000,3,67318,0.11824511259492088
time,triangle,0.25875,1000,4,67319,0.17013860253840948
time,triangle,0.25875,1000,5,67320,0.08335607435001538
time,triangle,0.25875,1000,6,67321,0.10000195497521233
time,triangle,0.25875,1000,7,67322,0.11801180720506803
time,triangle,0.25875,1000,8,67323,0.09261356876677063
time,triangle,0.25875,1000,9,67324,0.08810045573550965
time,triangle,0.25875,1000,10,67325,0.09252457732085836
time,triangle,0.25875,1000,11,67326,0.14478328023516068
time,triangle,0.25875,1000,12,67327,0.11279603352719718
time,triangle,0.25875,1000,13,67328,0.13824890107068247
time,triangle,0.25875,1000,14,67329,0.05140035113248834
time,triangle,0.25875,1000,15,67330,0.13073464024675574
time,triangle,0.25875,1000,16,67331,0.14595134832648393
time,triangle,0.25875,1000,17,67332,0.046203468796396564
time,triangle,0.25875,1000,18,67333,0.1373982470139355
time,triangle,0.25875,1000,19,67334,0.0782893128141314
time,triangle,0.25875,1000,20,67335,0.12755774559361893
time,triangle,0.25875,1000,21,67336,0.1350015531749537
time,triangle,0.25875,1000,22,67337,0.10903036599665204
time,triangle,0.25875,1000,23,67338,0.13683815727256188
time,triangle,0.25875,1000,24,67339,0.07609343221674277
time,triangle,0.25875,1000,25,67340,0.10159481260675611
time,triangle,0.25875,1000,26,67341,0.12081195703184189
time,triangle,0.25875,1000,27,67342,0.09217470519555851
time,triangle,0.25875,1000,28,67343,0.08568316842504672
time,triangle,0.25875,1000,29,67344,0.13348169585964503
time,triangle,0.25875,1000,30,67345,0.2581239191716377
time,triangle,0.25875,1000,31,67346,0.07464384507655128
time,triangle,0.25875,1000,32,67347,0.1465238891240937
time,triangle,0.25875,1000,33,67348,0.11641604291733872
time,triangle,0.25875,1000,34,67349,0.16727963714109995
time,triangle,0.25875,1000,35,67350,0.06876218325826076
time,triangle,0.25875,1000,36,67351,0.08520431671538502
time,triangle,0.25875,1000,37,67352,0.12078390236842405
time,triangle,0.25875,1000,38,67353,0.07198781663718724
time,triangle,0.25875,1000,39,67354,0.1401029593227376
time,triangle,0.25875,1000,40,67355,0.12731599936495558
time,triangle,0.25875,1000,41,67356,0.1467819809198061
time,triangle,0.25875,1000,42,67357,0.08591198429733375
time,triangle,0.25875,1000,43,67358,0.0857181788465449
time,triangle,0.25875,1000,44,67359,0.12280204356333604
time,triangle,0.25875,1000,45,67360,0.18843938733126994
time,triangle,0.25875,1000,46,67361,0.14694474117979087
time,triangle,0.25875,1000,47,67362,0.06732291021699592
time,triangle,0.25875,1000,48,67363,0.11814046217774357
time,triangle,0.25875,1000,49,67364,0.15974717685782203
time,triangle,0.383125,1000,0,67138,0.13188913020157014
time,triangle,0.383125,1000,1,67139,0.12563609255709773
time,triangle,0.383125,1000,2,67140,0.09535160698523149
time,triangle,0.383125,1000,3,67141,0.12084098380270522
time,triangle,0.383125,1000,4,67142,0.10182219659969052
time,triangle,0.383125,1000,5,67143,0.11477970619167388
time,triangle,0.383125,1000,6,67144,0.23019570679959808
time,triangle,0.383125,1000,7,67145,0.16156877055735963
time,triangle,0.383125,1000,8,67146,0.12482318749439439
time,triangle,0.383125,1000,9,67147,0.09727522022196253
time,triangle,0.383125,1000,10,67148,0.10138264216749897
time,triangle,0.383125,1000,11,67149,0.1019433244504449
time,triangle,0.383125,1000,12,67150,0.08230113551910859
time,triangle,0.383125,1000,13,67151,0.1626355498614042
time,triangle,0.383125,1000,14,67152,0.12884551209551184
time,triangle,0.383125,1000,15,67153,0.233517680949563
time,triangle,0.383125,1000,16,67154,0.14763640170265357
time,triangle,0.383125,1000,17,67155,0.09685811509151936
time,triangle,0.383125,1000,18,67156,0.14474485061634496
time,triangle,0.383125,1000,19,67157,0.10429225458711289
time,triangle,0.383125,1000,20,67158,0.14832678287851872
time,triangle,0.383125,1000,21,67159,0.17528131592028598
time,triangle,0.383125,1000,22,67160,0.08743223413467097
time,triangle,0.383125,1000,23,67161,0.10965880298110939
time,triangle,0.383125,1000,24,67162,0.14479613220239182
time,triangle,0.383125,1000,25,67163,0.11467975246702349
time,triangle,0.383125,1000,26,67164,0.1308883039326954
time,triangle,0.383125,1000,27,67165,0.1114913285235522
time,triangle,0.383125,1000,28,67166,0.1522795457917588
time,triangle,0.383125,1000,29,67167,0.10434291635680698
time,triangle,0.383125,1000,30,67168,0.16858416183083344
time,triangle,0.383125,1000,31,67169,0.11140697444133559
time,triangle,0.383125,1000,32,67170,0.12108806329698935
time,triangle,0.383125,1000,33,67171,0.0951883753076718
time,triangle,0.383125,1000,34,67172,0.06792644318020688
time,triangle,0.383125,1000,35,67173,0.1386872377988165
time,triangle,0.383125,1000,36,67174,0.12232496386728094
time,triangle,0.383125,1000,37,67175,0.10316052466170839
time,triangle,0.383125,1000,38,67176,0.12459530456484076
time,triangle,0.383125,1000,39,67177,0.10902886702447621
time,triangle,0.383125,1000,40,67178,0.07141163801017564
time,triangle,0.383125,1000,41,67179,0.14255132686371952
time,triangle,0.383125,1000,42,67180,0.09019696708935279
time,triangle,0.383125,1000,43,67181,0.14576582866508486
time,triangle,0.383125,1000,44,67182,0.18139585040715303
time,triangle,0.383125,1000,45,67183,0.09298111600467475
time,triangle,0.383125,1000,46,67184,0.08871041416641569
time,triangle,0.383125,1000,47,67185,0.17626444815387163
time,triangle,0.383125,1000,48,67186,0.1254787461845329
time,triangle,0.383125,1000,49,67187,0.06923631310435462
time,triangle,0.5075,1000,0,66952,0.1681938190036871
time,triangle,0.5075,1000,1,66953,0.06079116289484014
time,triangle,0.5075,1000,2,66954,0.11331140789980121
time,triangle,0.5075,1000,3,66955,0.2096674703826726
time,triangle,0.5075,1000,4,66956,0.1940799823112974
time,triangle,0.5075,1000,5,66957,0.08076129911292525
time,triangle,0.5075,1000,6,66958,0.15099687865581346
time,triangle,0.5075,1000,7,66959,0.15003869677865095
time,triangle,0.5075,1000,8,66960,0.11920848956780813
time,triangle,0.5075,1000,9,66961,0.14421204465843293
time,triangle,0.5075,1000,10,66962,0.12805098495646014
time,triangle,0.5075,1000,11,66963,0.07805550047822747
time,triangle,0.5075,1000,12,66964,0.13321508426097312
time,triangle,0.5075,1000,13,66965,0.08211787903104024
time,triangle,0.5075,1000,14,66966,0.06032527545302602
time,triangle,0.5075,1000,15,66967,0.1324020606553987
time,triangle,0.5075,1000,16,66968,0.16867525842681177
time,triangle,0.5075,1000,17,66969,0.07093146400894863
time,triangle,0.5075,1000,18,66970,0.1560187306844105
time,triangle,0.5075,1000,19,66971,0.1510481479749457
time,triangle,0.5075,1000,20,66972,0.20430544571081488
time,triangle,0.5075,1000,21,66973,0.1962804303618563
time,triangle,0.5075,1000,22,66974,0.08784367607105742
time,triangle,0.5075,1000,23,66975,0.07715578433452412
time,triangle,0.5075,1000,24,66976,0.17450903438566862
time,triangle,0.5075,1000,25,66977,0.07657868969318764
time,triangle,0.5075,1000,26,66978,0.051646351307359374
time,triangle,0.5075,1000,27,66979,0.20126621357857882
time,triangle,0.5075,1000,28,66980,0.09221141714782896
time,triangle,0.5075,1000,29,66981,0.05248433972933385
time,triangle,0.5075,1000,30,66982,0.07157348677774812
time,triangle,0.5075,1000,31,66983,0.16007258043855727
time,triangle,0.5075,1000,32,66984,0.19900236010862407
time,triangle,0.5075,1000,33,66985,0.11352542201623415
time,triangle,0.5075,1000,34,66986,0.16372434189679475
time,triangle,0.5075,1000,35,66987,0.12156129558618277
time,triangle,0.5075,1000,36,66988,0.14642109126800879
time,triangle,0.5075,1000,37,66989,0.12547612759135152
time,triangle,0.5075,1000,38,66990,0.06835264295944045
time,triangle,0.5075,1000,39,66991,0.1617822631040813
time,triangle,0.5075,1000,40,66992,0.05966109866824725
time,triangle,0.5075,1000,41,66993,0.2625343506889879
time,triangle,0.5075,1000,42,66994,0.11987453447776336
time,triangle,0.5075,1000,43,66995,0.26523829331175
time,triangle,0.5075,1000,44,66996,0.11239098984854155
time,triangle,0.5075,1000,45,66997,0.17600695685177128
time,triangle,0.5075,1000,46,66998,0.2014763336632664
time,triangle,0.5075,1000,47,66999,0.11835508048356565
time,triangle,0.5075,1000,48,67000,0.17612065173571056
time,triangle,0.5075,1000,49,67001,0.10612733805686778
time,triangle,0.631875,1000,0,67434,0.13233458466730305
time,triangle,0.631875,1000,1,67435,0.13370672099473674
time,triangle,0.631875,1000,2,67436,0.16791739041210985
time,triangle,0.631875,1000,3,67437,0.18527630929009528
time,triangle,0.631875,1000,4,67438,0.15910300062738236
time,triangle,0.631875,1000,5,67439,0.12798698700389313
time,triangle,0.631875,1000,6,67440,0.16970554429743306
time,triangle,0.631875,1000,7,67441,0.08435569318441255
time,triangle,0.631875,1000,8,67442,0.15304433178490784
time,triangle,0.631875,1000,9,67443,0.1915146471507572
time,triangle,0.631875,1000,10,67444,0.19552974365439368
time,triangle,0.631875,1000,11,67445,0.19227624931263956
time,triangle,0.631875,1000,12,67446,0.08576377649894126
time,triangle,0.631875,1000,13,67447,0.30796399587992834
time,triangle,0.631875,1000,14,67448,0.12100488060957677
time,triangle,0.631875,1000,15,67449,0.0969325645299196
time,triangle,0.631875,1000,16,67450,0.10957721331597407
time,triangle,0.631875,1000,17,67451,0.13857241389768812
time,triangle,0.631875,1000,18,67452,0.18061500514768533
time,triangle,0.631875,1000,19,67453,0.20176880166574637
time,triangle,0.631875,1000,20,67454,0.12782215282685813
time,triangle,0.631875,1000,21,67455,0.1344560973474375
time,triangle,0.631875,1000,22,67456,0.19954189165743233
time,triangle,0.631875,1000,23,67457,0.16620967963607688
time,triangle,0.631875,1000,24,67458,0.12210899736575509
time,triangle,0.631875,1000,25,67459,0.2071636261460534
time,triangle,0.631875,1000,26,67460,0.15644333954372416
time,triangle,0.631875,1000,27,67461,0.09498196130795061
time,triangle,0.631875,1000,28,67462,0.1601518478884055
time,triangle,0.631875,1000,29,67463,0.10685952489814983
time,triangle,0.631875,1000,30,67464,0.18339043442508807
time,triangle,0.631875,1000,31,67465,0.07408132510935539
time,triangle,0.631875,1000,32,67466,0.10618316016032252
time,triangle,0.631875,1000,33,67467,0.11751108407633869
time,triangle,0.631875,1000,34,67468,0.13224015521555263
time,triangle,0.631875,1000,35,67469,0.14846991432771792
time,triangle,0.631875,1000,36,67470,0.11593849011708486
time,triangle,0.631875,1000,37,67471,0.13079378599518282
time,triangle,0.631875,1000,38,67472,0.14825435621790103
time,triangle,0.631875,1000,39,67473,0.10667698378280041
time,triangle,0.631875,1000,40,67474,0.1511265999341773
time,triangle,0.631875,1000,41,67475,0.11898999829130151
time,triangle,0.631875,1000,42,67476,0.19032701273551947
time,triangle,0.631875,1000,43,67477,0.09484305461704515
time,triangle,0.631875,1000,44,67478,0.16317077204632782
time,triangle,0.631875,1000,45,67479,0.14246757445902763
time,triangle,0.631875,1000,46,67480,0.1421889128343757
time,triangle,0.631875,1000,47,67481,0.08535579737730109
time,triangle,0.631875,1000,48,67482,0.16763243206711415
time,triangle,0.631875,1000,49,67483,0.19802617964817965
time,triangle,0.75625,1000,0,67230,0.13865946020835285
time,triangle,0.75625,1000,1,67231,0.2533848679914987
time,triangle,0.75625,1000,2,67232,0.10902043152132777
time,triangle,0.75625,1000,3,67233,0.2117915631406281
time,triangle,0.75625,1000,4,67234,0.24157234342581005
time,triangle,0.75625,1000,5,67235,0.12674613284909003
time,triangle,0.75625,1000,6,67236,0.17947626724809224
time,triangle,0.75625,1000,7,67237,0.1448074440103816
time,triangle,0.75625,1000,8,67238,0.14497891444773214
time,triangle,0.75625,1000,9,67239,0.2797026507641928
time,triangle,0.75625,1000,10,67240,0.3177752688726849
time,triangle,0.75625,1000,11,67241,0.1240581203871009
time,triangle,0.75625,1000,12,67242,0.21917663750951752
time,triangle,0.75625,1000,13,67243,0.10885166430736216
time,triangle,0.75625,1000,14,67244,0.2728846086858063
time,triangle,0.75625,1000,15,67245,0.17279953998800354
time,triangle,0.75625,1000,16,67246,0.08031067075958348
time,triangle,0.75625,1000,17,67247,0.10366679500800782
time,triangle,0.75625,1000,18,67248,0.18920499911180538
time,triangle,0.75625,1000,19,67249,0.306849696187048
time,triangle,0.75625,1000,20,67250,0.19286310330539075
time,triangle,0.75625,1000,21,67251,0.19009342528357462
time,triangle,0.75625,1000,22,67252,0.13149994957154332
time,triangle,0.75625,1000,23,67253,0.1675255530884136
time,triangle,0.75625,1000,24,67254,0.11484574952452292
time,triangle,0.75625,1000,25,67255,0.09398118404624141
time,triangle,0.75625,1000,26,67256,0.12391911287623693
time,triangle,0.75625,1000,27,67257,0.11162700209754767
time,triangle,0.75625,1000,28,67258,0.22320681712686363
time,triangle,0.75625,1000,29,67259,0.1485195589971573
time,triangle,0.75625,1000,30,67260,0.17116948175559413
time,triangle,0.75625,1000,31,67261,0.13980018878717482
time,triangle,0.75625,1000,32,67262,0.20044894584515882
time,triangle,0.75625,1000,33,67263,0.2013111537438989
time,triangle,0.75625,1000,34,67264,0.12489354330668359
time,triangle,0.75625,1000,35,67265,0.12463618050200692
time,triangle,0.75625,1000,36,67266,0.1697693453587693
time,triangle,0.75625,1000,37,67267,0.19956331785913675
time,triangle,0.75625,1000,38,67268,0.10750706546536018
time,triangle,0.75625,1000,39,67269,0.13201591085948863
time,triangle,0.75625,1000,40,67270,0.0970031966336748
time,triangle,0.75625,1000,41,67271,0.2104914672380017
time,triangle,0.75625,1000,42,67272,0.12423526797181395
time,triangle,0.75625,1000,43,67273,0.19832826818448676
time,triangle,0.75625,1000,44,67274,0.2722989746588125
time,triangle,0.75625,1000,45,67275,0.14433698464463104
time,triangle,0.75625,1000,46,67276,0.2888386303239069
time,triangle,0.75625,1000,47,67277,0.07933283279276464
time,triangle,0.75625,1000,48,67278,0.14788362299444383
time,triangle,0.75625,1000,49,67279,0.17507642458281455
time,triangle,0.880625,1000,0,67378,0.11409930323905619
time,triangle,0.880625,1000,1,67379,0.23182718995817636
time,triangle,0.880625,1000,2,67380,0.22699293427366074
time,triangle,0.880625,1000,3,67381,0.2178128172776838
time,triangle,0.880625,1000,4,67382,0.10931694220561779
time,triangle,0.880625,1000,5,67383,0.21637467401910543
time,triangle,0.880625,1000,6,67384,0.19494304593098213
time,triangle,0.880625,1000,7,67385,0.14540805821925232
time,triangle,0.880625,1000,8,67386,0.15632504667564923
time,triangle,0.880625,1000,9,67387,0.2360491440467043
time,triangle,0.880625,1000,10,67388,0.11817738429983411
time,triangle,0.880625,1000,11,67389,0.16433952326051762
time,triangle,0.880625,1000,12,67390,0.16026668492589177
time,triangle,0.880625,1000,13,67391,0.21493947342862493
time,triangle,0.880625,1000,14,67392,0.14127923318372054
time,triangle,0.880625,1000,15,67393,0.11380293175803297
time,triangle,0.880625,1000,16,67394,0.21640421410315056
time,triangle,0.880625,1000,17,67395,0.1644892114775555
time,triangle,0.880625,1000,18,67396,0.16229504381992219
time,triangle,0.880625,1000,19,67397,0.2189570742919152
time,triangle,0.880625,1000,20,67398,0.15803142562340666
time,triangle,0.880625,1000,21,67399,0.1692237164044183
time,triangle,0.880625,1000,22,67400,0.16012643916404157
time,triangle,0.880625,1000,23,67401,0.21352451813612583
time,triangle,0.880625,1000,24,67402,0.1250548874777272
time,triangle,0.880625,1000,25,67403,0.13424990744163415
time,triangle,0.880625,1000,26,67404,0.09737407611048625
time,triangle,0.880625,1000,27,67405,0.1561304363879425
time,triangle,0.880625,1000,28,67406,0.08919723281597526
time,triangle,0.880625,1000,29,67407,0.14750315999395516
time,triangle,0.880625,1000,30,67408,0.15359096374062986
time,triangle,0.880625,1000,31,67409,0.2598055033403684
time,triangle,0.880625,1000,32,67410,0.14185411597106606
time,triangle,0.880625,1000,33,67411,0.23943650627349203
time,triangle,0.880625,1000,34,67412,0.14762570114289478
time,triangle,0.880625,1000,35,67413,0.07545060995246672
time,triangle,0.880625,1000,36,67414,0.2533214816019979
time,triangle,0.880625,1000,37,67415,0.30306607935356694
time,triangle,0.880625,1000,38,67416,0.2489978463410269
time,triangle,0.880625,1000,39,67417,0.2048606768661009
time,triangle,0.880625,1000,40,67418,0.2107997244786745
time,triangle,0.880625,1000,41,67419,0.22045636709583882
time,triangle,0.880625,1000,42,67420,0.14879367124051462
time,triangle,0.880625,1000,43,67421,0.17351937051235736
time,triangle,0.880625,1000,44,67422,0.23111002814075046
time,triangle,0.880625,1000,45,67423,0.2880063626308671
time,triangle,0.880625,1000,46,67424,0.1325511046006615
time,triangle,0.880625,1000,47,67425,0.19023982248450927
time,triangle,0.880625,1000,48,67426,0.15203288010089588
time,triangle,0.880625,1000,49,67427,0.17035248076245804
time,triangle,1.005,1000,0,66568,0.06483615827380623
time,triangle,1.005,1000,1,66569,0.18807265946794421
time,triangle,1.005,1000,2,66570,0.34658033952616946
time,triangle,1.005,1000,3,66571,0.20002736805923796
time,triangle,1.005,1000,4,66572,0.15446583155717558
time,triangle,1.005,1000,5,66573,0.27011518129650625
time,triangle,1.005,1000,6,66574,0.0764903636385107
time,triangle,1.005,1000,7,66575,0.20843341592827327
time,triangle,1.005,1000,8,66576,0.08938845130791413
time,triangle,1.005,1000,9,66577,0.10103219184699862
time,triangle,1.005,1000,10,66578,0.15388012234601603
time,triangle,1.005,1000,11,66579,0.10527786902772646
time,triangle,1.005,1000,12,66580,0.31370662877930316
time,triangle,1.005,1000,13,66581,0.11402494561121708
time,triangle,1.005,1000,14,66582,0.16563112898546348
time,triangle,1.005,1000,15,66583,0.10537184361007695
time,triangle,1.005,1000,16,66584,0.17277512935879513
time,triangle,1.005,1000,17,66585,0.1415443713171449
time,triangle,1.005,1000,18,66586,0.23056481662425382
time,triangle,1.005,1000,19,66587,0.25280058187827165
time,triangle,1.005,1000,20,66588,0.19521570485849765
time,triangle,1.005,1000,21,66589,0.18778398883047073
time,triangle,1.005,1000,22,66590,0.2248390817069633
time,triangle,1.005,1000,23,66591,0.1803252159887626
time,triangle,1.005,1000,24,66592,0.12543395354630618
time,triangle,1.005,1000,25,66593,0.18043655155070293
time,triangle,1.005,1000,26,66594,0.2324269442819685
time,triangle,1.005,1000,27,66595,0.10350378417423456
time,triangle,1.005,1000,28,66596,0.27624352514125744
time,triangle,1.005,1000,29,66597,0.09249472372601646
time,triangle,1.005,1000,30,66598,0.12646509191580566
time,triangle,1.005,1000,31,66599,0.1933416266157057
time,triangle,1.005,1000,32,66600,0.20697400293435525
time,triangle,1.005,1000,33,66601,0.12861237183647056
time,triangle,1.005,1000,34,66602,0.12599559685760575
time,triangle,1.005,1000,35,66603,0.18475669233796616
time,triangle,1.005,1000,36,66604,0.23914120653011128
time,triangle,1.005,1000,37,66605,0.12122830903863692
time,triangle,1.005,1000,38,66606,0.10482408882825273
time,triangle,1.005,1000,39,66607,0.16646814645759486
time,triangle,1.005,1000,40,66608,0.1677930463744427
time,triangle,1.005,1000,41,66609,0.208128925654113
time,triangle,1.005,1000,42,66610,0.14690763229087977
time,triangle,1.005,1000,43,66611,0.322649317657906
time,triangle,1.005,1000,44,66612,0.14243255584058934
time,triangle,1.005,1000,45,66613,0.17880316070707158
time,triangle,1.005,1000,46,66614,0.1903215308380028
time,triangle,1.005,1000,47,66615,0.3094278250734311
time,triangle,1.005,1000,48,66616,0.20964322441741687
time,triangle,1.005,1000,49,66617,0.2552810689013208
time,triangle,1.129375,1000,0,67366,0.1907897221686476
time,triangle,1.129375,1000,1,67367,0.2798806986577862
time,triangle,1.129375,1000,2,67368,0.14777897728916986
time,triangle,1.129375,1000,3,67369,0.36373226345134263
time,triangle,1.129375,1000,4,67370,0.19234518646870788
time,triangle,1.129375,1000,5,67371,0.2825969571279488
time,triangle,1.129375,1000,6,67372,0.16654245898519157
time,triangle,1.129375,1000,7,67373,0.23724949490693473
time,triangle,1.129375,1000,8,67374,0.2765806895809651
time,triangle,1.129375,1000,9,67375,0.21643586598739156
time,triangle,1.129375,1000,10,67376,0.2318438388460761
time,triangle,1.129375,1000,11,67377,0.23889089355924423
time,triangle,1.129375,1000,12,67378,0.1384337732080384
time,triangle,1.129375,1000,13,67379,0.2891434773981651
time,triangle,1.129375,1000,14,67380,0.2800687442240304
time,triangle,1.129375,1000,15,67381,0.26944380726601885
time,triangle,1.129375,1000,16,67382,0.10951007146195246
time,triangle,1.129375,1000,17,67383,0.26024121137309575
time,triangle,1.129375,1000,18,67384,0.23722513179662963
time,triangle,1.129375,1000,19,67385,0.18457692354498578
time,triangle,1.129375,1000,20,67386,0.19310655248544015
time,triangle,1.129375,1000,21,67387,0.29624871169473693
time,triangle,1.129375,1000,22,67388,0.14914616785316243
time,triangle,1.129375,1000,23,67389,0.20712222996349505
time,triangle,1.129375,1000,24,67390,0.19867852814879855
time,triangle,1.129375,1000,25,67391,0.2712549131383277
time,triangle,1.129375,1000,26,67392,0.1783833115267757
time,triangle,1.129375,1000,27,67393,0.14457301287773036
time,triangle,1.129375,1000,28,67394,0.27456585216382
time,triangle,1.129375,1000,29,67395,0.20856870730045265
time,triangle,1.129375,1000,30,67396,0.19760698543564437
time,triangle,1.129375,1000,31,67397,0.2631204672812303
time,triangle,1.129375,1000,32,67398,0.20235536284527722
time,triangle,1.129375,1000,33,67399,0.21302800091987617
time,triangle,1.129375,1000,34,67400,0.20124449637622188
time,triangle,1.129375,1000,35,67401,0.27410931809449296
time,triangle,1.129375,1000,36,67402,0.16020637907042104
time,triangle,1.129375,1000,37,67403,0.13433447362999282
time,triangle,1.129375,1000,38,67404,0.1282478102593419
time,triangle,1.129375,1000,39,67405,0.1997501261407786
time,triangle,1.129375,1000,40,67406,0.10535724204532054
time,triangle,1.129375,1000,41,67407,0.18986536591020792
time,triangle,1.129375,1000,42,67408,0.1951852437717767
time,triangle,1.129375,1000,43,67409,0.33392155854317135
time,triangle,1.129375,1000,44,67410,0.18092171034327606
time,triangle,1.129375,1000,45,67411,0.30524669468896026
time,triangle,1.129375,1000,46,67412,0.1810473450362304
time,triangle,1.129375,1000,47,67413,0.09362485449424104
time,triangle,1.129375,1000,48,67414,0.32486605568763616
time,triangle,1.129375,1000,49,67415,0.3749163488977835
time,triangle,1.25375,1000,0,67171,0.18038221196022883
time,triangle,1.25375,1000,1,67172,0.1378572602049013
time,triangle,1.25375,1000,2,67173,0.1905060305049831
time,triangle,1.25375,1000,3,67174,0.2231772016702448
time,triangle,1.25375,1000,4,67175,0.24739471314157396
time,triangle,1.25375,1000,5,67176,0.22516883818938632
time,triangle,1.25375,1000,6,67177,0.20023792332539894
time,triangle,1.25375,1000,7,67178,0.09391253679265857
time,triangle,1.25375,1000,8,67179,0.29139629801452704
time,triangle,1.25375,1000,9,67180,0.1451873135648669
time,triangle,1.25375,1000,10,67181,0.23461076572034392
time,triangle,1.25375,1000,11,67182,0.42448438007102124
time,triangle,1.25375,1000,12,67183,0.2139481118438531
time,triangle,1.25375,1000,13,67184,0.19990535387845856
time,triangle,1.25375,1000,14,67185,0.3619789990942764
time,triangle,1.25375,1000,15,67186,0.29525606692658346
time,triangle,1.25375,1000,16,67187,0.15686030824835936
time,triangle,1.25375,1000,17,67188,0.2364354161813213
time,triangle,1.25375,1000,18,67189,0.43060811314899794
time,triangle,1.25375,1000,19,67190,0.370045103886244
time,triangle,1.25375,1000,20,67191,0.13932752616473704
time,triangle,1.25375,1000,21,67192,0.2711696622336027
time,triangle,1.25375,1000,22,67193,0.28664144336903974
time,triangle,1.25375,1000,23,67194,0.21745053994363067
time,triangle,1.25375,1000,24,67195,0.21486349618945916
time,triangle,1.25375,1000,25,67196,0.18669040355059383
time,triangle,1.25375,1000,26,67197,0.2074489909047177
time,triangle,1.25375,1000,27,67198,0.223608635886064
time,triangle,1.25375,1000,28,67199,0.21498541728902332
time,triangle,1.25375,1000,29,67200,0.26874732153407865
time,triangle,1.25375,1000,30,67201,0.3200620722890148
time,triangle,1.25375,1000,31,67202,0.47468705940553996
time,triangle,1.25375,1000,32,67203,0.36258742967799557
time,triangle,1.25375,1000,33,67204,0.24367329366159413
time,triangle,1.25375,1000,34,67205,0.2889679901467606
time,triangle,1.25375,1000,35,67206,0.0982443451947585
time,triangle,1.25375,1000,36,67207,0.34301135476440814
time,triangle,1.25375,1000,37,67208,0.21451905582179964
time,triangle,1.25375,1000,38,67209,0.2986694508588745
time,triangle,1.25375,1000,39,67210,0.27335324279506434
time,triangle,1.25375,1000,40,67211,0.3054397549080324
time,triangle,1.25375,1000,41,67212,0.21516504684111953
time,triangle,1.25375,1000,42,67213,0.13825375326210776
time,triangle,1.25375,1000,43,67214,0.19570025619715647
time,triangle,1.25375,1000,44,67215,0.3550939690122534
time,triangle,1.25375,1000,45,67216,0.11996175404517619
time,triangle,1.25375,1000,46,67217,0.32394444917546067
time,triangle,1.25375,1000,47,67218,0.3116861199604681
time,triangle,1.25375,1000,48,67219,0.21372165941316246
time,triangle,1.25375,1000,49,67220,0.147494189761103
time,triangle,1.378125,1000,0,67310,0.17073353170238012
time,triangle,1.378125,1000,1,67311,0.4678401112437525
time,triangle,1.378125,1000,2,67312,0.2592420428594837
time,triangle,1.378125,1000,3,67313,0.5250675411967564
time,triangle,1.378125,1000,4,67314,0.34999197794410175
time,triangle,1.378125,1000,5,67315,0.3100358450989595
time,triangle,1.378125,1000,6,67316,0.40831878414750145
time,triangle,1.378125,1000,7,67317,0.3853329090512938
time,triangle,1.378125,1000,8,67318,0.3226107665212218
time,triangle,1.378125,1000,9,67319,0.48293561094665655
time,triangle,1.378125,1000,10,67320,0.19266088623385264
time,triangle,1.378125,1000,11,67321,0.17857110400028975
time,triangle,1.378125,1000,12,67322,0.3049173813401153
time,triangle,1.378125,1000,13,67323,0.22862892666282514
time,triangle,1.378125,1000,14,67324,0.26659468685001614
time,triangle,1.378125,1000,15,67325,0.2302776234562509
time,triangle,1.378125,1000,16,67326,0.37738621755481444
time,triangle,1.378125,1000,17,67327,0.2715565478479893
time,triangle,1.378125,1000,18,67328,0.37177378378786075
time,triangle,1.378125,1000,19,67329,0.07859030339018744
time,triangle,1.378125,1000,20,67330,0.3915547348109654
time,triangle,1.378125,1000,21,67331,0.42543372386426126
time,triangle,1.378125,1000,22,67332,0.14015951261850426
time,triangle,1.378125,1000,23,67333,0.3795597988211163
time,triangle,1.378125,1000,24,67334,0.23972175023515588
time,triangle,1.378125,1000,25,67335,0.1999198454675862
time,triangle,1.378125,1000,26,67336,0.29737659033718883
time,triangle,1.378125,1000,27,67337,0.2856384597289866
time,triangle,1.378125,1000,28,67338,0.1799287982694893
time,triangle,1.378125,1000,29,67339,0.2163194957945862
time,triangle,1.378125,1000,30,67340,0.21971266408779036
time,triangle,1.378125,1000,31,67341,0.3491417241332802
time,triangle,1.378125,1000,32,67342,0.12925331542163776
time,triangle,1.378125,1000,33,67343,0.20844214676801964
time,triangle,1.378125,1000,34,67344,0.364854950015291
time,triangle,1.378125,1000,35,67345,0.594572400335349
time,triangle,1.378125,1000,36,67346,0.1643449306397314
time,triangle,1.378125,1000,37,67347,0.44941736407354627
time,triangle,1.378125,1000,38,67348,0.2164272272670478
time,triangle,1.378125,1000,39,67349,0.4223729626604725
time,triangle,1.378125,1000,40,67350,0.1349430070468988
time,triangle,1.378125,1000,41,67351,0.24425829273226599
time,triangle,1.378125,1000,42,67352,0.3422992628972092
time,triangle,1.378125,1000,43,67353,0.2090733824287792
time,triangle,1.378125,1000,44,67354,0.4205228374093077
time,triangle,1.378125,1000,45,67355,0.3912359216810164
time,triangle,1.378125,1000,46,67356,0.25562475396671763
time,triangle,1.378125,1000,47,67357,0.12272397540173871
time,triangle,1.378125,1000,48,67358,0.2622910885758437
time,triangle,1.378125,1000,49,67359,0.3706416260086415
time,triangle,1.5025,1000,0,66808,0.21101588769510035
time,triangle,1.5025,1000,1,66809,0.3271239779924524
time,triangle,1.5025,1000,2,66810,0.2511876459287146
time,triangle,1.5025,1000,3,66811,0.5825564886871336
time,triangle,1.5025,1000,4,66812,0.25184103139460307
time,triangle,1.5025,1000,5,66813,0.4058056386358474
time,triangle,1.5025,1000,6,66814,0.21239248553325343
time,triangle,1.5025,1000,7,66815,0.2817813383155367
time,triangle,1.5025,1000,8,66816,0.22912506940243693
time,triangle,1.5025,1000,9,66817,0.534617200665669
time,triangle,1.5025,1000,10,66818,0.3898439950977088
time,triangle,1.5025,1000,11,66819,0.3557759297051204
time,triangle,1.5025,1000,12,66820,0.1331209717615872
time,triangle,1.5025,1000,13,66821,0.26351856167263515
time,triangle,1.5025,1000,14,66822,0.18437524057644866
time,triangle,1.5025,1000,15,66823,0.31455745878125946
time,triangle,1.5025,1000,16,66824,0.40602024890100946
time,triangle,1.5025,1000,17,66825,0.27783296534699
time,triangle,1.5025,1000,18,66826,0.27093703603514135
time,triangle,1.5025,1000,19,66827,0.21030191503823628
time,triangle,1.5025,1000,20,66828,0.5719243904532658
time,triangle,1.5025,1000,21,66829,0.1693410922390073
time,triangle,1.5025,1000,22,66830,0.23197632156312775
time,triangle,1.5025,1000,23,66831,0.3591724130596113
time,triangle,1.5025,1000,24,66832,0.14549444579069773
time,triangle,1.5025,1000,25,66833,0.28342372386297543
time,triangle,1.5025,1000,26,66834,0.2153851626913877
time,triangle,1.5025,1000,27,66835,0.2206313856523438
time,triangle,1.5025,1000,28,66836,0.43289638762104615
time,triangle,1.5025,1000,29,66837,0.2827789912259282
time,triangle,1.5025,1000,30,66838,0.33516483029521676
time,triangle,1.5025,1000,31,66839,0.15199603257967514
time,triangle,1.5025,1000,32,66840,0.3187121014299579
time,triangle,1.5025,1000,33,66841,0.49517410343970825
time,triangle,1.5025,1000,34,66842,0.42813346111659095
time,triangle,1.5025,1000,35,66843,0.18966059565776772
time,triangle,1.5025,1000,36,66844,0.4628180155776317
time,triangle,1.5025,1000,37,66845,0.12223607068156156
time,triangle,1.5025,1000,38,66846,0.2901036047908838
time,triangle,1.5025,1000,39,66847,0.3112234583493826
time,triangle,1.5025,1000,40,66848,0.18272749895669094
time,triangle,1.5025,1000,41,66849,0.47306224307954636
time,triangle,1.5025,1000,42,66850,0.19672289503506826
time,triangle,1.5025,1000,43,66851,0.4092248444330448
time,triangle,1.5025,1000,44,66852,0.19784714781238533
time,triangle,1.5025,1000,45,66853,0.21765025524428136
time,triangle,1.5025,1000,46,66854,0.0986069504938227
time,triangle,1.5025,1000,47,66855,0.2304022595631208
time,triangle,1.5025,1000,48,66856,0.1723670446164205
time,triangle,1.5025,1000,49,66857,0.38494699119126546
time,triangle,1.626875,1000,0,67606,0.27159103295247816
time,triangle,1.626875,1000,1,67607,0.3553676693217331
time,triangle,1.626875,1000,2,67608,0.2821915343491243
time,triangle,1.626875,1000,3,67609,0.2758986921400357
time,triangle,1.626875,1000,4,67610,0.4620523938590921
time,triangle,1.626875,1000,5,67611,0.369666186934769
time,triangle,1.626875,1000,6,67612,0.23848177212445135
time,triangle,1.626875,1000,7,67613,0.3945725682141894
time,triangle,1.626875,1000,8,67614,0.39603856338445237
time,triangle,1.626875,1000,9,67615,0.462856117009829
time,triangle,1.626875,1000,10,67616,0.15446073758770443
time,triangle,1.626875,1000,11,67617,0.27109773560896583
time,triangle,1.626875,1000,12,67618,0.2573400896749297
time,triangle,1.626875,1000,13,67619,0.2983370711325606
time,triangle,1.626875,1000,14,67620,0.2568884002170433
time,triangle,1.626875,1000,15,67621,0.4704570084200081
time,triangle,1.626875,1000,16,67622,0.20361803601128478
time,triangle,1.626875,1000,17,67623,0.1549578496546127
time,triangle,1.626875,1000,18,67624,0.3639230490801698
time,triangle,1.626875,1000,19,67625,0.22444164807828107
time,triangle,1.626875,1000,20,67626,0.6286161207520482
time,triangle,1.626875,1000,21,67627,0.32225627324041956
time,triangle,1.626875,1000,22,67628,0.274821777771195
time,triangle,1.626875,1000,23,67629,0.4266735625427857
time,triangle,1.626875,1000,24,67630,0.5920042007621611
time,triangle,1.626875,1000,25,67631,0.4319083044461956
time,triangle,1.626875,1000,26,67632,0.3414430602551187
time,triangle,1.626875,1000,27,67633,0.3867539580564103
time,triangle,1.626875,1000,28,67634,0.28967946988379034
time,triangle,1.626875,1000,29,67635,0.3924785275846007
time,triangle,1.626875,1000,30,67636,0.5584404829213288
time,triangle,1.626875,1000,31,67637,0.24401284830592365
time,triangle,1.626875,1000,32,67638,0.12724106555136
time,triangle,1.626875,1000,33,67639,0.5008250963926054
time,triangle,1.626875,1000,34,67640,0.5564970668280939
time,triangle,1.626875,1000,35,67641,0.0922486130101802
time,triangle,1.626875,1000,36,67642,0.3199522594087576
time,triangle,1.626875,1000,37,67643,0.4962577082119536
time,triangle,1.626875,1000,38,67644,0.37878097796777194
time,triangle,1.626875,1000,39,67645,0.2940393398572102
time,triangle,1.626875,1000,40,67646,0.36534307780770076
time,triangle,1.626875,1000,41,67647,0.24507524757084662
time,triangle,1.626875,1000,42,67648,0.17881728608559827
time,triangle,1.626875,1000,43,67649,0.31476021633354123
time,triangle,1.626875,1000,44,67650,0.41580628786122925
time,triangle,1.626875,1000,45,67651,0.3907914294187751
time,triangle,1.626875,1000,46,67652,0.24080590480619757
time,triangle,1.626875,1000,47,67653,0.19594018115413647
time,triangle,1.626875,1000,48,67654,0.2641498588928083
time,triangle,1.626875,1000,49,67655,0.306272726022009
time,triangle,1.75125,1000,0,67086,0.3807864770660814
time,triangle,1.75125,1000,1,67087,0.5338105214489036
time,triangle,1.75125,1000,2,67088,0.9823754604395866
time,triangle,1.75125,1000,3,67089,0.692001229116665
time,triangle,1.75125,1000,4,67090,0.35239745347282864
time,triangle,1.75125,1000,5,67091,0.6079758838817666
time,triangle,1.75125,1000,6,67092,0.44417680655000535
time,triangle,1.75125,1000,7,67093,0.7249137056138518
time,triangle,1.75125,1000,8,67094,0.43037900940187457
time,triangle,1.75125,1000,9,67095,0.40924636578132395
time,triangle,1.75125,1000,10,67096,0.3548965570798924
time,triangle,1.75125,1000,11,67097,0.39314066953072707
time,triangle,1.75125,1000,12,67098,0.5858354061043729
time,triangle,1.75125,1000,13,67099,0.3671260850001349
time,triangle,1.75125,1000,14,67100,0.2543924566581908
time,triangle,1.75125,1000,15,67101,0.6342932176320626
time,triangle,1.75125,1000,16,67102,0.20116375595088562
time,triangle,1.75125,1000,17,67103,0.5474286012518078
time,triangle,1.75125,1000,18,67104,0.2712440678623689
time,triangle,1.75125,1000,19,67105,0.5330728656903406
time,triangle,1.75125,1000,20,67106,0.6626207782884564
time,triangle,1.75125,1000,21,67107,0.29745793328062664
time,triangle,1.75125,1000,22,67108,0.5296561999153407
time,triangle,1.75125,1000,23,67109,0.29295262620059415
time,triangle,1.75125,1000,24,67110,0.4034829639021875
time,triangle,1.75125,1000,25,67111,0.3272067240816052
time,triangle,1.75125,1000,26,67112,0.46805430691946304
time,triangle,1.75125,1000,27,67113,0.32899565505762945
time,triangle,1.75125,1000,28,67114,0.5065658454923698
time,triangle,1.75125,1000,29,67115,0.42370516000237374
time,triangle,1.75125,1000,30,67116,0.34471839472589966
time,triangle,1.75125,1000,31,67117,0.3997792264431984
time,triangle,1.75125,1000,32,67118,0.13595480550633926
time,triangle,1.75125,1000,33,67119,0.606913282736658
time,triangle,1.75125,1000,34,67120,0.2429279804924514
time,triangle,1.75125,1000,35,67121,0.11840106906409095
time,triangle,1.75125,1000,36,67122,0.4681419568650104
time,triangle,1.75125,1000,37,67123,0.37974301608353844
time,triangle,1.75125,1000,38,67124,0.14725934060942955
time,triangle,1.75125,1000,39,67125,0.21349143194582096
time,triangle,1.75125,1000,40,67126,0.3163303499794187
time,triangle,1.75125,1000,41,67127,0.394333039945527
time,triangle,1.75125,1000,42,67128,0.3022723983041094
time,triangle,1.75125,1000,43,67129,0.36595199635830955
time,triangle,1.75125,1000,44,67130,0.2576407204780891
time,triangle,1.75125,1000,45,67131,0.5504171888242606
time,triangle,1.75125,1000,46,67132,0.19848527989455694
time,triangle,1.75125,1000,47,67133,0.29794658205716557
time,triangle,1.75125,1000,48,67134,0.17546619047296413
time,triangle,1.75125,1000,49,67135,0.7920734725720187
time,triangle,1.875625,1000,0,67550,0.3812148190499095
time,triangle,1.875625,1000,1,67551,0.3125096114132783
time,triangle,1.875625,1000,2,67552,0.3785207218067489
time,triangle,1.875625,1000,3,67553,0.3964232002199579
time,triangle,1.875625,1000,4,67554,0.36835173561899615
time,triangle,1.875625,1000,5,67555,0.5703877834583685
time,triangle,1.875625,1000,6,67556,0.4709006219869158
time,triangle,1.875625,1000,7,67557,0.7056073142202733
time,triangle,1.875625,1000,8,67558,0.30327853388098464
time,triangle,1.875625,1000,9,67559,0.3582837411372158
time,triangle,1.875625,1000,10,67560,0.4297424552947759
time,triangle,1.875625,1000,11,67561,0.3357773796590055
time,triangle,1.875625,1000,12,67562,0.5262060568515319
time,triangle,1.875625,1000,13,67563,0.34545635658737783
time,triangle,1.875625,1000,14,67564,0.3736716973803925
time,triangle,1.875625,1000,15,67565,0.25862306511124805
time,triangle,1.875625,1000,16,67566,0.21541337396695256
time,triangle,1.875625,1000,17,67567,0.3539876407937371
time,triangle,1.875625,1000,18,67568,0.2806871086176666
time,triangle,1.875625,1000,19,67569,0.2691626048865861
time,triangle,1.875625,1000,20,67570,0.4006828155818209
time,triangle,1.875625,1000,21,67571,0.17956358711329448
time,triangle,1.875625,1000,22,67572,0.4810113595996852
time,triangle,1.875625,1000,23,67573,0.45397921216509984
time,triangle,1.875625,1000,24,67574,0.5084201893100407
time,triangle,1.875625,1000,25,67575,0.6283041041594712
time,triangle,1.875625,1000,26,67576,0.6563397220136966
time,triangle,1.875625,1000,27,67577,0.8997047889188889
time,triangle,1.875625,1000,28,67578,0.5532086661077182
time,triangle,1.875625,1000,29,67579,0.3147106883289042
time,triangle,1.875625,1000,30,67580,0.3900082612494607
time,triangle,1.875625,1000,31,67581,0.3031703355219187
time,triangle,1.875625,1000,32,67582,0.592666851809878
time,triangle,1.875625,1000,33,67583,0.6714203042889597
time,triangle,1.875625,1000,34,67584,0.3469953815909392
time,triangle,1.875625,1000,35,67585,0.5522377060536829
time,triangle,1.875625,1000,36,67586,0.32291506752343313
time,triangle,1.875625,1000,37,67587,0.37576328557914596
time,triangle,1.875625,1000,38,67588,0.617323285007258
time,triangle,1.875625,1000,39,67589,0.44895415392698346
time,triangle,1.875625,1000,40,67590,0.41417259418508373
time,triangle,1.875625,1000,41,67591,0.5488774552417003
time,triangle,1.875625,1000,42,67592,0.5227391772731818
time,triangle,1.875625,1000,43,67593,0.407236598045038
time,triangle,1.875625,1000,44,67594,0.7837732286366429
time,triangle,1.875625,1000,45,67595,0.44068812040119554
time,triangle,1.875625,1000,46,67596,0.8943440916362454
time,triangle,1.875625,1000,47,67597,0.40417702021007457
time,triangle,1.875625,1000,48,67598,0.39644197811698856
time,triangle,1.875625,1000,49,67599,0.22595774033651894
time,triangle,2.0,1000,0,66424,0.3672216621403409
time,triangle,2.0,1000,1,66425,0.39339012236767595
time,triangle,2.0,1000,2,66426,1.0206287779322112
time,triangle,2.0,1000,3,66427,0.13059935355598334
time,triangle,2.0,1000,4,66428,0.6568663071805293
time,triangle,2.0,1000,5,66429,0.5129886381340211
time,triangle,2.0,1000,6,66430,0.5305724281164059
time,triangle,2.0,1000,7,66431,0.7059379717164513
time,triangle,2.0,1000,8,66432,0.428983361184167
time,triangle,2.0,1000,9,66433,0.32487537743286626
time,triangle,2.0,1000,10,66434,0.7998985328085596
time,triangle,2.0,1000,11,66435,0.6057177276237072
time,triangle,2.0,1000,12,66436,0.5900991671144461
time,triangle,2.0,1000,13,66437,0.2046657087198085
time,triangle,2.0,1000,14,66438,0.3529655697115523
time,triangle,2.0,1000,15,66439,0.6960479547575127
time,triangle,2.0,1000,16,66440,0.252156334639784
time,triangle,2.0,1000,17,66441,0.4321120969212367
time,triangle,2.0,1000,18,66442,0.39347529859706765
time,triangle,2.0,1000,19,66443,0.6012393716285185
time,triangle,2.0,1000,20,66444,0.6161912525878205
time,triangle,2.0,1000,21,66445,0.552832076890638
time,triangle,2.0,1000,22,66446,0.41879005608166764
time,triangle,2.0,1000,23,66447,0.36670658365583525
time,triangle,2.0,1000,24,66448,0.52470433877347
time,triangle,2.0,1000,25,66449,0.44350707395594957
time,triangle,2.0,1000,26,66450,0.5704631093287275
time,triangle,2.0,1000,27,66451,0.7809217984317923
time,triangle,2.0,1000,28,66452,0.3578696132097683
time,triangle,2.0,1000,29,66453,0.6564575187927209
time,triangle,2.0,1000,30,66454,0.6260831717339137
time,triangle,2.0,1000,31,66455,0.5795739401762046
time,triangle,2.0,1000,32,66456,0.49787470441270965
time,triangle,2.0,1000,33,66457,0.43648423423431953
time,triangle,2.0,1000,34,66458,0.551866052995488
time,triangle,2.0,1000,35,66459,0.5946242348104991
time,triangle,2.0,1000,36,66460,0.35133994721290074
time,triangle,2.0,1000,37,66461,0.4641411621381342
time,triangle,2.0,1000,38,66462,0.6261418795586084
time,triangle,2.0,1000,39,66463,0.5037420247342717
time,triangle,2.0,1000,40,66464,0.36139958323020016
time,triangle,2.0,1000,41,66465,1.0536845919785698
time,triangle,2.0,1000,42,66466,0.6270848931983838
time,triangle,2.0,1000,43,66467,0.6271284417266602
time,triangle,2.0,1000,44,66468,0.38560471765931315
time,triangle,2.0,1000,45,66469,0.5397902683055349
time,triangle,2.0,1000,46,66470,0.6248298325401792
time,triangle,2.0,1000,47,66471,0.33508742476072606
time,triangle,2.0,1000,48,66472,0.6366075529979492
time,triangle,2.0,1000,49,66473,0.22907408764103632
sample,triangle,1.0,300,0,78515,0.3628434515067628
sample,triangle,1.0,300,1,78516,0.15830609680908125
sample,triangle,1.0,300,2,78517,0.29595024750198123
sample,triangle,1.0,300,3,78518,0.5706132252759892
sample,triangle,1.0,300,4,78519,0.36676800696507206
sample,triangle,1.0,300,5,78520,0.4384408302482009
sample,triangle,1.0,300,6,78521,0.302012672775404
sample,triangle,1.0,300,7,78522,0.2066052311597882
sample,triangle,1.0,300,8,78523,0.3839677857578256
sample,triangle,1.0,300,9,78524,0.265598951225407
sample,triangle,1.0,300,10,78525,0.3718803819056374
sample,triangle,1.0,300,11,78526,0.3652595021568513
sample,triangle,1.0,300,12,78527,0.2731391327874842
sample,triangle,1.0,300,13,78528,0.34665822256508977
sample,triangle,1.0,300,14,78529,0.4743514084994968
sample,triangle,1.0,300,15,78530,0.34425337903702175
sample,triangle,1.0,300,16,78531,0.5617001408546083
sample,triangle,1.0,300,17,78532,0.2844624496614661
sample,triangle,1.0,300,18,78533,0.3008450338027344
sample,triangle,1.0,300,19,78534,0.23015029681467788
sample,triangle,1.0,300,20,78535,0.334915985116158
sample,triangle,1.0,300,21,78536,0.3271180190921482
sample,triangle,1.0,300,22,78537,0.2560148128632315
sample,triangle,1.0,300,23,78538,0.48363674596898215
sample,triangle,1.0,300,24,78539,0.5406849746829335
sample,triangle,1.0,300,25,78540,0.46900061774399465
sample,triangle,1.0,300,26,78541,0.32563061525242293
sample,triangle,1.0,300,27,78542,0.20821136628099274
sample,triangle,1.0,300,28,78543,0.14059584890136975
sample,triangle,1.0,300,29,78544,0.14830059692154754
sample,triangle,1.0,300,30,78545,0.16292884177290437
sample,triangle,1.0,300,31,78546,0.12781988863871765
sample,triangle,1.0,300,32,78547,0.7778505341375913
sample,triangle,1.0,300,33,78548,0.33764279874866027
sample,triangle,1.0,300,34,78549,0.3311732463242397
sample,triangle,1.0,300,35,78550,0.20254208826840003
sample,triangle,1.0,300,36,78551,0.18049672208551878
sample,triangle,1.0,300,37,78552,0.3047628103689862
sample,triangle,1.0,300,38,78553,0.4918835305179635
sample,triangle,1.0,300,39,78554,0.27566064373171073
sample,triangle,1.0,300,40,78555,0.3222356715651311
sample,triangle,1.0,300,41,78556,0.45459624941855037
sample,triangle,1.0,300,42,78557,0.4075905275849791
sample,triangle,1.0,300,43,78558,0.6666841529886862
sample,triangle,1.0,300,44,78559,0.25392091657321475
sample,triangle,1.0,300,45,78560,0.19078898993891036
sample,triangle,1.0,300,46,78561,0.14494220005686795
sample,triangle,1.0,300,47,78562,0.2247088506461129
sample,triangle,1.0,300,48,78563,0.21678214413739083
sample,triangle,1.0,300,49,78564,0.37776677074667886
sample,triangle,1.0,1000,0,80713,0.38356375370058077
sample,triangle,1.0,1000,1,80714,0.2578350701647528
sample,triangle,1.0,1000,2,80715,0.11362412704302696
sample,triangle,1.0,1000,3,80716,0.40756266989126916
sample,triangle,1.0,1000,4,80717,0.1948504514697455
sample,triangle,1.0,1000,5,80718,0.1911556925431162
sample,triangle,1.0,1000,6,80719,0.24886538356659738
sample,triangle,1.0,1000,7,80720,0.15888880567222843
sample,triangle,1.0,1000,8,80721,0.12242121430208998
sample,triangle,1.0,1000,9,80722,0.2136466952342013
sample,triangle,1.0,1000,10,80723,0.1891196959062042
sample,triangle,1.0,1000,11,80724,0.19049941760703254
sample,triangle,1.0,1000,12,80725,0.20525887938571136
sample,triangle,1.0,1000,13,80726,0.2649657995771108
sample,triangle,1.0,1000,14,80727,0.10703737270904018
sample,triangle,1.0,1000,15,80728,0.08603127706066532
sample,triangle,1.0,1000,16,80729,0.15031957518215475
sample,triangle,1.0,1000,17,80730,0.16361724609651698
sample,triangle,1.0,1000,18,80731,0.21229252352273326
sample,triangle,1.0,1000,19,80732,0.20650453419437997
sample,triangle,1.0,1000,20,80733,0.12423269985825793
sample,triangle,1.0,1000,21,80734,0.3509385864886003
sample,triangle,1.0,1000,22,80735,0.16067439292352345
sample,triangle,1.0,1000,23,80736,0.2589332664641507
sample,triangle,1.0,1000,24,80737,0.17569952594592778
sample,triangle,1.0,1000,25,80738,0.114381985191971
sample,triangle,1.0,1000,26,80739,0.3171957064907403
sample,triangle,1.0,1000,27,80740,0.18176660837883646
sample,triangle,1.0,1000,28,80741,0.14784187399936452
sample,triangle,1.0,1000,29,80742,0.24711090060112942
sample,triangle,1.0,1000,30,80743,0.25597454215601684
sample,triangle,1.0,1000,31,80744,0.15985063417060766
sample,triangle,1.0,1000,32,80745,0.22391473022676223
sample,triangle,1.0,1000,33,80746,0.20900648881308972
sample,triangle,1.0,1000,34,80747,0.14376709494463627
sample,triangle,1.0,1000,35,80748,0.29074387367935345
sample,triangle,1.0,1000,36,80749,0.15514452563117817
sample,triangle,1.0,1000,37,80750,0.1682814351363442
sample,triangle,1.0,1000,38,80751,0.20539205386773962
sample,triangle,1.0,1000,39,80752,0.15660165085330277
sample,triangle,1.0,1000,40,80753,0.18890439375365284
sample,triangle,1.0,1000,41,80754,0.1602610330280527
sample,triangle,1.0,1000,42,80755,0.21090165133285121
sample,triangle,1.0,1000,43,80756,0.25596430842314677
sample,triangle,1.0,1000,44,80757,0.20696360784352227
sample,triangle,1.0,1000,45,80758,0.23869737743582223
sample,triangle,1.0,1000,46,80759,0.2531049349630755
sample,triangle,1.0,1000,47,80760,0.1502044164426749
sample,triangle,1.0,1000,48,80761,0.2530184943582623
sample,triangle,1.0,1000,49,80762,0.13306015289892004
sample,triangle,1.0,3000,0,80779,0.06392906078070575
sample,triangle,1.0,3000,1,80780,0.08795534677975657
sample,triangle,1.0,3000,2,80781,0.17920488432381385
sample,triangle,1.0,3000,3,80782,0.15963374996375443
sample,triangle,1.0,3000,4,80783,0.07390746769177016
sample,triangle,1.0,3000,5,80784,0.09060118462865317
sample,triangle,1.0,3000,6,80785,0.10030554526573021
sample,triangle,1.0,3000,7,80786,0.09608355348677772
sample,triangle,1.0,3000,8,80787,0.04923211167600942
sample,triangle,1.0,3000,9,80788,0.1455752114650641
sample,triangle,1.0,3000,10,80789,0.1341570544494819
sample,triangle,1.0,3000,11,80790,0.09181669419784787
sample,triangle,1.0,3000,12,80791,0.19320204447370679
sample,triangle,1.0,3000,13,80792,0.12476267142215752
sample,triangle,1.0,3000,14,80793,0.08944462624542393
sample,triangle,1.0,3000,15,80794,0.16250716389177547
sample,triangle,1.0,3000,16,80795,0.1277026083472632
sample,triangle,1.0,3000,17,80796,0.061423649643245724
sample,triangle,1.0,3000,18,80797,0.14946479906723664
sample,triangle,1.0,3000,19,80798,0.12649747988615018
sample,triangle,1.0,3000,20,80799,0.06595062207982588
sample,triangle,1.0,3000,21,80800,0.0750440523501969
sample,triangle,1.0,3000,22,80801,0.08214412681262377
sample,triangle,1.0,3000,23,80802,0.1131484451992423
sample,triangle,1.0,3000,24,80803,0.10449664380843603
sample,triangle,1.0,3000,25,80804,0.12459320097869314
sample,triangle,1.0,3000,26,80805,0.24226125069206791
sample,triangle,1.0,3000,27,80806,0.11135915697277433
sample,triangle,1.0,3000,28,80807,0.10499226375335403
sample,triangle,1.0,3000,29,80808,0.06442861571373162
sample,triangle,1.0,3000,30,80809,0.14224763411985122
sample,triangle,1.0,3000,31,80810,0.11975656319087473
sample,triangle,1.0,3000,32,80811,0.05365924018583235
sample,triangle,1.0,3000,33,80812,0.09807021614346066
sample,triangle,1.0,3000,34,80813,0.08579501280560237
sample,triangle,1.0,3000,35,80814,0.08911759115177044
sample,triangle,1.0,3000,36,80815,0.11613226223996836
sample,triangle,1.0,3000,37,80816,0.1087092648169607
sample,triangle,1.0,3000,38,80817,0.05144666236885236
sample,triangle,1.0,3000,39,80818,0.09354758308090734
sample,triangle,1.0,3000,40,80819,0.11934042327590823
sample,triangle,1.0,3000,41,80820,0.1268765156832935
sample,triangle,1.0,3000,42,80821,0.12398205689670026
sample,triangle,1.0,3000,43,80822,0.06310257890822693
sample,triangle,1.0,3000,44,80823,0.15241590201421318
sample,triangle,1.0,3000,45,80824,0.09729306069485975
sample,triangle,1.0,3000,46,80825,0.0829970937755548
sample,triangle,1.0,3000,47,80826,0.1246827848112866
sample,triangle,1.0,3000,48,80827,0.04836961761827904
sample,triangle,1.0,3000,49,80828,0.11829287668412296
sample,triangle,1.0,10000,0,83025,0.05085371890122536
sample,triangle,1.0,10000,1,83026,0.124356219819358
sample,triangle,1.0,10000,2,83027,0.033192912070522544
sample,triangle,1.0,10000,3,83028,0.07822793953366758
sample,triangle,1.0,10000,4,83029,0.04467550368598092
sample,triangle,1.0,10000,5,83030,0.048520706314148856
sample,triangle,1.0,10000,6,83031,0.07150039974389744
sample,triangle,1.0,10000,7,83032,0.07786568156250455
sample,triangle,1.0,10000,8,83033,0.0656692768541129
sample,triangle,1.0,10000,9,83034,0.05916063817506695
sample,triangle,1.0,10000,10,83035,0.062103768562332164
sample,triangle,1.0,10000,11,83036,0.09584268372271341
sample,triangle,1.0,10000,12,83037,0.047427240029856044
sample,triangle,1.0,10000,13,83038,0.07123455379811275
sample,triangle,1.0,10000,14,83039,0.07095514935891237
sample,triangle,1.0,10000,15,83040,0.05742677230762262
sample,triangle,1.0,10000,16,83041,0.028633189766977093
sample,triangle,1.0,10000,17,83042,0.11789507736411575
sample,triangle,1.0,10000,18,83043,0.09527906244973602
sample,triangle,1.0,10000,19,83044,0.0662010125298179
sample,triangle,1.0,10000,20,83045,0.08827927152659895
sample,triangle,1.0,10000,21,83046,0.08212775630875847
sample,triangle,1.0,10000,22,83047,0.06878945722601608
sample,triangle,1.0,10000,23,83048,0.05135296292397863
sample,triangle,1.0,10000,24,83049,0.07383667681089277
sample,triangle,1.0,10000,25,83050,0.04397938692789215
sample,triangle,1.0,10000,26,83051,0.06372583298113806
sample,triangle,1.0,10000,27,83052,0.06726862237546567
sample,triangle,1.0,10000,28,83053,0.04602407695136365
sample,triangle,1.0,10000,29,83054,0.05465932926304427
sample,triangle,1.0,10000,30,83055,0.07874022892292007
sample,triangle,1.0,10000,31,83056,0.03436075443296515
sample,triangle,1.0,10000,32,83057,0.04405155200450376
sample,triangle,1.0,10000,33,83058,0.036112339525881824
sample,triangle,1.0,10000,34,83059,0.03714431845243952
sample,triangle,1.0,10000,35,83060,0.06394407209403535
sample,triangle,1.0,10000,36,83061,0.02676786456354883
sample,triangle,1.0,10000,37,83062,0.055171536463714164
sample,triangle,1.0,10000,38,83063,0.04459612349910937
sample,triangle,1.0,10000,39,83064,0.06725901376988609
sample,triangle,1.0,10000,40,83065,0.05136961780596572
sample,triangle,1.0,10000,41,83066,0.06703337707921644
sample,triangle,1.0,10000,42,83067,0.11369270174969472
sample,triangle,1.0,10000,43,83068,0.050926664129826785
sample,triangle,1.0,10000,44,83069,0.08473683903903513
sample,triangle,1.0,10000,45,83070,0.08467058477777467
sample,triangle,1.0,10000,46,83071,0.08234253996300771
sample,triangle,1.0,10000,47,83072,0.05857900225298713
sample,triangle,1.0,10000,48,83073,0.07921356290002192
sample,triangle,1.0,10000,49,83074,0.08535462373063347
sample,triangle,1.0,30000,0,83091,0.024412323421102364
sample,triangle,1.0,30000,1,83092,0.0364365089353244
sample,triangle,1.0,30000,2,83093,0.020851036931954576
sample,triangle,1.0,30000,3,83094,0.04040581121426964
sample,triangle,1.0,30000,4,83095,0.050066904513991276
sample,triangle,1.0,30000,5,83096,0.05369059246703905
sample,triangle,1.0,30000,6,83097,0.031548022594298876
sample,triangle,1.0,30000,7,83098,0.029528720143623247
sample,triangle,1.0,30000,8,83099,0.03507245662857732
sample,triangle,1.0,30000,9,83100,0.023754588505341505
sample,triangle,1.0,30000,10,83101,0.03725249340700338
sample,triangle,1.0,30000,11,83102,0.05345253361229826
sample,triangle,1.0,30000,12,83103,0.046820037552578866
sample,triangle,1.0,30000,13,83104,0.04142878187185187
sample,triangle,1.0,30000,14,83105,0.034942380537279216
sample,triangle,1.0,30000,15,83106,0.03365755691993581
sample,triangle,1.0,30000,16,83107,0.035362387907473085
sample,triangle,1.0,30000,17,83108,0.05809647592054793
sample,triangle,1.0,30000,18,83109,0.05902118862754626
sample,triangle,1.0,30000,19,83110,0.02037154637142821
sample,triangle,1.0,30000,20,83111,0.029826310036978977
sample,triangle,1.0,30000,21,83112,0.035306948186126313
sample,triangle,1.0,30000,22,83113,0.025573111044045117
sample,triangle,1.0,30000,23,83114,0.040720636185894325
sample,triangle,1.0,30000,24,83115,0.025177092940107684
sample,triangle,1.0,30000,25,83116,0.02706716027405239
sample,triangle,1.0,30000,26,83117,0.054713388128101455
sample,triangle,1.0,30000,27,83118,0.0305823649642439
sample,triangle,1.0,30000,28,83119,0.06587095705293393
sample,triangle,1.0,30000,29,83120,0.04351651119306263
sample,triangle,1.0,30000,30,83121,0.03978185408101179
sample,triangle,1.0,30000,31,83122,0.03988331694778151
sample,triangle,1.0,30000,32,83123,0.019285398304317462
sample,triangle,1.0,30000,33,83124,0.01788389539380687
sample,triangle,1.0,30000,34,83125,0.04282529008462637
sample,triangle,1.0,30000,35,83126,0.035493764716912624
sample,triangle,1.0,30000,36,83127,0.06334268478516476
sample,triangle,1.0,30000,37,83128,0.05131131124694596
sample,triangle,1.0,30000,38,83129,0.048375858763612924
sample,triangle,1.0,30000,39,83130,0.022517346966662695
sample,triangle,1.0,30000,40,83131,0.03315334442643306
sample,triangle,1.0,30000,41,83132,0.030228073056662877
sample,triangle,1.0,30000,42,83133,0.035457482938755044
sample,triangle,1.0,30000,43,83134,0.04172972605857353
sample,triangle,1.0,30000,44,83135,0.044345364689992325
sample,triangle,1.0,30000,45,83136,0.04709684097573641
sample,triangle,1.0,30000,46,83137,0.03236619488209332
sample,triangle,1.0,30000,47,83138,0.027270032187527226
sample,triangle,1.0,30000,48,83139,0.022781689705785924
sample,triangle,1.0,30000,49,83140,0.056240166625595424
sample,triangle,1.0,100000,0,85385,0.023753228415505777
sample,triangle,1.0,100000,1,85386,0.02285400693842022
sample,triangle,1.0,100000,2,85387,0.024308140941351173
sample,triangle,1.0,100000,3,85388,0.022951607163926857
sample,triangle,1.0,100000,4,85389,0.022366075353127277
sample,triangle,1.0,100000,5,85390,0.01900375066567776
sample,triangle,1.0,100000,6,85391,0.027537954237157793
sample,triangle,1.0,100000,7,85392,0.024809299231557013
sample,triangle,1.0,100000,8,85393,0.030396950472629733
sample,triangle,1.0,100000,9,85394,0.018044874777989998
sample,triangle,1.0,100000,10,85395,0.017351855038275972
sample,triangle,1.0,100000,11,85396,0.027019121368771125
sample,triangle,1.0,100000,12,85397,0.02198726247383256
sample,triangle,1.0,100000,13,85398,0.03138644934039703
sample,triangle,1.0,100000,14,85399,0.025388026080182338
sample,triangle,1.0,100000,15,85400,0.016195460819348695
sample,triangle,1.0,100000,16,85401,0.020256718186682492
sample,triangle,1.0,100000,17,85402,0.021497110848014714
sample,triangle,1.0,100000,18,85403,0.03658964459728382
sample,triangle,1.0,100000,19,85404,0.012485587638701006
sample,triangle,1.0,100000,20,85405,0.020924955332502437
sample,triangle,1.0,100000,21,85406,0.025359449122748033
sample,triangle,1.0,100000,22,85407,0.014669910062298836
sample,triangle,1.0,100000,23,85408,0.016893353122339465
sample,triangle,1.0,100000,24,85409,0.03058115053243275
sample,triangle,1.0,100000,25,85410,0.020745950581761607
sample,triangle,1.0,100000,26,85411,0.01699902545972219
sample,triangle,1.0,100000,27,85412,0.02442748559199969
sample,triangle,1.0,100000,28,85413,0.01790181702693836
sample,triangle,1.0,100000,29,85414,0.01628732922460277
sample,triangle,1.0,100000,30,85415,0.011266633403679947
sample,triangle,1.0,100000,31,85416,0.014397844064865052
sample,triangle,1.0,100000,32,85417,0.029319455232955732
sample,triangle,1.0,100000,33,85418,0.0176783309485868
sample,triangle,1.0,100000,34,85419,0.015099986635712818
sample,triangle,1.0,100000,35,85420,0.018661056689838394
sample,triangle,1.0,100000,36,85421,0.028902705154742317
sample,triangle,1.0,100000,37,85422,0.027539245852905403
sample,triangle,1.0,100000,38,85423,0.0162455630719399
sample,triangle,1.0,100000,39,85424,0.02471808952356192
sample,triangle,1.0,100000,40,85425,0.025597727552556265
sample,triangle,1.0,100000,41,85426,0.018876537885651162
sample,triangle,1.0,100000,42,85427,0.02546694813172359
sample,triangle,1.0,100000,43,85428,0.015896061770682864
sample,triangle,1.0,100000,44,85429,0.014628519976738766
sample,triangle,1.0,100000,45,85430,0.013794148543306206
sample,triangle,1.0,100000,46,85431,0.01630271147574307
sample,triangle,1.0,100000,47,85432,0.02729865894117073
sample,triangle,1.0,100000,48,85433,0.011194916088769467
sample,triangle,1.0,100000,49,85434,0.02882306936120135
sample,triangle,1.0,300000,0,85451,0.01625348368241637
sample,triangle,1.0,300000,1,85452,0.010754649608410738
sample,triangle,1.0,300000,2,85453,0.01344752171704608
sample,triangle,1.0,300000,3,85454,0.013068355318576532
sample,triangle,1.0,300000,4,85455,0.015182542766380577
sample,triangle,1.0,300000,5,85456,0.012070720845883435
sample,triangle,1.0,300000,6,85457,0.014118592316079629
sample,triangle,1.0,300000,7,85458,0.012358125657352274
sample,triangle,1.0,300000,8,85459,0.013974963142026326
sample,triangle,1.0,300000,9,85460,0.014772360685453446
sample,triangle,1.0,300000,10,85461,0.008683250391399298
sample,triangle,1.0,300000,11,85462,0.015258081868667343
sample,triangle,1.0,300000,12,85463,0.010063796529351045
sample,triangle,1.0,300000,13,85464,0.013803731051962172
sample,triangle,1.0,300000,14,85465,0.012999626684075312
sample,triangle,1.0,300000,15,85466,0.019388611371185006
sample,triangle,1.0,300000,16,85467,0.01695778106025832
sample,triangle,1.0,300000,17,85468,0.012279305483445468
sample,triangle,1.0,300000,18,85469,0.01079389842756445
sample,triangle,1.0,300000,19,85470,0.005834543289568762
sample,triangle,1.0,300000,20,85471,0.014762130836770916
sample,triangle,1.0,300000,21,85472,0.01572855720496549
sample,triangle,1.0,300000,22,85473,0.017121159593164348
sample,triangle,1.0,300000,23,85474,0.01721300587888529
sample,triangle,1.0,300000,24,85475,0.012614391623233889
sample,triangle,1.0,300000,25,85476,0.01549197484844852
sample,triangle,1.0,300000,26,85477,0.011827609792182284
sample,triangle,1.0,300000,27,85478,0.009443058444767385
sample,triangle,1.0,300000,28,85479,0.019921580704722403
sample,triangle,1.0,300000,29,85480,0.011472528318612667
sample,triangle,1.0,300000,30,85481,0.014026331003256403
sample,triangle,1.0,300000,31,85482,0.020323164541678807
sample,triangle,1.0,300000,32,85483,0.01047733954610322
sample,triangle,1.0,300000,33,85484,0.010895592141080785
sample,triangle,1.0,300000,34,85485,0.015253126706028035
sample,triangle,1.0,300000,35,85486,0.011125705128133137
sample,triangle,1.0,300000,36,85487,0.011986591417619869
sample,triangle,1.0,300000,37,85488,0.01802020979485159
sample,triangle,1.0,300000,38,85489,0.006756533732863853
sample,triangle,1.0,300000,39,85490,0.01991186473816715
sample,triangle,1.0,300000,40,85491,0.009339685771270007
sample,triangle,1.0,300000,41,85492,0.020784224707046245
sample,triangle,1.0,300000,42,85493,0.01216854778086302
sample,triangle,1.0,300000,43,85494,0.01598496330203762
sample,triangle,1.0,300000,44,85495,0.019656607952596005
sample,triangle,1.0,300000,45,85496,0.009471772226744736
sample,triangle,1.0,300000,46,85497,0.007736986414095242
sample,triangle,1.0,300000,47,85498,0.02237387657665682
sample,triangle,1.0,300000,48,85499,0.008587650278942401
sample,triangle,1.0,300000,49,85500,0.011974468044876169
